{
  "type": "FeatureCollection",
  "features": [
    {
      "type": "Feature",
      "geometry": {
        "type": "Point",
        "coordinates": [
          1.9814806,
          41.28800101
        ]
      },
      "properties": {
        "osm_id": null,
        "overture_id": "4dc4efc1-e50b-4457-8190-9a4ebcdf15d8",
        "name": "10000 Records",
        "display_name": "10000 Records",
        "category": "Comercio minorista",
        "subcategory": "Música y vídeo",
        "primary_tag": "overture=music_and_dvd_store",
        "source": "Overture Maps Places",
        "sources": [
          "Overture Maps Places"
        ],
        "name_source": "Overture Maps Places",
        "overture_taxonomy": "music_and_dvd_store",
        "overture_confidence": 0.952,
        "grid_id": "r5_c7"
      }
    },
    {
      "type": "Feature",
      "geometry": {
        "type": "Point",
        "coordinates": [
          1.9870376,
          41.2833366
        ]
      },
      "properties": {
        "osm_id": "node/3128173014",
        "name": "Adidas",
        "display_name": "Adidas",
        "category": "Comercio minorista",
        "subcategory": "Tienda de deportes",
        "primary_tag": "shop=sports",
        "amenity": null,
        "shop": "sports",
        "office": null,
        "tourism": null,
        "leisure": null,
        "wikidata": null,
        "website": null,
        "phone": null,
        "opening_hours": null,
        "addr_street": null,
        "addr_housenumber": null,
        "addr_postcode": null,
        "addr_city": null,
        "image": null,
        "wikimedia_commons": null,
        "mapillary": null,
        "source": "OpenStreetMap via Overpass API",
        "name_source": "OpenStreetMap",
        "grid_id": "r4_c8"
      }
    },
    {
      "type": "Feature",
      "geometry": {
        "type": "Point",
        "coordinates": [
          1.9862837,
          41.2791089
        ]
      },
      "properties": {
        "osm_id": "way/398971884",
        "name": "ALDI",
        "display_name": "ALDI",
        "category": "Comercio minorista",
        "subcategory": "Supermercado",
        "primary_tag": "shop=supermarket",
        "amenity": null,
        "shop": "supermarket",
        "office": null,
        "tourism": null,
        "leisure": null,
        "wikidata": null,
        "website": "https://www.aldi.es",
        "phone": "+34 900 902 466",
        "opening_hours": "Mo-Su 09:00-21:30",
        "addr_street": null,
        "addr_housenumber": null,
        "addr_postcode": null,
        "addr_city": null,
        "image": null,
        "wikimedia_commons": null,
        "mapillary": null,
        "source": "OpenStreetMap via Overpass API",
        "name_source": "OpenStreetMap",
        "grid_id": "r3_c8"
      }
    },
    {
      "type": "Feature",
      "geometry": {
        "type": "Point",
        "coordinates": [
          1.9863974,
          41.2790335
        ]
      },
      "properties": {
        "osm_id": "way/450023801",
        "name": "ALDI",
        "display_name": "ALDI",
        "category": "Comercio minorista",
        "subcategory": "Supermercado",
        "primary_tag": "shop=supermarket",
        "amenity": "parking",
        "shop": "supermarket",
        "office": null,
        "tourism": null,
        "leisure": null,
        "wikidata": null,
        "website": null,
        "phone": null,
        "opening_hours": "Mo-Su,PH 00:00-00:00",
        "addr_street": null,
        "addr_housenumber": null,
        "addr_postcode": null,
        "addr_city": null,
        "image": null,
        "wikimedia_commons": null,
        "mapillary": null,
        "source": "OpenStreetMap via Overpass API",
        "name_source": "OpenStreetMap",
        "grid_id": "r3_c8"
      }
    },
    {
      "type": "Feature",
      "geometry": {
        "type": "Point",
        "coordinates": [
          1.98643201,
          41.27918006
        ]
      },
      "properties": {
        "osm_id": null,
        "overture_id": "9b32b331-f032-4c2a-8f56-0598069bf945",
        "name": "ALDI Nord",
        "display_name": "ALDI Nord",
        "category": "Comercio minorista",
        "subcategory": "Supermercado / alimentación",
        "primary_tag": "overture=grocery_store",
        "source": "Overture Maps Places",
        "sources": [
          "Overture Maps Places"
        ],
        "name_source": "Overture Maps Places",
        "overture_taxonomy": "grocery_store",
        "overture_confidence": 0.999,
        "grid_id": "r3_c8"
      }
    },
    {
      "type": "Feature",
      "geometry": {
        "type": "Point",
        "coordinates": [
          1.98089718,
          41.28184184
        ]
      },
      "properties": {
        "osm_id": null,
        "overture_id": "65c7fd8e-0f7c-4369-bf55-d8a4c3ae8141",
        "name": "ALUMINIOS RODALUM",
        "display_name": "ALUMINIOS RODALUM",
        "category": "Comercio minorista",
        "subcategory": "Suministros de soldadura",
        "primary_tag": "overture=welding_supply_store",
        "source": "Overture Maps Places",
        "sources": [
          "Overture Maps Places"
        ],
        "name_source": "Overture Maps Places",
        "overture_taxonomy": "welding_supply_store",
        "overture_confidence": 0.966,
        "grid_id": "r4_c7"
      }
    },
    {
      "type": "Feature",
      "geometry": {
        "type": "Point",
        "coordinates": [
          1.98487144,
          41.28072721
        ]
      },
      "properties": {
        "osm_id": null,
        "overture_id": "af615ff5-8bb2-491c-8469-09afe5549867",
        "name": "Ametller Origen",
        "display_name": "Ametller Origen",
        "category": "Comercio minorista",
        "subcategory": "Alimentación especializada",
        "primary_tag": "overture=specialty_foods_store",
        "source": "Overture Maps Places",
        "sources": [
          "Overture Maps Places"
        ],
        "name_source": "Overture Maps Places",
        "overture_taxonomy": "specialty_foods_store",
        "overture_confidence": 0.982,
        "grid_id": "r3_c7"
      }
    },
    {
      "type": "Feature",
      "geometry": {
        "type": "Point",
        "coordinates": [
          1.9769415,
          41.27941363
        ]
      },
      "properties": {
        "osm_id": null,
        "overture_id": "bdee860c-5445-4e54-a036-efe09d12e0e0",
        "name": "Ametller Origen",
        "display_name": "Ametller Origen",
        "category": "Comercio minorista",
        "subcategory": "Alimentación especializada",
        "primary_tag": "overture=specialty_foods_store",
        "source": "Overture Maps Places",
        "sources": [
          "Overture Maps Places"
        ],
        "name_source": "Overture Maps Places",
        "overture_taxonomy": "specialty_foods_store",
        "overture_confidence": 0.983,
        "grid_id": "r3_c6"
      }
    },
    {
      "type": "Feature",
      "geometry": {
        "type": "Point",
        "coordinates": [
          1.976811,
          41.278824
        ]
      },
      "properties": {
        "osm_id": null,
        "overture_id": "9379b716-6bb9-4765-8443-46c7f074e295",
        "name": "Antiga Casa Reus",
        "display_name": "Antiga Casa Reus",
        "category": "Comercio minorista",
        "subcategory": "Ropa de hogar",
        "primary_tag": "overture=linen_store",
        "source": "Overture Maps Places",
        "sources": [
          "Overture Maps Places"
        ],
        "name_source": "Overture Maps Places",
        "overture_taxonomy": "linen_store",
        "overture_confidence": 0.909,
        "grid_id": "r3_c6"
      }
    },
    {
      "type": "Feature",
      "geometry": {
        "type": "Point",
        "coordinates": [
          1.97985556,
          41.28267085
        ]
      },
      "properties": {
        "osm_id": null,
        "overture_id": "a87576f3-7258-4cf8-9326-4bae1ce3a74f",
        "name": "Ariadna's flors",
        "display_name": "Ariadna's flors",
        "category": "Comercio minorista",
        "subcategory": "Flores y regalos",
        "primary_tag": "overture=flowers_and_gifts_store",
        "source": "Overture Maps Places",
        "sources": [
          "Overture Maps Places"
        ],
        "name_source": "Overture Maps Places",
        "overture_taxonomy": "flowers_and_gifts_store",
        "overture_confidence": 0.902,
        "grid_id": "r4_c7"
      }
    },
    {
      "type": "Feature",
      "geometry": {
        "type": "Point",
        "coordinates": [
          1.98432454,
          41.28122563
        ]
      },
      "properties": {
        "osm_id": null,
        "overture_id": "7473e672-c270-4c31-8608-994c827b5629",
        "name": "Aribau",
        "display_name": "Aribau",
        "category": "Comercio minorista",
        "subcategory": "Alimentación y bebidas",
        "primary_tag": "overture=food_and_beverage_store",
        "source": "Overture Maps Places",
        "sources": [
          "Overture Maps Places"
        ],
        "name_source": "Overture Maps Places",
        "overture_taxonomy": "food_and_beverage_store",
        "overture_confidence": 0.915,
        "grid_id": "r3_c7"
      }
    },
    {
      "type": "Feature",
      "geometry": {
        "type": "Point",
        "coordinates": [
          1.98811,
          41.2869
        ]
      },
      "properties": {
        "osm_id": null,
        "overture_id": "3dcda4e4-446a-4f6c-9443-100e4d68da7c",
        "name": "Armando-G",
        "display_name": "Armando-G",
        "category": "Comercio minorista",
        "subcategory": "Joyería",
        "primary_tag": "overture=jewelry_store",
        "source": "Overture Maps Places",
        "sources": [
          "Overture Maps Places"
        ],
        "name_source": "Overture Maps Places",
        "overture_taxonomy": "jewelry_store",
        "overture_confidence": 0.922,
        "grid_id": "r5_c8"
      }
    },
    {
      "type": "Feature",
      "geometry": {
        "type": "Point",
        "coordinates": [
          1.9760428,
          41.2819355
        ]
      },
      "properties": {
        "osm_id": null,
        "overture_id": "8489575c-be31-408c-9084-8ef190b8612a",
        "name": "Armería Javier Roca",
        "display_name": "Armería Javier Roca",
        "category": "Comercio minorista",
        "subcategory": "Armería",
        "primary_tag": "overture=gun_and_ammo_store",
        "source": "Overture Maps Places",
        "sources": [
          "Overture Maps Places"
        ],
        "name_source": "Overture Maps Places",
        "overture_taxonomy": "gun_and_ammo_store",
        "overture_confidence": 0.953,
        "grid_id": "r4_c6"
      }
    },
    {
      "type": "Feature",
      "geometry": {
        "type": "Point",
        "coordinates": [
          1.9733314,
          41.2846864
        ]
      },
      "properties": {
        "osm_id": "node/12551029335",
        "name": "Azada Shop",
        "display_name": "Azada Shop",
        "category": "Comercio minorista",
        "subcategory": "Frutos secos",
        "primary_tag": "shop=nuts",
        "amenity": null,
        "shop": "nuts",
        "office": null,
        "tourism": null,
        "leisure": null,
        "wikidata": null,
        "website": "https://azada.shop",
        "phone": null,
        "opening_hours": null,
        "addr_street": null,
        "addr_housenumber": null,
        "addr_postcode": null,
        "addr_city": null,
        "image": null,
        "wikimedia_commons": null,
        "mapillary": null,
        "source": "OpenStreetMap via Overpass API",
        "name_source": "OpenStreetMap",
        "grid_id": "r4_c6"
      }
    },
    {
      "type": "Feature",
      "geometry": {
        "type": "Point",
        "coordinates": [
          1.9786675,
          41.2813288
        ]
      },
      "properties": {
        "osm_id": null,
        "overture_id": "e476d6ec-4942-4553-acbd-772893732c73",
        "name": "Baobab Outlet Castelldefels",
        "display_name": "Baobab Outlet Castelldefels",
        "category": "Comercio minorista",
        "subcategory": "Moda femenina",
        "primary_tag": "overture=womens_clothing_store",
        "source": "Overture Maps Places",
        "sources": [
          "Overture Maps Places"
        ],
        "name_source": "Overture Maps Places",
        "overture_taxonomy": "womens_clothing_store",
        "overture_confidence": 0.935,
        "grid_id": "r3_c6"
      }
    },
    {
      "type": "Feature",
      "geometry": {
        "type": "Point",
        "coordinates": [
          1.9682533,
          41.2660315
        ]
      },
      "properties": {
        "osm_id": "node/12093256602",
        "name": "Basar Sol",
        "display_name": "Basar Sol",
        "category": "Comercio minorista",
        "subcategory": "Bazar / tienda multiproducto",
        "primary_tag": "shop=variety_store",
        "amenity": null,
        "shop": "variety_store",
        "office": null,
        "tourism": null,
        "leisure": null,
        "wikidata": null,
        "website": null,
        "phone": null,
        "opening_hours": null,
        "addr_street": null,
        "addr_housenumber": null,
        "addr_postcode": null,
        "addr_city": null,
        "image": null,
        "wikimedia_commons": null,
        "mapillary": null,
        "source": "OpenStreetMap via Overpass API",
        "name_source": "OpenStreetMap",
        "grid_id": "r0_c5"
      }
    },
    {
      "type": "Feature",
      "geometry": {
        "type": "Point",
        "coordinates": [
          1.9867372,
          41.2833688
        ]
      },
      "properties": {
        "osm_id": "node/3128165530",
        "name": "Bershka",
        "display_name": "Bershka",
        "category": "Comercio minorista",
        "subcategory": "Tienda de ropa",
        "primary_tag": "shop=clothes",
        "amenity": null,
        "shop": "clothes",
        "office": null,
        "tourism": null,
        "leisure": null,
        "wikidata": null,
        "website": null,
        "phone": null,
        "opening_hours": null,
        "addr_street": null,
        "addr_housenumber": null,
        "addr_postcode": null,
        "addr_city": null,
        "image": null,
        "wikimedia_commons": null,
        "mapillary": null,
        "source": "OpenStreetMap via Overpass API",
        "name_source": "OpenStreetMap",
        "sources": [
          "OpenStreetMap via Overpass API",
          "Overture Maps Places"
        ],
        "overture_id": "9b090c1d-b3d5-4b18-aebe-ae979004b5c8",
        "overture_confidence": 0.999,
        "grid_id": "r4_c8"
      }
    },
    {
      "type": "Feature",
      "geometry": {
        "type": "Point",
        "coordinates": [
          1.9758829,
          41.2795375
        ]
      },
      "properties": {
        "osm_id": "node/4680552289",
        "name": "Beta System",
        "display_name": "Beta System",
        "category": "Comercio minorista",
        "subcategory": "Informática",
        "primary_tag": "shop=computer",
        "amenity": null,
        "shop": "computer",
        "office": null,
        "tourism": null,
        "leisure": null,
        "wikidata": null,
        "website": "https://www.betasystem.net/",
        "phone": "+34 931820982",
        "opening_hours": "Mo-Fr 09:30-14:00,17:00-20:30; Sa 10:00-14:00",
        "addr_street": null,
        "addr_housenumber": null,
        "addr_postcode": null,
        "addr_city": null,
        "image": null,
        "wikimedia_commons": null,
        "mapillary": null,
        "source": "OpenStreetMap via Overpass API",
        "name_source": "OpenStreetMap",
        "sources": [
          "OpenStreetMap via Overpass API",
          "Overture Maps Places"
        ],
        "overture_id": "4a3a39a3-f7fe-452b-a62c-462369360ffb",
        "overture_confidence": 0.943,
        "grid_id": "r3_c6"
      }
    },
    {
      "type": "Feature",
      "geometry": {
        "type": "Point",
        "coordinates": [
          1.978932,
          41.286131
        ]
      },
      "properties": {
        "osm_id": null,
        "overture_id": "b59e6e24-7987-485b-83c4-3710e22ee312",
        "name": "Bizcochos Uruguayos Castelldefels",
        "display_name": "Bizcochos Uruguayos Castelldefels",
        "category": "Comercio minorista",
        "subcategory": "Panadería",
        "primary_tag": "overture=bakery",
        "source": "Overture Maps Places",
        "sources": [
          "Overture Maps Places"
        ],
        "name_source": "Overture Maps Places",
        "overture_taxonomy": "bakery",
        "overture_confidence": 0.905,
        "grid_id": "r5_c6"
      }
    },
    {
      "type": "Feature",
      "geometry": {
        "type": "Point",
        "coordinates": [
          1.98563591,
          41.27971142
        ]
      },
      "properties": {
        "osm_id": null,
        "overture_id": "dd451038-e880-4661-8ee6-e67256c7878f",
        "name": "Bureau Vallée Castelldefels",
        "display_name": "Bureau Vallée Castelldefels",
        "category": "Comercio minorista",
        "subcategory": "Material de oficina",
        "primary_tag": "overture=office_supply_store",
        "source": "Overture Maps Places",
        "sources": [
          "Overture Maps Places"
        ],
        "name_source": "Overture Maps Places",
        "overture_taxonomy": "office_supply_store",
        "overture_confidence": 0.956,
        "grid_id": "r3_c8"
      }
    },
    {
      "type": "Feature",
      "geometry": {
        "type": "Point",
        "coordinates": [
          1.98662731,
          41.28291536
        ]
      },
      "properties": {
        "osm_id": null,
        "overture_id": "ad7c2917-c255-4464-9848-9e67c3ad2d76",
        "name": "Calzedonia",
        "display_name": "Calzedonia",
        "category": "Comercio minorista",
        "subcategory": "Ropa infantil",
        "primary_tag": "overture=childrens_clothing_store",
        "source": "Overture Maps Places",
        "sources": [
          "Overture Maps Places"
        ],
        "name_source": "Overture Maps Places",
        "overture_taxonomy": "childrens_clothing_store",
        "overture_confidence": 0.996,
        "grid_id": "r4_c8"
      }
    },
    {
      "type": "Feature",
      "geometry": {
        "type": "Point",
        "coordinates": [
          1.9797957,
          41.2799661
        ]
      },
      "properties": {
        "osm_id": "node/4017129075",
        "name": "Caprabo",
        "display_name": "Caprabo",
        "category": "Comercio minorista",
        "subcategory": "Supermercado",
        "primary_tag": "shop=supermarket",
        "amenity": null,
        "shop": "supermarket",
        "office": null,
        "tourism": null,
        "leisure": null,
        "wikidata": null,
        "website": null,
        "phone": null,
        "opening_hours": null,
        "addr_street": null,
        "addr_housenumber": null,
        "addr_postcode": null,
        "addr_city": null,
        "image": null,
        "wikimedia_commons": null,
        "mapillary": null,
        "source": "OpenStreetMap via Overpass API",
        "name_source": "OpenStreetMap",
        "grid_id": "r3_c7"
      }
    },
    {
      "type": "Feature",
      "geometry": {
        "type": "Point",
        "coordinates": [
          1.9852045,
          41.2807258
        ]
      },
      "properties": {
        "osm_id": "way/224092663",
        "name": "Caprabo",
        "display_name": "Caprabo",
        "category": "Comercio minorista",
        "subcategory": "Supermercado",
        "primary_tag": "shop=supermarket",
        "amenity": null,
        "shop": "supermarket",
        "office": null,
        "tourism": null,
        "leisure": null,
        "wikidata": null,
        "website": null,
        "phone": null,
        "opening_hours": null,
        "addr_street": null,
        "addr_housenumber": null,
        "addr_postcode": null,
        "addr_city": null,
        "image": null,
        "wikimedia_commons": null,
        "mapillary": null,
        "source": "OpenStreetMap via Overpass API",
        "name_source": "OpenStreetMap",
        "grid_id": "r3_c8"
      }
    },
    {
      "type": "Feature",
      "geometry": {
        "type": "Point",
        "coordinates": [
          1.9737312,
          41.2788751
        ]
      },
      "properties": {
        "osm_id": "node/5128327165",
        "name": "Caremi",
        "display_name": "Caremi",
        "category": "Comercio minorista",
        "subcategory": "Panadería",
        "primary_tag": "shop=bakery",
        "amenity": null,
        "shop": "bakery",
        "office": null,
        "tourism": null,
        "leisure": null,
        "wikidata": null,
        "website": null,
        "phone": null,
        "opening_hours": null,
        "addr_street": null,
        "addr_housenumber": null,
        "addr_postcode": null,
        "addr_city": null,
        "image": null,
        "wikimedia_commons": null,
        "mapillary": null,
        "source": "OpenStreetMap via Overpass API",
        "name_source": "OpenStreetMap",
        "grid_id": "r3_c6"
      }
    },
    {
      "type": "Feature",
      "geometry": {
        "type": "Point",
        "coordinates": [
          1.97890052,
          41.28940287
        ]
      },
      "properties": {
        "osm_id": null,
        "overture_id": "8d27cec1-ef8f-4bb7-b9d4-ee61e526deb0",
        "name": "Carnicas Lara",
        "display_name": "Carnicas Lara",
        "category": "Comercio minorista",
        "subcategory": "Carnicería",
        "primary_tag": "overture=butcher_shop",
        "source": "Overture Maps Places",
        "sources": [
          "Overture Maps Places"
        ],
        "name_source": "Overture Maps Places",
        "overture_taxonomy": "butcher_shop",
        "overture_confidence": 0.913,
        "grid_id": "r5_c7"
      }
    },
    {
      "type": "Feature",
      "geometry": {
        "type": "Point",
        "coordinates": [
          1.9802899,
          41.2833609
        ]
      },
      "properties": {
        "osm_id": "node/7051429689",
        "name": "Carniceria Caminito",
        "display_name": "Carniceria Caminito",
        "category": "Comercio minorista",
        "subcategory": "Carnicería",
        "primary_tag": "shop=butcher",
        "amenity": null,
        "shop": "butcher",
        "office": null,
        "tourism": null,
        "leisure": null,
        "wikidata": null,
        "website": null,
        "phone": null,
        "opening_hours": "Tu-Sa 09:30-14:00,05:30-20:00; Su 10:00-13:30",
        "addr_street": null,
        "addr_housenumber": null,
        "addr_postcode": null,
        "addr_city": null,
        "image": null,
        "wikimedia_commons": null,
        "mapillary": null,
        "source": "OpenStreetMap via Overpass API",
        "name_source": "OpenStreetMap",
        "grid_id": "r4_c7"
      }
    },
    {
      "type": "Feature",
      "geometry": {
        "type": "Point",
        "coordinates": [
          1.9706775,
          41.2659189
        ]
      },
      "properties": {
        "osm_id": "node/2246387765",
        "name": null,
        "display_name": "Carnicería sin nombre",
        "category": "Comercio minorista",
        "subcategory": "Carnicería",
        "primary_tag": "shop=butcher",
        "amenity": null,
        "shop": "butcher",
        "office": null,
        "tourism": null,
        "leisure": null,
        "wikidata": null,
        "website": null,
        "phone": null,
        "opening_hours": null,
        "addr_street": null,
        "addr_housenumber": null,
        "addr_postcode": null,
        "addr_city": null,
        "image": null,
        "wikimedia_commons": null,
        "mapillary": null,
        "source": "OpenStreetMap via Overpass API",
        "name_source": "semantic-fallback",
        "grid_id": "r0_c5"
      }
    },
    {
      "type": "Feature",
      "geometry": {
        "type": "Point",
        "coordinates": [
          1.978874367481791,
          41.282237780357335
        ]
      },
      "properties": {
        "osm_id": null,
        "overture_id": "558e75af-c024-47f3-9ef5-948a13443352",
        "name": "Carnicería Susi",
        "display_name": "Carnicería Susi",
        "category": "Comercio minorista",
        "subcategory": "Carnicería",
        "primary_tag": "overture=butcher_shop",
        "source": "Overture Maps Places",
        "sources": [
          "Overture Maps Places"
        ],
        "name_source": "Overture Maps Places",
        "overture_taxonomy": "butcher_shop",
        "overture_confidence": 0.929,
        "grid_id": "r4_c6"
      }
    },
    {
      "type": "Feature",
      "geometry": {
        "type": "Point",
        "coordinates": [
          1.97552888,
          41.27645911
        ]
      },
      "properties": {
        "osm_id": null,
        "overture_id": "73a87fa6-a20d-4418-a80b-04c21007a5a7",
        "name": "Carnisseria Paquita",
        "display_name": "Carnisseria Paquita",
        "category": "Comercio minorista",
        "subcategory": "Carnicería",
        "primary_tag": "overture=butcher_shop",
        "source": "Overture Maps Places",
        "sources": [
          "Overture Maps Places"
        ],
        "name_source": "Overture Maps Places",
        "overture_taxonomy": "butcher_shop",
        "overture_confidence": 0.875,
        "grid_id": "r2_c6"
      }
    },
    {
      "type": "Feature",
      "geometry": {
        "type": "Point",
        "coordinates": [
          1.98182713,
          41.28448504
        ]
      },
      "properties": {
        "osm_id": null,
        "overture_id": "264c18a4-3bfb-44c9-a003-612a3b50a279",
        "name": "Carnisseria Susi",
        "display_name": "Carnisseria Susi",
        "category": "Comercio minorista",
        "subcategory": "Carnicería",
        "primary_tag": "overture=butcher_shop",
        "source": "Overture Maps Places",
        "sources": [
          "Overture Maps Places"
        ],
        "name_source": "Overture Maps Places",
        "overture_taxonomy": "butcher_shop",
        "overture_confidence": 0.961,
        "grid_id": "r4_c7"
      }
    },
    {
      "type": "Feature",
      "geometry": {
        "type": "Point",
        "coordinates": [
          1.97627475,
          41.2772755
        ]
      },
      "properties": {
        "osm_id": null,
        "overture_id": "750d1d93-da35-479d-83a4-4129759cdf80",
        "name": "Carnisseries Soler",
        "display_name": "Carnisseries Soler",
        "category": "Comercio minorista",
        "subcategory": "Carnicería",
        "primary_tag": "overture=butcher_shop",
        "source": "Overture Maps Places",
        "sources": [
          "Overture Maps Places"
        ],
        "name_source": "Overture Maps Places",
        "overture_taxonomy": "butcher_shop",
        "overture_confidence": 0.851,
        "grid_id": "r3_c6"
      }
    },
    {
      "type": "Feature",
      "geometry": {
        "type": "Point",
        "coordinates": [
          1.9809842,
          41.2706699
        ]
      },
      "properties": {
        "osm_id": "node/5948445348",
        "name": "Carrefour Express",
        "display_name": "Carrefour Express",
        "category": "Comercio minorista",
        "subcategory": "Tienda de conveniencia",
        "primary_tag": "shop=convenience",
        "amenity": null,
        "shop": "convenience",
        "office": null,
        "tourism": null,
        "leisure": null,
        "wikidata": null,
        "website": null,
        "phone": null,
        "opening_hours": "24/7",
        "addr_street": null,
        "addr_housenumber": null,
        "addr_postcode": null,
        "addr_city": null,
        "image": null,
        "wikimedia_commons": null,
        "mapillary": null,
        "source": "OpenStreetMap via Overpass API",
        "name_source": "OpenStreetMap",
        "sources": [
          "OpenStreetMap via Overpass API",
          "Overture Maps Places"
        ],
        "overture_id": "6f93c59a-72c5-4352-91c1-472592c9f4e4",
        "overture_confidence": 0.954,
        "grid_id": "r1_c7"
      }
    },
    {
      "type": "Feature",
      "geometry": {
        "type": "Point",
        "coordinates": [
          1.9839278,
          41.2803571
        ]
      },
      "properties": {
        "osm_id": "way/224092662",
        "name": "Carrefour Express",
        "display_name": "Carrefour Express",
        "category": "Comercio minorista",
        "subcategory": "Tienda de conveniencia",
        "primary_tag": "shop=convenience",
        "amenity": null,
        "shop": "convenience",
        "office": null,
        "tourism": null,
        "leisure": null,
        "wikidata": null,
        "website": null,
        "phone": null,
        "opening_hours": null,
        "addr_street": null,
        "addr_housenumber": null,
        "addr_postcode": null,
        "addr_city": null,
        "image": null,
        "wikimedia_commons": null,
        "mapillary": null,
        "source": "OpenStreetMap via Overpass API",
        "name_source": "OpenStreetMap",
        "grid_id": "r3_c7"
      }
    },
    {
      "type": "Feature",
      "geometry": {
        "type": "Point",
        "coordinates": [
          1.98413736,
          41.28036224
        ]
      },
      "properties": {
        "osm_id": null,
        "overture_id": "5459ebf7-6a7b-4ec4-b4e5-92c70a257d5e",
        "name": "Carrefour Market",
        "display_name": "Carrefour Market",
        "category": "Comercio minorista",
        "subcategory": "Supermercado / alimentación",
        "primary_tag": "overture=grocery_store",
        "source": "Overture Maps Places",
        "sources": [
          "Overture Maps Places"
        ],
        "name_source": "Overture Maps Places",
        "overture_taxonomy": "grocery_store",
        "overture_confidence": 0.999,
        "grid_id": "r3_c7"
      }
    },
    {
      "type": "Feature",
      "geometry": {
        "type": "Point",
        "coordinates": [
          1.98071326,
          41.28641837
        ]
      },
      "properties": {
        "osm_id": null,
        "overture_id": "7b1d5762-c0cb-4798-9b70-7f005795ef8a",
        "name": "Casa Peñafiel",
        "display_name": "Casa Peñafiel",
        "category": "Comercio minorista",
        "subcategory": "Alimentación y bebidas",
        "primary_tag": "overture=food_and_beverage_store",
        "source": "Overture Maps Places",
        "sources": [
          "Overture Maps Places"
        ],
        "name_source": "Overture Maps Places",
        "overture_taxonomy": "food_and_beverage_store",
        "overture_confidence": 0.886,
        "grid_id": "r5_c7"
      }
    },
    {
      "type": "Feature",
      "geometry": {
        "type": "Point",
        "coordinates": [
          1.98165507,
          41.28423012
        ]
      },
      "properties": {
        "osm_id": null,
        "overture_id": "b3d3de97-e078-4303-8eaa-d9c7c6c6099b",
        "name": "Castell-Dolç",
        "display_name": "Castell-Dolç",
        "category": "Comercio minorista",
        "subcategory": "Tienda de dulces",
        "primary_tag": "overture=candy_store",
        "source": "Overture Maps Places",
        "sources": [
          "Overture Maps Places"
        ],
        "name_source": "Overture Maps Places",
        "overture_taxonomy": "candy_store",
        "overture_confidence": 0.982,
        "grid_id": "r4_c7"
      }
    },
    {
      "type": "Feature",
      "geometry": {
        "type": "Point",
        "coordinates": [
          1.9873783,
          41.2829941
        ]
      },
      "properties": {
        "osm_id": "node/2246485222",
        "name": "CC Anec Blau",
        "display_name": "CC Anec Blau",
        "category": "Comercio minorista",
        "subcategory": "Supermercado",
        "primary_tag": "shop=supermarket",
        "amenity": null,
        "shop": "supermarket",
        "office": null,
        "tourism": null,
        "leisure": null,
        "wikidata": null,
        "website": null,
        "phone": null,
        "opening_hours": null,
        "addr_street": null,
        "addr_housenumber": null,
        "addr_postcode": null,
        "addr_city": null,
        "image": null,
        "wikimedia_commons": null,
        "mapillary": null,
        "source": "OpenStreetMap via Overpass API",
        "name_source": "OpenStreetMap",
        "grid_id": "r4_c8"
      }
    },
    {
      "type": "Feature",
      "geometry": {
        "type": "Point",
        "coordinates": [
          1.978087,
          41.2796416
        ]
      },
      "properties": {
        "osm_id": "node/12278203618",
        "name": "Centre Fuji",
        "display_name": "Centre Fuji",
        "category": "Comercio minorista",
        "subcategory": "Fotografía",
        "primary_tag": "shop=photo",
        "amenity": null,
        "shop": "photo",
        "office": null,
        "tourism": null,
        "leisure": null,
        "wikidata": null,
        "website": null,
        "phone": null,
        "opening_hours": null,
        "addr_street": null,
        "addr_housenumber": null,
        "addr_postcode": null,
        "addr_city": null,
        "image": null,
        "wikimedia_commons": null,
        "mapillary": null,
        "source": "OpenStreetMap via Overpass API",
        "name_source": "OpenStreetMap",
        "grid_id": "r3_c6"
      }
    },
    {
      "type": "Feature",
      "geometry": {
        "type": "Point",
        "coordinates": [
          1.9776958,
          41.2799329
        ]
      },
      "properties": {
        "osm_id": "node/12278447875",
        "name": "Chela",
        "display_name": "Chela",
        "category": "Comercio minorista",
        "subcategory": "Tienda de ropa",
        "primary_tag": "shop=clothes",
        "amenity": null,
        "shop": "clothes",
        "office": null,
        "tourism": null,
        "leisure": null,
        "wikidata": null,
        "website": null,
        "phone": null,
        "opening_hours": null,
        "addr_street": null,
        "addr_housenumber": null,
        "addr_postcode": null,
        "addr_city": null,
        "image": null,
        "wikimedia_commons": null,
        "mapillary": null,
        "source": "OpenStreetMap via Overpass API",
        "name_source": "OpenStreetMap",
        "sources": [
          "OpenStreetMap via Overpass API",
          "Overture Maps Places"
        ],
        "overture_id": "597d2258-a194-430e-87c5-a50cc17ef5be",
        "overture_confidence": 0.988,
        "grid_id": "r3_c6"
      }
    },
    {
      "type": "Feature",
      "geometry": {
        "type": "Point",
        "coordinates": [
          1.96681,
          41.26867
        ]
      },
      "properties": {
        "osm_id": null,
        "overture_id": "8eba0ce4-67ad-4da5-b8b3-6e1829dc4458",
        "name": "Claire Homes",
        "display_name": "Claire Homes",
        "category": "Comercio minorista",
        "subcategory": "Tienda de disfraces",
        "primary_tag": "overture=costume_store",
        "source": "Overture Maps Places",
        "sources": [
          "Overture Maps Places"
        ],
        "name_source": "Overture Maps Places",
        "overture_taxonomy": "costume_store",
        "overture_confidence": 0.966,
        "grid_id": "r1_c4"
      }
    },
    {
      "type": "Feature",
      "geometry": {
        "type": "Point",
        "coordinates": [
          1.985553,
          41.282146
        ]
      },
      "properties": {
        "osm_id": null,
        "overture_id": "45f9073b-2b72-4539-8362-0e6920fd7bae",
        "name": "Claire's",
        "display_name": "Claire's",
        "category": "Comercio minorista",
        "subcategory": "Tienda de disfraces",
        "primary_tag": "overture=costume_store",
        "source": "Overture Maps Places",
        "sources": [
          "Overture Maps Places"
        ],
        "name_source": "Overture Maps Places",
        "overture_taxonomy": "costume_store",
        "overture_confidence": 0.966,
        "grid_id": "r4_c8"
      }
    },
    {
      "type": "Feature",
      "geometry": {
        "type": "Point",
        "coordinates": [
          1.9710099,
          41.2662727
        ]
      },
      "properties": {
        "osm_id": "node/1866261038",
        "name": "Coaliment",
        "display_name": "Coaliment",
        "category": "Comercio minorista",
        "subcategory": "Supermercado",
        "primary_tag": "shop=supermarket",
        "amenity": null,
        "shop": "supermarket",
        "office": null,
        "tourism": null,
        "leisure": null,
        "wikidata": null,
        "website": null,
        "phone": null,
        "opening_hours": null,
        "addr_street": null,
        "addr_housenumber": null,
        "addr_postcode": null,
        "addr_city": null,
        "image": null,
        "wikimedia_commons": null,
        "mapillary": null,
        "source": "OpenStreetMap via Overpass API",
        "name_source": "OpenStreetMap",
        "sources": [
          "OpenStreetMap via Overpass API",
          "Overture Maps Places"
        ],
        "overture_id": "411d3311-7f7d-44c7-9425-0a4acc17d252",
        "overture_confidence": 0.986,
        "grid_id": "r0_c5"
      }
    },
    {
      "type": "Feature",
      "geometry": {
        "type": "Point",
        "coordinates": [
          1.97590517,
          41.28080547
        ]
      },
      "properties": {
        "osm_id": null,
        "overture_id": "318645f9-5bcf-459e-b4c8-9ddaa268f5b2",
        "name": "Colibrí",
        "display_name": "Colibrí",
        "category": "Comercio minorista",
        "subcategory": "Gran almacén mayorista",
        "primary_tag": "overture=warehouse_club_store",
        "source": "Overture Maps Places",
        "sources": [
          "Overture Maps Places"
        ],
        "name_source": "Overture Maps Places",
        "overture_taxonomy": "warehouse_club_store",
        "overture_confidence": 0.887,
        "grid_id": "r3_c6"
      }
    },
    {
      "type": "Feature",
      "geometry": {
        "type": "Point",
        "coordinates": [
          1.9779365,
          41.2873063
        ]
      },
      "properties": {
        "osm_id": "node/11363841269",
        "name": "Condis",
        "display_name": "Condis",
        "category": "Comercio minorista",
        "subcategory": "Supermercado",
        "primary_tag": "shop=supermarket",
        "amenity": null,
        "shop": "supermarket",
        "office": null,
        "tourism": null,
        "leisure": null,
        "wikidata": null,
        "website": null,
        "phone": null,
        "opening_hours": "Mo-Sa 09:00-14:00,17:00-20:30; Su 10:00-14:00+",
        "addr_street": null,
        "addr_housenumber": null,
        "addr_postcode": null,
        "addr_city": null,
        "image": null,
        "wikimedia_commons": null,
        "mapillary": null,
        "source": "OpenStreetMap via Overpass API",
        "name_source": "OpenStreetMap",
        "sources": [
          "OpenStreetMap via Overpass API",
          "Overture Maps Places"
        ],
        "overture_id": "54775ab6-f303-4a0d-a816-80760d9298aa",
        "overture_confidence": 0.954,
        "grid_id": "r5_c6"
      }
    },
    {
      "type": "Feature",
      "geometry": {
        "type": "Point",
        "coordinates": [
          1.981537,
          41.284142
        ]
      },
      "properties": {
        "osm_id": null,
        "overture_id": "5845e4dd-d242-4949-90fd-27ea0e9d34be",
        "name": "Condis Express",
        "display_name": "Condis Express",
        "category": "Comercio minorista",
        "subcategory": "Supermercado / alimentación",
        "primary_tag": "overture=grocery_store",
        "source": "Overture Maps Places",
        "sources": [
          "Overture Maps Places"
        ],
        "name_source": "Overture Maps Places",
        "overture_taxonomy": "grocery_store",
        "overture_confidence": 0.85,
        "grid_id": "r4_c7"
      }
    },
    {
      "type": "Feature",
      "geometry": {
        "type": "Point",
        "coordinates": [
          1.9860738,
          41.2865097
        ]
      },
      "properties": {
        "osm_id": null,
        "overture_id": "fcf9ccae-8d9c-45a5-9f18-1124552b02f2",
        "name": "Condis Express",
        "display_name": "Condis Express",
        "category": "Comercio minorista",
        "subcategory": "Supermercado / alimentación",
        "primary_tag": "overture=grocery_store",
        "source": "Overture Maps Places",
        "sources": [
          "Overture Maps Places"
        ],
        "name_source": "Overture Maps Places",
        "overture_taxonomy": "grocery_store",
        "overture_confidence": 0.85,
        "grid_id": "r5_c8"
      }
    },
    {
      "type": "Feature",
      "geometry": {
        "type": "Point",
        "coordinates": [
          1.97836814,
          41.28100593
        ]
      },
      "properties": {
        "osm_id": null,
        "overture_id": "b33be58a-8345-4231-b7a0-dabc045be116",
        "name": "CondisLife",
        "display_name": "CondisLife",
        "category": "Comercio minorista",
        "subcategory": "Supermercado / alimentación",
        "primary_tag": "overture=grocery_store",
        "source": "Overture Maps Places",
        "sources": [
          "Overture Maps Places"
        ],
        "name_source": "Overture Maps Places",
        "overture_taxonomy": "grocery_store",
        "overture_confidence": 0.999,
        "grid_id": "r3_c6"
      }
    },
    {
      "type": "Feature",
      "geometry": {
        "type": "Point",
        "coordinates": [
          1.97562071,
          41.27762106
        ]
      },
      "properties": {
        "osm_id": null,
        "overture_id": "9243de0f-32fb-4cd5-99cc-07d016ce4f17",
        "name": "Cortinas Montserrat Mir",
        "display_name": "Cortinas Montserrat Mir",
        "category": "Comercio minorista",
        "subcategory": "Ropa de hogar",
        "primary_tag": "overture=linen_store",
        "source": "Overture Maps Places",
        "sources": [
          "Overture Maps Places"
        ],
        "name_source": "Overture Maps Places",
        "overture_taxonomy": "linen_store",
        "overture_confidence": 0.952,
        "grid_id": "r3_c6"
      }
    },
    {
      "type": "Feature",
      "geometry": {
        "type": "Point",
        "coordinates": [
          1.98141,
          41.28322
        ]
      },
      "properties": {
        "osm_id": null,
        "overture_id": "0ea05aae-44dc-4fce-a915-24f6441ff7ce",
        "name": "Costa Toldos y Persianas",
        "display_name": "Costa Toldos y Persianas",
        "category": "Comercio minorista",
        "subcategory": "Ropa de hogar",
        "primary_tag": "overture=linen_store",
        "source": "Overture Maps Places",
        "sources": [
          "Overture Maps Places"
        ],
        "name_source": "Overture Maps Places",
        "overture_taxonomy": "linen_store",
        "overture_confidence": 0.917,
        "grid_id": "r4_c7"
      }
    },
    {
      "type": "Feature",
      "geometry": {
        "type": "Point",
        "coordinates": [
          1.97480832,
          41.27879451
        ]
      },
      "properties": {
        "osm_id": null,
        "overture_id": "1c638558-cb49-48c8-a4ef-05c49e84ec6a",
        "name": "Coyote",
        "display_name": "Coyote",
        "category": "Comercio minorista",
        "subcategory": "Tienda de ropa",
        "primary_tag": "overture=clothing_store",
        "source": "Overture Maps Places",
        "sources": [
          "Overture Maps Places"
        ],
        "name_source": "Overture Maps Places",
        "overture_taxonomy": "clothing_store",
        "overture_confidence": 0.899,
        "grid_id": "r3_c6"
      }
    },
    {
      "type": "Feature",
      "geometry": {
        "type": "Point",
        "coordinates": [
          1.9787612,
          41.2820117
        ]
      },
      "properties": {
        "osm_id": null,
        "overture_id": "addb87a0-32e8-409d-a0f2-6737da2eba42",
        "name": "Crack Hogar",
        "display_name": "Crack Hogar",
        "category": "Comercio minorista",
        "subcategory": "Decoración del hogar",
        "primary_tag": "overture=home_decor_store",
        "source": "Overture Maps Places",
        "sources": [
          "Overture Maps Places"
        ],
        "name_source": "Overture Maps Places",
        "overture_taxonomy": "home_decor_store",
        "overture_confidence": 0.85,
        "grid_id": "r4_c6"
      }
    },
    {
      "type": "Feature",
      "geometry": {
        "type": "Point",
        "coordinates": [
          1.9903238,
          41.2829605
        ]
      },
      "properties": {
        "osm_id": "node/8158307441",
        "name": "Crianza Natural",
        "display_name": "Crianza Natural",
        "category": "Comercio minorista",
        "subcategory": "Artículos para bebés",
        "primary_tag": "shop=baby_goods",
        "amenity": null,
        "shop": "baby_goods",
        "office": null,
        "tourism": null,
        "leisure": null,
        "wikidata": null,
        "website": "https://www.crianzanatural.com/",
        "phone": "+34 936452369",
        "opening_hours": "Mo-Fr 09:00-18:00; PH off",
        "addr_street": null,
        "addr_housenumber": null,
        "addr_postcode": null,
        "addr_city": null,
        "image": null,
        "wikimedia_commons": null,
        "mapillary": null,
        "source": "OpenStreetMap via Overpass API",
        "name_source": "OpenStreetMap",
        "grid_id": "r4_c8"
      }
    },
    {
      "type": "Feature",
      "geometry": {
        "type": "Point",
        "coordinates": [
          1.97885913,
          41.28239438
        ]
      },
      "properties": {
        "osm_id": null,
        "overture_id": "8279a16f-75e5-42dd-bbcf-2e4df2cecd6a",
        "name": "De Buena Fibra Castelldefels",
        "display_name": "De Buena Fibra Castelldefels",
        "category": "Comercio minorista",
        "subcategory": "Electrónica",
        "primary_tag": "overture=electronics_store",
        "source": "Overture Maps Places",
        "sources": [
          "Overture Maps Places"
        ],
        "name_source": "Overture Maps Places",
        "overture_taxonomy": "electronics_store",
        "overture_confidence": 0.944,
        "grid_id": "r4_c6"
      }
    },
    {
      "type": "Feature",
      "geometry": {
        "type": "Point",
        "coordinates": [
          1.98303643,
          41.28687903
        ]
      },
      "properties": {
        "osm_id": null,
        "overture_id": "b2b06003-27f1-4d24-82dc-c187dc4735b3",
        "name": "Dolça il.Lusió",
        "display_name": "Dolça il.Lusió",
        "category": "Comercio minorista",
        "subcategory": "Tienda de dulces",
        "primary_tag": "overture=candy_store",
        "source": "Overture Maps Places",
        "sources": [
          "Overture Maps Places"
        ],
        "name_source": "Overture Maps Places",
        "overture_taxonomy": "candy_store",
        "overture_confidence": 0.924,
        "grid_id": "r5_c7"
      }
    },
    {
      "type": "Feature",
      "geometry": {
        "type": "Point",
        "coordinates": [
          1.97985503,
          41.28302241
        ]
      },
      "properties": {
        "osm_id": null,
        "overture_id": "24d4daee-fb97-4817-a65e-28282a660abd",
        "name": "Dormitech",
        "display_name": "Dormitech",
        "category": "Comercio minorista",
        "subcategory": "Colchonería",
        "primary_tag": "overture=mattress_store",
        "source": "Overture Maps Places",
        "sources": [
          "Overture Maps Places"
        ],
        "name_source": "Overture Maps Places",
        "overture_taxonomy": "mattress_store",
        "overture_confidence": 0.962,
        "grid_id": "r4_c7"
      }
    },
    {
      "type": "Feature",
      "geometry": {
        "type": "Point",
        "coordinates": [
          1.9865824,
          41.2831047
        ]
      },
      "properties": {
        "osm_id": null,
        "overture_id": "ad2faa26-c718-4f15-8360-8e1e8f0398af",
        "name": "Druni",
        "display_name": "Druni",
        "category": "Comercio minorista",
        "subcategory": "Cosmética y perfumería",
        "primary_tag": "overture=cosmetics_and_fragrance_store",
        "source": "Overture Maps Places",
        "sources": [
          "Overture Maps Places"
        ],
        "name_source": "Overture Maps Places",
        "overture_taxonomy": "cosmetics_and_fragrance_store",
        "overture_confidence": 0.972,
        "grid_id": "r4_c8"
      }
    },
    {
      "type": "Feature",
      "geometry": {
        "type": "Point",
        "coordinates": [
          1.9774301,
          41.2805364
        ]
      },
      "properties": {
        "osm_id": "node/12058722470",
        "name": "Duldi",
        "display_name": "Duldi",
        "category": "Comercio minorista",
        "subcategory": "Confitería",
        "primary_tag": "shop=confectionery",
        "amenity": null,
        "shop": "confectionery",
        "office": null,
        "tourism": null,
        "leisure": null,
        "wikidata": null,
        "website": null,
        "phone": null,
        "opening_hours": null,
        "addr_street": null,
        "addr_housenumber": null,
        "addr_postcode": null,
        "addr_city": null,
        "image": null,
        "wikimedia_commons": null,
        "mapillary": null,
        "source": "OpenStreetMap via Overpass API",
        "name_source": "OpenStreetMap",
        "sources": [
          "OpenStreetMap via Overpass API",
          "Overture Maps Places"
        ],
        "overture_id": "26a58e32-d6b7-47d7-b7d7-ff502bb01e2e",
        "overture_confidence": 0.913,
        "grid_id": "r3_c6"
      }
    },
    {
      "type": "Feature",
      "geometry": {
        "type": "Point",
        "coordinates": [
          1.97651951,
          41.27959558
        ]
      },
      "properties": {
        "osm_id": null,
        "overture_id": "b9426e0d-e7cb-4921-b118-51bffe838636",
        "name": "Ecta3",
        "display_name": "Ecta3",
        "category": "Comercio minorista",
        "subcategory": "Manualidades y hobbies",
        "primary_tag": "overture=arts_crafts_and_hobby_store",
        "source": "Overture Maps Places",
        "sources": [
          "Overture Maps Places"
        ],
        "name_source": "Overture Maps Places",
        "overture_taxonomy": "arts_crafts_and_hobby_store",
        "overture_confidence": 0.967,
        "grid_id": "r3_c6"
      }
    },
    {
      "type": "Feature",
      "geometry": {
        "type": "Point",
        "coordinates": [
          1.97587868,
          41.27926216
        ]
      },
      "properties": {
        "osm_id": null,
        "overture_id": "647933e4-afd4-4415-b279-af95477a7522",
        "name": "El Buen Corte Castelldefels",
        "display_name": "El Buen Corte Castelldefels",
        "category": "Comercio minorista",
        "subcategory": "Carnicería",
        "primary_tag": "overture=butcher_shop",
        "source": "Overture Maps Places",
        "sources": [
          "Overture Maps Places"
        ],
        "name_source": "Overture Maps Places",
        "overture_taxonomy": "butcher_shop",
        "overture_confidence": 0.972,
        "grid_id": "r3_c6"
      }
    },
    {
      "type": "Feature",
      "geometry": {
        "type": "Point",
        "coordinates": [
          1.9776525,
          41.27971688
        ]
      },
      "properties": {
        "osm_id": null,
        "overture_id": "9f403df7-8080-474f-8de0-40e20be79b3e",
        "name": "El Petit Capritx",
        "display_name": "El Petit Capritx",
        "category": "Comercio minorista",
        "subcategory": "Tienda de ropa",
        "primary_tag": "overture=clothing_store",
        "source": "Overture Maps Places",
        "sources": [
          "Overture Maps Places"
        ],
        "name_source": "Overture Maps Places",
        "overture_taxonomy": "clothing_store",
        "overture_confidence": 0.879,
        "grid_id": "r3_c6"
      }
    },
    {
      "type": "Feature",
      "geometry": {
        "type": "Point",
        "coordinates": [
          1.97625358,
          41.2789096
        ]
      },
      "properties": {
        "osm_id": null,
        "overture_id": "88ec03a5-d597-485a-bd86-01312b035f81",
        "name": "El Teu Desig",
        "display_name": "El Teu Desig",
        "category": "Comercio minorista",
        "subcategory": "Flores y regalos",
        "primary_tag": "overture=flowers_and_gifts_store",
        "source": "Overture Maps Places",
        "sources": [
          "Overture Maps Places"
        ],
        "name_source": "Overture Maps Places",
        "overture_taxonomy": "flowers_and_gifts_store",
        "overture_confidence": 0.93,
        "grid_id": "r3_c6"
      }
    },
    {
      "type": "Feature",
      "geometry": {
        "type": "Point",
        "coordinates": [
          1.98096294,
          41.28130426
        ]
      },
      "properties": {
        "osm_id": null,
        "overture_id": "4df70066-1d20-4356-8dfb-aca85934ee94",
        "name": "Electrodomèstics Calbet",
        "display_name": "Electrodomèstics Calbet",
        "category": "Comercio minorista",
        "subcategory": "Electrónica",
        "primary_tag": "overture=electronics_store",
        "source": "Overture Maps Places",
        "sources": [
          "Overture Maps Places"
        ],
        "name_source": "Overture Maps Places",
        "overture_taxonomy": "electronics_store",
        "overture_confidence": 0.885,
        "grid_id": "r3_c7"
      }
    },
    {
      "type": "Feature",
      "geometry": {
        "type": "Point",
        "coordinates": [
          1.98562989,
          41.28222461
        ]
      },
      "properties": {
        "osm_id": null,
        "overture_id": "3b15e041-ed74-4510-b009-ad00f04a4c4a",
        "name": "Enrique Tomás",
        "display_name": "Enrique Tomás",
        "category": "Comercio minorista",
        "subcategory": "Alimentación especializada",
        "primary_tag": "overture=specialty_foods_store",
        "source": "Overture Maps Places",
        "sources": [
          "Overture Maps Places"
        ],
        "name_source": "Overture Maps Places",
        "overture_taxonomy": "specialty_foods_store",
        "overture_confidence": 1,
        "grid_id": "r4_c8"
      }
    },
    {
      "type": "Feature",
      "geometry": {
        "type": "Point",
        "coordinates": [
          1.96359,
          41.2659386
        ]
      },
      "properties": {
        "osm_id": "node/2246381308",
        "name": "Estanco Nou",
        "display_name": "Estanco Nou",
        "category": "Comercio minorista",
        "subcategory": "Quiosco",
        "primary_tag": "shop=kiosk",
        "amenity": null,
        "shop": "kiosk",
        "office": null,
        "tourism": null,
        "leisure": null,
        "wikidata": null,
        "website": null,
        "phone": null,
        "opening_hours": null,
        "addr_street": null,
        "addr_housenumber": null,
        "addr_postcode": null,
        "addr_city": null,
        "image": null,
        "wikimedia_commons": null,
        "mapillary": null,
        "source": "OpenStreetMap via Overpass API",
        "name_source": "OpenStreetMap",
        "grid_id": "r0_c4"
      }
    },
    {
      "type": "Feature",
      "geometry": {
        "type": "Point",
        "coordinates": [
          1.9708997,
          41.2659697
        ]
      },
      "properties": {
        "osm_id": "node/6726428183",
        "name": null,
        "display_name": "Estanco sin nombre",
        "category": "Comercio minorista",
        "subcategory": "Estanco",
        "primary_tag": "shop=tobacco",
        "amenity": null,
        "shop": "tobacco",
        "office": null,
        "tourism": null,
        "leisure": null,
        "wikidata": null,
        "website": null,
        "phone": null,
        "opening_hours": null,
        "addr_street": null,
        "addr_housenumber": null,
        "addr_postcode": null,
        "addr_city": null,
        "image": null,
        "wikimedia_commons": null,
        "mapillary": null,
        "source": "OpenStreetMap via Overpass API",
        "name_source": "semantic-fallback",
        "grid_id": "r0_c5"
      }
    },
    {
      "type": "Feature",
      "geometry": {
        "type": "Point",
        "coordinates": [
          1.9775078,
          41.2810326
        ]
      },
      "properties": {
        "osm_id": "node/12278425379",
        "name": null,
        "display_name": "Estanco sin nombre",
        "category": "Comercio minorista",
        "subcategory": "Estanco",
        "primary_tag": "shop=tobacco",
        "amenity": null,
        "shop": "tobacco",
        "office": null,
        "tourism": null,
        "leisure": null,
        "wikidata": null,
        "website": null,
        "phone": null,
        "opening_hours": "Mo-Sa 08:30-21:00; Su 09:00-14:00",
        "addr_street": null,
        "addr_housenumber": null,
        "addr_postcode": null,
        "addr_city": null,
        "image": null,
        "wikimedia_commons": null,
        "mapillary": null,
        "source": "OpenStreetMap via Overpass API",
        "name_source": "semantic-fallback",
        "sources": [
          "OpenStreetMap via Overpass API",
          "Overture Maps Places"
        ],
        "overture_id": "c7355567-9c4b-4504-8544-f646039dd533",
        "overture_confidence": 0.869,
        "grid_id": "r3_c6"
      }
    },
    {
      "type": "Feature",
      "geometry": {
        "type": "Point",
        "coordinates": [
          1.977494,
          41.2800823
        ]
      },
      "properties": {
        "osm_id": "node/12278447885",
        "name": "Farola",
        "display_name": "Farola",
        "category": "Comercio minorista",
        "subcategory": "Tienda de ropa",
        "primary_tag": "shop=clothes",
        "amenity": null,
        "shop": "clothes",
        "office": null,
        "tourism": null,
        "leisure": null,
        "wikidata": null,
        "website": null,
        "phone": null,
        "opening_hours": null,
        "addr_street": null,
        "addr_housenumber": null,
        "addr_postcode": null,
        "addr_city": null,
        "image": null,
        "wikimedia_commons": null,
        "mapillary": null,
        "source": "OpenStreetMap via Overpass API",
        "name_source": "OpenStreetMap",
        "grid_id": "r3_c6"
      }
    },
    {
      "type": "Feature",
      "geometry": {
        "type": "Point",
        "coordinates": [
          1.97870838,
          41.28039748
        ]
      },
      "properties": {
        "osm_id": null,
        "overture_id": "e5037048-b22c-4a15-91d6-468f1e25f40a",
        "name": "Fauna Castelldefels",
        "display_name": "Fauna Castelldefels",
        "category": "Comercio minorista",
        "subcategory": "Tienda de animales",
        "primary_tag": "overture=pet_store",
        "source": "Overture Maps Places",
        "sources": [
          "Overture Maps Places"
        ],
        "name_source": "Overture Maps Places",
        "overture_taxonomy": "pet_store",
        "overture_confidence": 0.934,
        "grid_id": "r3_c6"
      }
    },
    {
      "type": "Feature",
      "geometry": {
        "type": "Point",
        "coordinates": [
          1.95627536,
          41.26743215
        ]
      },
      "properties": {
        "osm_id": null,
        "overture_id": "017a7aba-2e99-4cd6-82e5-5dec4c308c19",
        "name": "Ferreteria Bellamar",
        "display_name": "Ferreteria Bellamar",
        "category": "Comercio minorista",
        "subcategory": "Ferretería / bricolaje",
        "primary_tag": "overture=hardware_store",
        "source": "Overture Maps Places",
        "sources": [
          "Overture Maps Places"
        ],
        "name_source": "Overture Maps Places",
        "overture_taxonomy": "hardware_store",
        "overture_confidence": 0.896,
        "panoramax_id": "547d16fa-afc6-4996-9d60-5884fc1308ec",
        "panoramax_thumbnail_url": "https://panoramax.openstreetmap.fr/derivates/54/7d/16/fa/afc6-4996-9d60-5884fc1308ec/thumb.jpg",
        "panoramax_visual_url": "https://panoramax.openstreetmap.fr/derivates/54/7d/16/fa/afc6-4996-9d60-5884fc1308ec/sd.jpg",
        "panoramax_captured_at": "2020-07-08T14:59:39.900000",
        "panoramax_distance_m": 20.3,
        "panoramax_license": "CC-BY-SA-4.0",
        "panoramax_providers": [
          "yopaseopor"
        ],
        "panoramax_instance_name": "osm-fr",
        "panoramax_instance_url": "https://panoramax.openstreetmap.fr",
        "grid_id": "r0_c3"
      }
    },
    {
      "type": "Feature",
      "geometry": {
        "type": "Point",
        "coordinates": [
          1.9791309,
          41.2823286
        ]
      },
      "properties": {
        "osm_id": null,
        "overture_id": "1d4368bc-a4aa-43be-9d25-813c3ccf720b",
        "name": "Ferreteria Mella",
        "display_name": "Ferreteria Mella",
        "category": "Comercio minorista",
        "subcategory": "Ferretería / bricolaje",
        "primary_tag": "overture=hardware_store",
        "source": "Overture Maps Places",
        "sources": [
          "Overture Maps Places"
        ],
        "name_source": "Overture Maps Places",
        "overture_taxonomy": "hardware_store",
        "overture_confidence": 0.95,
        "grid_id": "r4_c7"
      }
    },
    {
      "type": "Feature",
      "geometry": {
        "type": "Point",
        "coordinates": [
          1.97508169,
          41.27900785
        ]
      },
      "properties": {
        "osm_id": null,
        "overture_id": "aece788a-e54f-43d2-9049-b6f936c6036b",
        "name": "Flordisseny",
        "display_name": "Flordisseny",
        "category": "Comercio minorista",
        "subcategory": "Flores y regalos",
        "primary_tag": "overture=flowers_and_gifts_store",
        "source": "Overture Maps Places",
        "sources": [
          "Overture Maps Places"
        ],
        "name_source": "Overture Maps Places",
        "overture_taxonomy": "flowers_and_gifts_store",
        "overture_confidence": 0.994,
        "grid_id": "r3_c6"
      }
    },
    {
      "type": "Feature",
      "geometry": {
        "type": "Point",
        "coordinates": [
          1.97745283,
          41.27910413
        ]
      },
      "properties": {
        "osm_id": null,
        "overture_id": "de751906-2da6-4d09-b50c-96dccb16b975",
        "name": "Floristeria Blauet",
        "display_name": "Floristeria Blauet",
        "category": "Comercio minorista",
        "subcategory": "Flores y regalos",
        "primary_tag": "overture=flowers_and_gifts_store",
        "source": "Overture Maps Places",
        "sources": [
          "Overture Maps Places"
        ],
        "name_source": "Overture Maps Places",
        "overture_taxonomy": "flowers_and_gifts_store",
        "overture_confidence": 0.994,
        "grid_id": "r3_c6"
      }
    },
    {
      "type": "Feature",
      "geometry": {
        "type": "Point",
        "coordinates": [
          1.98018603,
          41.28579189
        ]
      },
      "properties": {
        "osm_id": null,
        "overture_id": "bbd0fe0f-98a9-44a6-8998-8d7180c244ed",
        "name": "Floristeria el Castell",
        "display_name": "Floristeria el Castell",
        "category": "Comercio minorista",
        "subcategory": "Flores y regalos",
        "primary_tag": "overture=flowers_and_gifts_store",
        "source": "Overture Maps Places",
        "sources": [
          "Overture Maps Places"
        ],
        "name_source": "Overture Maps Places",
        "overture_taxonomy": "flowers_and_gifts_store",
        "overture_confidence": 0.952,
        "grid_id": "r4_c7"
      }
    },
    {
      "type": "Feature",
      "geometry": {
        "type": "Point",
        "coordinates": [
          1.9828745,
          41.28435772
        ]
      },
      "properties": {
        "osm_id": null,
        "overture_id": "6a0748d2-fa36-4e24-b3d3-22505022dc43",
        "name": "Floristeria Mari Carmen",
        "display_name": "Floristeria Mari Carmen",
        "category": "Comercio minorista",
        "subcategory": "Flores y regalos",
        "primary_tag": "overture=flowers_and_gifts_store",
        "source": "Overture Maps Places",
        "sources": [
          "Overture Maps Places"
        ],
        "name_source": "Overture Maps Places",
        "overture_taxonomy": "flowers_and_gifts_store",
        "overture_confidence": 0.977,
        "grid_id": "r4_c7"
      }
    },
    {
      "type": "Feature",
      "geometry": {
        "type": "Point",
        "coordinates": [
          1.98285356,
          41.28901313
        ]
      },
      "properties": {
        "osm_id": null,
        "overture_id": "9f754cd1-a52b-45a9-8517-41b79b3cb620",
        "name": "Floristeria Paradis",
        "display_name": "Floristeria Paradis",
        "category": "Comercio minorista",
        "subcategory": "Flores y regalos",
        "primary_tag": "overture=flowers_and_gifts_store",
        "source": "Overture Maps Places",
        "sources": [
          "Overture Maps Places"
        ],
        "name_source": "Overture Maps Places",
        "overture_taxonomy": "flowers_and_gifts_store",
        "overture_confidence": 0.935,
        "grid_id": "r5_c7"
      }
    },
    {
      "type": "Feature",
      "geometry": {
        "type": "Point",
        "coordinates": [
          1.9777785,
          41.2873525
        ]
      },
      "properties": {
        "osm_id": "node/11363832369",
        "name": "Forn de la Platja",
        "display_name": "Forn de la Platja",
        "category": "Comercio minorista",
        "subcategory": "Panadería",
        "primary_tag": "shop=bakery",
        "amenity": null,
        "shop": "bakery",
        "office": null,
        "tourism": null,
        "leisure": null,
        "wikidata": null,
        "website": null,
        "phone": null,
        "opening_hours": null,
        "addr_street": null,
        "addr_housenumber": null,
        "addr_postcode": null,
        "addr_city": null,
        "image": null,
        "wikimedia_commons": null,
        "mapillary": null,
        "source": "OpenStreetMap via Overpass API",
        "name_source": "OpenStreetMap",
        "grid_id": "r5_c6"
      }
    },
    {
      "type": "Feature",
      "geometry": {
        "type": "Point",
        "coordinates": [
          1.98146,
          41.28664
        ]
      },
      "properties": {
        "osm_id": null,
        "overture_id": "0ab0628e-833c-4e53-b34b-49ae6f51cedd",
        "name": "Forn de Pa i Pastissería Martina",
        "display_name": "Forn de Pa i Pastissería Martina",
        "category": "Comercio minorista",
        "subcategory": "Panadería",
        "primary_tag": "overture=bakery",
        "source": "Overture Maps Places",
        "sources": [
          "Overture Maps Places"
        ],
        "name_source": "Overture Maps Places",
        "overture_taxonomy": "bakery",
        "overture_confidence": 0.922,
        "grid_id": "r5_c7"
      }
    },
    {
      "type": "Feature",
      "geometry": {
        "type": "Point",
        "coordinates": [
          1.97659223,
          41.27852559
        ]
      },
      "properties": {
        "osm_id": null,
        "overture_id": "f80d488d-0c18-41a1-a27d-40b31c236d7d",
        "name": "FruiteselectesRosa",
        "display_name": "FruiteselectesRosa",
        "category": "Comercio minorista",
        "subcategory": "Frutería y verdulería",
        "primary_tag": "overture=produce_store",
        "source": "Overture Maps Places",
        "sources": [
          "Overture Maps Places"
        ],
        "name_source": "Overture Maps Places",
        "overture_taxonomy": "produce_store",
        "overture_confidence": 0.959,
        "grid_id": "r3_c6"
      }
    },
    {
      "type": "Feature",
      "geometry": {
        "type": "Point",
        "coordinates": [
          1.99139151,
          41.28233441
        ]
      },
      "properties": {
        "osm_id": null,
        "overture_id": "5dcd95a9-6dca-4cf3-983b-eb1a902706ec",
        "name": "Frutas Antonio",
        "display_name": "Frutas Antonio",
        "category": "Comercio minorista",
        "subcategory": "Frutería y verdulería",
        "primary_tag": "overture=produce_store",
        "source": "Overture Maps Places",
        "sources": [
          "Overture Maps Places"
        ],
        "name_source": "Overture Maps Places",
        "overture_taxonomy": "produce_store",
        "overture_confidence": 0.888,
        "grid_id": "r4_c9"
      }
    },
    {
      "type": "Feature",
      "geometry": {
        "type": "Point",
        "coordinates": [
          1.9709397,
          41.2674497
        ]
      },
      "properties": {
        "osm_id": "node/2246307228",
        "name": null,
        "display_name": "Frutería y verdulería sin nombre",
        "category": "Comercio minorista",
        "subcategory": "Frutería y verdulería",
        "primary_tag": "shop=greengrocer",
        "amenity": null,
        "shop": "greengrocer",
        "office": null,
        "tourism": null,
        "leisure": null,
        "wikidata": null,
        "website": null,
        "phone": null,
        "opening_hours": null,
        "addr_street": null,
        "addr_housenumber": null,
        "addr_postcode": null,
        "addr_city": null,
        "image": null,
        "wikimedia_commons": null,
        "mapillary": null,
        "source": "OpenStreetMap via Overpass API",
        "name_source": "semantic-fallback",
        "grid_id": "r0_c5"
      }
    },
    {
      "type": "Feature",
      "geometry": {
        "type": "Point",
        "coordinates": [
          1.9752861,
          41.27926
        ]
      },
      "properties": {
        "osm_id": "node/4464835819",
        "name": null,
        "display_name": "Frutería y verdulería sin nombre",
        "category": "Comercio minorista",
        "subcategory": "Frutería y verdulería",
        "primary_tag": "shop=greengrocer",
        "amenity": null,
        "shop": "greengrocer",
        "office": null,
        "tourism": null,
        "leisure": null,
        "wikidata": null,
        "website": null,
        "phone": null,
        "opening_hours": null,
        "addr_street": null,
        "addr_housenumber": null,
        "addr_postcode": null,
        "addr_city": null,
        "image": null,
        "wikimedia_commons": null,
        "mapillary": null,
        "source": "OpenStreetMap via Overpass API",
        "name_source": "semantic-fallback",
        "grid_id": "r3_c6"
      }
    },
    {
      "type": "Feature",
      "geometry": {
        "type": "Point",
        "coordinates": [
          1.97915148,
          41.28159123
        ]
      },
      "properties": {
        "osm_id": null,
        "overture_id": "1c053d46-ccf0-4adc-b0bc-a2b2ac8f3718",
        "name": "GAES",
        "display_name": "GAES",
        "category": "Comercio minorista",
        "subcategory": "Audífonos",
        "primary_tag": "overture=hearing_aid_store",
        "source": "Overture Maps Places",
        "sources": [
          "Overture Maps Places"
        ],
        "name_source": "Overture Maps Places",
        "overture_taxonomy": "hearing_aid_store",
        "overture_confidence": 0.977,
        "grid_id": "r4_c7"
      }
    },
    {
      "type": "Feature",
      "geometry": {
        "type": "Point",
        "coordinates": [
          1.986193,
          41.283319
        ]
      },
      "properties": {
        "osm_id": null,
        "overture_id": "ff0ae3f6-e904-4a76-bae0-303f778bde90",
        "name": "GAME Ánec Blau",
        "display_name": "GAME Ánec Blau",
        "category": "Comercio minorista",
        "subcategory": "Videojuegos",
        "primary_tag": "overture=video_game_store",
        "source": "Overture Maps Places",
        "sources": [
          "Overture Maps Places"
        ],
        "name_source": "Overture Maps Places",
        "overture_taxonomy": "video_game_store",
        "overture_confidence": 0.966,
        "grid_id": "r4_c8"
      }
    },
    {
      "type": "Feature",
      "geometry": {
        "type": "Point",
        "coordinates": [
          1.97618452,
          41.27913131
        ]
      },
      "properties": {
        "osm_id": null,
        "overture_id": "1f07a4b7-4e19-413a-ac30-38f978d50dc7",
        "name": "Gat i Gos",
        "display_name": "Gat i Gos",
        "category": "Comercio minorista",
        "subcategory": "Tienda de animales",
        "primary_tag": "overture=pet_store",
        "source": "Overture Maps Places",
        "sources": [
          "Overture Maps Places"
        ],
        "name_source": "Overture Maps Places",
        "overture_taxonomy": "pet_store",
        "overture_confidence": 0.942,
        "grid_id": "r3_c6"
      }
    },
    {
      "type": "Feature",
      "geometry": {
        "type": "Point",
        "coordinates": [
          1.97790722,
          41.27997976
        ]
      },
      "properties": {
        "osm_id": null,
        "overture_id": "382259c3-db5e-42a5-8e30-7ad7792336df",
        "name": "Gelateria Carles",
        "display_name": "Gelateria Carles",
        "category": "Comercio minorista",
        "subcategory": "Heladería",
        "primary_tag": "overture=ice_cream_shop",
        "source": "Overture Maps Places",
        "sources": [
          "Overture Maps Places"
        ],
        "name_source": "Overture Maps Places",
        "overture_taxonomy": "ice_cream_shop",
        "overture_confidence": 0.991,
        "grid_id": "r3_c6"
      }
    },
    {
      "type": "Feature",
      "geometry": {
        "type": "Point",
        "coordinates": [
          1.98685,
          41.28269
        ]
      },
      "properties": {
        "osm_id": null,
        "overture_id": "80a9a3c6-669b-4330-b075-9dbdf3d42afa",
        "name": "Gelateria Carte Dor",
        "display_name": "Gelateria Carte Dor",
        "category": "Comercio minorista",
        "subcategory": "Heladería",
        "primary_tag": "overture=ice_cream_shop",
        "source": "Overture Maps Places",
        "sources": [
          "Overture Maps Places"
        ],
        "name_source": "Overture Maps Places",
        "overture_taxonomy": "ice_cream_shop",
        "overture_confidence": 0.881,
        "grid_id": "r4_c8"
      }
    },
    {
      "type": "Feature",
      "geometry": {
        "type": "Point",
        "coordinates": [
          1.97812663,
          41.28104346
        ]
      },
      "properties": {
        "osm_id": null,
        "overture_id": "35459ff0-f3d7-4840-9b57-2bf9e6bedd35",
        "name": "Gelateria Palermo",
        "display_name": "Gelateria Palermo",
        "category": "Comercio minorista",
        "subcategory": "Heladería",
        "primary_tag": "overture=gelato_shop",
        "source": "Overture Maps Places",
        "sources": [
          "Overture Maps Places"
        ],
        "name_source": "Overture Maps Places",
        "overture_taxonomy": "gelato_shop",
        "overture_confidence": 0.991,
        "grid_id": "r3_c6"
      }
    },
    {
      "type": "Feature",
      "geometry": {
        "type": "Point",
        "coordinates": [
          1.9710182,
          41.2659719
        ]
      },
      "properties": {
        "osm_id": "node/2246387419",
        "name": "Granier",
        "display_name": "Granier",
        "category": "Comercio minorista",
        "subcategory": "Panadería",
        "primary_tag": "shop=bakery",
        "amenity": null,
        "shop": "bakery",
        "office": null,
        "tourism": null,
        "leisure": null,
        "wikidata": null,
        "website": null,
        "phone": null,
        "opening_hours": null,
        "addr_street": null,
        "addr_housenumber": null,
        "addr_postcode": null,
        "addr_city": null,
        "image": null,
        "wikimedia_commons": null,
        "mapillary": null,
        "source": "OpenStreetMap via Overpass API",
        "name_source": "OpenStreetMap",
        "grid_id": "r0_c5"
      }
    },
    {
      "type": "Feature",
      "geometry": {
        "type": "Point",
        "coordinates": [
          1.978262,
          41.278867
        ]
      },
      "properties": {
        "osm_id": null,
        "overture_id": "40899456-566b-476e-ab0e-2e7619ffbd9f",
        "name": "Granier Castelldefels",
        "display_name": "Granier Castelldefels",
        "category": "Comercio minorista",
        "subcategory": "Panadería",
        "primary_tag": "overture=bakery",
        "source": "Overture Maps Places",
        "sources": [
          "Overture Maps Places"
        ],
        "name_source": "Overture Maps Places",
        "overture_taxonomy": "bakery",
        "overture_confidence": 0.992,
        "grid_id": "r3_c6"
      }
    },
    {
      "type": "Feature",
      "geometry": {
        "type": "Point",
        "coordinates": [
          1.98555315,
          41.28214645
        ]
      },
      "properties": {
        "osm_id": null,
        "overture_id": "360a74cf-002d-45cb-a28e-a050d417dce3",
        "name": "GUESS",
        "display_name": "GUESS",
        "category": "Comercio minorista",
        "subcategory": "Moda de diseñador",
        "primary_tag": "overture=designer_clothing",
        "source": "Overture Maps Places",
        "sources": [
          "Overture Maps Places"
        ],
        "name_source": "Overture Maps Places",
        "overture_taxonomy": "designer_clothing",
        "overture_confidence": 0.99,
        "grid_id": "r4_c8"
      }
    },
    {
      "type": "Feature",
      "geometry": {
        "type": "Point",
        "coordinates": [
          1.9869195,
          41.283385
        ]
      },
      "properties": {
        "osm_id": "node/3128164401",
        "name": "H&M",
        "display_name": "H&M",
        "category": "Comercio minorista",
        "subcategory": "Tienda de ropa",
        "primary_tag": "shop=clothes",
        "amenity": null,
        "shop": "clothes",
        "office": null,
        "tourism": null,
        "leisure": null,
        "wikidata": null,
        "website": null,
        "phone": null,
        "opening_hours": null,
        "addr_street": null,
        "addr_housenumber": null,
        "addr_postcode": null,
        "addr_city": null,
        "image": null,
        "wikimedia_commons": null,
        "mapillary": null,
        "source": "OpenStreetMap via Overpass API",
        "name_source": "OpenStreetMap",
        "sources": [
          "OpenStreetMap via Overpass API",
          "Overture Maps Places"
        ],
        "overture_id": "6c378f0c-f9fe-4bc1-b3d7-9e0c0761e0ba",
        "overture_confidence": 1,
        "grid_id": "r4_c8"
      }
    },
    {
      "type": "Feature",
      "geometry": {
        "type": "Point",
        "coordinates": [
          1.98804567,
          41.28228789
        ]
      },
      "properties": {
        "osm_id": null,
        "overture_id": "86bc7df1-bc76-4142-99dd-bae1e86e04c4",
        "name": "Hiper Store",
        "display_name": "Hiper Store",
        "category": "Comercio minorista",
        "subcategory": "Artículos para el hogar",
        "primary_tag": "overture=home_goods_store",
        "source": "Overture Maps Places",
        "sources": [
          "Overture Maps Places"
        ],
        "name_source": "Overture Maps Places",
        "overture_taxonomy": "home_goods_store",
        "overture_confidence": 0.956,
        "grid_id": "r4_c8"
      }
    },
    {
      "type": "Feature",
      "geometry": {
        "type": "Point",
        "coordinates": [
          1.97624511,
          41.27801387
        ]
      },
      "properties": {
        "osm_id": null,
        "overture_id": "fd70ef5a-84c4-48c8-b740-a67f06ee4967",
        "name": "Ibercan Castelldefels",
        "display_name": "Ibercan Castelldefels",
        "category": "Comercio minorista",
        "subcategory": "Tienda de animales",
        "primary_tag": "overture=pet_store",
        "source": "Overture Maps Places",
        "sources": [
          "Overture Maps Places"
        ],
        "name_source": "Overture Maps Places",
        "overture_taxonomy": "pet_store",
        "overture_confidence": 0.966,
        "grid_id": "r3_c6"
      }
    },
    {
      "type": "Feature",
      "geometry": {
        "type": "Point",
        "coordinates": [
          1.9815253,
          41.28446531
        ]
      },
      "properties": {
        "osm_id": null,
        "overture_id": "0b070016-a5d6-4908-a4a8-d8f9d14db3ff",
        "name": "Inga Ropa",
        "display_name": "Inga Ropa",
        "category": "Comercio minorista",
        "subcategory": "Tienda de ropa",
        "primary_tag": "overture=clothing_store",
        "source": "Overture Maps Places",
        "sources": [
          "Overture Maps Places"
        ],
        "name_source": "Overture Maps Places",
        "overture_taxonomy": "clothing_store",
        "overture_confidence": 0.953,
        "grid_id": "r4_c7"
      }
    },
    {
      "type": "Feature",
      "geometry": {
        "type": "Point",
        "coordinates": [
          1.98222122,
          41.2826722
        ]
      },
      "properties": {
        "osm_id": null,
        "overture_id": "da4ab36c-48b6-46af-8890-338b0f0a6c92",
        "name": "Ingravity",
        "display_name": "Ingravity",
        "category": "Comercio minorista",
        "subcategory": "Muebles",
        "primary_tag": "overture=furniture_store",
        "source": "Overture Maps Places",
        "sources": [
          "Overture Maps Places"
        ],
        "name_source": "Overture Maps Places",
        "overture_taxonomy": "furniture_store",
        "overture_confidence": 0.957,
        "grid_id": "r4_c7"
      }
    },
    {
      "type": "Feature",
      "geometry": {
        "type": "Point",
        "coordinates": [
          1.9870204,
          41.28317103
        ]
      },
      "properties": {
        "osm_id": null,
        "overture_id": "80324eee-aefd-40e6-9a3f-721890bcced6",
        "name": "Intimissimi Uomo",
        "display_name": "Intimissimi Uomo",
        "category": "Comercio minorista",
        "subcategory": "Ropa masculina",
        "primary_tag": "overture=mens_clothing_store",
        "source": "Overture Maps Places",
        "sources": [
          "Overture Maps Places"
        ],
        "name_source": "Overture Maps Places",
        "overture_taxonomy": "mens_clothing_store",
        "overture_confidence": 0.997,
        "grid_id": "r4_c8"
      }
    },
    {
      "type": "Feature",
      "geometry": {
        "type": "Point",
        "coordinates": [
          1.96002196,
          41.26586115
        ]
      },
      "properties": {
        "osm_id": null,
        "overture_id": "abb0ae7f-8efb-4ad6-8ab7-da59131d62f6",
        "name": "Jijonenca Sirvent Verdu Castelldefels Playa",
        "display_name": "Jijonenca Sirvent Verdu Castelldefels Playa",
        "category": "Comercio minorista",
        "subcategory": "Heladería",
        "primary_tag": "overture=ice_cream_shop",
        "source": "Overture Maps Places",
        "sources": [
          "Overture Maps Places"
        ],
        "name_source": "Overture Maps Places",
        "overture_taxonomy": "ice_cream_shop",
        "overture_confidence": 0.997,
        "grid_id": "r0_c3"
      }
    },
    {
      "type": "Feature",
      "geometry": {
        "type": "Point",
        "coordinates": [
          1.98112541,
          41.28379745
        ]
      },
      "properties": {
        "osm_id": null,
        "overture_id": "efe0ec09-3793-4c22-b7f7-a4fce63953fd",
        "name": "Joieria Perdiguer nikjoyas.com",
        "display_name": "Joieria Perdiguer nikjoyas.com",
        "category": "Comercio minorista",
        "subcategory": "Joyería",
        "primary_tag": "overture=jewelry_store",
        "source": "Overture Maps Places",
        "sources": [
          "Overture Maps Places"
        ],
        "name_source": "Overture Maps Places",
        "overture_taxonomy": "jewelry_store",
        "overture_confidence": 0.995,
        "grid_id": "r4_c7"
      }
    },
    {
      "type": "Feature",
      "geometry": {
        "type": "Point",
        "coordinates": [
          1.9776393,
          41.2799764
        ]
      },
      "properties": {
        "osm_id": "node/12278447878",
        "name": "Juguettos",
        "display_name": "Juguettos",
        "category": "Comercio minorista",
        "subcategory": "Juguetería",
        "primary_tag": "shop=toys",
        "amenity": null,
        "shop": "toys",
        "office": null,
        "tourism": null,
        "leisure": null,
        "wikidata": null,
        "website": null,
        "phone": null,
        "opening_hours": null,
        "addr_street": null,
        "addr_housenumber": null,
        "addr_postcode": null,
        "addr_city": null,
        "image": null,
        "wikimedia_commons": null,
        "mapillary": null,
        "source": "OpenStreetMap via Overpass API",
        "name_source": "OpenStreetMap",
        "sources": [
          "OpenStreetMap via Overpass API",
          "Overture Maps Places"
        ],
        "overture_id": "e8b9fbb7-4e94-4f35-b533-0ae844579d1e",
        "overture_confidence": 0.996,
        "grid_id": "r3_c6"
      }
    },
    {
      "type": "Feature",
      "geometry": {
        "type": "Point",
        "coordinates": [
          1.98162,
          41.28278
        ]
      },
      "properties": {
        "osm_id": null,
        "overture_id": "62362f55-4bd4-464a-a269-2c7bd9d5b5d8",
        "name": "Kawaii",
        "display_name": "Kawaii",
        "category": "Comercio minorista",
        "subcategory": "Tienda de surf",
        "primary_tag": "overture=surf_store",
        "source": "Overture Maps Places",
        "sources": [
          "Overture Maps Places"
        ],
        "name_source": "Overture Maps Places",
        "overture_taxonomy": "surf_store",
        "overture_confidence": 0.977,
        "grid_id": "r4_c7"
      }
    },
    {
      "type": "Feature",
      "geometry": {
        "type": "Point",
        "coordinates": [
          1.9858354,
          41.2827238
        ]
      },
      "properties": {
        "osm_id": null,
        "overture_id": "e47d84c1-4858-4d9b-859f-dbdf7ce2a32c",
        "name": "Kiko Milano",
        "display_name": "Kiko Milano",
        "category": "Comercio minorista",
        "subcategory": "Cosmética y perfumería",
        "primary_tag": "overture=cosmetics_and_fragrance_store",
        "source": "Overture Maps Places",
        "sources": [
          "Overture Maps Places"
        ],
        "name_source": "Overture Maps Places",
        "overture_taxonomy": "cosmetics_and_fragrance_store",
        "overture_confidence": 0.997,
        "grid_id": "r4_c8"
      }
    },
    {
      "type": "Feature",
      "geometry": {
        "type": "Point",
        "coordinates": [
          1.97986015,
          41.28044904
        ]
      },
      "properties": {
        "osm_id": null,
        "overture_id": "300d2a18-fc9f-4d40-90f5-7eabeccc9667",
        "name": "KüchenHouse Cocinas y Reformas",
        "display_name": "KüchenHouse Cocinas y Reformas",
        "category": "Comercio minorista",
        "subcategory": "Muebles",
        "primary_tag": "overture=furniture_store",
        "source": "Overture Maps Places",
        "sources": [
          "Overture Maps Places"
        ],
        "name_source": "Overture Maps Places",
        "overture_taxonomy": "furniture_store",
        "overture_confidence": 0.863,
        "grid_id": "r3_c7"
      }
    },
    {
      "type": "Feature",
      "geometry": {
        "type": "Point",
        "coordinates": [
          1.98767063,
          41.28685427
        ]
      },
      "properties": {
        "osm_id": null,
        "overture_id": "1b8c2262-3e2e-40c5-8e27-d3595d303825",
        "name": "L'Art Nupcial",
        "display_name": "L'Art Nupcial",
        "category": "Comercio minorista",
        "subcategory": "Tienda nupcial",
        "primary_tag": "overture=bridal_shop",
        "source": "Overture Maps Places",
        "sources": [
          "Overture Maps Places"
        ],
        "name_source": "Overture Maps Places",
        "overture_taxonomy": "bridal_shop",
        "overture_confidence": 0.884,
        "grid_id": "r5_c8"
      }
    },
    {
      "type": "Feature",
      "geometry": {
        "type": "Point",
        "coordinates": [
          1.98197369,
          41.28491493
        ]
      },
      "properties": {
        "osm_id": null,
        "overture_id": "bd980d87-a107-4ee9-abaf-23dbe2c6a733",
        "name": "La Botiga de Cortines",
        "display_name": "La Botiga de Cortines",
        "category": "Comercio minorista",
        "subcategory": "Ropa de hogar",
        "primary_tag": "overture=linen_store",
        "source": "Overture Maps Places",
        "sources": [
          "Overture Maps Places"
        ],
        "name_source": "Overture Maps Places",
        "overture_taxonomy": "linen_store",
        "overture_confidence": 0.947,
        "grid_id": "r4_c7"
      }
    },
    {
      "type": "Feature",
      "geometry": {
        "type": "Point",
        "coordinates": [
          1.97713061,
          41.27965132
        ]
      },
      "properties": {
        "osm_id": null,
        "overture_id": "8bc361f8-54cb-498d-978d-ba87fae0ebc5",
        "name": "La Caperucita Roja",
        "display_name": "La Caperucita Roja",
        "category": "Comercio minorista",
        "subcategory": "Tienda de regalos",
        "primary_tag": "overture=gift_shop",
        "source": "Overture Maps Places",
        "sources": [
          "Overture Maps Places"
        ],
        "name_source": "Overture Maps Places",
        "overture_taxonomy": "gift_shop",
        "overture_confidence": 0.966,
        "grid_id": "r3_c6"
      }
    },
    {
      "type": "Feature",
      "geometry": {
        "type": "Point",
        "coordinates": [
          1.97924838,
          41.28014949
        ]
      },
      "properties": {
        "osm_id": null,
        "overture_id": "fb3137fa-8cc9-4b53-86ce-750100b72311",
        "name": "La Casa Blanca Pastisseria",
        "display_name": "La Casa Blanca Pastisseria",
        "category": "Comercio minorista",
        "subcategory": "Panadería",
        "primary_tag": "overture=bakery",
        "source": "Overture Maps Places",
        "sources": [
          "Overture Maps Places"
        ],
        "name_source": "Overture Maps Places",
        "overture_taxonomy": "bakery",
        "overture_confidence": 0.993,
        "grid_id": "r3_c7"
      }
    },
    {
      "type": "Feature",
      "geometry": {
        "type": "Point",
        "coordinates": [
          1.979052,
          41.2860107
        ]
      },
      "properties": {
        "osm_id": "node/8430177285",
        "name": "La Delicia Celeste",
        "display_name": "La Delicia Celeste",
        "category": "Comercio minorista",
        "subcategory": "Panadería",
        "primary_tag": "shop=bakery",
        "amenity": null,
        "shop": "bakery",
        "office": null,
        "tourism": null,
        "leisure": null,
        "wikidata": null,
        "website": null,
        "phone": "+34 662545362",
        "opening_hours": "Mo,We-Fr 07:00-14:00,16:00-20:00; Sa-Su 08:00-20:00",
        "addr_street": null,
        "addr_housenumber": null,
        "addr_postcode": null,
        "addr_city": null,
        "image": null,
        "wikimedia_commons": null,
        "mapillary": null,
        "source": "OpenStreetMap via Overpass API",
        "name_source": "OpenStreetMap",
        "grid_id": "r5_c7"
      }
    },
    {
      "type": "Feature",
      "geometry": {
        "type": "Point",
        "coordinates": [
          1.9856626,
          41.2871458
        ]
      },
      "properties": {
        "osm_id": "node/4469870284",
        "name": "La Gineleta",
        "display_name": "La Gineleta",
        "category": "Comercio minorista",
        "subcategory": "Frutería y verdulería",
        "primary_tag": "shop=greengrocer",
        "amenity": null,
        "shop": "greengrocer",
        "office": null,
        "tourism": null,
        "leisure": null,
        "wikidata": null,
        "website": null,
        "phone": null,
        "opening_hours": "Mo-Su 08:00-22:00",
        "addr_street": null,
        "addr_housenumber": null,
        "addr_postcode": null,
        "addr_city": null,
        "image": null,
        "wikimedia_commons": null,
        "mapillary": null,
        "source": "OpenStreetMap via Overpass API",
        "name_source": "OpenStreetMap",
        "grid_id": "r5_c8"
      }
    },
    {
      "type": "Feature",
      "geometry": {
        "type": "Point",
        "coordinates": [
          1.97359122,
          41.28232015
        ]
      },
      "properties": {
        "osm_id": null,
        "overture_id": "75f9c5dc-22d0-4698-aae1-2f0ba7e7d9ed",
        "name": "La Luciernaga",
        "display_name": "La Luciernaga",
        "category": "Comercio minorista",
        "subcategory": "Panadería",
        "primary_tag": "overture=bakery",
        "source": "Overture Maps Places",
        "sources": [
          "Overture Maps Places"
        ],
        "name_source": "Overture Maps Places",
        "overture_taxonomy": "bakery",
        "overture_confidence": 0.982,
        "grid_id": "r4_c6"
      }
    },
    {
      "type": "Feature",
      "geometry": {
        "type": "Point",
        "coordinates": [
          1.97817247,
          41.28111121
        ]
      },
      "properties": {
        "osm_id": null,
        "overture_id": "8964b07f-72a2-4145-808c-0fc88755ac16",
        "name": "La Nova Llar",
        "display_name": "La Nova Llar",
        "category": "Comercio minorista",
        "subcategory": "Muebles",
        "primary_tag": "overture=furniture_store",
        "source": "Overture Maps Places",
        "sources": [
          "Overture Maps Places"
        ],
        "name_source": "Overture Maps Places",
        "overture_taxonomy": "furniture_store",
        "overture_confidence": 0.98,
        "grid_id": "r3_c6"
      }
    },
    {
      "type": "Feature",
      "geometry": {
        "type": "Point",
        "coordinates": [
          1.9794536,
          41.2698836
        ]
      },
      "properties": {
        "osm_id": "node/5948445351",
        "name": "La Pampa",
        "display_name": "La Pampa",
        "category": "Comercio minorista",
        "subcategory": "Alimentación especializada",
        "primary_tag": "shop=deli",
        "amenity": null,
        "shop": "deli",
        "office": null,
        "tourism": null,
        "leisure": null,
        "wikidata": null,
        "website": null,
        "phone": null,
        "opening_hours": null,
        "addr_street": null,
        "addr_housenumber": null,
        "addr_postcode": null,
        "addr_city": null,
        "image": null,
        "wikimedia_commons": null,
        "mapillary": null,
        "source": "OpenStreetMap via Overpass API",
        "name_source": "OpenStreetMap",
        "grid_id": "r1_c7"
      }
    },
    {
      "type": "Feature",
      "geometry": {
        "type": "Point",
        "coordinates": [
          1.96667,
          41.2833
        ]
      },
      "properties": {
        "osm_id": null,
        "overture_id": "bf2bbde0-cace-4787-8cf3-f16ce8b44c7e",
        "name": "La Parada del Camí Ral",
        "display_name": "La Parada del Camí Ral",
        "category": "Comercio minorista",
        "subcategory": "Frutería y verdulería",
        "primary_tag": "overture=produce_store",
        "source": "Overture Maps Places",
        "sources": [
          "Overture Maps Places"
        ],
        "name_source": "Overture Maps Places",
        "overture_taxonomy": "produce_store",
        "overture_confidence": 0.98,
        "grid_id": "r4_c4"
      }
    },
    {
      "type": "Feature",
      "geometry": {
        "type": "Point",
        "coordinates": [
          1.9567784,
          41.266626
        ]
      },
      "properties": {
        "osm_id": "node/2246302208",
        "name": "La Repera",
        "display_name": "La Repera",
        "category": "Comercio minorista",
        "subcategory": "Frutería y verdulería",
        "primary_tag": "shop=greengrocer",
        "amenity": null,
        "shop": "greengrocer",
        "office": null,
        "tourism": null,
        "leisure": null,
        "wikidata": null,
        "website": null,
        "phone": null,
        "opening_hours": null,
        "addr_street": null,
        "addr_housenumber": null,
        "addr_postcode": null,
        "addr_city": null,
        "image": null,
        "wikimedia_commons": null,
        "mapillary": null,
        "source": "OpenStreetMap via Overpass API",
        "name_source": "OpenStreetMap",
        "grid_id": "r0_c3"
      }
    },
    {
      "type": "Feature",
      "geometry": {
        "type": "Point",
        "coordinates": [
          1.97377968,
          41.27849419
        ]
      },
      "properties": {
        "osm_id": null,
        "overture_id": "e191aaee-ecda-447b-a140-09c4feade3e2",
        "name": "La Rosita Castelldefels",
        "display_name": "La Rosita Castelldefels",
        "category": "Comercio minorista",
        "subcategory": "Supermercado / alimentación",
        "primary_tag": "overture=grocery_store",
        "source": "Overture Maps Places",
        "sources": [
          "Overture Maps Places"
        ],
        "name_source": "Overture Maps Places",
        "overture_taxonomy": "grocery_store",
        "overture_confidence": 0.997,
        "grid_id": "r3_c6"
      }
    },
    {
      "type": "Feature",
      "geometry": {
        "type": "Point",
        "coordinates": [
          1.97820155,
          41.28160106
        ]
      },
      "properties": {
        "osm_id": null,
        "overture_id": "dd8ca497-b982-41a5-a1ea-e743a9fa9d01",
        "name": "La Ventana Natural",
        "display_name": "La Ventana Natural",
        "category": "Comercio minorista",
        "subcategory": "Vitaminas y suplementos",
        "primary_tag": "overture=vitamin_and_supplement_store",
        "source": "Overture Maps Places",
        "sources": [
          "Overture Maps Places"
        ],
        "name_source": "Overture Maps Places",
        "overture_taxonomy": "vitamin_and_supplement_store",
        "overture_confidence": 0.906,
        "grid_id": "r4_c6"
      }
    },
    {
      "type": "Feature",
      "geometry": {
        "type": "Point",
        "coordinates": [
          1.96667,
          41.2833
        ]
      },
      "properties": {
        "osm_id": null,
        "overture_id": "68e9262f-9db2-4c40-a091-1d19722f9404",
        "name": "La Xarcuteria",
        "display_name": "La Xarcuteria",
        "category": "Comercio minorista",
        "subcategory": "Supermercado / alimentación",
        "primary_tag": "overture=grocery_store",
        "source": "Overture Maps Places",
        "sources": [
          "Overture Maps Places"
        ],
        "name_source": "Overture Maps Places",
        "overture_taxonomy": "grocery_store",
        "overture_confidence": 0.925,
        "grid_id": "r4_c4"
      }
    },
    {
      "type": "Feature",
      "geometry": {
        "type": "Point",
        "coordinates": [
          1.9867,
          41.2828
        ]
      },
      "properties": {
        "osm_id": null,
        "overture_id": "78dfe060-5735-48c4-86c9-7593850ceebc",
        "name": "Levi's® Castelldefels",
        "display_name": "Levi's® Castelldefels",
        "category": "Comercio minorista",
        "subcategory": "Moda femenina",
        "primary_tag": "overture=womens_clothing_store",
        "source": "Overture Maps Places",
        "sources": [
          "Overture Maps Places"
        ],
        "name_source": "Overture Maps Places",
        "overture_taxonomy": "womens_clothing_store",
        "overture_confidence": 0.85,
        "grid_id": "r4_c8"
      }
    },
    {
      "type": "Feature",
      "geometry": {
        "type": "Point",
        "coordinates": [
          1.9753765,
          41.2816921
        ]
      },
      "properties": {
        "osm_id": "node/9015049139",
        "name": "Lidl",
        "display_name": "Lidl",
        "category": "Comercio minorista",
        "subcategory": "Supermercado",
        "primary_tag": "shop=supermarket",
        "amenity": null,
        "shop": "supermarket",
        "office": null,
        "tourism": null,
        "leisure": null,
        "wikidata": null,
        "website": null,
        "phone": null,
        "opening_hours": null,
        "addr_street": null,
        "addr_housenumber": null,
        "addr_postcode": null,
        "addr_city": null,
        "image": null,
        "wikimedia_commons": null,
        "mapillary": null,
        "source": "OpenStreetMap via Overpass API",
        "name_source": "OpenStreetMap",
        "sources": [
          "OpenStreetMap via Overpass API",
          "Overture Maps Places"
        ],
        "overture_id": "2242c743-84c2-43fb-9170-c83bec247fb0",
        "overture_confidence": 1,
        "grid_id": "r4_c6"
      }
    },
    {
      "type": "Feature",
      "geometry": {
        "type": "Point",
        "coordinates": [
          1.9860486,
          41.2810995
        ]
      },
      "properties": {
        "osm_id": "way/185078579",
        "name": "Lidl",
        "display_name": "Lidl",
        "category": "Comercio minorista",
        "subcategory": "Supermercado",
        "primary_tag": "shop=supermarket",
        "amenity": null,
        "shop": "supermarket",
        "office": null,
        "tourism": null,
        "leisure": null,
        "wikidata": null,
        "website": null,
        "phone": null,
        "opening_hours": "Mo-Su 09:00-21:30",
        "addr_street": null,
        "addr_housenumber": null,
        "addr_postcode": null,
        "addr_city": null,
        "image": null,
        "wikimedia_commons": null,
        "mapillary": null,
        "source": "OpenStreetMap via Overpass API",
        "name_source": "OpenStreetMap",
        "sources": [
          "OpenStreetMap via Overpass API",
          "Overture Maps Places"
        ],
        "overture_id": "1c56daa3-57f6-43b7-ac94-591c95a75bc9",
        "overture_confidence": 1,
        "grid_id": "r3_c8"
      }
    },
    {
      "type": "Feature",
      "geometry": {
        "type": "Point",
        "coordinates": [
          1.986269,
          41.283176
        ]
      },
      "properties": {
        "osm_id": null,
        "overture_id": "0eff908c-e22c-4673-ba09-c52108104829",
        "name": "llaollao",
        "display_name": "llaollao",
        "category": "Comercio minorista",
        "subcategory": "Yogur helado",
        "primary_tag": "overture=frozen_yogurt_shop",
        "source": "Overture Maps Places",
        "sources": [
          "Overture Maps Places"
        ],
        "name_source": "Overture Maps Places",
        "overture_taxonomy": "frozen_yogurt_shop",
        "overture_confidence": 0.924,
        "grid_id": "r4_c8"
      }
    },
    {
      "type": "Feature",
      "geometry": {
        "type": "Point",
        "coordinates": [
          1.977994,
          41.2787061
        ]
      },
      "properties": {
        "osm_id": "node/14075149106",
        "name": "Llibreria Canillo",
        "display_name": "Llibreria Canillo",
        "category": "Comercio minorista",
        "subcategory": "Librería",
        "primary_tag": "shop=books",
        "amenity": null,
        "shop": "books",
        "office": null,
        "tourism": null,
        "leisure": null,
        "wikidata": null,
        "website": "https://llibreriacanillo.com/",
        "phone": "+34 936651438",
        "opening_hours": "Mo-Fr 09:30-14:00,16:30-20:30; Sa 09:30-14:00; Su Off",
        "addr_street": null,
        "addr_housenumber": null,
        "addr_postcode": null,
        "addr_city": null,
        "image": "https://llibreriacanillo.com/wp-content/uploads/2023/08/Diseno-sin-titulo-5.png",
        "wikimedia_commons": null,
        "mapillary": null,
        "source": "OpenStreetMap via Overpass API",
        "name_source": "OpenStreetMap",
        "sources": [
          "OpenStreetMap via Overpass API",
          "Overture Maps Places"
        ],
        "overture_id": "68067d63-d04e-438f-b00c-9b265aa05529",
        "overture_confidence": 0.97,
        "grid_id": "r3_c6"
      }
    },
    {
      "type": "Feature",
      "geometry": {
        "type": "Point",
        "coordinates": [
          1.98176907,
          41.28334443
        ]
      },
      "properties": {
        "osm_id": null,
        "overture_id": "82b54030-32f3-4f5b-a8c2-d1cdd93075cf",
        "name": "Magazin Romanesc Castelldefels",
        "display_name": "Magazin Romanesc Castelldefels",
        "category": "Comercio minorista",
        "subcategory": "Supermercado / alimentación",
        "primary_tag": "overture=grocery_store",
        "source": "Overture Maps Places",
        "sources": [
          "Overture Maps Places"
        ],
        "name_source": "Overture Maps Places",
        "overture_taxonomy": "grocery_store",
        "overture_confidence": 0.921,
        "grid_id": "r4_c7"
      }
    },
    {
      "type": "Feature",
      "geometry": {
        "type": "Point",
        "coordinates": [
          1.9871127,
          41.2834011
        ]
      },
      "properties": {
        "osm_id": "node/3128168768",
        "name": "Mango",
        "display_name": "Mango",
        "category": "Comercio minorista",
        "subcategory": "Tienda de ropa",
        "primary_tag": "shop=clothes",
        "amenity": null,
        "shop": "clothes",
        "office": null,
        "tourism": null,
        "leisure": null,
        "wikidata": null,
        "website": null,
        "phone": null,
        "opening_hours": null,
        "addr_street": null,
        "addr_housenumber": null,
        "addr_postcode": null,
        "addr_city": null,
        "image": null,
        "wikimedia_commons": null,
        "mapillary": null,
        "source": "OpenStreetMap via Overpass API",
        "name_source": "OpenStreetMap",
        "grid_id": "r4_c8"
      }
    },
    {
      "type": "Feature",
      "geometry": {
        "type": "Point",
        "coordinates": [
          1.98554748,
          41.28213473
        ]
      },
      "properties": {
        "osm_id": null,
        "overture_id": "c6c29ecb-3293-4946-9ee8-ef0871d51ab2",
        "name": "Mango",
        "display_name": "Mango",
        "category": "Comercio minorista",
        "subcategory": "Tienda de ropa",
        "primary_tag": "overture=clothing_store",
        "source": "Overture Maps Places",
        "sources": [
          "Overture Maps Places"
        ],
        "name_source": "Overture Maps Places",
        "overture_taxonomy": "clothing_store",
        "overture_confidence": 0.996,
        "grid_id": "r4_c8"
      }
    },
    {
      "type": "Feature",
      "geometry": {
        "type": "Point",
        "coordinates": [
          1.9778524411679,
          41.279388156027
        ]
      },
      "properties": {
        "osm_id": null,
        "overture_id": "c2ca89a2-2ef2-44e0-a6c2-aa255548004c",
        "name": "Marco Polo - Gelats",
        "display_name": "Marco Polo - Gelats",
        "category": "Comercio minorista",
        "subcategory": "Heladería",
        "primary_tag": "overture=ice_cream_shop",
        "source": "Overture Maps Places",
        "sources": [
          "Overture Maps Places"
        ],
        "name_source": "Overture Maps Places",
        "overture_taxonomy": "ice_cream_shop",
        "overture_confidence": 0.91,
        "grid_id": "r3_c6"
      }
    },
    {
      "type": "Feature",
      "geometry": {
        "type": "Point",
        "coordinates": [
          1.9758153,
          41.27969968
        ]
      },
      "properties": {
        "osm_id": null,
        "overture_id": "6db0f200-bddc-4c48-b719-a074851e4cbe",
        "name": "Marítim Moda Per A La Dona",
        "display_name": "Marítim Moda Per A La Dona",
        "category": "Comercio minorista",
        "subcategory": "Moda femenina",
        "primary_tag": "overture=womens_clothing_store",
        "source": "Overture Maps Places",
        "sources": [
          "Overture Maps Places"
        ],
        "name_source": "Overture Maps Places",
        "overture_taxonomy": "womens_clothing_store",
        "overture_confidence": 0.873,
        "grid_id": "r3_c6"
      }
    },
    {
      "type": "Feature",
      "geometry": {
        "type": "Point",
        "coordinates": [
          1.9859301,
          41.2826345
        ]
      },
      "properties": {
        "osm_id": null,
        "overture_id": "a1e06272-0b48-46e1-a506-56f9f9f1fbfb",
        "name": "MARYPAZ",
        "display_name": "MARYPAZ",
        "category": "Comercio minorista",
        "subcategory": "Zapatería",
        "primary_tag": "overture=shoe_store",
        "source": "Overture Maps Places",
        "sources": [
          "Overture Maps Places"
        ],
        "name_source": "Overture Maps Places",
        "overture_taxonomy": "shoe_store",
        "overture_confidence": 0.85,
        "grid_id": "r4_c8"
      }
    },
    {
      "type": "Feature",
      "geometry": {
        "type": "Point",
        "coordinates": [
          1.98176358,
          41.28444248
        ]
      },
      "properties": {
        "osm_id": null,
        "overture_id": "cc073a03-fac4-421b-a3ca-632e0dfc02e5",
        "name": "Masbel Home",
        "display_name": "Masbel Home",
        "category": "Comercio minorista",
        "subcategory": "Artículos para el hogar",
        "primary_tag": "overture=home_goods_store",
        "source": "Overture Maps Places",
        "sources": [
          "Overture Maps Places"
        ],
        "name_source": "Overture Maps Places",
        "overture_taxonomy": "home_goods_store",
        "overture_confidence": 0.993,
        "grid_id": "r4_c7"
      }
    },
    {
      "type": "Feature",
      "geometry": {
        "type": "Point",
        "coordinates": [
          1.9790831,
          41.2812646
        ]
      },
      "properties": {
        "osm_id": null,
        "overture_id": "38facb3f-320f-4ef4-8dfe-b79b2a9acc87",
        "name": "MASLIFE: Telefonía y móviles",
        "display_name": "MASLIFE: Telefonía y móviles",
        "category": "Comercio minorista",
        "subcategory": "Telefonía",
        "primary_tag": "overture=mobile_phone_store",
        "source": "Overture Maps Places",
        "sources": [
          "Overture Maps Places"
        ],
        "name_source": "Overture Maps Places",
        "overture_taxonomy": "mobile_phone_store",
        "overture_confidence": 0.974,
        "grid_id": "r3_c7"
      }
    },
    {
      "type": "Feature",
      "geometry": {
        "type": "Point",
        "coordinates": [
          1.98675682,
          41.28380006
        ]
      },
      "properties": {
        "osm_id": null,
        "overture_id": "d429c513-bd40-40b0-90d8-61835bd0ca89",
        "name": "Massimo Dutti",
        "display_name": "Massimo Dutti",
        "category": "Comercio minorista",
        "subcategory": "Ropa masculina",
        "primary_tag": "overture=mens_clothing_store",
        "source": "Overture Maps Places",
        "sources": [
          "Overture Maps Places"
        ],
        "name_source": "Overture Maps Places",
        "overture_taxonomy": "mens_clothing_store",
        "overture_confidence": 0.994,
        "grid_id": "r4_c8"
      }
    },
    {
      "type": "Feature",
      "geometry": {
        "type": "Point",
        "coordinates": [
          1.97886684,
          41.27976221
        ]
      },
      "properties": {
        "osm_id": null,
        "overture_id": "5afc0e07-b788-4798-940e-2c2e10771fed",
        "name": "Matryoshka",
        "display_name": "Matryoshka",
        "category": "Comercio minorista",
        "subcategory": "Supermercado / alimentación",
        "primary_tag": "overture=grocery_store",
        "source": "Overture Maps Places",
        "sources": [
          "Overture Maps Places"
        ],
        "name_source": "Overture Maps Places",
        "overture_taxonomy": "grocery_store",
        "overture_confidence": 0.99,
        "grid_id": "r3_c6"
      }
    },
    {
      "type": "Feature",
      "geometry": {
        "type": "Point",
        "coordinates": [
          1.9885481,
          41.2826267
        ]
      },
      "properties": {
        "osm_id": "node/7343698500",
        "name": "Merca China",
        "display_name": "Merca China",
        "category": "Comercio minorista",
        "subcategory": "Bazar / tienda multiproducto",
        "primary_tag": "shop=variety_store",
        "amenity": null,
        "shop": "variety_store",
        "office": null,
        "tourism": null,
        "leisure": null,
        "wikidata": null,
        "website": null,
        "phone": null,
        "opening_hours": null,
        "addr_street": null,
        "addr_housenumber": null,
        "addr_postcode": null,
        "addr_city": null,
        "image": null,
        "wikimedia_commons": null,
        "mapillary": null,
        "source": "OpenStreetMap via Overpass API",
        "name_source": "OpenStreetMap",
        "grid_id": "r4_c8"
      }
    },
    {
      "type": "Feature",
      "geometry": {
        "type": "Point",
        "coordinates": [
          1.9856994,
          41.2819318
        ]
      },
      "properties": {
        "osm_id": "node/970923202",
        "name": "Mercadona",
        "display_name": "Mercadona",
        "category": "Comercio minorista",
        "subcategory": "Supermercado",
        "primary_tag": "shop=supermarket",
        "amenity": null,
        "shop": "supermarket",
        "office": null,
        "tourism": null,
        "leisure": null,
        "wikidata": null,
        "website": "https://www.mercadona.es",
        "phone": null,
        "opening_hours": "Mo-Su,PH 10:00-21:00",
        "addr_street": null,
        "addr_housenumber": null,
        "addr_postcode": null,
        "addr_city": null,
        "image": null,
        "wikimedia_commons": null,
        "mapillary": null,
        "source": "OpenStreetMap via Overpass API",
        "name_source": "OpenStreetMap",
        "sources": [
          "OpenStreetMap via Overpass API",
          "Overture Maps Places"
        ],
        "overture_id": "029603a0-92fc-4eb2-a1a1-82b7b1050823",
        "overture_confidence": 0.999,
        "grid_id": "r4_c8"
      }
    },
    {
      "type": "Feature",
      "geometry": {
        "type": "Point",
        "coordinates": [
          1.9745605,
          41.2823445
        ]
      },
      "properties": {
        "osm_id": "node/2235052546",
        "name": "Mercadona",
        "display_name": "Mercadona",
        "category": "Comercio minorista",
        "subcategory": "Supermercado",
        "primary_tag": "shop=supermarket",
        "amenity": null,
        "shop": "supermarket",
        "office": null,
        "tourism": null,
        "leisure": null,
        "wikidata": null,
        "website": "https://www.mercadona.es",
        "phone": null,
        "opening_hours": null,
        "addr_street": null,
        "addr_housenumber": null,
        "addr_postcode": null,
        "addr_city": null,
        "image": null,
        "wikimedia_commons": null,
        "mapillary": null,
        "source": "OpenStreetMap via Overpass API",
        "name_source": "OpenStreetMap",
        "sources": [
          "OpenStreetMap via Overpass API",
          "Overture Maps Places"
        ],
        "overture_id": "29491c5c-bbb4-4f8a-8c40-cd45a62f6915",
        "overture_confidence": 0.954,
        "grid_id": "r4_c6"
      }
    },
    {
      "type": "Feature",
      "geometry": {
        "type": "Point",
        "coordinates": [
          1.9810132,
          41.286343
        ]
      },
      "properties": {
        "osm_id": "node/13339034298",
        "name": "Mercat de Castelldefels",
        "display_name": "Mercat de Castelldefels",
        "category": "Comercio minorista",
        "subcategory": "Mercado",
        "primary_tag": "amenity=marketplace",
        "amenity": "marketplace",
        "shop": null,
        "office": null,
        "tourism": null,
        "leisure": null,
        "wikidata": null,
        "website": null,
        "phone": null,
        "opening_hours": "Mo 07:30-13:30, Tu-Th 07:30-14:00, Fr,Sa 07:00-14:00, Fr 17:00-20:00",
        "addr_street": null,
        "addr_housenumber": null,
        "addr_postcode": null,
        "addr_city": null,
        "image": null,
        "wikimedia_commons": null,
        "mapillary": null,
        "source": "OpenStreetMap via Overpass API",
        "name_source": "OpenStreetMap",
        "grid_id": "r5_c7"
      }
    },
    {
      "type": "Feature",
      "geometry": {
        "type": "Point",
        "coordinates": [
          1.98142933,
          41.28526229
        ]
      },
      "properties": {
        "osm_id": null,
        "overture_id": "0f195df2-6f9c-43ae-b5d7-da46c19dd887",
        "name": "Merceria Nuri",
        "display_name": "Merceria Nuri",
        "category": "Comercio minorista",
        "subcategory": "Manualidades y hobbies",
        "primary_tag": "overture=arts_crafts_and_hobby_store",
        "source": "Overture Maps Places",
        "sources": [
          "Overture Maps Places"
        ],
        "name_source": "Overture Maps Places",
        "overture_taxonomy": "arts_crafts_and_hobby_store",
        "overture_confidence": 0.988,
        "grid_id": "r4_c7"
      }
    },
    {
      "type": "Feature",
      "geometry": {
        "type": "Point",
        "coordinates": [
          1.97698850918,
          41.2781396297
        ]
      },
      "properties": {
        "osm_id": null,
        "overture_id": "a96f053d-b0d8-472a-931a-8d89cac6b9ca",
        "name": "MERKAL CALZADOS",
        "display_name": "MERKAL CALZADOS",
        "category": "Comercio minorista",
        "subcategory": "Ropa infantil",
        "primary_tag": "overture=childrens_clothing_store",
        "source": "Overture Maps Places",
        "sources": [
          "Overture Maps Places"
        ],
        "name_source": "Overture Maps Places",
        "overture_taxonomy": "childrens_clothing_store",
        "overture_confidence": 0.99,
        "grid_id": "r3_c6"
      }
    },
    {
      "type": "Feature",
      "geometry": {
        "type": "Point",
        "coordinates": [
          1.9870137,
          41.2831355
        ]
      },
      "properties": {
        "osm_id": null,
        "overture_id": "41fea146-1121-4e16-98a6-8669d2fe5269",
        "name": "MISAKO",
        "display_name": "MISAKO",
        "category": "Comercio minorista",
        "subcategory": "Bolsos",
        "primary_tag": "overture=handbag_store",
        "source": "Overture Maps Places",
        "sources": [
          "Overture Maps Places"
        ],
        "name_source": "Overture Maps Places",
        "overture_taxonomy": "handbag_store",
        "overture_confidence": 0.966,
        "grid_id": "r4_c8"
      }
    },
    {
      "type": "Feature",
      "geometry": {
        "type": "Point",
        "coordinates": [
          1.97514875,
          41.26573178
        ]
      },
      "properties": {
        "osm_id": null,
        "overture_id": "d633c33b-d7ca-4b5f-b7d3-282bcae391eb",
        "name": "Momocho",
        "display_name": "Momocho",
        "category": "Comercio minorista",
        "subcategory": "Heladería",
        "primary_tag": "overture=ice_cream_shop",
        "source": "Overture Maps Places",
        "sources": [
          "Overture Maps Places"
        ],
        "name_source": "Overture Maps Places",
        "overture_taxonomy": "ice_cream_shop",
        "overture_confidence": 0.987,
        "grid_id": "r0_c6"
      }
    },
    {
      "type": "Feature",
      "geometry": {
        "type": "Point",
        "coordinates": [
          1.98574917,
          41.28284595
        ]
      },
      "properties": {
        "osm_id": null,
        "overture_id": "49d099e6-e9f7-4837-bf90-2e274ccbd5d2",
        "name": "Movistar",
        "display_name": "Movistar",
        "category": "Comercio minorista",
        "subcategory": "Telefonía",
        "primary_tag": "overture=mobile_phone_store",
        "source": "Overture Maps Places",
        "sources": [
          "Overture Maps Places"
        ],
        "name_source": "Overture Maps Places",
        "overture_taxonomy": "mobile_phone_store",
        "overture_confidence": 0.996,
        "grid_id": "r4_c8"
      }
    },
    {
      "type": "Feature",
      "geometry": {
        "type": "Point",
        "coordinates": [
          1.97808386,
          41.2788151
        ]
      },
      "properties": {
        "osm_id": null,
        "overture_id": "4b316e02-e41b-4704-a344-d5fdeffc9313",
        "name": "Nati Royo",
        "display_name": "Nati Royo",
        "category": "Comercio minorista",
        "subcategory": "Fabricación de joyería y relojería",
        "primary_tag": "overture=jewelry_and_watches_manufacturer",
        "source": "Overture Maps Places",
        "sources": [
          "Overture Maps Places"
        ],
        "name_source": "Overture Maps Places",
        "overture_taxonomy": "jewelry_and_watches_manufacturer",
        "overture_confidence": 0.932,
        "grid_id": "r3_c6"
      }
    },
    {
      "type": "Feature",
      "geometry": {
        "type": "Point",
        "coordinates": [
          1.981657,
          41.282399
        ]
      },
      "properties": {
        "osm_id": null,
        "overture_id": "52b62455-72c0-4236-b2ae-239909eac408",
        "name": "Neumaticos Mora",
        "display_name": "Neumaticos Mora",
        "category": "Comercio minorista",
        "subcategory": "Recambios de automóvil",
        "primary_tag": "overture=auto_parts_store",
        "source": "Overture Maps Places",
        "sources": [
          "Overture Maps Places"
        ],
        "name_source": "Overture Maps Places",
        "overture_taxonomy": "auto_parts_store",
        "overture_confidence": 0.987,
        "grid_id": "r4_c7"
      }
    },
    {
      "type": "Feature",
      "geometry": {
        "type": "Point",
        "coordinates": [
          1.9872307,
          41.2833608
        ]
      },
      "properties": {
        "osm_id": "node/3128159428",
        "name": "Nike",
        "display_name": "Nike",
        "category": "Comercio minorista",
        "subcategory": "Tienda de ropa",
        "primary_tag": "shop=clothes",
        "amenity": null,
        "shop": "clothes",
        "office": null,
        "tourism": null,
        "leisure": null,
        "wikidata": null,
        "website": null,
        "phone": null,
        "opening_hours": null,
        "addr_street": null,
        "addr_housenumber": null,
        "addr_postcode": null,
        "addr_city": null,
        "image": null,
        "wikimedia_commons": null,
        "mapillary": null,
        "source": "OpenStreetMap via Overpass API",
        "name_source": "OpenStreetMap",
        "grid_id": "r4_c8"
      }
    },
    {
      "type": "Feature",
      "geometry": {
        "type": "Point",
        "coordinates": [
          1.9711133,
          41.2668131
        ]
      },
      "properties": {
        "osm_id": "node/2246310111",
        "name": "Open Market",
        "display_name": "Open Market",
        "category": "Comercio minorista",
        "subcategory": "Tienda de conveniencia",
        "primary_tag": "shop=convenience",
        "amenity": null,
        "shop": "convenience",
        "office": null,
        "tourism": null,
        "leisure": null,
        "wikidata": null,
        "website": null,
        "phone": null,
        "opening_hours": null,
        "addr_street": null,
        "addr_housenumber": null,
        "addr_postcode": null,
        "addr_city": null,
        "image": null,
        "wikimedia_commons": null,
        "mapillary": null,
        "source": "OpenStreetMap via Overpass API",
        "name_source": "OpenStreetMap",
        "grid_id": "r0_c5"
      }
    },
    {
      "type": "Feature",
      "geometry": {
        "type": "Point",
        "coordinates": [
          1.97737879,
          41.27908442
        ]
      },
      "properties": {
        "osm_id": null,
        "overture_id": "ca6ee6bc-6281-4433-8c1b-7763ef20e4f3",
        "name": "Original",
        "display_name": "Original",
        "category": "Comercio minorista",
        "subcategory": "Tienda de ropa",
        "primary_tag": "overture=clothing_store",
        "source": "Overture Maps Places",
        "sources": [
          "Overture Maps Places"
        ],
        "name_source": "Overture Maps Places",
        "overture_taxonomy": "clothing_store",
        "overture_confidence": 0.991,
        "grid_id": "r3_c6"
      }
    },
    {
      "type": "Feature",
      "geometry": {
        "type": "Point",
        "coordinates": [
          1.9770194,
          41.2785695
        ]
      },
      "properties": {
        "osm_id": "node/8808373373",
        "name": "Orly Basic",
        "display_name": "Orly Basic",
        "category": "Comercio minorista",
        "subcategory": "Pescadería / marisco",
        "primary_tag": "shop=seafood",
        "amenity": null,
        "shop": "seafood",
        "office": null,
        "tourism": null,
        "leisure": null,
        "wikidata": null,
        "website": null,
        "phone": null,
        "opening_hours": null,
        "addr_street": null,
        "addr_housenumber": null,
        "addr_postcode": null,
        "addr_city": null,
        "image": null,
        "wikimedia_commons": null,
        "mapillary": null,
        "source": "OpenStreetMap via Overpass API",
        "name_source": "Overture Maps Places",
        "sources": [
          "OpenStreetMap via Overpass API",
          "Overture Maps Places"
        ],
        "overture_id": "d6a1209a-8844-4154-8449-a0fa9ddd7f5b",
        "overture_confidence": 0.921,
        "grid_id": "r3_c6"
      }
    },
    {
      "type": "Feature",
      "geometry": {
        "type": "Point",
        "coordinates": [
          1.986766,
          41.283836
        ]
      },
      "properties": {
        "osm_id": null,
        "overture_id": "79d596d4-7cdc-487b-bb8f-597976fec485",
        "name": "Oysho",
        "display_name": "Oysho",
        "category": "Comercio minorista",
        "subcategory": "Tienda de ropa",
        "primary_tag": "overture=clothing_store",
        "source": "Overture Maps Places",
        "sources": [
          "Overture Maps Places"
        ],
        "name_source": "Overture Maps Places",
        "overture_taxonomy": "clothing_store",
        "overture_confidence": 0.966,
        "grid_id": "r4_c8"
      }
    },
    {
      "type": "Feature",
      "geometry": {
        "type": "Point",
        "coordinates": [
          1.984763,
          41.28556419
        ]
      },
      "properties": {
        "osm_id": null,
        "overture_id": "a98c3806-9968-415b-b0ba-42a94045d3d2",
        "name": "Panaderia Mes que bo",
        "display_name": "Panaderia Mes que bo",
        "category": "Comercio minorista",
        "subcategory": "Panadería",
        "primary_tag": "overture=bakery",
        "source": "Overture Maps Places",
        "sources": [
          "Overture Maps Places"
        ],
        "name_source": "Overture Maps Places",
        "overture_taxonomy": "bakery",
        "overture_confidence": 0.987,
        "grid_id": "r4_c7"
      }
    },
    {
      "type": "Feature",
      "geometry": {
        "type": "Point",
        "coordinates": [
          1.9646862,
          41.2659332
        ]
      },
      "properties": {
        "osm_id": "node/2246306138",
        "name": null,
        "display_name": "Panadería sin nombre",
        "category": "Comercio minorista",
        "subcategory": "Panadería",
        "primary_tag": "shop=bakery",
        "amenity": null,
        "shop": "bakery",
        "office": null,
        "tourism": null,
        "leisure": null,
        "wikidata": null,
        "website": null,
        "phone": null,
        "opening_hours": null,
        "addr_street": null,
        "addr_housenumber": null,
        "addr_postcode": null,
        "addr_city": null,
        "image": null,
        "wikimedia_commons": null,
        "mapillary": null,
        "source": "OpenStreetMap via Overpass API",
        "name_source": "semantic-fallback",
        "grid_id": "r0_c4"
      }
    },
    {
      "type": "Feature",
      "geometry": {
        "type": "Point",
        "coordinates": [
          1.9710034,
          41.2674558
        ]
      },
      "properties": {
        "osm_id": "node/2246306836",
        "name": null,
        "display_name": "Panadería sin nombre",
        "category": "Comercio minorista",
        "subcategory": "Panadería",
        "primary_tag": "shop=bakery",
        "amenity": null,
        "shop": "bakery",
        "office": null,
        "tourism": null,
        "leisure": null,
        "wikidata": null,
        "website": null,
        "phone": null,
        "opening_hours": null,
        "addr_street": null,
        "addr_housenumber": null,
        "addr_postcode": null,
        "addr_city": null,
        "image": null,
        "wikimedia_commons": null,
        "mapillary": null,
        "source": "OpenStreetMap via Overpass API",
        "name_source": "semantic-fallback",
        "grid_id": "r0_c5"
      }
    },
    {
      "type": "Feature",
      "geometry": {
        "type": "Point",
        "coordinates": [
          1.98197,
          41.28446
        ]
      },
      "properties": {
        "osm_id": null,
        "overture_id": "25bbc2f9-7978-47be-a83b-f455d3d2b1e8",
        "name": "Parfen Castelldefels",
        "display_name": "Parfen Castelldefels",
        "category": "Comercio minorista",
        "subcategory": "Productos de belleza",
        "primary_tag": "overture=beauty_supply_store",
        "source": "Overture Maps Places",
        "sources": [
          "Overture Maps Places"
        ],
        "name_source": "Overture Maps Places",
        "overture_taxonomy": "beauty_supply_store",
        "overture_confidence": 0.871,
        "grid_id": "r4_c7"
      }
    },
    {
      "type": "Feature",
      "geometry": {
        "type": "Point",
        "coordinates": [
          1.986720757104109,
          41.28317104975815
        ]
      },
      "properties": {
        "osm_id": null,
        "overture_id": "416e38c1-8cd1-4690-98d8-226dca9c6c69",
        "name": "Parfois",
        "display_name": "Parfois",
        "category": "Comercio minorista",
        "subcategory": "Accesorios de moda",
        "primary_tag": "overture=fashion_accessories_store",
        "source": "Overture Maps Places",
        "sources": [
          "Overture Maps Places"
        ],
        "name_source": "Overture Maps Places",
        "overture_taxonomy": "fashion_accessories_store",
        "overture_confidence": 1,
        "grid_id": "r4_c8"
      }
    },
    {
      "type": "Feature",
      "geometry": {
        "type": "Point",
        "coordinates": [
          1.98569968,
          41.28233301
        ]
      },
      "properties": {
        "osm_id": null,
        "overture_id": "9d38dc7e-1fe0-4ba1-b145-79d8318c2007",
        "name": "Pasarela Roja Anecblau - Tienda de moda urbana y StreetWear",
        "display_name": "Pasarela Roja Anecblau - Tienda de moda urbana y StreetWear",
        "category": "Comercio minorista",
        "subcategory": "Tienda de ropa",
        "primary_tag": "overture=clothing_store",
        "source": "Overture Maps Places",
        "sources": [
          "Overture Maps Places"
        ],
        "name_source": "Overture Maps Places",
        "overture_taxonomy": "clothing_store",
        "overture_confidence": 0.939,
        "grid_id": "r4_c8"
      }
    },
    {
      "type": "Feature",
      "geometry": {
        "type": "Point",
        "coordinates": [
          1.9712119,
          41.2663097
        ]
      },
      "properties": {
        "osm_id": "node/13529665087",
        "name": null,
        "display_name": "Pastelería sin nombre",
        "category": "Comercio minorista",
        "subcategory": "Pastelería",
        "primary_tag": "shop=pastry",
        "amenity": null,
        "shop": "pastry",
        "office": null,
        "tourism": null,
        "leisure": null,
        "wikidata": null,
        "website": null,
        "phone": null,
        "opening_hours": null,
        "addr_street": null,
        "addr_housenumber": null,
        "addr_postcode": null,
        "addr_city": null,
        "image": null,
        "wikimedia_commons": null,
        "mapillary": null,
        "source": "OpenStreetMap via Overpass API",
        "name_source": "semantic-fallback",
        "grid_id": "r0_c5"
      }
    },
    {
      "type": "Feature",
      "geometry": {
        "type": "Point",
        "coordinates": [
          1.97959785,
          41.28097984
        ]
      },
      "properties": {
        "osm_id": null,
        "overture_id": "3813e267-978a-4247-a7de-330f9694b946",
        "name": "Pastisseria Can Marti",
        "display_name": "Pastisseria Can Marti",
        "category": "Comercio minorista",
        "subcategory": "Panadería",
        "primary_tag": "overture=bakery",
        "source": "Overture Maps Places",
        "sources": [
          "Overture Maps Places"
        ],
        "name_source": "Overture Maps Places",
        "overture_taxonomy": "bakery",
        "overture_confidence": 1,
        "grid_id": "r3_c7"
      }
    },
    {
      "type": "Feature",
      "geometry": {
        "type": "Point",
        "coordinates": [
          1.98725086,
          41.2883715
        ]
      },
      "properties": {
        "osm_id": null,
        "overture_id": "0e63ce73-f995-4d94-ac05-7e45577fd983",
        "name": "Pastisseria canyars",
        "display_name": "Pastisseria canyars",
        "category": "Comercio minorista",
        "subcategory": "Supermercado / alimentación",
        "primary_tag": "overture=grocery_store",
        "source": "Overture Maps Places",
        "sources": [
          "Overture Maps Places"
        ],
        "name_source": "Overture Maps Places",
        "overture_taxonomy": "grocery_store",
        "overture_confidence": 0.941,
        "grid_id": "r5_c8"
      }
    },
    {
      "type": "Feature",
      "geometry": {
        "type": "Point",
        "coordinates": [
          1.97660011,
          41.27879777
        ]
      },
      "properties": {
        "osm_id": null,
        "overture_id": "aae55a43-0326-41a7-9852-600c5ad82bdd",
        "name": "Perfumeria Moda y Complementos L'Angel",
        "display_name": "Perfumeria Moda y Complementos L'Angel",
        "category": "Comercio minorista",
        "subcategory": "Productos de belleza",
        "primary_tag": "overture=beauty_supply_store",
        "source": "Overture Maps Places",
        "sources": [
          "Overture Maps Places"
        ],
        "name_source": "Overture Maps Places",
        "overture_taxonomy": "beauty_supply_store",
        "overture_confidence": 0.941,
        "grid_id": "r3_c6"
      }
    },
    {
      "type": "Feature",
      "geometry": {
        "type": "Point",
        "coordinates": [
          1.98888894,
          41.2878221
        ]
      },
      "properties": {
        "osm_id": null,
        "overture_id": "f607e37e-9201-4751-b7c5-043247871b28",
        "name": "Pic supermercados",
        "display_name": "Pic supermercados",
        "category": "Comercio minorista",
        "subcategory": "Supermercado / alimentación",
        "primary_tag": "overture=grocery_store",
        "source": "Overture Maps Places",
        "sources": [
          "Overture Maps Places"
        ],
        "name_source": "Overture Maps Places",
        "overture_taxonomy": "grocery_store",
        "overture_confidence": 0.946,
        "grid_id": "r5_c8"
      }
    },
    {
      "type": "Feature",
      "geometry": {
        "type": "Point",
        "coordinates": [
          1.9887943,
          41.2877413
        ]
      },
      "properties": {
        "osm_id": "node/13432552671",
        "name": "Pic Supermercat de la Carn",
        "display_name": "Pic Supermercat de la Carn",
        "category": "Comercio minorista",
        "subcategory": "Tienda de conveniencia",
        "primary_tag": "shop=convenience",
        "amenity": null,
        "shop": "convenience",
        "office": null,
        "tourism": null,
        "leisure": null,
        "wikidata": null,
        "website": "https://www.castelldefels.org/es/ciudad/guia-de-la-ciudad/directorio-equipamientos-y-entidades/33212",
        "phone": "+34 936 65 61 51",
        "opening_hours": "Mo-Th 09:00-14:00,17:00-21:00; Fr-Sa 09:00-21:00; Su 09:00-14:00",
        "addr_street": null,
        "addr_housenumber": null,
        "addr_postcode": null,
        "addr_city": null,
        "image": null,
        "wikimedia_commons": null,
        "mapillary": null,
        "source": "OpenStreetMap via Overpass API",
        "name_source": "OpenStreetMap",
        "grid_id": "r5_c8"
      }
    },
    {
      "type": "Feature",
      "geometry": {
        "type": "Point",
        "coordinates": [
          1.97197215,
          41.26858843
        ]
      },
      "properties": {
        "osm_id": null,
        "overture_id": "cbe13872-6b38-4216-bbaf-f80953913c72",
        "name": "Popkite.Com",
        "display_name": "Popkite.Com",
        "category": "Comercio minorista",
        "subcategory": "Tienda de surf",
        "primary_tag": "overture=surf_store",
        "source": "Overture Maps Places",
        "sources": [
          "Overture Maps Places"
        ],
        "name_source": "Overture Maps Places",
        "overture_taxonomy": "surf_store",
        "overture_confidence": 0.964,
        "grid_id": "r1_c5"
      }
    },
    {
      "type": "Feature",
      "geometry": {
        "type": "Point",
        "coordinates": [
          1.9786613,
          41.2793654
        ]
      },
      "properties": {
        "osm_id": "node/4464835829",
        "name": null,
        "display_name": "Prensa sin nombre",
        "category": "Comercio minorista",
        "subcategory": "Prensa",
        "primary_tag": "shop=newsagent",
        "amenity": null,
        "shop": "newsagent",
        "office": null,
        "tourism": null,
        "leisure": null,
        "wikidata": null,
        "website": null,
        "phone": null,
        "opening_hours": null,
        "addr_street": null,
        "addr_housenumber": null,
        "addr_postcode": null,
        "addr_city": null,
        "image": null,
        "wikimedia_commons": null,
        "mapillary": null,
        "source": "OpenStreetMap via Overpass API",
        "name_source": "semantic-fallback",
        "grid_id": "r3_c6"
      }
    },
    {
      "type": "Feature",
      "geometry": {
        "type": "Point",
        "coordinates": [
          1.98774599,
          41.28299787
        ]
      },
      "properties": {
        "osm_id": null,
        "overture_id": "4fbf0cc6-71ed-4a06-b07e-cdf1c0c45b55",
        "name": "Pull&Bear",
        "display_name": "Pull&Bear",
        "category": "Comercio minorista",
        "subcategory": "Tienda de ropa",
        "primary_tag": "overture=clothing_store",
        "source": "Overture Maps Places",
        "sources": [
          "Overture Maps Places"
        ],
        "name_source": "Overture Maps Places",
        "overture_taxonomy": "clothing_store",
        "overture_confidence": 0.908,
        "grid_id": "r4_c8"
      }
    },
    {
      "type": "Feature",
      "geometry": {
        "type": "Point",
        "coordinates": [
          1.9711187,
          41.2660309
        ]
      },
      "properties": {
        "osm_id": "node/2246387416",
        "name": null,
        "display_name": "Quiosco sin nombre",
        "category": "Comercio minorista",
        "subcategory": "Quiosco",
        "primary_tag": "shop=kiosk",
        "amenity": null,
        "shop": "kiosk",
        "office": null,
        "tourism": null,
        "leisure": null,
        "wikidata": null,
        "website": null,
        "phone": null,
        "opening_hours": null,
        "addr_street": null,
        "addr_housenumber": null,
        "addr_postcode": null,
        "addr_city": null,
        "image": null,
        "wikimedia_commons": null,
        "mapillary": null,
        "source": "OpenStreetMap via Overpass API",
        "name_source": "semantic-fallback",
        "grid_id": "r0_c5"
      }
    },
    {
      "type": "Feature",
      "geometry": {
        "type": "Point",
        "coordinates": [
          1.957257,
          41.2655349
        ]
      },
      "properties": {
        "osm_id": "node/2246389905",
        "name": null,
        "display_name": "Quiosco sin nombre",
        "category": "Comercio minorista",
        "subcategory": "Quiosco",
        "primary_tag": "shop=kiosk",
        "amenity": null,
        "shop": "kiosk",
        "office": null,
        "tourism": null,
        "leisure": null,
        "wikidata": null,
        "website": null,
        "phone": null,
        "opening_hours": null,
        "addr_street": null,
        "addr_housenumber": null,
        "addr_postcode": null,
        "addr_city": null,
        "image": null,
        "wikimedia_commons": null,
        "mapillary": null,
        "source": "OpenStreetMap via Overpass API",
        "name_source": "semantic-fallback",
        "grid_id": "r0_c3"
      }
    },
    {
      "type": "Feature",
      "geometry": {
        "type": "Point",
        "coordinates": [
          1.9474449,
          41.2666586
        ]
      },
      "properties": {
        "osm_id": "node/2246643697",
        "name": null,
        "display_name": "Quiosco sin nombre",
        "category": "Comercio minorista",
        "subcategory": "Quiosco",
        "primary_tag": "shop=kiosk",
        "amenity": null,
        "shop": "kiosk",
        "office": null,
        "tourism": null,
        "leisure": null,
        "wikidata": null,
        "website": null,
        "phone": null,
        "opening_hours": "Mo-Fr 09:00-14:00,16:00-20:30; Sa 09:00-14:00; Su off",
        "addr_street": null,
        "addr_housenumber": null,
        "addr_postcode": null,
        "addr_city": null,
        "image": null,
        "wikimedia_commons": null,
        "mapillary": null,
        "source": "OpenStreetMap via Overpass API",
        "name_source": "semantic-fallback",
        "panoramax_id": "483f4b92-25b1-49fb-bc3e-a7b935e1fec4",
        "panoramax_thumbnail_url": "https://panoramax.openstreetmap.fr/derivates/48/3f/4b/92/25b1-49fb-bc3e-a7b935e1fec4/thumb.jpg",
        "panoramax_visual_url": "https://panoramax.openstreetmap.fr/derivates/48/3f/4b/92/25b1-49fb-bc3e-a7b935e1fec4/sd.jpg",
        "panoramax_captured_at": "2020-07-08T15:00:09.900000",
        "panoramax_distance_m": 39.2,
        "panoramax_license": "CC-BY-SA-4.0",
        "panoramax_providers": [
          "yopaseopor"
        ],
        "panoramax_instance_name": "osm-fr",
        "panoramax_instance_url": "https://panoramax.openstreetmap.fr",
        "grid_id": "r0_c1"
      }
    },
    {
      "type": "Feature",
      "geometry": {
        "type": "Point",
        "coordinates": [
          1.9869195,
          41.2833285
        ]
      },
      "properties": {
        "osm_id": "node/3128173246",
        "name": "Reebok",
        "display_name": "Reebok",
        "category": "Comercio minorista",
        "subcategory": "Tienda de ropa",
        "primary_tag": "shop=clothes",
        "amenity": null,
        "shop": "clothes",
        "office": null,
        "tourism": null,
        "leisure": null,
        "wikidata": null,
        "website": null,
        "phone": null,
        "opening_hours": null,
        "addr_street": null,
        "addr_housenumber": null,
        "addr_postcode": null,
        "addr_city": null,
        "image": null,
        "wikimedia_commons": null,
        "mapillary": null,
        "source": "OpenStreetMap via Overpass API",
        "name_source": "OpenStreetMap",
        "grid_id": "r4_c8"
      }
    },
    {
      "type": "Feature",
      "geometry": {
        "type": "Point",
        "coordinates": [
          1.98018353,
          41.28579379
        ]
      },
      "properties": {
        "osm_id": null,
        "overture_id": "d03eef6a-72a9-4c9b-913d-92f4a74092a6",
        "name": "Reparacion moviles",
        "display_name": "Reparacion moviles",
        "category": "Comercio minorista",
        "subcategory": "Telefonía",
        "primary_tag": "overture=mobile_phone_store",
        "source": "Overture Maps Places",
        "sources": [
          "Overture Maps Places"
        ],
        "name_source": "Overture Maps Places",
        "overture_taxonomy": "mobile_phone_store",
        "overture_confidence": 0.981,
        "grid_id": "r4_c7"
      }
    },
    {
      "type": "Feature",
      "geometry": {
        "type": "Point",
        "coordinates": [
          1.98140893,
          41.28346631
        ]
      },
      "properties": {
        "osm_id": null,
        "overture_id": "938ab6bb-ad3d-4c53-b69c-3cc655d642d7",
        "name": "RGA Imatge",
        "display_name": "RGA Imatge",
        "category": "Comercio minorista",
        "subcategory": "Uniformes",
        "primary_tag": "overture=uniform_store",
        "source": "Overture Maps Places",
        "sources": [
          "Overture Maps Places"
        ],
        "name_source": "Overture Maps Places",
        "overture_taxonomy": "uniform_store",
        "overture_confidence": 0.861,
        "grid_id": "r4_c7"
      }
    },
    {
      "type": "Feature",
      "geometry": {
        "type": "Point",
        "coordinates": [
          1.9809444,
          41.28614467
        ]
      },
      "properties": {
        "osm_id": null,
        "overture_id": "801b47d4-b9ab-435e-9a0a-01b5a90b402f",
        "name": "Sandwicheria Classic",
        "display_name": "Sandwicheria Classic",
        "category": "Comercio minorista",
        "subcategory": "Bocadillería",
        "primary_tag": "overture=sandwich_shop",
        "source": "Overture Maps Places",
        "sources": [
          "Overture Maps Places"
        ],
        "name_source": "Overture Maps Places",
        "overture_taxonomy": "sandwich_shop",
        "overture_confidence": 0.945,
        "grid_id": "r5_c7"
      }
    },
    {
      "type": "Feature",
      "geometry": {
        "type": "Point",
        "coordinates": [
          1.98263022,
          41.28276946
        ]
      },
      "properties": {
        "osm_id": null,
        "overture_id": "34c41866-7b17-48e8-bbd3-3f4c4a27ce30",
        "name": "Schmidt Castelldefels",
        "display_name": "Schmidt Castelldefels",
        "category": "Comercio minorista",
        "subcategory": "Hogar, ferretería y jardín",
        "primary_tag": "overture=hardware_home_and_garden_store",
        "source": "Overture Maps Places",
        "sources": [
          "Overture Maps Places"
        ],
        "name_source": "Overture Maps Places",
        "overture_taxonomy": "hardware_home_and_garden_store",
        "overture_confidence": 0.993,
        "grid_id": "r4_c7"
      }
    },
    {
      "type": "Feature",
      "geometry": {
        "type": "Point",
        "coordinates": [
          1.97557075,
          41.28133805
        ]
      },
      "properties": {
        "osm_id": null,
        "overture_id": "13467a01-ac4d-4ccc-b0e5-8abff12a973c",
        "name": "Somnium Castelldefels - La Muntanyeta",
        "display_name": "Somnium Castelldefels - La Muntanyeta",
        "category": "Comercio minorista",
        "subcategory": "Colchonería",
        "primary_tag": "overture=mattress_store",
        "source": "Overture Maps Places",
        "sources": [
          "Overture Maps Places"
        ],
        "name_source": "Overture Maps Places",
        "overture_taxonomy": "mattress_store",
        "overture_confidence": 0.978,
        "grid_id": "r3_c6"
      }
    },
    {
      "type": "Feature",
      "geometry": {
        "type": "Point",
        "coordinates": [
          1.9794107,
          41.2704965
        ]
      },
      "properties": {
        "osm_id": "node/5948445350",
        "name": "Sorli",
        "display_name": "Sorli",
        "category": "Comercio minorista",
        "subcategory": "Supermercado",
        "primary_tag": "shop=supermarket",
        "amenity": null,
        "shop": "supermarket",
        "office": null,
        "tourism": null,
        "leisure": null,
        "wikidata": null,
        "website": "https://www.sorli.com/ca/",
        "phone": null,
        "opening_hours": "Mo-Sa 09:00-14:00, 17:00-21:00; Su 09:45-14:00",
        "addr_street": null,
        "addr_housenumber": null,
        "addr_postcode": null,
        "addr_city": null,
        "image": null,
        "wikimedia_commons": null,
        "mapillary": null,
        "source": "OpenStreetMap via Overpass API",
        "name_source": "OpenStreetMap",
        "grid_id": "r1_c7"
      }
    },
    {
      "type": "Feature",
      "geometry": {
        "type": "Point",
        "coordinates": [
          1.9637103,
          41.2654187
        ]
      },
      "properties": {
        "osm_id": "way/221573916",
        "name": "Sorli",
        "display_name": "Sorli",
        "category": "Comercio minorista",
        "subcategory": "Supermercado",
        "primary_tag": "shop=supermarket",
        "amenity": null,
        "shop": "supermarket",
        "office": null,
        "tourism": null,
        "leisure": null,
        "wikidata": null,
        "website": "https://www.sorli.com/ca/",
        "phone": null,
        "opening_hours": "Mo-Fr 09:00-14:00,17:00-21:00; Sa 09:00-21:00; Su 09:45-14:00",
        "addr_street": null,
        "addr_housenumber": null,
        "addr_postcode": null,
        "addr_city": null,
        "image": null,
        "wikimedia_commons": null,
        "mapillary": null,
        "source": "OpenStreetMap via Overpass API",
        "name_source": "OpenStreetMap",
        "sources": [
          "OpenStreetMap via Overpass API",
          "Overture Maps Places"
        ],
        "overture_id": "30491768-eb6e-4aa0-a179-9a44696ecae0",
        "overture_confidence": 0.986,
        "grid_id": "r0_c4"
      }
    },
    {
      "type": "Feature",
      "geometry": {
        "type": "Point",
        "coordinates": [
          1.9447306,
          41.2666145
        ]
      },
      "properties": {
        "osm_id": "way/716955633",
        "name": "Sorli",
        "display_name": "Sorli",
        "category": "Comercio minorista",
        "subcategory": "Supermercado",
        "primary_tag": "shop=supermarket",
        "amenity": null,
        "shop": "supermarket",
        "office": null,
        "tourism": null,
        "leisure": null,
        "wikidata": null,
        "website": "https://www.sorli.com/ca/",
        "phone": null,
        "opening_hours": "Mo-Sa 09:00-21:00; Su 09:30-14:00",
        "addr_street": null,
        "addr_housenumber": null,
        "addr_postcode": null,
        "addr_city": null,
        "image": null,
        "wikimedia_commons": null,
        "mapillary": null,
        "source": "OpenStreetMap via Overpass API",
        "name_source": "OpenStreetMap",
        "grid_id": "r0_c1"
      }
    },
    {
      "type": "Feature",
      "geometry": {
        "type": "Point",
        "coordinates": [
          1.98111142,
          41.28392437
        ]
      },
      "properties": {
        "osm_id": null,
        "overture_id": "d5b7300a-0f9e-44a2-899c-e1cdefda3c3f",
        "name": "Sorli",
        "display_name": "Sorli",
        "category": "Comercio minorista",
        "subcategory": "Supermercado / alimentación",
        "primary_tag": "overture=grocery_store",
        "source": "Overture Maps Places",
        "sources": [
          "Overture Maps Places"
        ],
        "name_source": "Overture Maps Places",
        "overture_taxonomy": "grocery_store",
        "overture_confidence": 0.965,
        "grid_id": "r4_c7"
      }
    },
    {
      "type": "Feature",
      "geometry": {
        "type": "Point",
        "coordinates": [
          1.9441716,
          41.2687794
        ]
      },
      "properties": {
        "osm_id": "node/2246641444",
        "name": "Spar",
        "display_name": "Spar",
        "category": "Comercio minorista",
        "subcategory": "Supermercado",
        "primary_tag": "shop=supermarket",
        "amenity": null,
        "shop": "supermarket",
        "office": null,
        "tourism": null,
        "leisure": null,
        "wikidata": null,
        "website": null,
        "phone": null,
        "opening_hours": null,
        "addr_street": null,
        "addr_housenumber": null,
        "addr_postcode": null,
        "addr_city": null,
        "image": null,
        "wikimedia_commons": null,
        "mapillary": null,
        "source": "OpenStreetMap via Overpass API",
        "name_source": "OpenStreetMap",
        "grid_id": "r1_c1"
      }
    },
    {
      "type": "Feature",
      "geometry": {
        "type": "Point",
        "coordinates": [
          1.9773271,
          41.2794595
        ]
      },
      "properties": {
        "osm_id": "node/4464835647",
        "name": "Star Books",
        "display_name": "Star Books",
        "category": "Comercio minorista",
        "subcategory": "Panadería",
        "primary_tag": "shop=bakery",
        "amenity": null,
        "shop": "bakery",
        "office": null,
        "tourism": null,
        "leisure": null,
        "wikidata": null,
        "website": null,
        "phone": null,
        "opening_hours": null,
        "addr_street": null,
        "addr_housenumber": null,
        "addr_postcode": null,
        "addr_city": null,
        "image": null,
        "wikimedia_commons": null,
        "mapillary": null,
        "source": "OpenStreetMap via Overpass API",
        "name_source": "Overture Maps Places",
        "sources": [
          "OpenStreetMap via Overpass API",
          "Overture Maps Places"
        ],
        "overture_id": "ef034ccb-0a9d-4bfb-a79d-3f00290516d8",
        "overture_confidence": 0.946,
        "grid_id": "r3_c6"
      }
    },
    {
      "type": "Feature",
      "geometry": {
        "type": "Point",
        "coordinates": [
          1.98538544,
          41.28624225
        ]
      },
      "properties": {
        "osm_id": null,
        "overture_id": "e3c4b530-5a8d-4b93-9b1a-f7ed64a215e1",
        "name": "Stata Factory",
        "display_name": "Stata Factory",
        "category": "Comercio minorista",
        "subcategory": "Panadería",
        "primary_tag": "overture=bakery",
        "source": "Overture Maps Places",
        "sources": [
          "Overture Maps Places"
        ],
        "name_source": "Overture Maps Places",
        "overture_taxonomy": "bakery",
        "overture_confidence": 0.948,
        "grid_id": "r5_c8"
      }
    },
    {
      "type": "Feature",
      "geometry": {
        "type": "Point",
        "coordinates": [
          1.9871127,
          41.2834011
        ]
      },
      "properties": {
        "osm_id": "node/3128168982",
        "name": "Stradivarius",
        "display_name": "Stradivarius",
        "category": "Comercio minorista",
        "subcategory": "Tienda de ropa",
        "primary_tag": "shop=clothes",
        "amenity": null,
        "shop": "clothes",
        "office": null,
        "tourism": null,
        "leisure": null,
        "wikidata": null,
        "website": null,
        "phone": null,
        "opening_hours": null,
        "addr_street": null,
        "addr_housenumber": null,
        "addr_postcode": null,
        "addr_city": null,
        "image": null,
        "wikimedia_commons": null,
        "mapillary": null,
        "source": "OpenStreetMap via Overpass API",
        "name_source": "OpenStreetMap",
        "grid_id": "r4_c8"
      }
    },
    {
      "type": "Feature",
      "geometry": {
        "type": "Point",
        "coordinates": [
          1.97861801,
          41.28219555
        ]
      },
      "properties": {
        "osm_id": null,
        "overture_id": "8cb73fdc-2988-4e50-861f-2aba84ca27d4",
        "name": "Strass Joiers",
        "display_name": "Strass Joiers",
        "category": "Comercio minorista",
        "subcategory": "Joyería",
        "primary_tag": "overture=jewelry_store",
        "source": "Overture Maps Places",
        "sources": [
          "Overture Maps Places"
        ],
        "name_source": "Overture Maps Places",
        "overture_taxonomy": "jewelry_store",
        "overture_confidence": 0.975,
        "grid_id": "r4_c6"
      }
    },
    {
      "type": "Feature",
      "geometry": {
        "type": "Point",
        "coordinates": [
          1.98576,
          41.28527
        ]
      },
      "properties": {
        "osm_id": null,
        "overture_id": "c2c5cc8f-1ba0-43af-8b4b-ac05486a4a37",
        "name": "Subministres Sama",
        "display_name": "Subministres Sama",
        "category": "Comercio minorista",
        "subcategory": "Material eléctrico",
        "primary_tag": "overture=electrical_supply_store",
        "source": "Overture Maps Places",
        "sources": [
          "Overture Maps Places"
        ],
        "name_source": "Overture Maps Places",
        "overture_taxonomy": "electrical_supply_store",
        "overture_confidence": 0.985,
        "grid_id": "r4_c8"
      }
    },
    {
      "type": "Feature",
      "geometry": {
        "type": "Point",
        "coordinates": [
          1.98560911,
          41.28281369
        ]
      },
      "properties": {
        "osm_id": null,
        "overture_id": "76231392-ea52-4173-8e19-a32df7cc906f",
        "name": "Summy",
        "display_name": "Summy",
        "category": "Comercio minorista",
        "subcategory": "Yogur helado",
        "primary_tag": "overture=frozen_yogurt_shop",
        "source": "Overture Maps Places",
        "sources": [
          "Overture Maps Places"
        ],
        "name_source": "Overture Maps Places",
        "overture_taxonomy": "frozen_yogurt_shop",
        "overture_confidence": 0.932,
        "grid_id": "r4_c8"
      }
    },
    {
      "type": "Feature",
      "geometry": {
        "type": "Point",
        "coordinates": [
          1.9575466,
          41.266695
        ]
      },
      "properties": {
        "osm_id": "node/6501573777",
        "name": "Super Basar",
        "display_name": "Super Basar",
        "category": "Comercio minorista",
        "subcategory": "Tienda general",
        "primary_tag": "shop=general",
        "amenity": null,
        "shop": "general",
        "office": null,
        "tourism": null,
        "leisure": null,
        "wikidata": null,
        "website": null,
        "phone": null,
        "opening_hours": null,
        "addr_street": null,
        "addr_housenumber": null,
        "addr_postcode": null,
        "addr_city": null,
        "image": null,
        "wikimedia_commons": null,
        "mapillary": null,
        "source": "OpenStreetMap via Overpass API",
        "name_source": "OpenStreetMap",
        "grid_id": "r0_c3"
      }
    },
    {
      "type": "Feature",
      "geometry": {
        "type": "Point",
        "coordinates": [
          1.9575242,
          41.2668041
        ]
      },
      "properties": {
        "osm_id": "node/2303474433",
        "name": "Super Malik",
        "display_name": "Super Malik",
        "category": "Comercio minorista",
        "subcategory": "Tienda de conveniencia",
        "primary_tag": "shop=convenience",
        "amenity": null,
        "shop": "convenience",
        "office": null,
        "tourism": null,
        "leisure": null,
        "wikidata": null,
        "website": null,
        "phone": null,
        "opening_hours": "Mo-Su 09:00-21:00",
        "addr_street": null,
        "addr_housenumber": null,
        "addr_postcode": null,
        "addr_city": null,
        "image": null,
        "wikimedia_commons": null,
        "mapillary": null,
        "source": "OpenStreetMap via Overpass API",
        "name_source": "OpenStreetMap",
        "grid_id": "r0_c3"
      }
    },
    {
      "type": "Feature",
      "geometry": {
        "type": "Point",
        "coordinates": [
          1.9753953,
          41.2764627
        ]
      },
      "properties": {
        "osm_id": "node/11731193374",
        "name": "Supercor Express",
        "display_name": "Supercor Express",
        "category": "Comercio minorista",
        "subcategory": "Tienda de conveniencia",
        "primary_tag": "shop=convenience",
        "amenity": null,
        "shop": "convenience",
        "office": null,
        "tourism": null,
        "leisure": null,
        "wikidata": null,
        "website": null,
        "phone": null,
        "opening_hours": "Mo-Su 09:00-00:00",
        "addr_street": null,
        "addr_housenumber": null,
        "addr_postcode": null,
        "addr_city": null,
        "image": null,
        "wikimedia_commons": null,
        "mapillary": null,
        "source": "OpenStreetMap via Overpass API",
        "name_source": "OpenStreetMap",
        "grid_id": "r2_c6"
      }
    },
    {
      "type": "Feature",
      "geometry": {
        "type": "Point",
        "coordinates": [
          1.9820767,
          41.2856379
        ]
      },
      "properties": {
        "osm_id": null,
        "overture_id": "e70d6af4-570d-4e6c-a579-ccf7149f512c",
        "name": "Supermercado Spar",
        "display_name": "Supermercado Spar",
        "category": "Comercio minorista",
        "subcategory": "Tienda de conveniencia",
        "primary_tag": "overture=convenience_store",
        "source": "Overture Maps Places",
        "sources": [
          "Overture Maps Places"
        ],
        "name_source": "Overture Maps Places",
        "overture_taxonomy": "convenience_store",
        "overture_confidence": 0.85,
        "grid_id": "r4_c7"
      }
    },
    {
      "type": "Feature",
      "geometry": {
        "type": "Point",
        "coordinates": [
          1.985959,
          41.287059
        ]
      },
      "properties": {
        "osm_id": null,
        "overture_id": "da91628a-b4d0-4dbc-81b1-ae803b1f0931",
        "name": "Supermercats Charter",
        "display_name": "Supermercats Charter",
        "category": "Comercio minorista",
        "subcategory": "Supermercado / alimentación",
        "primary_tag": "overture=grocery_store",
        "source": "Overture Maps Places",
        "sources": [
          "Overture Maps Places"
        ],
        "name_source": "Overture Maps Places",
        "overture_taxonomy": "grocery_store",
        "overture_confidence": 0.999,
        "grid_id": "r5_c8"
      }
    },
    {
      "type": "Feature",
      "geometry": {
        "type": "Point",
        "coordinates": [
          1.98228714,
          41.28618397
        ]
      },
      "properties": {
        "osm_id": null,
        "overture_id": "4ab753db-2720-42f3-981c-5fd2f3b4a8fc",
        "name": "Supermercats Sorli",
        "display_name": "Supermercats Sorli",
        "category": "Comercio minorista",
        "subcategory": "Supermercado / alimentación",
        "primary_tag": "overture=grocery_store",
        "source": "Overture Maps Places",
        "sources": [
          "Overture Maps Places"
        ],
        "name_source": "Overture Maps Places",
        "overture_taxonomy": "grocery_store",
        "overture_confidence": 0.907,
        "grid_id": "r5_c7"
      }
    },
    {
      "type": "Feature",
      "geometry": {
        "type": "Point",
        "coordinates": [
          1.9559127,
          41.2674066
        ]
      },
      "properties": {
        "osm_id": "node/2246656864",
        "name": "Tandys",
        "display_name": "Tandys",
        "category": "Comercio minorista",
        "subcategory": "Tienda de conveniencia",
        "primary_tag": "shop=convenience",
        "amenity": null,
        "shop": "convenience",
        "office": null,
        "tourism": null,
        "leisure": null,
        "wikidata": null,
        "website": null,
        "phone": null,
        "opening_hours": null,
        "addr_street": null,
        "addr_housenumber": null,
        "addr_postcode": null,
        "addr_city": null,
        "image": null,
        "wikimedia_commons": null,
        "mapillary": null,
        "source": "OpenStreetMap via Overpass API",
        "name_source": "OpenStreetMap",
        "panoramax_id": "22dca191-aeca-4592-81c3-58e237fd918e",
        "panoramax_thumbnail_url": "https://panoramax.openstreetmap.fr/derivates/22/dc/a1/91/aeca-4592-81c3-58e237fd918e/thumb.jpg",
        "panoramax_visual_url": "https://panoramax.openstreetmap.fr/derivates/22/dc/a1/91/aeca-4592-81c3-58e237fd918e/sd.jpg",
        "panoramax_captured_at": "2020-07-08T14:59:40.100000",
        "panoramax_distance_m": 22,
        "panoramax_license": "CC-BY-SA-4.0",
        "panoramax_providers": [
          "yopaseopor"
        ],
        "panoramax_instance_name": "osm-fr",
        "panoramax_instance_url": "https://panoramax.openstreetmap.fr",
        "grid_id": "r0_c3"
      }
    },
    {
      "type": "Feature",
      "geometry": {
        "type": "Point",
        "coordinates": [
          1.98588124,
          41.28279483
        ]
      },
      "properties": {
        "osm_id": null,
        "overture_id": "2be7621c-7306-4a80-99d4-439d98ca53e4",
        "name": "Tezenis",
        "display_name": "Tezenis",
        "category": "Comercio minorista",
        "subcategory": "Lencería",
        "primary_tag": "overture=lingerie_store",
        "source": "Overture Maps Places",
        "sources": [
          "Overture Maps Places"
        ],
        "name_source": "Overture Maps Places",
        "overture_taxonomy": "lingerie_store",
        "overture_confidence": 0.982,
        "grid_id": "r4_c8"
      }
    },
    {
      "type": "Feature",
      "geometry": {
        "type": "Point",
        "coordinates": [
          1.98206801,
          41.2846781
        ]
      },
      "properties": {
        "osm_id": null,
        "overture_id": "df113b51-cfd5-4c3d-bb6c-f0db87e072d9",
        "name": "The Popular Llar",
        "display_name": "The Popular Llar",
        "category": "Comercio minorista",
        "subcategory": "Muebles",
        "primary_tag": "overture=furniture_store",
        "source": "Overture Maps Places",
        "sources": [
          "Overture Maps Places"
        ],
        "name_source": "Overture Maps Places",
        "overture_taxonomy": "furniture_store",
        "overture_confidence": 0.854,
        "grid_id": "r4_c7"
      }
    },
    {
      "type": "Feature",
      "geometry": {
        "type": "Point",
        "coordinates": [
          1.9710918,
          41.2671498
        ]
      },
      "properties": {
        "osm_id": "node/2246307937",
        "name": null,
        "display_name": "Tienda de conveniencia sin nombre",
        "category": "Comercio minorista",
        "subcategory": "Tienda de conveniencia",
        "primary_tag": "shop=convenience",
        "amenity": null,
        "shop": "convenience",
        "office": null,
        "tourism": null,
        "leisure": null,
        "wikidata": null,
        "website": null,
        "phone": null,
        "opening_hours": null,
        "addr_street": null,
        "addr_housenumber": null,
        "addr_postcode": null,
        "addr_city": null,
        "image": null,
        "wikimedia_commons": null,
        "mapillary": null,
        "source": "OpenStreetMap via Overpass API",
        "name_source": "semantic-fallback",
        "grid_id": "r0_c5"
      }
    },
    {
      "type": "Feature",
      "geometry": {
        "type": "Point",
        "coordinates": [
          1.985803,
          41.283344
        ]
      },
      "properties": {
        "osm_id": null,
        "overture_id": "f92f913e-6836-4d6e-af61-2cc5790c3d7b",
        "name": "Tienda de zapatos CASAS",
        "display_name": "Tienda de zapatos CASAS",
        "category": "Comercio minorista",
        "subcategory": "Zapatería",
        "primary_tag": "overture=shoe_store",
        "source": "Overture Maps Places",
        "sources": [
          "Overture Maps Places"
        ],
        "name_source": "Overture Maps Places",
        "overture_taxonomy": "shoe_store",
        "overture_confidence": 0.966,
        "grid_id": "r4_c8"
      }
    },
    {
      "type": "Feature",
      "geometry": {
        "type": "Point",
        "coordinates": [
          1.97813004,
          41.28158336
        ]
      },
      "properties": {
        "osm_id": null,
        "overture_id": "13c20334-5581-4d76-8714-6cda4a7533f0",
        "name": "Tienda Movistar",
        "display_name": "Tienda Movistar",
        "category": "Comercio minorista",
        "subcategory": "Telefonía",
        "primary_tag": "overture=mobile_phone_store",
        "source": "Overture Maps Places",
        "sources": [
          "Overture Maps Places"
        ],
        "name_source": "Overture Maps Places",
        "overture_taxonomy": "mobile_phone_store",
        "overture_confidence": 0.979,
        "grid_id": "r4_c6"
      }
    },
    {
      "type": "Feature",
      "geometry": {
        "type": "Point",
        "coordinates": [
          1.97526,
          41.27898
        ]
      },
      "properties": {
        "osm_id": null,
        "overture_id": "b79811c7-dfdd-469b-a58b-d4e4710462bb",
        "name": "tiendas bed's",
        "display_name": "tiendas bed's",
        "category": "Comercio minorista",
        "subcategory": "Colchonería",
        "primary_tag": "overture=mattress_store",
        "source": "Overture Maps Places",
        "sources": [
          "Overture Maps Places"
        ],
        "name_source": "Overture Maps Places",
        "overture_taxonomy": "mattress_store",
        "overture_confidence": 0.995,
        "grid_id": "r3_c6"
      }
    },
    {
      "type": "Feature",
      "geometry": {
        "type": "Point",
        "coordinates": [
          1.98559111,
          41.28251909
        ]
      },
      "properties": {
        "osm_id": null,
        "overture_id": "ae95bdf5-7572-4e8d-8406-1295d2150216",
        "name": "Tous Jewelry",
        "display_name": "Tous Jewelry",
        "category": "Comercio minorista",
        "subcategory": "Tienda de regalos",
        "primary_tag": "overture=gift_shop",
        "source": "Overture Maps Places",
        "sources": [
          "Overture Maps Places"
        ],
        "name_source": "Overture Maps Places",
        "overture_taxonomy": "gift_shop",
        "overture_confidence": 0.966,
        "grid_id": "r4_c8"
      }
    },
    {
      "type": "Feature",
      "geometry": {
        "type": "Point",
        "coordinates": [
          1.979071,
          41.2793663
        ]
      },
      "properties": {
        "osm_id": "node/12278224645",
        "name": "trady’s",
        "display_name": "trady’s",
        "category": "Comercio minorista",
        "subcategory": "Tienda de conveniencia",
        "primary_tag": "shop=convenience",
        "amenity": null,
        "shop": "convenience",
        "office": null,
        "tourism": null,
        "leisure": null,
        "wikidata": null,
        "website": null,
        "phone": null,
        "opening_hours": null,
        "addr_street": null,
        "addr_housenumber": null,
        "addr_postcode": null,
        "addr_city": null,
        "image": null,
        "wikimedia_commons": null,
        "mapillary": null,
        "source": "OpenStreetMap via Overpass API",
        "name_source": "OpenStreetMap",
        "grid_id": "r3_c7"
      }
    },
    {
      "type": "Feature",
      "geometry": {
        "type": "Point",
        "coordinates": [
          1.97560087,
          41.28021509
        ]
      },
      "properties": {
        "osm_id": null,
        "overture_id": "4a88d0af-c37d-4350-9f51-cbd1929c3afe",
        "name": "Trivins",
        "display_name": "Trivins",
        "category": "Comercio minorista",
        "subcategory": "Tienda de bebidas alcohólicas",
        "primary_tag": "overture=liquor_store",
        "source": "Overture Maps Places",
        "sources": [
          "Overture Maps Places"
        ],
        "name_source": "Overture Maps Places",
        "overture_taxonomy": "liquor_store",
        "overture_confidence": 0.887,
        "grid_id": "r3_c6"
      }
    },
    {
      "type": "Feature",
      "geometry": {
        "type": "Point",
        "coordinates": [
          1.978686,
          41.280519
        ]
      },
      "properties": {
        "osm_id": null,
        "overture_id": "bd602917-f60d-4688-b9a2-3f2ba239e714",
        "name": "Troika Delicatessen Castelldefels",
        "display_name": "Troika Delicatessen Castelldefels",
        "category": "Comercio minorista",
        "subcategory": "Supermercado / alimentación",
        "primary_tag": "overture=grocery_store",
        "source": "Overture Maps Places",
        "sources": [
          "Overture Maps Places"
        ],
        "name_source": "Overture Maps Places",
        "overture_taxonomy": "grocery_store",
        "overture_confidence": 0.936,
        "grid_id": "r3_c6"
      }
    },
    {
      "type": "Feature",
      "geometry": {
        "type": "Point",
        "coordinates": [
          1.9773226,
          41.2802151
        ]
      },
      "properties": {
        "osm_id": "node/12278447882",
        "name": "tron’s",
        "display_name": "tron’s",
        "category": "Comercio minorista",
        "subcategory": "Comercio sin tipo especificado",
        "primary_tag": "shop=yes",
        "amenity": null,
        "shop": "yes",
        "office": null,
        "tourism": null,
        "leisure": null,
        "wikidata": null,
        "website": null,
        "phone": null,
        "opening_hours": null,
        "addr_street": null,
        "addr_housenumber": null,
        "addr_postcode": null,
        "addr_city": null,
        "image": null,
        "wikimedia_commons": null,
        "mapillary": null,
        "source": "OpenStreetMap via Overpass API",
        "name_source": "OpenStreetMap",
        "grid_id": "r3_c6"
      }
    },
    {
      "type": "Feature",
      "geometry": {
        "type": "Point",
        "coordinates": [
          1.98554345,
          41.28213338
        ]
      },
      "properties": {
        "osm_id": null,
        "overture_id": "2496667e-d5b0-453e-85a7-6d08b6f06272",
        "name": "United Colors of Benetton",
        "display_name": "United Colors of Benetton",
        "category": "Comercio minorista",
        "subcategory": "Tienda de ropa",
        "primary_tag": "overture=clothing_store",
        "source": "Overture Maps Places",
        "sources": [
          "Overture Maps Places"
        ],
        "name_source": "Overture Maps Places",
        "overture_taxonomy": "clothing_store",
        "overture_confidence": 0.963,
        "grid_id": "r4_c8"
      }
    },
    {
      "type": "Feature",
      "geometry": {
        "type": "Point",
        "coordinates": [
          1.96846,
          41.2710999
        ]
      },
      "properties": {
        "osm_id": null,
        "overture_id": "bfccbbc1-084b-4b53-9ead-799fa49e83c4",
        "name": "Vap Store Castelldefels",
        "display_name": "Vap Store Castelldefels",
        "category": "Comercio minorista",
        "subcategory": "Tabaco y vapeo",
        "primary_tag": "overture=smoke_and_vape_store",
        "source": "Overture Maps Places",
        "sources": [
          "Overture Maps Places"
        ],
        "name_source": "Overture Maps Places",
        "overture_taxonomy": "smoke_and_vape_store",
        "overture_confidence": 0.927,
        "grid_id": "r1_c5"
      }
    },
    {
      "type": "Feature",
      "geometry": {
        "type": "Point",
        "coordinates": [
          1.98585042,
          41.28235997
        ]
      },
      "properties": {
        "osm_id": null,
        "overture_id": "69917a83-8009-4812-81c6-6e3ca58d3046",
        "name": "Veritas",
        "display_name": "Veritas",
        "category": "Comercio minorista",
        "subcategory": "Supermercado / alimentación",
        "primary_tag": "overture=grocery_store",
        "source": "Overture Maps Places",
        "sources": [
          "Overture Maps Places"
        ],
        "name_source": "Overture Maps Places",
        "overture_taxonomy": "grocery_store",
        "overture_confidence": 0.929,
        "grid_id": "r4_c8"
      }
    },
    {
      "type": "Feature",
      "geometry": {
        "type": "Point",
        "coordinates": [
          1.98238925,
          41.28461527
        ]
      },
      "properties": {
        "osm_id": null,
        "overture_id": "f8dff663-3cd0-4c91-89eb-5008b3e79499",
        "name": "VIP's Castelldefels",
        "display_name": "VIP's Castelldefels",
        "category": "Comercio minorista",
        "subcategory": "Tienda de animales",
        "primary_tag": "overture=pet_store",
        "source": "Overture Maps Places",
        "sources": [
          "Overture Maps Places"
        ],
        "name_source": "Overture Maps Places",
        "overture_taxonomy": "pet_store",
        "overture_confidence": 0.999,
        "grid_id": "r4_c7"
      }
    },
    {
      "type": "Feature",
      "geometry": {
        "type": "Point",
        "coordinates": [
          1.9855749,
          41.28247115
        ]
      },
      "properties": {
        "osm_id": null,
        "overture_id": "2eeee1cf-cc5b-4cbd-951a-dcb1467675ed",
        "name": "Vodafone",
        "display_name": "Vodafone",
        "category": "Comercio minorista",
        "subcategory": "Telefonía",
        "primary_tag": "overture=mobile_phone_store",
        "source": "Overture Maps Places",
        "sources": [
          "Overture Maps Places"
        ],
        "name_source": "Overture Maps Places",
        "overture_taxonomy": "mobile_phone_store",
        "overture_confidence": 0.937,
        "grid_id": "r4_c8"
      }
    },
    {
      "type": "Feature",
      "geometry": {
        "type": "Point",
        "coordinates": [
          1.9865119,
          41.2833447
        ]
      },
      "properties": {
        "osm_id": "node/3128161759",
        "name": "Zara",
        "display_name": "Zara",
        "category": "Comercio minorista",
        "subcategory": "Tienda de ropa",
        "primary_tag": "shop=clothes",
        "amenity": null,
        "shop": "clothes",
        "office": null,
        "tourism": null,
        "leisure": null,
        "wikidata": null,
        "website": null,
        "phone": null,
        "opening_hours": null,
        "addr_street": null,
        "addr_housenumber": null,
        "addr_postcode": null,
        "addr_city": null,
        "image": null,
        "wikimedia_commons": null,
        "mapillary": null,
        "source": "OpenStreetMap via Overpass API",
        "name_source": "OpenStreetMap",
        "sources": [
          "OpenStreetMap via Overpass API",
          "Overture Maps Places"
        ],
        "overture_id": "74240f50-8497-4d1e-92e3-4300ff55adae",
        "overture_confidence": 0.954,
        "grid_id": "r4_c8"
      }
    },
    {
      "type": "Feature",
      "geometry": {
        "type": "Point",
        "coordinates": [
          1.97897312,
          41.28121361
        ]
      },
      "properties": {
        "osm_id": null,
        "overture_id": "3d3f4c6b-5054-49d5-a177-48329ab1b029",
        "name": "Zeus Sistemas Informaticos",
        "display_name": "Zeus Sistemas Informaticos",
        "category": "Comercio minorista",
        "subcategory": "Tienda de informática",
        "primary_tag": "overture=computer_store",
        "source": "Overture Maps Places",
        "sources": [
          "Overture Maps Places"
        ],
        "name_source": "Overture Maps Places",
        "overture_taxonomy": "computer_store",
        "overture_confidence": 0.913,
        "grid_id": "r3_c6"
      }
    },
    {
      "type": "Feature",
      "geometry": {
        "type": "Point",
        "coordinates": [
          1.97655022,
          41.27756336
        ]
      },
      "properties": {
        "osm_id": null,
        "overture_id": "93ea83e3-b6eb-44f4-ae63-76e06a63cd0f",
        "name": "101 Dim Sum",
        "display_name": "101 Dim Sum",
        "category": "Restauración",
        "subcategory": "Restaurante dim sum",
        "primary_tag": "overture=dim_sum_restaurant",
        "source": "Overture Maps Places",
        "sources": [
          "Overture Maps Places"
        ],
        "name_source": "Overture Maps Places",
        "overture_taxonomy": "dim_sum_restaurant",
        "overture_confidence": 0.996,
        "grid_id": "r3_c6"
      }
    },
    {
      "type": "Feature",
      "geometry": {
        "type": "Point",
        "coordinates": [
          1.9570644,
          41.266528
        ]
      },
      "properties": {
        "osm_id": "node/6497410694",
        "name": "2112",
        "display_name": "2112",
        "category": "Restauración",
        "subcategory": "Restaurante",
        "primary_tag": "amenity=restaurant",
        "amenity": "restaurant",
        "shop": null,
        "office": null,
        "tourism": null,
        "leisure": null,
        "wikidata": null,
        "website": null,
        "phone": "+34 937 68 91 62",
        "opening_hours": "07:00-20:00",
        "addr_street": null,
        "addr_housenumber": null,
        "addr_postcode": null,
        "addr_city": null,
        "image": null,
        "wikimedia_commons": null,
        "mapillary": null,
        "source": "OpenStreetMap via Overpass API",
        "name_source": "OpenStreetMap",
        "grid_id": "r0_c3"
      }
    },
    {
      "type": "Feature",
      "geometry": {
        "type": "Point",
        "coordinates": [
          1.9774763,
          41.2807688
        ]
      },
      "properties": {
        "osm_id": "node/12058722471",
        "name": "365",
        "display_name": "365",
        "category": "Restauración",
        "subcategory": "Cafetería",
        "primary_tag": "amenity=cafe",
        "amenity": "cafe",
        "shop": null,
        "office": null,
        "tourism": null,
        "leisure": null,
        "wikidata": null,
        "website": null,
        "phone": null,
        "opening_hours": "Mo-Su 06:00-21:00",
        "addr_street": null,
        "addr_housenumber": null,
        "addr_postcode": null,
        "addr_city": null,
        "image": null,
        "wikimedia_commons": null,
        "mapillary": null,
        "source": "OpenStreetMap via Overpass API",
        "name_source": "OpenStreetMap",
        "grid_id": "r3_c6"
      }
    },
    {
      "type": "Feature",
      "geometry": {
        "type": "Point",
        "coordinates": [
          1.9711816,
          41.266591
        ]
      },
      "properties": {
        "osm_id": "node/5223167021",
        "name": "Alex",
        "display_name": "Alex",
        "category": "Restauración",
        "subcategory": "Restaurante",
        "primary_tag": "amenity=restaurant",
        "amenity": "restaurant",
        "shop": null,
        "office": null,
        "tourism": null,
        "leisure": null,
        "wikidata": null,
        "website": null,
        "phone": "+34 936367112",
        "opening_hours": "Mo-Tu, Th-Fr 08:30-23:00; Sa-Su 08:30-23:30",
        "addr_street": null,
        "addr_housenumber": null,
        "addr_postcode": null,
        "addr_city": null,
        "image": null,
        "wikimedia_commons": null,
        "mapillary": null,
        "source": "OpenStreetMap via Overpass API",
        "name_source": "OpenStreetMap",
        "grid_id": "r0_c5"
      }
    },
    {
      "type": "Feature",
      "geometry": {
        "type": "Point",
        "coordinates": [
          1.97558737,
          41.28117009
        ]
      },
      "properties": {
        "osm_id": null,
        "overture_id": "d91a2c52-4fc6-4bf5-9001-f6ea0d512004",
        "name": "All'Ombra del Castello",
        "display_name": "All'Ombra del Castello",
        "category": "Restauración",
        "subcategory": "Restaurante italiano",
        "primary_tag": "overture=italian_restaurant",
        "source": "Overture Maps Places",
        "sources": [
          "Overture Maps Places"
        ],
        "name_source": "Overture Maps Places",
        "overture_taxonomy": "italian_restaurant",
        "overture_confidence": 0.977,
        "grid_id": "r3_c6"
      }
    },
    {
      "type": "Feature",
      "geometry": {
        "type": "Point",
        "coordinates": [
          1.97081938,
          41.28279676
        ]
      },
      "properties": {
        "osm_id": null,
        "overture_id": "d9389156-6c19-4ab3-abf7-17beaff70248",
        "name": "Alma By Iguana",
        "display_name": "Alma By Iguana",
        "category": "Restauración",
        "subcategory": "Restaurante",
        "primary_tag": "overture=restaurant",
        "source": "Overture Maps Places",
        "sources": [
          "Overture Maps Places"
        ],
        "name_source": "Overture Maps Places",
        "overture_taxonomy": "restaurant",
        "overture_confidence": 0.969,
        "panoramax_id": "ee75b803-853e-4921-990d-664998cb33f0",
        "panoramax_thumbnail_url": "https://panoramax.openstreetmap.fr/derivates/ee/75/b8/03/853e-4921-990d-664998cb33f0/thumb.jpg",
        "panoramax_visual_url": "https://panoramax.openstreetmap.fr/derivates/ee/75/b8/03/853e-4921-990d-664998cb33f0/sd.jpg",
        "panoramax_captured_at": "2020-07-14T17:55:12.400000",
        "panoramax_distance_m": 31.6,
        "panoramax_license": "CC-BY-SA-4.0",
        "panoramax_providers": [
          "yopaseopor"
        ],
        "panoramax_instance_name": "osm-fr",
        "panoramax_instance_url": "https://panoramax.openstreetmap.fr",
        "grid_id": "r4_c5"
      }
    },
    {
      "type": "Feature",
      "geometry": {
        "type": "Point",
        "coordinates": [
          1.96083359,
          41.26555425
        ]
      },
      "properties": {
        "osm_id": null,
        "overture_id": "07c749d5-1da5-4246-a7e3-ed3859154df4",
        "name": "Amatxu Restaurant",
        "display_name": "Amatxu Restaurant",
        "category": "Restauración",
        "subcategory": "Restaurante",
        "primary_tag": "overture=basque_restaurant",
        "source": "Overture Maps Places",
        "sources": [
          "Overture Maps Places"
        ],
        "name_source": "Overture Maps Places",
        "overture_taxonomy": "basque_restaurant",
        "overture_confidence": 0.907,
        "grid_id": "r0_c3"
      }
    },
    {
      "type": "Feature",
      "geometry": {
        "type": "Point",
        "coordinates": [
          1.9811428,
          41.2642336
        ]
      },
      "properties": {
        "osm_id": "node/7575342685",
        "name": "Ananda",
        "display_name": "Ananda",
        "category": "Restauración",
        "subcategory": "Restaurante",
        "primary_tag": "amenity=restaurant",
        "amenity": "restaurant",
        "shop": null,
        "office": null,
        "tourism": null,
        "leisure": null,
        "wikidata": null,
        "website": null,
        "phone": null,
        "opening_hours": null,
        "addr_street": null,
        "addr_housenumber": null,
        "addr_postcode": null,
        "addr_city": null,
        "image": null,
        "wikimedia_commons": null,
        "mapillary": null,
        "source": "OpenStreetMap via Overpass API",
        "name_source": "OpenStreetMap",
        "sources": [
          "OpenStreetMap via Overpass API",
          "Overture Maps Places"
        ],
        "overture_id": "dc63e024-75a3-4456-a12f-5d24fccbdefe",
        "overture_confidence": 0.992,
        "panoramax_id": "9be19749-8f2e-4338-a1f7-2a301d103f7f",
        "panoramax_thumbnail_url": "https://panoramax.openstreetmap.fr/derivates/9b/e1/97/49/8f2e-4338-a1f7-2a301d103f7f/thumb.jpg",
        "panoramax_visual_url": "https://panoramax.openstreetmap.fr/derivates/9b/e1/97/49/8f2e-4338-a1f7-2a301d103f7f/sd.jpg",
        "panoramax_captured_at": "2019-04-21T17:09:29",
        "panoramax_distance_m": 29.5,
        "panoramax_license": "CC-BY-SA-4.0",
        "panoramax_providers": [
          "Robot8A",
          "robot8a"
        ],
        "panoramax_instance_name": "osm-fr",
        "panoramax_instance_url": "https://panoramax.openstreetmap.fr",
        "grid_id": "r0_c7"
      }
    },
    {
      "type": "Feature",
      "geometry": {
        "type": "Point",
        "coordinates": [
          1.9934375,
          41.2651268
        ]
      },
      "properties": {
        "osm_id": "way/1112724181",
        "name": "Ananda",
        "display_name": "Ananda",
        "category": "Restauración",
        "subcategory": "Restaurante",
        "primary_tag": "amenity=restaurant",
        "amenity": "restaurant",
        "shop": null,
        "office": null,
        "tourism": null,
        "leisure": null,
        "wikidata": null,
        "website": null,
        "phone": null,
        "opening_hours": null,
        "addr_street": null,
        "addr_housenumber": null,
        "addr_postcode": null,
        "addr_city": null,
        "image": null,
        "wikimedia_commons": null,
        "mapillary": null,
        "source": "OpenStreetMap via Overpass API",
        "name_source": "OpenStreetMap",
        "sources": [
          "OpenStreetMap via Overpass API",
          "Overture Maps Places"
        ],
        "overture_id": "98d4f9f5-948b-49d5-b944-5af31ae2dd6e",
        "overture_confidence": 0.993,
        "grid_id": "r0_c9"
      }
    },
    {
      "type": "Feature",
      "geometry": {
        "type": "Point",
        "coordinates": [
          1.9597446,
          41.2643238
        ]
      },
      "properties": {
        "osm_id": "node/6454515968",
        "name": "Ancla",
        "display_name": "Ancla",
        "category": "Restauración",
        "subcategory": "Restaurante",
        "primary_tag": "amenity=restaurant",
        "amenity": "restaurant",
        "shop": null,
        "office": null,
        "tourism": null,
        "leisure": null,
        "wikidata": null,
        "website": null,
        "phone": null,
        "opening_hours": null,
        "addr_street": null,
        "addr_housenumber": null,
        "addr_postcode": null,
        "addr_city": null,
        "image": null,
        "wikimedia_commons": null,
        "mapillary": null,
        "source": "OpenStreetMap via Overpass API",
        "name_source": "OpenStreetMap",
        "grid_id": "r0_c3"
      }
    },
    {
      "type": "Feature",
      "geometry": {
        "type": "Point",
        "coordinates": [
          1.9749551,
          41.2674012
        ]
      },
      "properties": {
        "osm_id": null,
        "overture_id": "cb63c785-b7eb-4104-bc77-e55b73616e49",
        "name": "Anormal Food Castelldefels | Cocina Latinoamericana",
        "display_name": "Anormal Food Castelldefels | Cocina Latinoamericana",
        "category": "Restauración",
        "subcategory": "Restaurante venezolano",
        "primary_tag": "overture=venezuelan_restaurant",
        "source": "Overture Maps Places",
        "sources": [
          "Overture Maps Places"
        ],
        "name_source": "Overture Maps Places",
        "overture_taxonomy": "venezuelan_restaurant",
        "overture_confidence": 0.85,
        "grid_id": "r0_c6"
      }
    },
    {
      "type": "Feature",
      "geometry": {
        "type": "Point",
        "coordinates": [
          1.9556136,
          41.2653906
        ]
      },
      "properties": {
        "osm_id": "node/7734815985",
        "name": "Aroma de Mar",
        "display_name": "Aroma de Mar",
        "category": "Restauración",
        "subcategory": "Restaurante",
        "primary_tag": "amenity=restaurant",
        "amenity": "restaurant",
        "shop": null,
        "office": null,
        "tourism": null,
        "leisure": null,
        "wikidata": null,
        "website": null,
        "phone": null,
        "opening_hours": null,
        "addr_street": null,
        "addr_housenumber": null,
        "addr_postcode": null,
        "addr_city": null,
        "image": null,
        "wikimedia_commons": null,
        "mapillary": null,
        "source": "OpenStreetMap via Overpass API",
        "name_source": "OpenStreetMap",
        "grid_id": "r0_c3"
      }
    },
    {
      "type": "Feature",
      "geometry": {
        "type": "Point",
        "coordinates": [
          1.9782542,
          41.2795148
        ]
      },
      "properties": {
        "osm_id": "node/12278203611",
        "name": "ATR",
        "display_name": "ATR",
        "category": "Restauración",
        "subcategory": "Comida rápida",
        "primary_tag": "amenity=fast_food",
        "amenity": "fast_food",
        "shop": null,
        "office": null,
        "tourism": null,
        "leisure": null,
        "wikidata": null,
        "website": null,
        "phone": null,
        "opening_hours": null,
        "addr_street": null,
        "addr_housenumber": null,
        "addr_postcode": null,
        "addr_city": null,
        "image": null,
        "wikimedia_commons": null,
        "mapillary": null,
        "source": "OpenStreetMap via Overpass API",
        "name_source": "OpenStreetMap",
        "grid_id": "r3_c6"
      }
    },
    {
      "type": "Feature",
      "geometry": {
        "type": "Point",
        "coordinates": [
          1.97799683,
          41.28097732
        ]
      },
      "properties": {
        "osm_id": null,
        "overture_id": "1832436e-7783-45db-8d76-3ef55ac7b4b4",
        "name": "Atroz Castelldefels",
        "display_name": "Atroz Castelldefels",
        "category": "Restauración",
        "subcategory": "Restaurante español",
        "primary_tag": "overture=spanish_restaurant",
        "source": "Overture Maps Places",
        "sources": [
          "Overture Maps Places"
        ],
        "name_source": "Overture Maps Places",
        "overture_taxonomy": "spanish_restaurant",
        "overture_confidence": 0.997,
        "grid_id": "r3_c6"
      }
    },
    {
      "type": "Feature",
      "geometry": {
        "type": "Point",
        "coordinates": [
          1.97112053,
          41.26714597
        ]
      },
      "properties": {
        "osm_id": null,
        "overture_id": "6778d44c-ca52-48e5-b554-dd2df692dc70",
        "name": "Axioma",
        "display_name": "Axioma",
        "category": "Restauración",
        "subcategory": "Bar",
        "primary_tag": "overture=bar",
        "source": "Overture Maps Places",
        "sources": [
          "Overture Maps Places"
        ],
        "name_source": "Overture Maps Places",
        "overture_taxonomy": "bar",
        "overture_confidence": 0.965,
        "grid_id": "r0_c5"
      }
    },
    {
      "type": "Feature",
      "geometry": {
        "type": "Point",
        "coordinates": [
          1.9811703,
          41.2668471
        ]
      },
      "properties": {
        "osm_id": "node/9580911176",
        "name": "Banks General",
        "display_name": "Banks General",
        "category": "Restauración",
        "subcategory": "Cafetería",
        "primary_tag": "amenity=cafe",
        "amenity": "cafe",
        "shop": null,
        "office": null,
        "tourism": null,
        "leisure": null,
        "wikidata": null,
        "website": "https://www.banksgeneral.com/",
        "phone": null,
        "opening_hours": null,
        "addr_street": null,
        "addr_housenumber": null,
        "addr_postcode": null,
        "addr_city": null,
        "image": null,
        "wikimedia_commons": null,
        "mapillary": null,
        "source": "OpenStreetMap via Overpass API",
        "name_source": "OpenStreetMap",
        "sources": [
          "OpenStreetMap via Overpass API",
          "Overture Maps Places"
        ],
        "overture_id": "5297b368-458d-4096-ae90-217330345135",
        "overture_confidence": 0.978,
        "grid_id": "r0_c7"
      }
    },
    {
      "type": "Feature",
      "geometry": {
        "type": "Point",
        "coordinates": [
          1.98245,
          41.2848
        ]
      },
      "properties": {
        "osm_id": null,
        "overture_id": "478664dc-c69e-47b8-80e2-d19fdebd00cb",
        "name": "Bar Acebo",
        "display_name": "Bar Acebo",
        "category": "Restauración",
        "subcategory": "Bar / tapas",
        "primary_tag": "overture=bar",
        "source": "Overture Maps Places",
        "sources": [
          "Overture Maps Places"
        ],
        "name_source": "Overture Maps Places",
        "overture_taxonomy": "bar",
        "overture_confidence": 0.993,
        "grid_id": "r4_c7"
      }
    },
    {
      "type": "Feature",
      "geometry": {
        "type": "Point",
        "coordinates": [
          1.98182777,
          41.2827323
        ]
      },
      "properties": {
        "osm_id": null,
        "overture_id": "d06ad50a-6f05-4ef5-856a-162288d9c235",
        "name": "Bar Auto Stop",
        "display_name": "Bar Auto Stop",
        "category": "Restauración",
        "subcategory": "Bar / tapas",
        "primary_tag": "overture=tapas_bar",
        "source": "Overture Maps Places",
        "sources": [
          "Overture Maps Places"
        ],
        "name_source": "Overture Maps Places",
        "overture_taxonomy": "tapas_bar",
        "overture_confidence": 0.984,
        "grid_id": "r4_c7"
      }
    },
    {
      "type": "Feature",
      "geometry": {
        "type": "Point",
        "coordinates": [
          1.97761836,
          41.2811443
        ]
      },
      "properties": {
        "osm_id": null,
        "overture_id": "57f2ced0-63f0-4e95-b387-404891f2e746",
        "name": "Bar Bonilla",
        "display_name": "Bar Bonilla",
        "category": "Restauración",
        "subcategory": "Bar / tapas",
        "primary_tag": "overture=tapas_bar",
        "source": "Overture Maps Places",
        "sources": [
          "Overture Maps Places"
        ],
        "name_source": "Overture Maps Places",
        "overture_taxonomy": "tapas_bar",
        "overture_confidence": 0.978,
        "grid_id": "r3_c6"
      }
    },
    {
      "type": "Feature",
      "geometry": {
        "type": "Point",
        "coordinates": [
          1.9771228,
          41.28006554
        ]
      },
      "properties": {
        "osm_id": null,
        "overture_id": "808ec671-ad6c-4c58-a201-e009f2b92220",
        "name": "Bar Casa Victor",
        "display_name": "Bar Casa Victor",
        "category": "Restauración",
        "subcategory": "Bar / tapas",
        "primary_tag": "overture=tapas_bar",
        "source": "Overture Maps Places",
        "sources": [
          "Overture Maps Places"
        ],
        "name_source": "Overture Maps Places",
        "overture_taxonomy": "tapas_bar",
        "overture_confidence": 0.958,
        "grid_id": "r3_c6"
      }
    },
    {
      "type": "Feature",
      "geometry": {
        "type": "Point",
        "coordinates": [
          1.98731887,
          41.28656198
        ]
      },
      "properties": {
        "osm_id": null,
        "overture_id": "bdd1ffb8-0522-4e14-820e-a471a5bd50bb",
        "name": "Bar Cerveceria La Tasca",
        "display_name": "Bar Cerveceria La Tasca",
        "category": "Restauración",
        "subcategory": "Bar / tapas",
        "primary_tag": "overture=bar",
        "source": "Overture Maps Places",
        "sources": [
          "Overture Maps Places"
        ],
        "name_source": "Overture Maps Places",
        "overture_taxonomy": "bar",
        "overture_confidence": 0.863,
        "grid_id": "r5_c8"
      }
    },
    {
      "type": "Feature",
      "geometry": {
        "type": "Point",
        "coordinates": [
          1.9843762,
          41.2887096
        ]
      },
      "properties": {
        "osm_id": "node/11361651469",
        "name": "Bar Churreria Ronda",
        "display_name": "Bar Churreria Ronda",
        "category": "Restauración",
        "subcategory": "Restaurante",
        "primary_tag": "amenity=restaurant",
        "amenity": "restaurant",
        "shop": null,
        "office": null,
        "tourism": null,
        "leisure": null,
        "wikidata": null,
        "website": null,
        "phone": null,
        "opening_hours": null,
        "addr_street": null,
        "addr_housenumber": null,
        "addr_postcode": null,
        "addr_city": null,
        "image": null,
        "wikimedia_commons": null,
        "mapillary": null,
        "source": "OpenStreetMap via Overpass API",
        "name_source": "OpenStreetMap",
        "sources": [
          "OpenStreetMap via Overpass API",
          "Overture Maps Places"
        ],
        "overture_id": "2eaed6cf-f277-40d1-8f3c-1458cd587aa6",
        "overture_confidence": 0.939,
        "grid_id": "r5_c7"
      }
    },
    {
      "type": "Feature",
      "geometry": {
        "type": "Point",
        "coordinates": [
          1.97979197,
          41.28172831
        ]
      },
      "properties": {
        "osm_id": null,
        "overture_id": "1c26bd50-922f-4a63-b6a0-2730414470e1",
        "name": "Bar frankfurt mundial 2010",
        "display_name": "Bar frankfurt mundial 2010",
        "category": "Restauración",
        "subcategory": "Bar / tapas",
        "primary_tag": "overture=bar",
        "source": "Overture Maps Places",
        "sources": [
          "Overture Maps Places"
        ],
        "name_source": "Overture Maps Places",
        "overture_taxonomy": "bar",
        "overture_confidence": 0.898,
        "grid_id": "r4_c7"
      }
    },
    {
      "type": "Feature",
      "geometry": {
        "type": "Point",
        "coordinates": [
          1.97767353,
          41.27861256
        ]
      },
      "properties": {
        "osm_id": null,
        "overture_id": "c61a7313-9419-49ac-83cd-5905ef08ca41",
        "name": "Bar Freddy Bistro",
        "display_name": "Bar Freddy Bistro",
        "category": "Restauración",
        "subcategory": "Bar / tapas",
        "primary_tag": "overture=tapas_bar",
        "source": "Overture Maps Places",
        "sources": [
          "Overture Maps Places"
        ],
        "name_source": "Overture Maps Places",
        "overture_taxonomy": "tapas_bar",
        "overture_confidence": 0.975,
        "grid_id": "r3_c6"
      }
    },
    {
      "type": "Feature",
      "geometry": {
        "type": "Point",
        "coordinates": [
          1.97277,
          41.26633
        ]
      },
      "properties": {
        "osm_id": null,
        "overture_id": "1c67720f-57ce-4880-a1a3-2fe13e93c4a5",
        "name": "Bar Isa",
        "display_name": "Bar Isa",
        "category": "Restauración",
        "subcategory": "Bar / tapas",
        "primary_tag": "overture=tapas_bar",
        "source": "Overture Maps Places",
        "sources": [
          "Overture Maps Places"
        ],
        "name_source": "Overture Maps Places",
        "overture_taxonomy": "tapas_bar",
        "overture_confidence": 0.99,
        "grid_id": "r0_c5"
      }
    },
    {
      "type": "Feature",
      "geometry": {
        "type": "Point",
        "coordinates": [
          1.97522189,
          41.27628344
        ]
      },
      "properties": {
        "osm_id": null,
        "overture_id": "238720aa-0e24-44c0-b513-e2563634bb8f",
        "name": "Bar Kais",
        "display_name": "Bar Kais",
        "category": "Restauración",
        "subcategory": "Bar / tapas",
        "primary_tag": "overture=bar_and_grill_restaurant",
        "source": "Overture Maps Places",
        "sources": [
          "Overture Maps Places"
        ],
        "name_source": "Overture Maps Places",
        "overture_taxonomy": "bar_and_grill_restaurant",
        "overture_confidence": 0.989,
        "grid_id": "r2_c6"
      }
    },
    {
      "type": "Feature",
      "geometry": {
        "type": "Point",
        "coordinates": [
          1.97618491,
          41.28948342
        ]
      },
      "properties": {
        "osm_id": null,
        "overture_id": "4abe5f0a-561c-4624-bfcf-e00dd981587c",
        "name": "Bar la paradeta",
        "display_name": "Bar la paradeta",
        "category": "Restauración",
        "subcategory": "Bar / tapas",
        "primary_tag": "overture=tapas_bar",
        "source": "Overture Maps Places",
        "sources": [
          "Overture Maps Places"
        ],
        "name_source": "Overture Maps Places",
        "overture_taxonomy": "tapas_bar",
        "overture_confidence": 0.983,
        "grid_id": "r5_c6"
      }
    },
    {
      "type": "Feature",
      "geometry": {
        "type": "Point",
        "coordinates": [
          1.98308928,
          41.2849365
        ]
      },
      "properties": {
        "osm_id": null,
        "overture_id": "0598629f-99b9-4f7a-a10a-f4b136e3ccc8",
        "name": "Bar Manuel Girona",
        "display_name": "Bar Manuel Girona",
        "category": "Restauración",
        "subcategory": "Bar / tapas",
        "primary_tag": "overture=bar",
        "source": "Overture Maps Places",
        "sources": [
          "Overture Maps Places"
        ],
        "name_source": "Overture Maps Places",
        "overture_taxonomy": "bar",
        "overture_confidence": 0.906,
        "grid_id": "r4_c7"
      }
    },
    {
      "type": "Feature",
      "geometry": {
        "type": "Point",
        "coordinates": [
          1.97589343,
          41.27962571
        ]
      },
      "properties": {
        "osm_id": null,
        "overture_id": "617826f0-490b-479c-8ea4-15cad19222f8",
        "name": "Bar musical Poliedro",
        "display_name": "Bar musical Poliedro",
        "category": "Restauración",
        "subcategory": "Bar / tapas",
        "primary_tag": "overture=pub",
        "source": "Overture Maps Places",
        "sources": [
          "Overture Maps Places"
        ],
        "name_source": "Overture Maps Places",
        "overture_taxonomy": "pub",
        "overture_confidence": 0.942,
        "grid_id": "r3_c6"
      }
    },
    {
      "type": "Feature",
      "geometry": {
        "type": "Point",
        "coordinates": [
          1.97768898,
          41.28084241
        ]
      },
      "properties": {
        "osm_id": null,
        "overture_id": "c3716119-4d9b-454e-b6f7-c831bfb8fb76",
        "name": "Bar Restaurant Alba",
        "display_name": "Bar Restaurant Alba",
        "category": "Restauración",
        "subcategory": "Bar / tapas",
        "primary_tag": "overture=bar",
        "source": "Overture Maps Places",
        "sources": [
          "Overture Maps Places"
        ],
        "name_source": "Overture Maps Places",
        "overture_taxonomy": "bar",
        "overture_confidence": 0.98,
        "grid_id": "r3_c6"
      }
    },
    {
      "type": "Feature",
      "geometry": {
        "type": "Point",
        "coordinates": [
          1.983047,
          41.2662671
        ]
      },
      "properties": {
        "osm_id": "node/13529723745",
        "name": "Bar Restaurant Nou Mástil",
        "display_name": "Bar Restaurant Nou Mástil",
        "category": "Restauración",
        "subcategory": "Restaurante",
        "primary_tag": "amenity=restaurant",
        "amenity": "restaurant",
        "shop": null,
        "office": null,
        "tourism": null,
        "leisure": null,
        "wikidata": null,
        "website": null,
        "phone": null,
        "opening_hours": null,
        "addr_street": null,
        "addr_housenumber": null,
        "addr_postcode": null,
        "addr_city": null,
        "image": null,
        "wikimedia_commons": null,
        "mapillary": null,
        "source": "OpenStreetMap via Overpass API",
        "name_source": "Overture Maps Places",
        "sources": [
          "OpenStreetMap via Overpass API",
          "Overture Maps Places"
        ],
        "overture_id": "b46cae22-e10d-4687-9fd1-2b72ce3d921d",
        "overture_confidence": 0.973,
        "grid_id": "r0_c7"
      }
    },
    {
      "type": "Feature",
      "geometry": {
        "type": "Point",
        "coordinates": [
          1.97572733,
          41.28189056
        ]
      },
      "properties": {
        "osm_id": null,
        "overture_id": "8cb85b05-6a11-4d60-9b1c-c1d92958cd31",
        "name": "Bar Restaurante L'illa De Cuba",
        "display_name": "Bar Restaurante L'illa De Cuba",
        "category": "Restauración",
        "subcategory": "Bar / tapas",
        "primary_tag": "overture=cuban_restaurant",
        "source": "Overture Maps Places",
        "sources": [
          "Overture Maps Places"
        ],
        "name_source": "Overture Maps Places",
        "overture_taxonomy": "cuban_restaurant",
        "overture_confidence": 0.998,
        "grid_id": "r4_c6"
      }
    },
    {
      "type": "Feature",
      "geometry": {
        "type": "Point",
        "coordinates": [
          1.95586666,
          41.26740111
        ]
      },
      "properties": {
        "osm_id": null,
        "overture_id": "da0e1a06-bd02-4d35-9972-4b25a2a8103d",
        "name": "Bar Stop",
        "display_name": "Bar Stop",
        "category": "Restauración",
        "subcategory": "Bar / tapas",
        "primary_tag": "overture=tapas_bar",
        "source": "Overture Maps Places",
        "sources": [
          "Overture Maps Places"
        ],
        "name_source": "Overture Maps Places",
        "overture_taxonomy": "tapas_bar",
        "overture_confidence": 0.896,
        "panoramax_id": "22dca191-aeca-4592-81c3-58e237fd918e",
        "panoramax_thumbnail_url": "https://panoramax.openstreetmap.fr/derivates/22/dc/a1/91/aeca-4592-81c3-58e237fd918e/thumb.jpg",
        "panoramax_visual_url": "https://panoramax.openstreetmap.fr/derivates/22/dc/a1/91/aeca-4592-81c3-58e237fd918e/sd.jpg",
        "panoramax_captured_at": "2020-07-08T14:59:40.100000",
        "panoramax_distance_m": 23,
        "panoramax_license": "CC-BY-SA-4.0",
        "panoramax_providers": [
          "yopaseopor"
        ],
        "panoramax_instance_name": "osm-fr",
        "panoramax_instance_url": "https://panoramax.openstreetmap.fr",
        "grid_id": "r0_c3"
      }
    },
    {
      "type": "Feature",
      "geometry": {
        "type": "Point",
        "coordinates": [
          1.9703803,
          41.26586539
        ]
      },
      "properties": {
        "osm_id": null,
        "overture_id": "9a463316-e68a-4f4f-b6a1-eaaf7b263cc5",
        "name": "Barba Rossa Beach Bar",
        "display_name": "Barba Rossa Beach Bar",
        "category": "Restauración",
        "subcategory": "Bar / tapas",
        "primary_tag": "overture=bar",
        "source": "Overture Maps Places",
        "sources": [
          "Overture Maps Places"
        ],
        "name_source": "Overture Maps Places",
        "overture_taxonomy": "bar",
        "overture_confidence": 0.998,
        "grid_id": "r0_c5"
      }
    },
    {
      "type": "Feature",
      "geometry": {
        "type": "Point",
        "coordinates": [
          1.9759824,
          41.2807084
        ]
      },
      "properties": {
        "osm_id": "node/9580971971",
        "name": "Berri Gastrobar",
        "display_name": "Berri Gastrobar",
        "category": "Restauración",
        "subcategory": "Restaurante",
        "primary_tag": "amenity=restaurant",
        "amenity": "restaurant",
        "shop": null,
        "office": null,
        "tourism": null,
        "leisure": null,
        "wikidata": null,
        "website": null,
        "phone": null,
        "opening_hours": null,
        "addr_street": null,
        "addr_housenumber": null,
        "addr_postcode": null,
        "addr_city": null,
        "image": null,
        "wikimedia_commons": null,
        "mapillary": null,
        "source": "OpenStreetMap via Overpass API",
        "name_source": "OpenStreetMap",
        "sources": [
          "OpenStreetMap via Overpass API",
          "Overture Maps Places"
        ],
        "overture_id": "6b74d97e-4adb-4bcb-b2c3-dc370f2b2ad4",
        "overture_confidence": 0.996,
        "grid_id": "r3_c6"
      }
    },
    {
      "type": "Feature",
      "geometry": {
        "type": "Point",
        "coordinates": [
          1.9543445,
          41.2653586
        ]
      },
      "properties": {
        "osm_id": "node/2246301529",
        "name": "Bocata's",
        "display_name": "Bocata's",
        "category": "Restauración",
        "subcategory": "Restaurante",
        "primary_tag": "amenity=restaurant",
        "amenity": "restaurant",
        "shop": null,
        "office": null,
        "tourism": null,
        "leisure": null,
        "wikidata": null,
        "website": null,
        "phone": "+34936644858",
        "opening_hours": null,
        "addr_street": null,
        "addr_housenumber": null,
        "addr_postcode": null,
        "addr_city": null,
        "image": null,
        "wikimedia_commons": null,
        "mapillary": null,
        "source": "OpenStreetMap via Overpass API",
        "name_source": "OpenStreetMap",
        "panoramax_id": "dba3e305-b0a2-4d5c-b599-5181f5e6fc2d",
        "panoramax_thumbnail_url": "https://panoramax.mapcomplete.org/derivatives/db/a3/e3/05/b0a2-4d5c-b599-5181f5e6fc2d/thumb.jpg",
        "panoramax_visual_url": "https://panoramax.mapcomplete.org/derivatives/db/a3/e3/05/b0a2-4d5c-b599-5181f5e6fc2d/sd.jpg",
        "panoramax_captured_at": "2025-12-06T19:16:04.775000",
        "panoramax_distance_m": 35,
        "panoramax_license": "CC-BY-SA-4.0",
        "panoramax_providers": [
          "mapcomplete",
          "Đuro Jiří"
        ],
        "panoramax_instance_name": "mapcomplete",
        "panoramax_instance_url": "https://panoramax.mapcomplete.org",
        "grid_id": "r0_c2"
      }
    },
    {
      "type": "Feature",
      "geometry": {
        "type": "Point",
        "coordinates": [
          1.9543445,
          41.2653586
        ]
      },
      "properties": {
        "osm_id": null,
        "overture_id": "a94e35ee-3135-48d9-ab19-f344edcfb886",
        "name": "Bocatas",
        "display_name": "Bocatas",
        "category": "Restauración",
        "subcategory": "Bar",
        "primary_tag": "overture=bar",
        "source": "Overture Maps Places",
        "sources": [
          "Overture Maps Places"
        ],
        "name_source": "Overture Maps Places",
        "overture_taxonomy": "bar",
        "overture_confidence": 0.981,
        "panoramax_id": "dba3e305-b0a2-4d5c-b599-5181f5e6fc2d",
        "panoramax_thumbnail_url": "https://panoramax.mapcomplete.org/derivatives/db/a3/e3/05/b0a2-4d5c-b599-5181f5e6fc2d/thumb.jpg",
        "panoramax_visual_url": "https://panoramax.mapcomplete.org/derivatives/db/a3/e3/05/b0a2-4d5c-b599-5181f5e6fc2d/sd.jpg",
        "panoramax_captured_at": "2025-12-06T19:16:04.775000",
        "panoramax_distance_m": 35,
        "panoramax_license": "CC-BY-SA-4.0",
        "panoramax_providers": [
          "mapcomplete",
          "Đuro Jiří"
        ],
        "panoramax_instance_name": "mapcomplete",
        "panoramax_instance_url": "https://panoramax.mapcomplete.org",
        "grid_id": "r0_c2"
      }
    },
    {
      "type": "Feature",
      "geometry": {
        "type": "Point",
        "coordinates": [
          1.9791999,
          41.2792906
        ]
      },
      "properties": {
        "osm_id": "node/12278224643",
        "name": "Boga",
        "display_name": "Boga",
        "category": "Restauración",
        "subcategory": "Pub",
        "primary_tag": "amenity=pub",
        "amenity": "pub",
        "shop": null,
        "office": null,
        "tourism": null,
        "leisure": null,
        "wikidata": null,
        "website": null,
        "phone": null,
        "opening_hours": null,
        "addr_street": null,
        "addr_housenumber": null,
        "addr_postcode": null,
        "addr_city": null,
        "image": null,
        "wikimedia_commons": null,
        "mapillary": null,
        "source": "OpenStreetMap via Overpass API",
        "name_source": "OpenStreetMap",
        "grid_id": "r3_c7"
      }
    },
    {
      "type": "Feature",
      "geometry": {
        "type": "Point",
        "coordinates": [
          1.9725939,
          41.2662405
        ]
      },
      "properties": {
        "osm_id": "node/2246256510",
        "name": "Botànic",
        "display_name": "Botànic",
        "category": "Restauración",
        "subcategory": "Restaurante",
        "primary_tag": "amenity=restaurant",
        "amenity": "restaurant",
        "shop": null,
        "office": null,
        "tourism": null,
        "leisure": null,
        "wikidata": null,
        "website": null,
        "phone": null,
        "opening_hours": null,
        "addr_street": null,
        "addr_housenumber": null,
        "addr_postcode": null,
        "addr_city": null,
        "image": null,
        "wikimedia_commons": null,
        "mapillary": null,
        "source": "OpenStreetMap via Overpass API",
        "name_source": "OpenStreetMap",
        "sources": [
          "OpenStreetMap via Overpass API",
          "Overture Maps Places"
        ],
        "overture_id": "36563267-4232-4c3e-aa03-b66ef2f21a13",
        "overture_confidence": 0.993,
        "grid_id": "r0_c5"
      }
    },
    {
      "type": "Feature",
      "geometry": {
        "type": "Point",
        "coordinates": [
          1.977378,
          41.281622
        ]
      },
      "properties": {
        "osm_id": null,
        "overture_id": "4cbf0a42-b353-49f0-ab55-dadd2e40a562",
        "name": "Buda castelldefels",
        "display_name": "Buda castelldefels",
        "category": "Restauración",
        "subcategory": "Bar",
        "primary_tag": "overture=bar",
        "source": "Overture Maps Places",
        "sources": [
          "Overture Maps Places"
        ],
        "name_source": "Overture Maps Places",
        "overture_taxonomy": "bar",
        "overture_confidence": 0.982,
        "grid_id": "r4_c6"
      }
    },
    {
      "type": "Feature",
      "geometry": {
        "type": "Point",
        "coordinates": [
          1.97891142,
          41.27441103
        ]
      },
      "properties": {
        "osm_id": null,
        "overture_id": "3a3aa35c-9556-43a9-9891-d72198f674ce",
        "name": "Buffet Libre Orenes",
        "display_name": "Buffet Libre Orenes",
        "category": "Restauración",
        "subcategory": "Restaurante bufé",
        "primary_tag": "overture=buffet_restaurant",
        "source": "Overture Maps Places",
        "sources": [
          "Overture Maps Places"
        ],
        "name_source": "Overture Maps Places",
        "overture_taxonomy": "buffet_restaurant",
        "overture_confidence": 0.976,
        "grid_id": "r2_c6"
      }
    },
    {
      "type": "Feature",
      "geometry": {
        "type": "Point",
        "coordinates": [
          1.9893072,
          41.2819849
        ]
      },
      "properties": {
        "osm_id": "way/630377788",
        "name": "Burger King",
        "display_name": "Burger King",
        "category": "Restauración",
        "subcategory": "Comida rápida",
        "primary_tag": "amenity=fast_food",
        "amenity": "fast_food",
        "shop": null,
        "office": null,
        "tourism": null,
        "leisure": null,
        "wikidata": null,
        "website": null,
        "phone": null,
        "opening_hours": null,
        "addr_street": null,
        "addr_housenumber": null,
        "addr_postcode": null,
        "addr_city": null,
        "image": null,
        "wikimedia_commons": null,
        "mapillary": null,
        "source": "OpenStreetMap via Overpass API",
        "name_source": "OpenStreetMap",
        "sources": [
          "OpenStreetMap via Overpass API",
          "Overture Maps Places"
        ],
        "overture_id": "5b7f033e-f8d7-44de-b597-9fa8e2a060b1",
        "overture_confidence": 1,
        "panoramax_id": "85584b78-6f73-470e-884e-bc22eef8bff3",
        "panoramax_thumbnail_url": "https://panoramax.openstreetmap.fr/derivates/85/58/4b/78/6f73-470e-884e-bc22eef8bff3/thumb.jpg",
        "panoramax_visual_url": "https://panoramax.openstreetmap.fr/derivates/85/58/4b/78/6f73-470e-884e-bc22eef8bff3/sd.jpg",
        "panoramax_captured_at": "2018-03-28T10:00:00",
        "panoramax_distance_m": 26.4,
        "panoramax_license": "CC-BY-SA-4.0",
        "panoramax_providers": [
          "p4n-pics"
        ],
        "panoramax_instance_name": "osm-fr",
        "panoramax_instance_url": "https://panoramax.openstreetmap.fr",
        "grid_id": "r4_c8"
      }
    },
    {
      "type": "Feature",
      "geometry": {
        "type": "Point",
        "coordinates": [
          1.9761862,
          41.2816783
        ]
      },
      "properties": {
        "osm_id": "node/9015049138",
        "name": "Cafe De Finca",
        "display_name": "Cafe De Finca",
        "category": "Restauración",
        "subcategory": "Cafetería",
        "primary_tag": "amenity=cafe",
        "amenity": "cafe",
        "shop": null,
        "office": null,
        "tourism": null,
        "leisure": null,
        "wikidata": null,
        "website": null,
        "phone": null,
        "opening_hours": "Mo-Su 07:00-21:00",
        "addr_street": null,
        "addr_housenumber": null,
        "addr_postcode": null,
        "addr_city": null,
        "image": null,
        "wikimedia_commons": null,
        "mapillary": null,
        "source": "OpenStreetMap via Overpass API",
        "name_source": "OpenStreetMap",
        "grid_id": "r4_c6"
      }
    },
    {
      "type": "Feature",
      "geometry": {
        "type": "Point",
        "coordinates": [
          1.98020794,
          41.27290097
        ]
      },
      "properties": {
        "osm_id": null,
        "overture_id": "c88d204e-fa5d-4266-b9a3-da850e7a28a7",
        "name": "Café de Finca",
        "display_name": "Café de Finca",
        "category": "Restauración",
        "subcategory": "Cafetería",
        "primary_tag": "overture=coffee_shop",
        "source": "Overture Maps Places",
        "sources": [
          "Overture Maps Places"
        ],
        "name_source": "Overture Maps Places",
        "overture_taxonomy": "coffee_shop",
        "overture_confidence": 0.947,
        "grid_id": "r2_c7"
      }
    },
    {
      "type": "Feature",
      "geometry": {
        "type": "Point",
        "coordinates": [
          1.9742387,
          41.2783203
        ]
      },
      "properties": {
        "osm_id": "node/7005776709",
        "name": "Cafetería Anna Valls",
        "display_name": "Cafetería Anna Valls",
        "category": "Restauración",
        "subcategory": "Cafetería",
        "primary_tag": "amenity=cafe",
        "amenity": "cafe",
        "shop": null,
        "office": null,
        "tourism": null,
        "leisure": null,
        "wikidata": null,
        "website": "http://annavalls.net/",
        "phone": "+34 93 664 33 16",
        "opening_hours": "Mo-Sa 07:00´-21:00; Su 07:30-15:00; PH 07:30-15:00",
        "addr_street": null,
        "addr_housenumber": null,
        "addr_postcode": null,
        "addr_city": null,
        "image": null,
        "wikimedia_commons": null,
        "mapillary": null,
        "source": "OpenStreetMap via Overpass API",
        "name_source": "OpenStreetMap",
        "sources": [
          "OpenStreetMap via Overpass API",
          "Overture Maps Places"
        ],
        "overture_id": "a2e04c82-3d28-47c7-acee-75105e7cdf0c",
        "overture_confidence": 0.998,
        "grid_id": "r3_c6"
      }
    },
    {
      "type": "Feature",
      "geometry": {
        "type": "Point",
        "coordinates": [
          1.9747459,
          41.2769774
        ]
      },
      "properties": {
        "osm_id": "node/9580905617",
        "name": "Cafetería Jukebox",
        "display_name": "Cafetería Jukebox",
        "category": "Restauración",
        "subcategory": "Cafetería",
        "primary_tag": "amenity=cafe",
        "amenity": "cafe",
        "shop": null,
        "office": null,
        "tourism": null,
        "leisure": null,
        "wikidata": null,
        "website": null,
        "phone": null,
        "opening_hours": null,
        "addr_street": null,
        "addr_housenumber": null,
        "addr_postcode": null,
        "addr_city": null,
        "image": null,
        "wikimedia_commons": null,
        "mapillary": null,
        "source": "OpenStreetMap via Overpass API",
        "name_source": "OpenStreetMap",
        "grid_id": "r3_c6"
      }
    },
    {
      "type": "Feature",
      "geometry": {
        "type": "Point",
        "coordinates": [
          1.97920313,
          41.28234873
        ]
      },
      "properties": {
        "osm_id": null,
        "overture_id": "d0ead3ba-8fea-4ced-a054-2596f512aebd",
        "name": "Cafetería Martina",
        "display_name": "Cafetería Martina",
        "category": "Restauración",
        "subcategory": "Cafetería",
        "primary_tag": "overture=cafe",
        "source": "Overture Maps Places",
        "sources": [
          "Overture Maps Places"
        ],
        "name_source": "Overture Maps Places",
        "overture_taxonomy": "cafe",
        "overture_confidence": 0.984,
        "grid_id": "r4_c7"
      }
    },
    {
      "type": "Feature",
      "geometry": {
        "type": "Point",
        "coordinates": [
          1.9814799,
          41.2663029
        ]
      },
      "properties": {
        "osm_id": "node/2246312234",
        "name": null,
        "display_name": "Cafetería sin nombre",
        "category": "Restauración",
        "subcategory": "Cafetería",
        "primary_tag": "amenity=cafe",
        "amenity": "cafe",
        "shop": null,
        "office": null,
        "tourism": null,
        "leisure": null,
        "wikidata": null,
        "website": null,
        "phone": null,
        "opening_hours": null,
        "addr_street": null,
        "addr_housenumber": null,
        "addr_postcode": null,
        "addr_city": null,
        "image": null,
        "wikimedia_commons": null,
        "mapillary": null,
        "source": "OpenStreetMap via Overpass API",
        "name_source": "semantic-fallback",
        "grid_id": "r0_c7"
      }
    },
    {
      "type": "Feature",
      "geometry": {
        "type": "Point",
        "coordinates": [
          1.9794533,
          41.2790328
        ]
      },
      "properties": {
        "osm_id": "node/5938645870",
        "name": null,
        "display_name": "Cafetería sin nombre",
        "category": "Restauración",
        "subcategory": "Cafetería",
        "primary_tag": "amenity=cafe",
        "amenity": "cafe",
        "shop": null,
        "office": null,
        "tourism": null,
        "leisure": null,
        "wikidata": null,
        "website": null,
        "phone": null,
        "opening_hours": null,
        "addr_street": null,
        "addr_housenumber": null,
        "addr_postcode": null,
        "addr_city": null,
        "image": null,
        "wikimedia_commons": null,
        "mapillary": null,
        "source": "OpenStreetMap via Overpass API",
        "name_source": "semantic-fallback",
        "grid_id": "r3_c7"
      }
    },
    {
      "type": "Feature",
      "geometry": {
        "type": "Point",
        "coordinates": [
          1.9730853,
          41.2808803
        ]
      },
      "properties": {
        "osm_id": "way/400199284",
        "name": null,
        "display_name": "Cafetería sin nombre",
        "category": "Restauración",
        "subcategory": "Cafetería",
        "primary_tag": "amenity=cafe",
        "amenity": "cafe",
        "shop": null,
        "office": null,
        "tourism": null,
        "leisure": null,
        "wikidata": null,
        "website": null,
        "phone": null,
        "opening_hours": null,
        "addr_street": null,
        "addr_housenumber": null,
        "addr_postcode": null,
        "addr_city": null,
        "image": null,
        "wikimedia_commons": null,
        "mapillary": null,
        "source": "OpenStreetMap via Overpass API",
        "name_source": "semantic-fallback",
        "grid_id": "r3_c6"
      }
    },
    {
      "type": "Feature",
      "geometry": {
        "type": "Point",
        "coordinates": [
          1.98278,
          41.28504
        ]
      },
      "properties": {
        "osm_id": null,
        "overture_id": "fa909dec-93fc-42b9-9622-45a60536cec0",
        "name": "Cafeterìa y Galup",
        "display_name": "Cafeterìa y Galup",
        "category": "Restauración",
        "subcategory": "Cafetería",
        "primary_tag": "overture=cafe",
        "source": "Overture Maps Places",
        "sources": [
          "Overture Maps Places"
        ],
        "name_source": "Overture Maps Places",
        "overture_taxonomy": "cafe",
        "overture_confidence": 0.902,
        "grid_id": "r4_c7"
      }
    },
    {
      "type": "Feature",
      "geometry": {
        "type": "Point",
        "coordinates": [
          1.98125452,
          41.283939
        ]
      },
      "properties": {
        "osm_id": null,
        "overture_id": "91080ae8-f669-4325-aa64-0621be665ae0",
        "name": "Cafetet",
        "display_name": "Cafetet",
        "category": "Restauración",
        "subcategory": "Cafetería",
        "primary_tag": "overture=cafe",
        "source": "Overture Maps Places",
        "sources": [
          "Overture Maps Places"
        ],
        "name_source": "Overture Maps Places",
        "overture_taxonomy": "cafe",
        "overture_confidence": 0.909,
        "grid_id": "r4_c7"
      }
    },
    {
      "type": "Feature",
      "geometry": {
        "type": "Point",
        "coordinates": [
          1.9809452,
          41.2721083
        ]
      },
      "properties": {
        "osm_id": "node/4978204271",
        "name": "Cal Pepet",
        "display_name": "Cal Pepet",
        "category": "Restauración",
        "subcategory": "Restaurante",
        "primary_tag": "amenity=restaurant",
        "amenity": "restaurant",
        "shop": null,
        "office": null,
        "tourism": null,
        "leisure": null,
        "wikidata": null,
        "website": null,
        "phone": "+34 936362135",
        "opening_hours": null,
        "addr_street": null,
        "addr_housenumber": null,
        "addr_postcode": null,
        "addr_city": null,
        "image": null,
        "wikimedia_commons": null,
        "mapillary": null,
        "source": "OpenStreetMap via Overpass API",
        "name_source": "OpenStreetMap",
        "grid_id": "r1_c7"
      }
    },
    {
      "type": "Feature",
      "geometry": {
        "type": "Point",
        "coordinates": [
          1.97065385,
          41.27794948
        ]
      },
      "properties": {
        "osm_id": null,
        "overture_id": "7bcf873b-eedf-4d71-9d0a-061bae82f2b7",
        "name": "Cal Tremolins",
        "display_name": "Cal Tremolins",
        "category": "Restauración",
        "subcategory": "Restaurante de barbacoa",
        "primary_tag": "overture=barbecue_restaurant",
        "source": "Overture Maps Places",
        "sources": [
          "Overture Maps Places"
        ],
        "name_source": "Overture Maps Places",
        "overture_taxonomy": "barbecue_restaurant",
        "overture_confidence": 0.932,
        "grid_id": "r3_c5"
      }
    },
    {
      "type": "Feature",
      "geometry": {
        "type": "Point",
        "coordinates": [
          1.975672,
          41.2657274
        ]
      },
      "properties": {
        "osm_id": "node/2246316668",
        "name": "Camarote",
        "display_name": "Camarote",
        "category": "Restauración",
        "subcategory": "Pub",
        "primary_tag": "amenity=pub",
        "amenity": "pub",
        "shop": null,
        "office": null,
        "tourism": null,
        "leisure": null,
        "wikidata": null,
        "website": null,
        "phone": null,
        "opening_hours": null,
        "addr_street": null,
        "addr_housenumber": null,
        "addr_postcode": null,
        "addr_city": null,
        "image": null,
        "wikimedia_commons": null,
        "mapillary": null,
        "source": "OpenStreetMap via Overpass API",
        "name_source": "OpenStreetMap",
        "sources": [
          "OpenStreetMap via Overpass API",
          "Overture Maps Places"
        ],
        "overture_id": "ce2a1826-af3a-4558-9b10-7dcaa5a5b77f",
        "overture_confidence": 0.995,
        "grid_id": "r0_c6"
      }
    },
    {
      "type": "Feature",
      "geometry": {
        "type": "Point",
        "coordinates": [
          1.9779753,
          41.2786683
        ]
      },
      "properties": {
        "osm_id": "node/5801216453",
        "name": "Can Massis",
        "display_name": "Can Massis",
        "category": "Restauración",
        "subcategory": "Restaurante",
        "primary_tag": "amenity=restaurant",
        "amenity": "restaurant",
        "shop": null,
        "office": null,
        "tourism": null,
        "leisure": null,
        "wikidata": null,
        "website": null,
        "phone": null,
        "opening_hours": null,
        "addr_street": null,
        "addr_housenumber": null,
        "addr_postcode": null,
        "addr_city": null,
        "image": null,
        "wikimedia_commons": null,
        "mapillary": null,
        "source": "OpenStreetMap via Overpass API",
        "name_source": "OpenStreetMap",
        "grid_id": "r3_c6"
      }
    },
    {
      "type": "Feature",
      "geometry": {
        "type": "Point",
        "coordinates": [
          1.9666733,
          41.2664547
        ]
      },
      "properties": {
        "osm_id": "node/9580994931",
        "name": "Can Moyas",
        "display_name": "Can Moyas",
        "category": "Restauración",
        "subcategory": "Restaurante",
        "primary_tag": "amenity=restaurant",
        "amenity": "restaurant",
        "shop": null,
        "office": null,
        "tourism": null,
        "leisure": null,
        "wikidata": null,
        "website": "https://canmoyas.es/",
        "phone": null,
        "opening_hours": null,
        "addr_street": null,
        "addr_housenumber": null,
        "addr_postcode": null,
        "addr_city": null,
        "image": null,
        "wikimedia_commons": null,
        "mapillary": null,
        "source": "OpenStreetMap via Overpass API",
        "name_source": "OpenStreetMap",
        "sources": [
          "OpenStreetMap via Overpass API",
          "Overture Maps Places"
        ],
        "overture_id": "59c80ef5-535d-4012-90d8-5cc1c7ab04b7",
        "overture_confidence": 0.999,
        "grid_id": "r0_c4"
      }
    },
    {
      "type": "Feature",
      "geometry": {
        "type": "Point",
        "coordinates": [
          1.9776179,
          41.2802274
        ]
      },
      "properties": {
        "osm_id": "node/12278447884",
        "name": "Can Tapes",
        "display_name": "Can Tapes",
        "category": "Restauración",
        "subcategory": "Pub",
        "primary_tag": "amenity=pub",
        "amenity": "pub",
        "shop": null,
        "office": null,
        "tourism": null,
        "leisure": null,
        "wikidata": null,
        "website": null,
        "phone": null,
        "opening_hours": null,
        "addr_street": null,
        "addr_housenumber": null,
        "addr_postcode": null,
        "addr_city": null,
        "image": null,
        "wikimedia_commons": null,
        "mapillary": null,
        "source": "OpenStreetMap via Overpass API",
        "name_source": "OpenStreetMap",
        "grid_id": "r3_c6"
      }
    },
    {
      "type": "Feature",
      "geometry": {
        "type": "Point",
        "coordinates": [
          1.98460113,
          41.28484379
        ]
      },
      "properties": {
        "osm_id": null,
        "overture_id": "b8c1a8bd-49ca-47b9-b900-4d0625a9d0ce",
        "name": "Cantina Catrina Mexicano en Castelldefels",
        "display_name": "Cantina Catrina Mexicano en Castelldefels",
        "category": "Restauración",
        "subcategory": "Restaurante mexicano",
        "primary_tag": "overture=mexican_restaurant",
        "source": "Overture Maps Places",
        "sources": [
          "Overture Maps Places"
        ],
        "name_source": "Overture Maps Places",
        "overture_taxonomy": "mexican_restaurant",
        "overture_confidence": 0.949,
        "grid_id": "r4_c7"
      }
    },
    {
      "type": "Feature",
      "geometry": {
        "type": "Point",
        "coordinates": [
          1.97136442,
          41.26568183
        ]
      },
      "properties": {
        "osm_id": null,
        "overture_id": "616b3a5a-0bf7-4004-810b-842d9814d40e",
        "name": "Cantina La Sonora",
        "display_name": "Cantina La Sonora",
        "category": "Restauración",
        "subcategory": "Restaurante mexicano",
        "primary_tag": "overture=mexican_restaurant",
        "source": "Overture Maps Places",
        "sources": [
          "Overture Maps Places"
        ],
        "name_source": "Overture Maps Places",
        "overture_taxonomy": "mexican_restaurant",
        "overture_confidence": 0.994,
        "grid_id": "r0_c5"
      }
    },
    {
      "type": "Feature",
      "geometry": {
        "type": "Point",
        "coordinates": [
          1.983136,
          41.28453222
        ]
      },
      "properties": {
        "osm_id": null,
        "overture_id": "6baa8d42-a491-4a2b-b7e8-5e3203710f55",
        "name": "Casa Carlos",
        "display_name": "Casa Carlos",
        "category": "Restauración",
        "subcategory": "Bar de tapas",
        "primary_tag": "overture=tapas_bar",
        "source": "Overture Maps Places",
        "sources": [
          "Overture Maps Places"
        ],
        "name_source": "Overture Maps Places",
        "overture_taxonomy": "tapas_bar",
        "overture_confidence": 0.992,
        "grid_id": "r4_c7"
      }
    },
    {
      "type": "Feature",
      "geometry": {
        "type": "Point",
        "coordinates": [
          1.98583379,
          41.28272156
        ]
      },
      "properties": {
        "osm_id": null,
        "overture_id": "da28e236-96bd-4f47-bf3c-5167de07751c",
        "name": "Casa Carmen Restaurant Platillos",
        "display_name": "Casa Carmen Restaurant Platillos",
        "category": "Restauración",
        "subcategory": "Restaurante",
        "primary_tag": "overture=european_restaurant",
        "source": "Overture Maps Places",
        "sources": [
          "Overture Maps Places"
        ],
        "name_source": "Overture Maps Places",
        "overture_taxonomy": "european_restaurant",
        "overture_confidence": 0.99,
        "grid_id": "r4_c8"
      }
    },
    {
      "type": "Feature",
      "geometry": {
        "type": "Point",
        "coordinates": [
          1.9532992,
          41.2671827
        ]
      },
      "properties": {
        "osm_id": "node/2246645077",
        "name": "Casa Diego",
        "display_name": "Casa Diego",
        "category": "Restauración",
        "subcategory": "Bar",
        "primary_tag": "amenity=bar",
        "amenity": "bar",
        "shop": null,
        "office": null,
        "tourism": null,
        "leisure": null,
        "wikidata": null,
        "website": null,
        "phone": null,
        "opening_hours": null,
        "addr_street": null,
        "addr_housenumber": null,
        "addr_postcode": null,
        "addr_city": null,
        "image": null,
        "wikimedia_commons": null,
        "mapillary": null,
        "source": "OpenStreetMap via Overpass API",
        "name_source": "OpenStreetMap",
        "sources": [
          "OpenStreetMap via Overpass API",
          "Overture Maps Places"
        ],
        "overture_id": "08a811a7-a794-4562-b460-28dc70664046",
        "overture_confidence": 0.969,
        "panoramax_id": "67d4dd6d-bfb1-4b66-9a81-64c523c8deeb",
        "panoramax_thumbnail_url": "https://panoramax.openstreetmap.fr/derivates/67/d4/dd/6d/bfb1-4b66-9a81-64c523c8deeb/thumb.jpg",
        "panoramax_visual_url": "https://panoramax.openstreetmap.fr/derivates/67/d4/dd/6d/bfb1-4b66-9a81-64c523c8deeb/sd.jpg",
        "panoramax_captured_at": "2020-07-08T14:59:49.800000",
        "panoramax_distance_m": 28.4,
        "panoramax_license": "CC-BY-SA-4.0",
        "panoramax_providers": [
          "yopaseopor"
        ],
        "panoramax_instance_name": "osm-fr",
        "panoramax_instance_url": "https://panoramax.openstreetmap.fr",
        "grid_id": "r0_c2"
      }
    },
    {
      "type": "Feature",
      "geometry": {
        "type": "Point",
        "coordinates": [
          1.971482,
          41.2663075
        ]
      },
      "properties": {
        "osm_id": "node/9010150263",
        "name": "Casa Gallega",
        "display_name": "Casa Gallega",
        "category": "Restauración",
        "subcategory": "Restaurante",
        "primary_tag": "amenity=restaurant",
        "amenity": "restaurant",
        "shop": null,
        "office": null,
        "tourism": null,
        "leisure": null,
        "wikidata": null,
        "website": null,
        "phone": null,
        "opening_hours": null,
        "addr_street": null,
        "addr_housenumber": null,
        "addr_postcode": null,
        "addr_city": null,
        "image": null,
        "wikimedia_commons": null,
        "mapillary": null,
        "source": "OpenStreetMap via Overpass API",
        "name_source": "OpenStreetMap",
        "sources": [
          "OpenStreetMap via Overpass API",
          "Overture Maps Places"
        ],
        "overture_id": "b4904419-ebe3-4ab9-8443-6ae24f1e159b",
        "overture_confidence": 0.993,
        "grid_id": "r0_c5"
      }
    },
    {
      "type": "Feature",
      "geometry": {
        "type": "Point",
        "coordinates": [
          1.9611565,
          41.2659043
        ]
      },
      "properties": {
        "osm_id": "node/2326847462",
        "name": "Casanova",
        "display_name": "Casanova",
        "category": "Restauración",
        "subcategory": "Restaurante",
        "primary_tag": "amenity=restaurant",
        "amenity": "restaurant",
        "shop": null,
        "office": null,
        "tourism": null,
        "leisure": null,
        "wikidata": null,
        "website": null,
        "phone": null,
        "opening_hours": null,
        "addr_street": null,
        "addr_housenumber": null,
        "addr_postcode": null,
        "addr_city": null,
        "image": null,
        "wikimedia_commons": null,
        "mapillary": null,
        "source": "OpenStreetMap via Overpass API",
        "name_source": "OpenStreetMap",
        "sources": [
          "OpenStreetMap via Overpass API",
          "Overture Maps Places"
        ],
        "overture_id": "4e800fdd-efdb-4d50-aae7-2792de3748a3",
        "overture_confidence": 1,
        "grid_id": "r0_c3"
      }
    },
    {
      "type": "Feature",
      "geometry": {
        "type": "Point",
        "coordinates": [
          1.9594703,
          41.2653984
        ]
      },
      "properties": {
        "osm_id": "node/2246390964",
        "name": "Casanova Beach Club",
        "display_name": "Casanova Beach Club",
        "category": "Restauración",
        "subcategory": "Restaurante",
        "primary_tag": "amenity=restaurant",
        "amenity": "restaurant",
        "shop": null,
        "office": null,
        "tourism": null,
        "leisure": null,
        "wikidata": null,
        "website": "https://grupolancaster.com/web/cbc-casanova-beach-club/",
        "phone": null,
        "opening_hours": "Mo-Th 11:00-01:00; Fr,Sa 11:00-03:00; Su 11:00-20:00",
        "addr_street": null,
        "addr_housenumber": null,
        "addr_postcode": null,
        "addr_city": null,
        "image": null,
        "wikimedia_commons": null,
        "mapillary": null,
        "source": "OpenStreetMap via Overpass API",
        "name_source": "OpenStreetMap",
        "sources": [
          "OpenStreetMap via Overpass API",
          "Overture Maps Places"
        ],
        "overture_id": "581a7ba5-6e56-4ec9-bf5d-652094c60796",
        "overture_confidence": 0.998,
        "grid_id": "r0_c3"
      }
    },
    {
      "type": "Feature",
      "geometry": {
        "type": "Point",
        "coordinates": [
          1.97776647,
          41.28088035
        ]
      },
      "properties": {
        "osm_id": null,
        "overture_id": "8164dabf-4207-4fe4-aff2-b87d6851f8ed",
        "name": "CDF 58 Bar",
        "display_name": "CDF 58 Bar",
        "category": "Restauración",
        "subcategory": "Bar / tapas",
        "primary_tag": "overture=bar",
        "source": "Overture Maps Places",
        "sources": [
          "Overture Maps Places"
        ],
        "name_source": "Overture Maps Places",
        "overture_taxonomy": "bar",
        "overture_confidence": 0.993,
        "grid_id": "r3_c6"
      }
    },
    {
      "type": "Feature",
      "geometry": {
        "type": "Point",
        "coordinates": [
          1.9716986,
          41.2663585
        ]
      },
      "properties": {
        "osm_id": "node/2246259368",
        "name": "Celeste",
        "display_name": "Celeste",
        "category": "Restauración",
        "subcategory": "Restaurante",
        "primary_tag": "amenity=restaurant",
        "amenity": "restaurant",
        "shop": null,
        "office": null,
        "tourism": null,
        "leisure": null,
        "wikidata": null,
        "website": null,
        "phone": "+34 937975135",
        "opening_hours": null,
        "addr_street": null,
        "addr_housenumber": null,
        "addr_postcode": null,
        "addr_city": null,
        "image": null,
        "wikimedia_commons": null,
        "mapillary": null,
        "source": "OpenStreetMap via Overpass API",
        "name_source": "OpenStreetMap",
        "sources": [
          "OpenStreetMap via Overpass API",
          "Overture Maps Places"
        ],
        "overture_id": "d3b26270-4498-48f8-ae7c-4491cd5287c5",
        "overture_confidence": 0.999,
        "grid_id": "r0_c5"
      }
    },
    {
      "type": "Feature",
      "geometry": {
        "type": "Point",
        "coordinates": [
          1.97594382,
          41.27696034
        ]
      },
      "properties": {
        "osm_id": null,
        "overture_id": "7c4398ce-525e-49bf-a53c-e0cb7235f00d",
        "name": "Celler Vallès",
        "display_name": "Celler Vallès",
        "category": "Restauración",
        "subcategory": "Bar de vinos",
        "primary_tag": "overture=wine_bar",
        "source": "Overture Maps Places",
        "sources": [
          "Overture Maps Places"
        ],
        "name_source": "Overture Maps Places",
        "overture_taxonomy": "wine_bar",
        "overture_confidence": 0.995,
        "grid_id": "r3_c6"
      }
    },
    {
      "type": "Feature",
      "geometry": {
        "type": "Point",
        "coordinates": [
          1.97110891,
          41.26665956
        ]
      },
      "properties": {
        "osm_id": null,
        "overture_id": "5078ba24-2907-4aff-bfac-752a980fee6b",
        "name": "Cerveseria Alex",
        "display_name": "Cerveseria Alex",
        "category": "Restauración",
        "subcategory": "Bar",
        "primary_tag": "overture=bar",
        "source": "Overture Maps Places",
        "sources": [
          "Overture Maps Places"
        ],
        "name_source": "Overture Maps Places",
        "overture_taxonomy": "bar",
        "overture_confidence": 0.962,
        "grid_id": "r0_c5"
      }
    },
    {
      "type": "Feature",
      "geometry": {
        "type": "Point",
        "coordinates": [
          1.9766408,
          41.2796328
        ]
      },
      "properties": {
        "osm_id": "node/2246673238",
        "name": "Cervezeria Internacional",
        "display_name": "Cervezeria Internacional",
        "category": "Restauración",
        "subcategory": "Bar",
        "primary_tag": "amenity=bar",
        "amenity": "bar",
        "shop": null,
        "office": null,
        "tourism": null,
        "leisure": null,
        "wikidata": null,
        "website": null,
        "phone": null,
        "opening_hours": null,
        "addr_street": null,
        "addr_housenumber": null,
        "addr_postcode": null,
        "addr_city": null,
        "image": null,
        "wikimedia_commons": null,
        "mapillary": null,
        "source": "OpenStreetMap via Overpass API",
        "name_source": "OpenStreetMap",
        "grid_id": "r3_c6"
      }
    },
    {
      "type": "Feature",
      "geometry": {
        "type": "Point",
        "coordinates": [
          1.974968,
          41.2657941
        ]
      },
      "properties": {
        "osm_id": "node/7619828485",
        "name": "Chalo",
        "display_name": "Chalo",
        "category": "Restauración",
        "subcategory": "Restaurante",
        "primary_tag": "amenity=restaurant",
        "amenity": "restaurant",
        "shop": null,
        "office": null,
        "tourism": null,
        "leisure": null,
        "wikidata": null,
        "website": null,
        "phone": null,
        "opening_hours": "Tu-Su 12:00-24:00; Mo 18:00-24:00",
        "addr_street": null,
        "addr_housenumber": null,
        "addr_postcode": null,
        "addr_city": null,
        "image": null,
        "wikimedia_commons": null,
        "mapillary": null,
        "source": "OpenStreetMap via Overpass API",
        "name_source": "OpenStreetMap",
        "grid_id": "r0_c6"
      }
    },
    {
      "type": "Feature",
      "geometry": {
        "type": "Point",
        "coordinates": [
          1.97495245,
          41.26573128
        ]
      },
      "properties": {
        "osm_id": null,
        "overture_id": "d5049163-36c7-46d7-824a-dde20fbf3c6f",
        "name": "Chalo Resto&Bar",
        "display_name": "Chalo Resto&Bar",
        "category": "Restauración",
        "subcategory": "Bar / tapas",
        "primary_tag": "overture=tapas_bar",
        "source": "Overture Maps Places",
        "sources": [
          "Overture Maps Places"
        ],
        "name_source": "Overture Maps Places",
        "overture_taxonomy": "tapas_bar",
        "overture_confidence": 0.998,
        "grid_id": "r0_c6"
      }
    },
    {
      "type": "Feature",
      "geometry": {
        "type": "Point",
        "coordinates": [
          1.964411,
          41.2659329
        ]
      },
      "properties": {
        "osm_id": "node/2246391136",
        "name": "CheChe Restaurant",
        "display_name": "CheChe Restaurant",
        "category": "Restauración",
        "subcategory": "Restaurante",
        "primary_tag": "amenity=restaurant",
        "amenity": "restaurant",
        "shop": null,
        "office": null,
        "tourism": null,
        "leisure": null,
        "wikidata": null,
        "website": null,
        "phone": null,
        "opening_hours": null,
        "addr_street": null,
        "addr_housenumber": null,
        "addr_postcode": null,
        "addr_city": null,
        "image": null,
        "wikimedia_commons": null,
        "mapillary": null,
        "source": "OpenStreetMap via Overpass API",
        "name_source": "Overture Maps Places",
        "sources": [
          "OpenStreetMap via Overpass API",
          "Overture Maps Places"
        ],
        "overture_id": "8ed345d0-27cc-412b-9589-68261ae053f8",
        "overture_confidence": 0.997,
        "grid_id": "r0_c4"
      }
    },
    {
      "type": "Feature",
      "geometry": {
        "type": "Point",
        "coordinates": [
          1.9586075,
          41.26430361
        ]
      },
      "properties": {
        "osm_id": null,
        "overture_id": "e3b1d290-c3a7-43e4-9d3c-3408e4306e2e",
        "name": "Chiringuito Ancla",
        "display_name": "Chiringuito Ancla",
        "category": "Restauración",
        "subcategory": "Bar de tapas",
        "primary_tag": "overture=tapas_bar",
        "source": "Overture Maps Places",
        "sources": [
          "Overture Maps Places"
        ],
        "name_source": "Overture Maps Places",
        "overture_taxonomy": "tapas_bar",
        "overture_confidence": 0.977,
        "grid_id": "r0_c3"
      }
    },
    {
      "type": "Feature",
      "geometry": {
        "type": "Point",
        "coordinates": [
          1.99522017,
          41.26438175
        ]
      },
      "properties": {
        "osm_id": null,
        "overture_id": "c30cafc5-a270-4ae1-9548-cffc76dbdfb4",
        "name": "Chiringuito Bolero Beach",
        "display_name": "Chiringuito Bolero Beach",
        "category": "Restauración",
        "subcategory": "Bar de tapas",
        "primary_tag": "overture=tapas_bar",
        "source": "Overture Maps Places",
        "sources": [
          "Overture Maps Places"
        ],
        "name_source": "Overture Maps Places",
        "overture_taxonomy": "tapas_bar",
        "overture_confidence": 0.958,
        "grid_id": "r0_c9"
      }
    },
    {
      "type": "Feature",
      "geometry": {
        "type": "Point",
        "coordinates": [
          1.973982,
          41.264266
        ]
      },
      "properties": {
        "osm_id": null,
        "overture_id": "9f50b2cb-c710-4757-83bc-19b6cdaea5ea",
        "name": "Chiringuito Carita Morena",
        "display_name": "Chiringuito Carita Morena",
        "category": "Restauración",
        "subcategory": "Restaurante mediterráneo",
        "primary_tag": "overture=mediterranean_restaurant",
        "source": "Overture Maps Places",
        "sources": [
          "Overture Maps Places"
        ],
        "name_source": "Overture Maps Places",
        "overture_taxonomy": "mediterranean_restaurant",
        "overture_confidence": 0.993,
        "grid_id": "r0_c6"
      }
    },
    {
      "type": "Feature",
      "geometry": {
        "type": "Point",
        "coordinates": [
          1.98895852,
          41.26467319
        ]
      },
      "properties": {
        "osm_id": null,
        "overture_id": "ad4a138c-a419-4809-99fa-5b4150189320",
        "name": "Chiringuito Chalito",
        "display_name": "Chiringuito Chalito",
        "category": "Restauración",
        "subcategory": "Bar",
        "primary_tag": "overture=bar",
        "source": "Overture Maps Places",
        "sources": [
          "Overture Maps Places"
        ],
        "name_source": "Overture Maps Places",
        "overture_taxonomy": "bar",
        "overture_confidence": 0.989,
        "grid_id": "r0_c8"
      }
    },
    {
      "type": "Feature",
      "geometry": {
        "type": "Point",
        "coordinates": [
          1.97738915,
          41.26420755
        ]
      },
      "properties": {
        "osm_id": null,
        "overture_id": "b5e2b2a3-281a-4789-8d6d-da81213066c9",
        "name": "Chiringuito Garota Castelldefels",
        "display_name": "Chiringuito Garota Castelldefels",
        "category": "Restauración",
        "subcategory": "Bar de tapas",
        "primary_tag": "overture=tapas_bar",
        "source": "Overture Maps Places",
        "sources": [
          "Overture Maps Places"
        ],
        "name_source": "Overture Maps Places",
        "overture_taxonomy": "tapas_bar",
        "overture_confidence": 0.98,
        "grid_id": "r0_c6"
      }
    },
    {
      "type": "Feature",
      "geometry": {
        "type": "Point",
        "coordinates": [
          1.97148,
          41.26985
        ]
      },
      "properties": {
        "osm_id": null,
        "overture_id": "d35d1099-09cf-4e1c-8fd7-59799e3b0e99",
        "name": "Chiringuito La Xancla",
        "display_name": "Chiringuito La Xancla",
        "category": "Restauración",
        "subcategory": "Restaurante español",
        "primary_tag": "overture=spanish_restaurant",
        "source": "Overture Maps Places",
        "sources": [
          "Overture Maps Places"
        ],
        "name_source": "Overture Maps Places",
        "overture_taxonomy": "spanish_restaurant",
        "overture_confidence": 0.954,
        "grid_id": "r1_c5"
      }
    },
    {
      "type": "Feature",
      "geometry": {
        "type": "Point",
        "coordinates": [
          1.98133784,
          41.28437773
        ]
      },
      "properties": {
        "osm_id": null,
        "overture_id": "8d279dc5-f507-491f-b0d5-8157de3b3db8",
        "name": "Churreria la deliciosa",
        "display_name": "Churreria la deliciosa",
        "category": "Restauración",
        "subcategory": "Cafetería",
        "primary_tag": "overture=cafe",
        "source": "Overture Maps Places",
        "sources": [
          "Overture Maps Places"
        ],
        "name_source": "Overture Maps Places",
        "overture_taxonomy": "cafe",
        "overture_confidence": 0.889,
        "grid_id": "r4_c7"
      }
    },
    {
      "type": "Feature",
      "geometry": {
        "type": "Point",
        "coordinates": [
          1.9784232,
          41.2871121
        ]
      },
      "properties": {
        "osm_id": "node/11363824470",
        "name": "Churrería La Deliciosa",
        "display_name": "Churrería La Deliciosa",
        "category": "Restauración",
        "subcategory": "Restaurante",
        "primary_tag": "amenity=restaurant",
        "amenity": "restaurant",
        "shop": null,
        "office": null,
        "tourism": null,
        "leisure": null,
        "wikidata": null,
        "website": null,
        "phone": null,
        "opening_hours": null,
        "addr_street": null,
        "addr_housenumber": null,
        "addr_postcode": null,
        "addr_city": null,
        "image": null,
        "wikimedia_commons": null,
        "mapillary": null,
        "source": "OpenStreetMap via Overpass API",
        "name_source": "OpenStreetMap",
        "grid_id": "r5_c6"
      }
    },
    {
      "type": "Feature",
      "geometry": {
        "type": "Point",
        "coordinates": [
          1.97862414,
          41.28166649
        ]
      },
      "properties": {
        "osm_id": null,
        "overture_id": "db20b1f6-d43e-4dee-aa86-764f9828f3f8",
        "name": "City Poké",
        "display_name": "City Poké",
        "category": "Restauración",
        "subcategory": "Restaurante poke",
        "primary_tag": "overture=poke_restaurant",
        "source": "Overture Maps Places",
        "sources": [
          "Overture Maps Places"
        ],
        "name_source": "Overture Maps Places",
        "overture_taxonomy": "poke_restaurant",
        "overture_confidence": 0.964,
        "grid_id": "r4_c6"
      }
    },
    {
      "type": "Feature",
      "geometry": {
        "type": "Point",
        "coordinates": [
          1.9573158,
          41.2643278
        ]
      },
      "properties": {
        "osm_id": "way/722994889",
        "name": "Cocody",
        "display_name": "Cocody",
        "category": "Restauración",
        "subcategory": "Bar",
        "primary_tag": "amenity=bar",
        "amenity": "bar",
        "shop": null,
        "office": null,
        "tourism": null,
        "leisure": null,
        "wikidata": null,
        "website": null,
        "phone": null,
        "opening_hours": null,
        "addr_street": null,
        "addr_housenumber": null,
        "addr_postcode": null,
        "addr_city": null,
        "image": null,
        "wikimedia_commons": null,
        "mapillary": null,
        "source": "OpenStreetMap via Overpass API",
        "name_source": "OpenStreetMap",
        "sources": [
          "OpenStreetMap via Overpass API",
          "Overture Maps Places"
        ],
        "overture_id": "0aeb7ad1-6166-4db0-9f13-2e9181537553",
        "overture_confidence": 0.993,
        "grid_id": "r0_c3"
      }
    },
    {
      "type": "Feature",
      "geometry": {
        "type": "Point",
        "coordinates": [
          1.9581314,
          41.2654381
        ]
      },
      "properties": {
        "osm_id": "node/2246390003",
        "name": null,
        "display_name": "Comida rápida sin nombre",
        "category": "Restauración",
        "subcategory": "Comida rápida",
        "primary_tag": "amenity=fast_food",
        "amenity": "fast_food",
        "shop": null,
        "office": null,
        "tourism": null,
        "leisure": null,
        "wikidata": null,
        "website": null,
        "phone": null,
        "opening_hours": null,
        "addr_street": null,
        "addr_housenumber": null,
        "addr_postcode": null,
        "addr_city": null,
        "image": null,
        "wikimedia_commons": null,
        "mapillary": null,
        "source": "OpenStreetMap via Overpass API",
        "name_source": "semantic-fallback",
        "grid_id": "r0_c3"
      }
    },
    {
      "type": "Feature",
      "geometry": {
        "type": "Point",
        "coordinates": [
          1.9817859,
          41.2708008
        ]
      },
      "properties": {
        "osm_id": "node/2246426445",
        "name": null,
        "display_name": "Comida rápida sin nombre",
        "category": "Restauración",
        "subcategory": "Comida rápida",
        "primary_tag": "amenity=fast_food",
        "amenity": "fast_food",
        "shop": null,
        "office": null,
        "tourism": null,
        "leisure": null,
        "wikidata": null,
        "website": null,
        "phone": null,
        "opening_hours": null,
        "addr_street": null,
        "addr_housenumber": null,
        "addr_postcode": null,
        "addr_city": null,
        "image": null,
        "wikimedia_commons": null,
        "mapillary": null,
        "source": "OpenStreetMap via Overpass API",
        "name_source": "semantic-fallback",
        "grid_id": "r1_c7"
      }
    },
    {
      "type": "Feature",
      "geometry": {
        "type": "Point",
        "coordinates": [
          1.9750287582492,
          41.278681245824
        ]
      },
      "properties": {
        "osm_id": null,
        "overture_id": "fc753cab-71b3-4c71-8d26-95b4403f22d1",
        "name": "D'arago Bar",
        "display_name": "D'arago Bar",
        "category": "Restauración",
        "subcategory": "Bar / tapas",
        "primary_tag": "overture=bar",
        "source": "Overture Maps Places",
        "sources": [
          "Overture Maps Places"
        ],
        "name_source": "Overture Maps Places",
        "overture_taxonomy": "bar",
        "overture_confidence": 0.873,
        "grid_id": "r3_c6"
      }
    },
    {
      "type": "Feature",
      "geometry": {
        "type": "Point",
        "coordinates": [
          1.9568182,
          41.2667259
        ]
      },
      "properties": {
        "osm_id": "node/6497296739",
        "name": "D'Herber",
        "display_name": "D'Herber",
        "category": "Restauración",
        "subcategory": "Restaurante",
        "primary_tag": "amenity=restaurant",
        "amenity": "restaurant",
        "shop": null,
        "office": null,
        "tourism": null,
        "leisure": null,
        "wikidata": null,
        "website": null,
        "phone": null,
        "opening_hours": null,
        "addr_street": null,
        "addr_housenumber": null,
        "addr_postcode": null,
        "addr_city": null,
        "image": null,
        "wikimedia_commons": null,
        "mapillary": null,
        "source": "OpenStreetMap via Overpass API",
        "name_source": "OpenStreetMap",
        "sources": [
          "OpenStreetMap via Overpass API",
          "Overture Maps Places"
        ],
        "overture_id": "6fb713e7-aa40-4d66-95d9-b52b3888ef46",
        "overture_confidence": 0.872,
        "grid_id": "r0_c3"
      }
    },
    {
      "type": "Feature",
      "geometry": {
        "type": "Point",
        "coordinates": [
          1.9800973,
          41.2703352
        ]
      },
      "properties": {
        "osm_id": "node/5948446961",
        "name": "Dani's Center",
        "display_name": "Dani's Center",
        "category": "Restauración",
        "subcategory": "Cafetería",
        "primary_tag": "amenity=cafe",
        "amenity": "cafe",
        "shop": null,
        "office": null,
        "tourism": null,
        "leisure": null,
        "wikidata": null,
        "website": null,
        "phone": null,
        "opening_hours": null,
        "addr_street": null,
        "addr_housenumber": null,
        "addr_postcode": null,
        "addr_city": null,
        "image": null,
        "wikimedia_commons": null,
        "mapillary": null,
        "source": "OpenStreetMap via Overpass API",
        "name_source": "OpenStreetMap",
        "grid_id": "r1_c7"
      }
    },
    {
      "type": "Feature",
      "geometry": {
        "type": "Point",
        "coordinates": [
          1.97731,
          41.28024
        ]
      },
      "properties": {
        "osm_id": null,
        "overture_id": "47162438-81bd-4e78-862e-88d3586500a1",
        "name": "Dehesa Santa María Castelldefels",
        "display_name": "Dehesa Santa María Castelldefels",
        "category": "Restauración",
        "subcategory": "Cafetería",
        "primary_tag": "overture=coffee_shop",
        "source": "Overture Maps Places",
        "sources": [
          "Overture Maps Places"
        ],
        "name_source": "Overture Maps Places",
        "overture_taxonomy": "coffee_shop",
        "overture_confidence": 0.892,
        "grid_id": "r3_c6"
      }
    },
    {
      "type": "Feature",
      "geometry": {
        "type": "Point",
        "coordinates": [
          1.9707512,
          41.2675904
        ]
      },
      "properties": {
        "osm_id": "node/4934428021",
        "name": "Descaro",
        "display_name": "Descaro",
        "category": "Restauración",
        "subcategory": "Pub",
        "primary_tag": "amenity=pub",
        "amenity": "pub",
        "shop": null,
        "office": null,
        "tourism": null,
        "leisure": null,
        "wikidata": null,
        "website": null,
        "phone": null,
        "opening_hours": null,
        "addr_street": null,
        "addr_housenumber": null,
        "addr_postcode": null,
        "addr_city": null,
        "image": null,
        "wikimedia_commons": null,
        "mapillary": null,
        "source": "OpenStreetMap via Overpass API",
        "name_source": "OpenStreetMap",
        "grid_id": "r0_c5"
      }
    },
    {
      "type": "Feature",
      "geometry": {
        "type": "Point",
        "coordinates": [
          1.9897387,
          41.2704985
        ]
      },
      "properties": {
        "osm_id": "node/4236988390",
        "name": "Distinto Restaurant",
        "display_name": "Distinto Restaurant",
        "category": "Restauración",
        "subcategory": "Restaurante",
        "primary_tag": "amenity=restaurant",
        "amenity": "restaurant",
        "shop": null,
        "office": null,
        "tourism": null,
        "leisure": null,
        "wikidata": null,
        "website": "http://www.distintorestaurant.es/",
        "phone": "+34 936655600",
        "opening_hours": "Mo-Su 08:00-23:00",
        "addr_street": null,
        "addr_housenumber": null,
        "addr_postcode": null,
        "addr_city": null,
        "image": null,
        "wikimedia_commons": null,
        "mapillary": null,
        "source": "OpenStreetMap via Overpass API",
        "name_source": "OpenStreetMap",
        "grid_id": "r1_c8"
      }
    },
    {
      "type": "Feature",
      "geometry": {
        "type": "Point",
        "coordinates": [
          1.96247618,
          41.26451822
        ]
      },
      "properties": {
        "osm_id": null,
        "overture_id": "90dc5ff3-e8b5-4e97-8565-5f154df95939",
        "name": "Dolce Vita",
        "display_name": "Dolce Vita",
        "category": "Restauración",
        "subcategory": "Bar",
        "primary_tag": "overture=bar",
        "source": "Overture Maps Places",
        "sources": [
          "Overture Maps Places"
        ],
        "name_source": "Overture Maps Places",
        "overture_taxonomy": "bar",
        "overture_confidence": 0.997,
        "grid_id": "r0_c4"
      }
    },
    {
      "type": "Feature",
      "geometry": {
        "type": "Point",
        "coordinates": [
          1.9761735,
          41.2769767
        ]
      },
      "properties": {
        "osm_id": "node/4351003013",
        "name": "Domino's",
        "display_name": "Domino's",
        "category": "Restauración",
        "subcategory": "Comida rápida",
        "primary_tag": "amenity=fast_food",
        "amenity": "fast_food",
        "shop": null,
        "office": null,
        "tourism": null,
        "leisure": null,
        "wikidata": null,
        "website": null,
        "phone": null,
        "opening_hours": null,
        "addr_street": null,
        "addr_housenumber": null,
        "addr_postcode": null,
        "addr_city": null,
        "image": null,
        "wikimedia_commons": null,
        "mapillary": null,
        "source": "OpenStreetMap via Overpass API",
        "name_source": "OpenStreetMap",
        "sources": [
          "OpenStreetMap via Overpass API",
          "Overture Maps Places"
        ],
        "overture_id": "79460e77-a7dc-493a-9302-4fb9f64ccb10",
        "overture_confidence": 0.981,
        "grid_id": "r3_c6"
      }
    },
    {
      "type": "Feature",
      "geometry": {
        "type": "Point",
        "coordinates": [
          1.9775951,
          41.2789134
        ]
      },
      "properties": {
        "osm_id": null,
        "overture_id": "5538d198-f045-4dad-8a17-0d5d4cc89025",
        "name": "Don Alfredo Tienda comidas Argentinas",
        "display_name": "Don Alfredo Tienda comidas Argentinas",
        "category": "Restauración",
        "subcategory": "Restaurante argentino",
        "primary_tag": "overture=argentine_restaurant",
        "source": "Overture Maps Places",
        "sources": [
          "Overture Maps Places"
        ],
        "name_source": "Overture Maps Places",
        "overture_taxonomy": "argentine_restaurant",
        "overture_confidence": 0.85,
        "grid_id": "r3_c6"
      }
    },
    {
      "type": "Feature",
      "geometry": {
        "type": "Point",
        "coordinates": [
          1.9778726,
          41.2800477
        ]
      },
      "properties": {
        "osm_id": "node/12278447877",
        "name": "Efsane Istanbul",
        "display_name": "Efsane Istanbul",
        "category": "Restauración",
        "subcategory": "Comida rápida",
        "primary_tag": "amenity=fast_food",
        "amenity": "fast_food",
        "shop": null,
        "office": null,
        "tourism": null,
        "leisure": null,
        "wikidata": null,
        "website": null,
        "phone": null,
        "opening_hours": null,
        "addr_street": null,
        "addr_housenumber": null,
        "addr_postcode": null,
        "addr_city": null,
        "image": null,
        "wikimedia_commons": null,
        "mapillary": null,
        "source": "OpenStreetMap via Overpass API",
        "name_source": "OpenStreetMap",
        "grid_id": "r3_c6"
      }
    },
    {
      "type": "Feature",
      "geometry": {
        "type": "Point",
        "coordinates": [
          1.944465,
          41.2682593
        ]
      },
      "properties": {
        "osm_id": "node/2246642749",
        "name": "El Asador de Lem",
        "display_name": "El Asador de Lem",
        "category": "Restauración",
        "subcategory": "Restaurante",
        "primary_tag": "amenity=restaurant",
        "amenity": "restaurant",
        "shop": null,
        "office": null,
        "tourism": null,
        "leisure": null,
        "wikidata": null,
        "website": null,
        "phone": null,
        "opening_hours": null,
        "addr_street": null,
        "addr_housenumber": null,
        "addr_postcode": null,
        "addr_city": null,
        "image": null,
        "wikimedia_commons": null,
        "mapillary": null,
        "source": "OpenStreetMap via Overpass API",
        "name_source": "Overture Maps Places",
        "sources": [
          "OpenStreetMap via Overpass API",
          "Overture Maps Places"
        ],
        "overture_id": "3d51db2e-a5ea-4e17-83a0-7f0b62f4ae23",
        "overture_confidence": 0.997,
        "grid_id": "r1_c1"
      }
    },
    {
      "type": "Feature",
      "geometry": {
        "type": "Point",
        "coordinates": [
          1.98685199,
          41.28063376
        ]
      },
      "properties": {
        "osm_id": null,
        "overture_id": "68d23cc5-20ee-4575-90b7-86d20c589cd2",
        "name": "El Celler de Noa",
        "display_name": "El Celler de Noa",
        "category": "Restauración",
        "subcategory": "Restaurante",
        "primary_tag": "overture=restaurant",
        "source": "Overture Maps Places",
        "sources": [
          "Overture Maps Places"
        ],
        "name_source": "Overture Maps Places",
        "overture_taxonomy": "restaurant",
        "overture_confidence": 0.914,
        "grid_id": "r3_c8"
      }
    },
    {
      "type": "Feature",
      "geometry": {
        "type": "Point",
        "coordinates": [
          1.9519847,
          41.2705307
        ]
      },
      "properties": {
        "osm_id": "node/6461425689",
        "name": "El Elefante",
        "display_name": "El Elefante",
        "category": "Restauración",
        "subcategory": "Restaurante",
        "primary_tag": "amenity=restaurant",
        "amenity": "restaurant",
        "shop": null,
        "office": null,
        "tourism": null,
        "leisure": null,
        "wikidata": null,
        "website": "http://www.restaurantelefante.com/",
        "phone": "+34 936 65 21 32",
        "opening_hours": "Tu-Su 13:30-15:30,20:30-23:30",
        "addr_street": null,
        "addr_housenumber": null,
        "addr_postcode": null,
        "addr_city": null,
        "image": null,
        "wikimedia_commons": null,
        "mapillary": null,
        "source": "OpenStreetMap via Overpass API",
        "name_source": "OpenStreetMap",
        "sources": [
          "OpenStreetMap via Overpass API",
          "Overture Maps Places"
        ],
        "overture_id": "c02195be-16fb-401a-aa84-d62a9d0efe86",
        "overture_confidence": 0.951,
        "grid_id": "r1_c2"
      }
    },
    {
      "type": "Feature",
      "geometry": {
        "type": "Point",
        "coordinates": [
          1.9812111,
          41.2838904
        ]
      },
      "properties": {
        "osm_id": "node/9939980117",
        "name": "El Empedrado",
        "display_name": "El Empedrado",
        "category": "Restauración",
        "subcategory": "Cafetería",
        "primary_tag": "amenity=cafe",
        "amenity": "cafe",
        "shop": null,
        "office": null,
        "tourism": null,
        "leisure": null,
        "wikidata": null,
        "website": null,
        "phone": "+34 935 013 742",
        "opening_hours": "Mo-Su 08:00-11:00,12:00-14:00",
        "addr_street": null,
        "addr_housenumber": null,
        "addr_postcode": null,
        "addr_city": null,
        "image": null,
        "wikimedia_commons": null,
        "mapillary": null,
        "source": "OpenStreetMap via Overpass API",
        "name_source": "OpenStreetMap",
        "grid_id": "r4_c7"
      }
    },
    {
      "type": "Feature",
      "geometry": {
        "type": "Point",
        "coordinates": [
          1.9972845,
          41.2650269
        ]
      },
      "properties": {
        "osm_id": "node/5879045660",
        "name": "El Marítimo",
        "display_name": "El Marítimo",
        "category": "Restauración",
        "subcategory": "Restaurante",
        "primary_tag": "amenity=restaurant",
        "amenity": "restaurant",
        "shop": null,
        "office": null,
        "tourism": null,
        "leisure": null,
        "wikidata": null,
        "website": null,
        "phone": null,
        "opening_hours": null,
        "addr_street": null,
        "addr_housenumber": null,
        "addr_postcode": null,
        "addr_city": null,
        "image": null,
        "wikimedia_commons": null,
        "mapillary": null,
        "source": "OpenStreetMap via Overpass API",
        "name_source": "OpenStreetMap",
        "sources": [
          "OpenStreetMap via Overpass API",
          "Overture Maps Places"
        ],
        "overture_id": "0e84215f-52a1-484e-910e-dba35e5a00a2",
        "overture_confidence": 0.997,
        "grid_id": "r0_c10"
      }
    },
    {
      "type": "Feature",
      "geometry": {
        "type": "Point",
        "coordinates": [
          1.9797322,
          41.2794854
        ]
      },
      "properties": {
        "osm_id": "node/11622305090",
        "name": "El parxis de Molleda",
        "display_name": "El parxis de Molleda",
        "category": "Restauración",
        "subcategory": "Restaurante",
        "primary_tag": "amenity=restaurant",
        "amenity": "restaurant",
        "shop": null,
        "office": null,
        "tourism": null,
        "leisure": null,
        "wikidata": null,
        "website": null,
        "phone": null,
        "opening_hours": null,
        "addr_street": null,
        "addr_housenumber": null,
        "addr_postcode": null,
        "addr_city": null,
        "image": null,
        "wikimedia_commons": null,
        "mapillary": null,
        "source": "OpenStreetMap via Overpass API",
        "name_source": "OpenStreetMap",
        "sources": [
          "OpenStreetMap via Overpass API",
          "Overture Maps Places"
        ],
        "overture_id": "e6370924-4909-4a2f-9bb6-94a8a7af7159",
        "overture_confidence": 0.997,
        "grid_id": "r3_c7"
      }
    },
    {
      "type": "Feature",
      "geometry": {
        "type": "Point",
        "coordinates": [
          1.97139363,
          41.26586091
        ]
      },
      "properties": {
        "osm_id": null,
        "overture_id": "63c277de-71ac-4d72-ac29-a7aac9a9fa90",
        "name": "El Paso",
        "display_name": "El Paso",
        "category": "Restauración",
        "subcategory": "Bar de tapas",
        "primary_tag": "overture=tapas_bar",
        "source": "Overture Maps Places",
        "sources": [
          "Overture Maps Places"
        ],
        "name_source": "Overture Maps Places",
        "overture_taxonomy": "tapas_bar",
        "overture_confidence": 0.977,
        "grid_id": "r0_c5"
      }
    },
    {
      "type": "Feature",
      "geometry": {
        "type": "Point",
        "coordinates": [
          1.9786102,
          41.2755004
        ]
      },
      "properties": {
        "osm_id": "node/10204192184",
        "name": "El Patio Resto Bar",
        "display_name": "El Patio Resto Bar",
        "category": "Restauración",
        "subcategory": "Restaurante",
        "primary_tag": "amenity=restaurant",
        "amenity": "restaurant",
        "shop": null,
        "office": null,
        "tourism": null,
        "leisure": null,
        "wikidata": null,
        "website": null,
        "phone": null,
        "opening_hours": null,
        "addr_street": null,
        "addr_housenumber": null,
        "addr_postcode": null,
        "addr_city": null,
        "image": null,
        "wikimedia_commons": null,
        "mapillary": null,
        "source": "OpenStreetMap via Overpass API",
        "name_source": "Overture Maps Places",
        "sources": [
          "OpenStreetMap via Overpass API",
          "Overture Maps Places"
        ],
        "overture_id": "ae6cc654-f37f-4487-8c5d-dca53df05ae4",
        "overture_confidence": 0.905,
        "grid_id": "r2_c6"
      }
    },
    {
      "type": "Feature",
      "geometry": {
        "type": "Point",
        "coordinates": [
          1.9713386,
          41.2652002
        ]
      },
      "properties": {
        "osm_id": "node/2246317116",
        "name": "El Pendulo",
        "display_name": "El Pendulo",
        "category": "Restauración",
        "subcategory": "Restaurante",
        "primary_tag": "amenity=restaurant",
        "amenity": "restaurant",
        "shop": null,
        "office": null,
        "tourism": null,
        "leisure": null,
        "wikidata": null,
        "website": null,
        "phone": null,
        "opening_hours": null,
        "addr_street": null,
        "addr_housenumber": null,
        "addr_postcode": null,
        "addr_city": null,
        "image": null,
        "wikimedia_commons": null,
        "mapillary": null,
        "source": "OpenStreetMap via Overpass API",
        "name_source": "OpenStreetMap",
        "grid_id": "r0_c5"
      }
    },
    {
      "type": "Feature",
      "geometry": {
        "type": "Point",
        "coordinates": [
          1.9791634,
          41.274448
        ]
      },
      "properties": {
        "osm_id": "node/5223065123",
        "name": "El Petit",
        "display_name": "El Petit",
        "category": "Restauración",
        "subcategory": "Cafetería",
        "primary_tag": "amenity=cafe",
        "amenity": "cafe",
        "shop": null,
        "office": null,
        "tourism": null,
        "leisure": null,
        "wikidata": null,
        "website": null,
        "phone": null,
        "opening_hours": null,
        "addr_street": null,
        "addr_housenumber": null,
        "addr_postcode": null,
        "addr_city": null,
        "image": null,
        "wikimedia_commons": null,
        "mapillary": null,
        "source": "OpenStreetMap via Overpass API",
        "name_source": "OpenStreetMap",
        "grid_id": "r2_c7"
      }
    },
    {
      "type": "Feature",
      "geometry": {
        "type": "Point",
        "coordinates": [
          1.98197238,
          41.29193353
        ]
      },
      "properties": {
        "osm_id": null,
        "overture_id": "c4089c4e-d259-4072-a32b-06ad156dd50b",
        "name": "El Refugio",
        "display_name": "El Refugio",
        "category": "Restauración",
        "subcategory": "Restaurante",
        "primary_tag": "overture=restaurant",
        "source": "Overture Maps Places",
        "sources": [
          "Overture Maps Places"
        ],
        "name_source": "Overture Maps Places",
        "overture_taxonomy": "restaurant",
        "overture_confidence": 0.99,
        "grid_id": "r6_c7"
      }
    },
    {
      "type": "Feature",
      "geometry": {
        "type": "Point",
        "coordinates": [
          1.97144,
          41.2651955
        ]
      },
      "properties": {
        "osm_id": "node/9010136312",
        "name": "El Rincon De Lola",
        "display_name": "El Rincon De Lola",
        "category": "Restauración",
        "subcategory": "Restaurante",
        "primary_tag": "amenity=restaurant",
        "amenity": "restaurant",
        "shop": null,
        "office": null,
        "tourism": null,
        "leisure": null,
        "wikidata": null,
        "website": null,
        "phone": null,
        "opening_hours": null,
        "addr_street": null,
        "addr_housenumber": null,
        "addr_postcode": null,
        "addr_city": null,
        "image": null,
        "wikimedia_commons": null,
        "mapillary": null,
        "source": "OpenStreetMap via Overpass API",
        "name_source": "OpenStreetMap",
        "grid_id": "r0_c5"
      }
    },
    {
      "type": "Feature",
      "geometry": {
        "type": "Point",
        "coordinates": [
          1.9719391,
          41.2659816
        ]
      },
      "properties": {
        "osm_id": "node/1845175408",
        "name": "El Sidra d'Eva",
        "display_name": "El Sidra d'Eva",
        "category": "Restauración",
        "subcategory": "Restaurante",
        "primary_tag": "amenity=restaurant",
        "amenity": "restaurant",
        "shop": null,
        "office": null,
        "tourism": null,
        "leisure": null,
        "wikidata": null,
        "website": null,
        "phone": null,
        "opening_hours": null,
        "addr_street": null,
        "addr_housenumber": null,
        "addr_postcode": null,
        "addr_city": null,
        "image": null,
        "wikimedia_commons": null,
        "mapillary": null,
        "source": "OpenStreetMap via Overpass API",
        "name_source": "OpenStreetMap",
        "grid_id": "r0_c5"
      }
    },
    {
      "type": "Feature",
      "geometry": {
        "type": "Point",
        "coordinates": [
          1.9713333,
          41.2728792
        ]
      },
      "properties": {
        "osm_id": "node/2246438828",
        "name": "El Sitio",
        "display_name": "El Sitio",
        "category": "Restauración",
        "subcategory": "Restaurante",
        "primary_tag": "amenity=restaurant",
        "amenity": "restaurant",
        "shop": null,
        "office": null,
        "tourism": null,
        "leisure": null,
        "wikidata": null,
        "website": null,
        "phone": null,
        "opening_hours": null,
        "addr_street": null,
        "addr_housenumber": null,
        "addr_postcode": null,
        "addr_city": null,
        "image": null,
        "wikimedia_commons": null,
        "mapillary": null,
        "source": "OpenStreetMap via Overpass API",
        "name_source": "OpenStreetMap",
        "sources": [
          "OpenStreetMap via Overpass API",
          "Overture Maps Places"
        ],
        "overture_id": "beb8a427-b368-427e-85fd-9d186db5c953",
        "overture_confidence": 0.997,
        "panoramax_id": "8a22cd8b-e3d7-4b27-9390-da385587bb42",
        "panoramax_thumbnail_url": "https://panoramax.openstreetmap.fr/derivates/8a/22/cd/8b/e3d7-4b27-9390-da385587bb42/thumb.jpg",
        "panoramax_visual_url": "https://panoramax.openstreetmap.fr/derivates/8a/22/cd/8b/e3d7-4b27-9390-da385587bb42/sd.jpg",
        "panoramax_captured_at": "2020-07-08T14:58:47.700000",
        "panoramax_distance_m": 31,
        "panoramax_license": "CC-BY-SA-4.0",
        "panoramax_providers": [
          "yopaseopor"
        ],
        "panoramax_instance_name": "osm-fr",
        "panoramax_instance_url": "https://panoramax.openstreetmap.fr",
        "grid_id": "r2_c5"
      }
    },
    {
      "type": "Feature",
      "geometry": {
        "type": "Point",
        "coordinates": [
          1.98089433,
          41.28607333
        ]
      },
      "properties": {
        "osm_id": null,
        "overture_id": "3ee35c90-68ca-4e75-8df3-01e95dcbb67a",
        "name": "El Tap Gastrobar",
        "display_name": "El Tap Gastrobar",
        "category": "Restauración",
        "subcategory": "Bar de tapas",
        "primary_tag": "overture=tapas_bar",
        "source": "Overture Maps Places",
        "sources": [
          "Overture Maps Places"
        ],
        "name_source": "Overture Maps Places",
        "overture_taxonomy": "tapas_bar",
        "overture_confidence": 0.993,
        "grid_id": "r5_c7"
      }
    },
    {
      "type": "Feature",
      "geometry": {
        "type": "Point",
        "coordinates": [
          1.97841834,
          41.26563977
        ]
      },
      "properties": {
        "osm_id": null,
        "overture_id": "6e99b718-169e-49eb-a452-d8fba0bc1b64",
        "name": "El Txoko",
        "display_name": "El Txoko",
        "category": "Restauración",
        "subcategory": "Bar de tapas",
        "primary_tag": "overture=tapas_bar",
        "source": "Overture Maps Places",
        "sources": [
          "Overture Maps Places"
        ],
        "name_source": "Overture Maps Places",
        "overture_taxonomy": "tapas_bar",
        "overture_confidence": 0.991,
        "grid_id": "r0_c6"
      }
    },
    {
      "type": "Feature",
      "geometry": {
        "type": "Point",
        "coordinates": [
          1.988795126821689,
          41.265806043286254
        ]
      },
      "properties": {
        "osm_id": null,
        "overture_id": "d992c44e-9c8a-4dc0-b190-3d139006810a",
        "name": "elquinzecastelldefels",
        "display_name": "elquinzecastelldefels",
        "category": "Restauración",
        "subcategory": "Bar de tapas",
        "primary_tag": "overture=tapas_bar",
        "source": "Overture Maps Places",
        "sources": [
          "Overture Maps Places"
        ],
        "name_source": "Overture Maps Places",
        "overture_taxonomy": "tapas_bar",
        "overture_confidence": 0.989,
        "grid_id": "r0_c8"
      }
    },
    {
      "type": "Feature",
      "geometry": {
        "type": "Point",
        "coordinates": [
          1.977682,
          41.281176
        ]
      },
      "properties": {
        "osm_id": null,
        "overture_id": "dfec5080-6187-4ed9-8ae4-c5f516d73b9f",
        "name": "Entre Barriles",
        "display_name": "Entre Barriles",
        "category": "Restauración",
        "subcategory": "Bar de tapas",
        "primary_tag": "overture=tapas_bar",
        "source": "Overture Maps Places",
        "sources": [
          "Overture Maps Places"
        ],
        "name_source": "Overture Maps Places",
        "overture_taxonomy": "tapas_bar",
        "overture_confidence": 0.892,
        "grid_id": "r3_c6"
      }
    },
    {
      "type": "Feature",
      "geometry": {
        "type": "Point",
        "coordinates": [
          1.973669,
          41.279016
        ]
      },
      "properties": {
        "osm_id": null,
        "overture_id": "2c727779-896b-462c-a5ac-891da34c7938",
        "name": "Espai Sukha",
        "display_name": "Espai Sukha",
        "category": "Restauración",
        "subcategory": "Restaurante vegetariano",
        "primary_tag": "overture=vegetarian_restaurant",
        "source": "Overture Maps Places",
        "sources": [
          "Overture Maps Places"
        ],
        "name_source": "Overture Maps Places",
        "overture_taxonomy": "vegetarian_restaurant",
        "overture_confidence": 0.951,
        "grid_id": "r3_c6"
      }
    },
    {
      "type": "Feature",
      "geometry": {
        "type": "Point",
        "coordinates": [
          1.97883,
          41.26708
        ]
      },
      "properties": {
        "osm_id": null,
        "overture_id": "fb72ecf8-6de3-4563-a3d9-93a7b7d4ae98",
        "name": "Estanco 4 Castelldefels",
        "display_name": "Estanco 4 Castelldefels",
        "category": "Restauración",
        "subcategory": "Bar",
        "primary_tag": "overture=bar",
        "source": "Overture Maps Places",
        "sources": [
          "Overture Maps Places"
        ],
        "name_source": "Overture Maps Places",
        "overture_taxonomy": "bar",
        "overture_confidence": 0.88,
        "grid_id": "r0_c6"
      }
    },
    {
      "type": "Feature",
      "geometry": {
        "type": "Point",
        "coordinates": [
          1.97834055,
          41.28228988
        ]
      },
      "properties": {
        "osm_id": null,
        "overture_id": "45ab937c-ee1a-4b47-9832-b85611fcb7c3",
        "name": "FARO Vermuteria",
        "display_name": "FARO Vermuteria",
        "category": "Restauración",
        "subcategory": "Bar de tapas",
        "primary_tag": "overture=tapas_bar",
        "source": "Overture Maps Places",
        "sources": [
          "Overture Maps Places"
        ],
        "name_source": "Overture Maps Places",
        "overture_taxonomy": "tapas_bar",
        "overture_confidence": 0.907,
        "grid_id": "r4_c6"
      }
    },
    {
      "type": "Feature",
      "geometry": {
        "type": "Point",
        "coordinates": [
          1.97105693,
          41.26731823
        ]
      },
      "properties": {
        "osm_id": null,
        "overture_id": "de4b1180-6d79-447e-9c07-8cb2359d0524",
        "name": "Flamingo Cafe",
        "display_name": "Flamingo Cafe",
        "category": "Restauración",
        "subcategory": "Cafetería",
        "primary_tag": "overture=cafe",
        "source": "Overture Maps Places",
        "sources": [
          "Overture Maps Places"
        ],
        "name_source": "Overture Maps Places",
        "overture_taxonomy": "cafe",
        "overture_confidence": 0.984,
        "grid_id": "r0_c5"
      }
    },
    {
      "type": "Feature",
      "geometry": {
        "type": "Point",
        "coordinates": [
          1.9576808,
          41.2653897
        ]
      },
      "properties": {
        "osm_id": "node/2246383635",
        "name": "Fosbury Cafe",
        "display_name": "Fosbury Cafe",
        "category": "Restauración",
        "subcategory": "Restaurante",
        "primary_tag": "amenity=restaurant",
        "amenity": "restaurant",
        "shop": null,
        "office": null,
        "tourism": null,
        "leisure": null,
        "wikidata": null,
        "website": "https://fosburycafe.es/",
        "phone": "+34 936367372",
        "opening_hours": null,
        "addr_street": null,
        "addr_housenumber": null,
        "addr_postcode": null,
        "addr_city": null,
        "image": null,
        "wikimedia_commons": null,
        "mapillary": null,
        "source": "OpenStreetMap via Overpass API",
        "name_source": "OpenStreetMap",
        "sources": [
          "OpenStreetMap via Overpass API",
          "Overture Maps Places"
        ],
        "overture_id": "8cac397f-880f-4da2-abf2-5d3de51197e4",
        "overture_confidence": 0.984,
        "grid_id": "r0_c3"
      }
    },
    {
      "type": "Feature",
      "geometry": {
        "type": "Point",
        "coordinates": [
          1.9855458,
          41.2821379
        ]
      },
      "properties": {
        "osm_id": null,
        "overture_id": "eac6c845-c063-48da-8420-adc1b96cc1c0",
        "name": "Foster's Hollywood",
        "display_name": "Foster's Hollywood",
        "category": "Restauración",
        "subcategory": "Restaurante",
        "primary_tag": "overture=restaurant",
        "source": "Overture Maps Places",
        "sources": [
          "Overture Maps Places"
        ],
        "name_source": "Overture Maps Places",
        "overture_taxonomy": "restaurant",
        "overture_confidence": 0.85,
        "grid_id": "r4_c8"
      }
    },
    {
      "type": "Feature",
      "geometry": {
        "type": "Point",
        "coordinates": [
          1.97884564,
          41.28549709
        ]
      },
      "properties": {
        "osm_id": null,
        "overture_id": "73c45a33-33fa-4f16-b87a-8b8c2fb97bbf",
        "name": "Frankfurt 22",
        "display_name": "Frankfurt 22",
        "category": "Restauración",
        "subcategory": "Bar",
        "primary_tag": "overture=bar",
        "source": "Overture Maps Places",
        "sources": [
          "Overture Maps Places"
        ],
        "name_source": "Overture Maps Places",
        "overture_taxonomy": "bar",
        "overture_confidence": 0.939,
        "grid_id": "r4_c6"
      }
    },
    {
      "type": "Feature",
      "geometry": {
        "type": "Point",
        "coordinates": [
          1.97397,
          41.27525
        ]
      },
      "properties": {
        "osm_id": null,
        "overture_id": "4d0793fa-b536-4f4f-80a7-a378fbe91694",
        "name": "Frankfurt Castelldefels",
        "display_name": "Frankfurt Castelldefels",
        "category": "Restauración",
        "subcategory": "Bar",
        "primary_tag": "overture=bar",
        "source": "Overture Maps Places",
        "sources": [
          "Overture Maps Places"
        ],
        "name_source": "Overture Maps Places",
        "overture_taxonomy": "bar",
        "overture_confidence": 0.967,
        "grid_id": "r2_c6"
      }
    },
    {
      "type": "Feature",
      "geometry": {
        "type": "Point",
        "coordinates": [
          1.97771918,
          41.28122468
        ]
      },
      "properties": {
        "osm_id": null,
        "overture_id": "c5ddbdb1-d99d-4fed-9e2c-e84c61a0647e",
        "name": "Frankfurt Munich",
        "display_name": "Frankfurt Munich",
        "category": "Restauración",
        "subcategory": "Restaurante alemán",
        "primary_tag": "overture=german_restaurant",
        "source": "Overture Maps Places",
        "sources": [
          "Overture Maps Places"
        ],
        "name_source": "Overture Maps Places",
        "overture_taxonomy": "german_restaurant",
        "overture_confidence": 0.922,
        "grid_id": "r3_c6"
      }
    },
    {
      "type": "Feature",
      "geometry": {
        "type": "Point",
        "coordinates": [
          1.9553404,
          41.2653532
        ]
      },
      "properties": {
        "osm_id": "node/2326851355",
        "name": "Frankfurt's",
        "display_name": "Frankfurt's",
        "category": "Restauración",
        "subcategory": "Cafetería",
        "primary_tag": "amenity=cafe",
        "amenity": "cafe",
        "shop": null,
        "office": null,
        "tourism": null,
        "leisure": null,
        "wikidata": null,
        "website": null,
        "phone": null,
        "opening_hours": null,
        "addr_street": null,
        "addr_housenumber": null,
        "addr_postcode": null,
        "addr_city": null,
        "image": null,
        "wikimedia_commons": null,
        "mapillary": null,
        "source": "OpenStreetMap via Overpass API",
        "name_source": "OpenStreetMap",
        "grid_id": "r0_c2"
      }
    },
    {
      "type": "Feature",
      "geometry": {
        "type": "Point",
        "coordinates": [
          1.9772565,
          41.2802618
        ]
      },
      "properties": {
        "osm_id": "node/4469874234",
        "name": "Frankfurt’s Mailo’s",
        "display_name": "Frankfurt’s Mailo’s",
        "category": "Restauración",
        "subcategory": "Comida rápida",
        "primary_tag": "amenity=fast_food",
        "amenity": "fast_food",
        "shop": null,
        "office": null,
        "tourism": null,
        "leisure": null,
        "wikidata": null,
        "website": null,
        "phone": null,
        "opening_hours": null,
        "addr_street": null,
        "addr_housenumber": null,
        "addr_postcode": null,
        "addr_city": null,
        "image": null,
        "wikimedia_commons": null,
        "mapillary": null,
        "source": "OpenStreetMap via Overpass API",
        "name_source": "OpenStreetMap",
        "grid_id": "r3_c6"
      }
    },
    {
      "type": "Feature",
      "geometry": {
        "type": "Point",
        "coordinates": [
          1.9773954,
          41.2803986
        ]
      },
      "properties": {
        "osm_id": "node/12058722472",
        "name": "Frankfurt’s Mailo’s",
        "display_name": "Frankfurt’s Mailo’s",
        "category": "Restauración",
        "subcategory": "Comida rápida",
        "primary_tag": "amenity=fast_food",
        "amenity": "fast_food",
        "shop": null,
        "office": null,
        "tourism": null,
        "leisure": null,
        "wikidata": null,
        "website": null,
        "phone": null,
        "opening_hours": null,
        "addr_street": null,
        "addr_housenumber": null,
        "addr_postcode": null,
        "addr_city": null,
        "image": null,
        "wikimedia_commons": null,
        "mapillary": null,
        "source": "OpenStreetMap via Overpass API",
        "name_source": "OpenStreetMap",
        "grid_id": "r3_c6"
      }
    },
    {
      "type": "Feature",
      "geometry": {
        "type": "Point",
        "coordinates": [
          1.98561401,
          41.28254584
        ]
      },
      "properties": {
        "osm_id": null,
        "overture_id": "58e45fb4-c7bd-469a-8420-72e72f760d2c",
        "name": "Frankfurt's Original",
        "display_name": "Frankfurt's Original",
        "category": "Restauración",
        "subcategory": "Perritos calientes",
        "primary_tag": "overture=hot_dog_restaurant",
        "source": "Overture Maps Places",
        "sources": [
          "Overture Maps Places"
        ],
        "name_source": "Overture Maps Places",
        "overture_taxonomy": "hot_dog_restaurant",
        "overture_confidence": 0.98,
        "grid_id": "r4_c8"
      }
    },
    {
      "type": "Feature",
      "geometry": {
        "type": "Point",
        "coordinates": [
          1.9779996,
          41.2799594
        ]
      },
      "properties": {
        "osm_id": "node/12278203613",
        "name": "Gomfi",
        "display_name": "Gomfi",
        "category": "Restauración",
        "subcategory": "Pub",
        "primary_tag": "amenity=pub",
        "amenity": "pub",
        "shop": null,
        "office": null,
        "tourism": null,
        "leisure": null,
        "wikidata": null,
        "website": null,
        "phone": null,
        "opening_hours": null,
        "addr_street": null,
        "addr_housenumber": null,
        "addr_postcode": null,
        "addr_city": null,
        "image": null,
        "wikimedia_commons": null,
        "mapillary": null,
        "source": "OpenStreetMap via Overpass API",
        "name_source": "OpenStreetMap",
        "grid_id": "r3_c6"
      }
    },
    {
      "type": "Feature",
      "geometry": {
        "type": "Point",
        "coordinates": [
          1.988235,
          41.286675
        ]
      },
      "properties": {
        "osm_id": null,
        "overture_id": "1d508f6e-db89-4cff-b59b-cbee55ff9f55",
        "name": "Grup Solbar",
        "display_name": "Grup Solbar",
        "category": "Restauración",
        "subcategory": "Cafetería",
        "primary_tag": "overture=cafe",
        "source": "Overture Maps Places",
        "sources": [
          "Overture Maps Places"
        ],
        "name_source": "Overture Maps Places",
        "overture_taxonomy": "cafe",
        "overture_confidence": 0.855,
        "grid_id": "r5_c8"
      }
    },
    {
      "type": "Feature",
      "geometry": {
        "type": "Point",
        "coordinates": [
          1.9774123,
          41.2804895
        ]
      },
      "properties": {
        "osm_id": "node/12058722469",
        "name": "Guarinó",
        "display_name": "Guarinó",
        "category": "Restauración",
        "subcategory": "Comida rápida",
        "primary_tag": "amenity=fast_food",
        "amenity": "fast_food",
        "shop": null,
        "office": null,
        "tourism": null,
        "leisure": null,
        "wikidata": null,
        "website": null,
        "phone": null,
        "opening_hours": null,
        "addr_street": null,
        "addr_housenumber": null,
        "addr_postcode": null,
        "addr_city": null,
        "image": null,
        "wikimedia_commons": null,
        "mapillary": null,
        "source": "OpenStreetMap via Overpass API",
        "name_source": "OpenStreetMap",
        "grid_id": "r3_c6"
      }
    },
    {
      "type": "Feature",
      "geometry": {
        "type": "Point",
        "coordinates": [
          1.9715482,
          41.2643579
        ]
      },
      "properties": {
        "osm_id": "way/722961009",
        "name": "Guingueta 665",
        "display_name": "Guingueta 665",
        "category": "Restauración",
        "subcategory": "Bar",
        "primary_tag": "amenity=bar",
        "amenity": "bar",
        "shop": null,
        "office": null,
        "tourism": null,
        "leisure": null,
        "wikidata": null,
        "website": null,
        "phone": null,
        "opening_hours": null,
        "addr_street": null,
        "addr_housenumber": null,
        "addr_postcode": null,
        "addr_city": null,
        "image": null,
        "wikimedia_commons": null,
        "mapillary": null,
        "source": "OpenStreetMap via Overpass API",
        "name_source": "Overture Maps Places",
        "sources": [
          "OpenStreetMap via Overpass API",
          "Overture Maps Places"
        ],
        "overture_id": "d7e0d61d-8e04-4745-85e1-5f69d78a1757",
        "overture_confidence": 0.928,
        "grid_id": "r0_c5"
      }
    },
    {
      "type": "Feature",
      "geometry": {
        "type": "Point",
        "coordinates": [
          1.96776,
          41.2671815
        ]
      },
      "properties": {
        "osm_id": "way/1040615485",
        "name": "Hisako Umi",
        "display_name": "Hisako Umi",
        "category": "Restauración",
        "subcategory": "Restaurante",
        "primary_tag": "amenity=restaurant",
        "amenity": "restaurant",
        "shop": null,
        "office": null,
        "tourism": null,
        "leisure": null,
        "wikidata": null,
        "website": "https://restauranthisako.com/hisako-umi/",
        "phone": null,
        "opening_hours": null,
        "addr_street": null,
        "addr_housenumber": null,
        "addr_postcode": null,
        "addr_city": null,
        "image": null,
        "wikimedia_commons": null,
        "mapillary": null,
        "source": "OpenStreetMap via Overpass API",
        "name_source": "OpenStreetMap",
        "sources": [
          "OpenStreetMap via Overpass API",
          "Overture Maps Places"
        ],
        "overture_id": "aebe8fd0-089c-4ad5-a04e-eecb6b9fbe1a",
        "overture_confidence": 0.985,
        "grid_id": "r0_c5"
      }
    },
    {
      "type": "Feature",
      "geometry": {
        "type": "Point",
        "coordinates": [
          1.97722393,
          41.27910984
        ]
      },
      "properties": {
        "osm_id": null,
        "overture_id": "eafc1b6b-e09e-4ed8-a77d-6c94a93eb394",
        "name": "Hockey Cafè",
        "display_name": "Hockey Cafè",
        "category": "Restauración",
        "subcategory": "Cafetería",
        "primary_tag": "overture=cafe",
        "source": "Overture Maps Places",
        "sources": [
          "Overture Maps Places"
        ],
        "name_source": "Overture Maps Places",
        "overture_taxonomy": "cafe",
        "overture_confidence": 0.989,
        "grid_id": "r3_c6"
      }
    },
    {
      "type": "Feature",
      "geometry": {
        "type": "Point",
        "coordinates": [
          1.98068993,
          41.28667872
        ]
      },
      "properties": {
        "osm_id": null,
        "overture_id": "85f3aa32-7043-48d2-bed2-50aea586c500",
        "name": "Home Pizza",
        "display_name": "Home Pizza",
        "category": "Restauración",
        "subcategory": "Pizzería",
        "primary_tag": "overture=pizza_restaurant",
        "source": "Overture Maps Places",
        "sources": [
          "Overture Maps Places"
        ],
        "name_source": "Overture Maps Places",
        "overture_taxonomy": "pizza_restaurant",
        "overture_confidence": 0.96,
        "grid_id": "r5_c7"
      }
    },
    {
      "type": "Feature",
      "geometry": {
        "type": "Point",
        "coordinates": [
          1.9693657,
          41.2659966
        ]
      },
      "properties": {
        "osm_id": "node/9010093186",
        "name": "Honaku",
        "display_name": "Honaku",
        "category": "Restauración",
        "subcategory": "Restaurante",
        "primary_tag": "amenity=restaurant",
        "amenity": "restaurant",
        "shop": null,
        "office": null,
        "tourism": null,
        "leisure": null,
        "wikidata": null,
        "website": null,
        "phone": null,
        "opening_hours": null,
        "addr_street": null,
        "addr_housenumber": null,
        "addr_postcode": null,
        "addr_city": null,
        "image": null,
        "wikimedia_commons": null,
        "mapillary": null,
        "source": "OpenStreetMap via Overpass API",
        "name_source": "OpenStreetMap",
        "grid_id": "r0_c5"
      }
    },
    {
      "type": "Feature",
      "geometry": {
        "type": "Point",
        "coordinates": [
          1.956574165268,
          41.265125150879
        ]
      },
      "properties": {
        "osm_id": null,
        "overture_id": "644517e7-3bc4-44cf-92d6-a7c5794e9f8f",
        "name": "Ibiza Chiringuito",
        "display_name": "Ibiza Chiringuito",
        "category": "Restauración",
        "subcategory": "Bar",
        "primary_tag": "overture=bar",
        "source": "Overture Maps Places",
        "sources": [
          "Overture Maps Places"
        ],
        "name_source": "Overture Maps Places",
        "overture_taxonomy": "bar",
        "overture_confidence": 0.977,
        "grid_id": "r0_c3"
      }
    },
    {
      "type": "Feature",
      "geometry": {
        "type": "Point",
        "coordinates": [
          1.9508186,
          41.2641232
        ]
      },
      "properties": {
        "osm_id": "node/14201352802",
        "name": "Iguana",
        "display_name": "Iguana",
        "category": "Restauración",
        "subcategory": "Restaurante",
        "primary_tag": "amenity=restaurant",
        "amenity": "restaurant",
        "shop": null,
        "office": null,
        "tourism": null,
        "leisure": null,
        "wikidata": null,
        "website": null,
        "phone": null,
        "opening_hours": null,
        "addr_street": null,
        "addr_housenumber": null,
        "addr_postcode": null,
        "addr_city": null,
        "image": null,
        "wikimedia_commons": null,
        "mapillary": null,
        "source": "OpenStreetMap via Overpass API",
        "name_source": "OpenStreetMap",
        "sources": [
          "OpenStreetMap via Overpass API",
          "Overture Maps Places"
        ],
        "overture_id": "a15167bc-5763-4327-8c01-236da1b24fbf",
        "overture_confidence": 0.962,
        "grid_id": "r0_c2"
      }
    },
    {
      "type": "Feature",
      "geometry": {
        "type": "Point",
        "coordinates": [
          1.9680487,
          41.2659863
        ]
      },
      "properties": {
        "osm_id": "node/9010095070",
        "name": "il Piccolo Biondo",
        "display_name": "il Piccolo Biondo",
        "category": "Restauración",
        "subcategory": "Restaurante",
        "primary_tag": "amenity=restaurant",
        "amenity": "restaurant",
        "shop": null,
        "office": null,
        "tourism": null,
        "leisure": null,
        "wikidata": null,
        "website": null,
        "phone": null,
        "opening_hours": null,
        "addr_street": null,
        "addr_housenumber": null,
        "addr_postcode": null,
        "addr_city": null,
        "image": null,
        "wikimedia_commons": null,
        "mapillary": null,
        "source": "OpenStreetMap via Overpass API",
        "name_source": "OpenStreetMap",
        "grid_id": "r0_c5"
      }
    },
    {
      "type": "Feature",
      "geometry": {
        "type": "Point",
        "coordinates": [
          1.9878035,
          41.2891857
        ]
      },
      "properties": {
        "osm_id": "node/5801216353",
        "name": "imperfect cafe restaurant solidari",
        "display_name": "imperfect cafe restaurant solidari",
        "category": "Restauración",
        "subcategory": "Restaurante",
        "primary_tag": "amenity=restaurant",
        "amenity": "restaurant",
        "shop": null,
        "office": null,
        "tourism": null,
        "leisure": null,
        "wikidata": null,
        "website": null,
        "phone": null,
        "opening_hours": "Mo-Fr 08:30-19:30",
        "addr_street": null,
        "addr_housenumber": null,
        "addr_postcode": null,
        "addr_city": null,
        "image": null,
        "wikimedia_commons": null,
        "mapillary": null,
        "source": "OpenStreetMap via Overpass API",
        "name_source": "OpenStreetMap",
        "grid_id": "r5_c8"
      }
    },
    {
      "type": "Feature",
      "geometry": {
        "type": "Point",
        "coordinates": [
          1.9877996,
          41.28911338
        ]
      },
      "properties": {
        "osm_id": null,
        "overture_id": "f16a91d9-8fd9-4315-ae72-9281f2eed3f1",
        "name": "Imperfect Restaurant Solidari",
        "display_name": "Imperfect Restaurant Solidari",
        "category": "Restauración",
        "subcategory": "Restaurante",
        "primary_tag": "overture=theme_restaurant",
        "source": "Overture Maps Places",
        "sources": [
          "Overture Maps Places"
        ],
        "name_source": "Overture Maps Places",
        "overture_taxonomy": "theme_restaurant",
        "overture_confidence": 0.997,
        "grid_id": "r5_c8"
      }
    },
    {
      "type": "Feature",
      "geometry": {
        "type": "Point",
        "coordinates": [
          1.97131429,
          41.26746592
        ]
      },
      "properties": {
        "osm_id": null,
        "overture_id": "d7df0e36-7c73-47df-a8d1-e6cb97614321",
        "name": "INvitro",
        "display_name": "INvitro",
        "category": "Restauración",
        "subcategory": "Bar",
        "primary_tag": "overture=bar",
        "source": "Overture Maps Places",
        "sources": [
          "Overture Maps Places"
        ],
        "name_source": "Overture Maps Places",
        "overture_taxonomy": "bar",
        "overture_confidence": 0.983,
        "grid_id": "r0_c5"
      }
    },
    {
      "type": "Feature",
      "geometry": {
        "type": "Point",
        "coordinates": [
          1.970217,
          41.265781
        ]
      },
      "properties": {
        "osm_id": null,
        "overture_id": "060361ed-7aec-4ea2-93d5-9948c21bf1a3",
        "name": "Itaguay",
        "display_name": "Itaguay",
        "category": "Restauración",
        "subcategory": "Restaurante italiano",
        "primary_tag": "overture=italian_restaurant",
        "source": "Overture Maps Places",
        "sources": [
          "Overture Maps Places"
        ],
        "name_source": "Overture Maps Places",
        "overture_taxonomy": "italian_restaurant",
        "overture_confidence": 0.912,
        "grid_id": "r0_c5"
      }
    },
    {
      "type": "Feature",
      "geometry": {
        "type": "Point",
        "coordinates": [
          1.97632155,
          41.26577975
        ]
      },
      "properties": {
        "osm_id": null,
        "overture_id": "5c9223a5-c275-44b0-8603-7f91fb49994c",
        "name": "Itxaso Restaurant Lounge Club",
        "display_name": "Itxaso Restaurant Lounge Club",
        "category": "Restauración",
        "subcategory": "Restaurante",
        "primary_tag": "overture=spanish_restaurant",
        "source": "Overture Maps Places",
        "sources": [
          "Overture Maps Places"
        ],
        "name_source": "Overture Maps Places",
        "overture_taxonomy": "spanish_restaurant",
        "overture_confidence": 0.984,
        "grid_id": "r0_c6"
      }
    },
    {
      "type": "Feature",
      "geometry": {
        "type": "Point",
        "coordinates": [
          1.97136768,
          41.26696529
        ]
      },
      "properties": {
        "osm_id": null,
        "overture_id": "646a3a33-1c10-473c-964c-3ee275b3e3a5",
        "name": "Kamala",
        "display_name": "Kamala",
        "category": "Restauración",
        "subcategory": "Bar de tapas",
        "primary_tag": "overture=tapas_bar",
        "source": "Overture Maps Places",
        "sources": [
          "Overture Maps Places"
        ],
        "name_source": "Overture Maps Places",
        "overture_taxonomy": "tapas_bar",
        "overture_confidence": 0.981,
        "grid_id": "r0_c5"
      }
    },
    {
      "type": "Feature",
      "geometry": {
        "type": "Point",
        "coordinates": [
          1.9802693,
          41.2859076
        ]
      },
      "properties": {
        "osm_id": "node/5223065143",
        "name": "Kamarana",
        "display_name": "Kamarana",
        "category": "Restauración",
        "subcategory": "Bar",
        "primary_tag": "amenity=bar",
        "amenity": "bar",
        "shop": null,
        "office": null,
        "tourism": null,
        "leisure": null,
        "wikidata": null,
        "website": null,
        "phone": null,
        "opening_hours": null,
        "addr_street": null,
        "addr_housenumber": null,
        "addr_postcode": null,
        "addr_city": null,
        "image": null,
        "wikimedia_commons": null,
        "mapillary": null,
        "source": "OpenStreetMap via Overpass API",
        "name_source": "OpenStreetMap",
        "grid_id": "r4_c7"
      }
    },
    {
      "type": "Feature",
      "geometry": {
        "type": "Point",
        "coordinates": [
          1.9784289,
          41.279631
        ]
      },
      "properties": {
        "osm_id": "node/12278203616",
        "name": "Kapadokya",
        "display_name": "Kapadokya",
        "category": "Restauración",
        "subcategory": "Restaurante",
        "primary_tag": "amenity=restaurant",
        "amenity": "restaurant",
        "shop": null,
        "office": null,
        "tourism": null,
        "leisure": null,
        "wikidata": null,
        "website": null,
        "phone": null,
        "opening_hours": null,
        "addr_street": null,
        "addr_housenumber": null,
        "addr_postcode": null,
        "addr_city": null,
        "image": null,
        "wikimedia_commons": null,
        "mapillary": null,
        "source": "OpenStreetMap via Overpass API",
        "name_source": "OpenStreetMap",
        "sources": [
          "OpenStreetMap via Overpass API",
          "Overture Maps Places"
        ],
        "overture_id": "a118ba46-4208-4cfa-92a6-fef5999e90e3",
        "overture_confidence": 0.918,
        "grid_id": "r3_c6"
      }
    },
    {
      "type": "Feature",
      "geometry": {
        "type": "Point",
        "coordinates": [
          1.9575093,
          41.2667423
        ]
      },
      "properties": {
        "osm_id": "node/6501573778",
        "name": "Kebabish",
        "display_name": "Kebabish",
        "category": "Restauración",
        "subcategory": "Comida rápida",
        "primary_tag": "amenity=fast_food",
        "amenity": "fast_food",
        "shop": null,
        "office": null,
        "tourism": null,
        "leisure": null,
        "wikidata": null,
        "website": null,
        "phone": "+34 937 42 83 41",
        "opening_hours": null,
        "addr_street": null,
        "addr_housenumber": null,
        "addr_postcode": null,
        "addr_city": null,
        "image": null,
        "wikimedia_commons": null,
        "mapillary": null,
        "source": "OpenStreetMap via Overpass API",
        "name_source": "OpenStreetMap",
        "grid_id": "r0_c3"
      }
    },
    {
      "type": "Feature",
      "geometry": {
        "type": "Point",
        "coordinates": [
          1.9781634,
          41.2798266
        ]
      },
      "properties": {
        "osm_id": "node/6357787085",
        "name": "Ketterer",
        "display_name": "Ketterer",
        "category": "Restauración",
        "subcategory": "Cafetería",
        "primary_tag": "amenity=cafe",
        "amenity": "cafe",
        "shop": null,
        "office": null,
        "tourism": null,
        "leisure": null,
        "wikidata": null,
        "website": null,
        "phone": null,
        "opening_hours": null,
        "addr_street": null,
        "addr_housenumber": null,
        "addr_postcode": null,
        "addr_city": null,
        "image": null,
        "wikimedia_commons": null,
        "mapillary": null,
        "source": "OpenStreetMap via Overpass API",
        "name_source": "OpenStreetMap",
        "grid_id": "r3_c6"
      }
    },
    {
      "type": "Feature",
      "geometry": {
        "type": "Point",
        "coordinates": [
          1.9887705,
          41.2815982
        ]
      },
      "properties": {
        "osm_id": "way/630377791",
        "name": "KFC",
        "display_name": "KFC",
        "category": "Restauración",
        "subcategory": "Comida rápida",
        "primary_tag": "amenity=fast_food",
        "amenity": "fast_food",
        "shop": null,
        "office": null,
        "tourism": null,
        "leisure": null,
        "wikidata": null,
        "website": null,
        "phone": null,
        "opening_hours": null,
        "addr_street": null,
        "addr_housenumber": null,
        "addr_postcode": null,
        "addr_city": null,
        "image": null,
        "wikimedia_commons": null,
        "mapillary": null,
        "source": "OpenStreetMap via Overpass API",
        "name_source": "OpenStreetMap",
        "sources": [
          "OpenStreetMap via Overpass API",
          "Overture Maps Places"
        ],
        "overture_id": "5edc61ed-6d0b-4be7-a2a9-82a67ab39500",
        "overture_confidence": 0.998,
        "grid_id": "r4_c8"
      }
    },
    {
      "type": "Feature",
      "geometry": {
        "type": "Point",
        "coordinates": [
          1.9715694,
          41.2659675
        ]
      },
      "properties": {
        "osm_id": "node/1866261036",
        "name": "Kilometro Cero",
        "display_name": "Kilometro Cero",
        "category": "Restauración",
        "subcategory": "Bar",
        "primary_tag": "amenity=bar",
        "amenity": "bar",
        "shop": null,
        "office": null,
        "tourism": null,
        "leisure": null,
        "wikidata": null,
        "website": null,
        "phone": null,
        "opening_hours": null,
        "addr_street": null,
        "addr_housenumber": null,
        "addr_postcode": null,
        "addr_city": null,
        "image": null,
        "wikimedia_commons": null,
        "mapillary": null,
        "source": "OpenStreetMap via Overpass API",
        "name_source": "OpenStreetMap",
        "grid_id": "r0_c5"
      }
    },
    {
      "type": "Feature",
      "geometry": {
        "type": "Point",
        "coordinates": [
          1.97841114,
          41.28151857
        ]
      },
      "properties": {
        "osm_id": null,
        "overture_id": "b68cf4b3-7c61-425b-bfba-952b161cfbae",
        "name": "Kinza Castelldefels",
        "display_name": "Kinza Castelldefels",
        "category": "Restauración",
        "subcategory": "Restaurante georgiano",
        "primary_tag": "overture=georgian_restaurant",
        "source": "Overture Maps Places",
        "sources": [
          "Overture Maps Places"
        ],
        "name_source": "Overture Maps Places",
        "overture_taxonomy": "georgian_restaurant",
        "overture_confidence": 0.993,
        "grid_id": "r4_c6"
      }
    },
    {
      "type": "Feature",
      "geometry": {
        "type": "Point",
        "coordinates": [
          1.98324539,
          41.26944332
        ]
      },
      "properties": {
        "osm_id": null,
        "overture_id": "fe7f33b5-9fe9-48bb-9034-8e59543f4e23",
        "name": "Kinza Villa",
        "display_name": "Kinza Villa",
        "category": "Restauración",
        "subcategory": "Restaurante georgiano",
        "primary_tag": "overture=georgian_restaurant",
        "source": "Overture Maps Places",
        "sources": [
          "Overture Maps Places"
        ],
        "name_source": "Overture Maps Places",
        "overture_taxonomy": "georgian_restaurant",
        "overture_confidence": 0.971,
        "grid_id": "r1_c7"
      }
    },
    {
      "type": "Feature",
      "geometry": {
        "type": "Point",
        "coordinates": [
          1.9777446,
          41.2798929
        ]
      },
      "properties": {
        "osm_id": "node/12278447876",
        "name": "Kohsi",
        "display_name": "Kohsi",
        "category": "Restauración",
        "subcategory": "Cafetería",
        "primary_tag": "amenity=cafe",
        "amenity": "cafe",
        "shop": null,
        "office": null,
        "tourism": null,
        "leisure": null,
        "wikidata": null,
        "website": null,
        "phone": null,
        "opening_hours": null,
        "addr_street": null,
        "addr_housenumber": null,
        "addr_postcode": null,
        "addr_city": null,
        "image": null,
        "wikimedia_commons": null,
        "mapillary": null,
        "source": "OpenStreetMap via Overpass API",
        "name_source": "OpenStreetMap",
        "sources": [
          "OpenStreetMap via Overpass API",
          "Overture Maps Places"
        ],
        "overture_id": "0ce067b5-7906-4811-8099-e281abb53cdc",
        "overture_confidence": 0.992,
        "grid_id": "r3_c6"
      }
    },
    {
      "type": "Feature",
      "geometry": {
        "type": "Point",
        "coordinates": [
          1.9715848,
          41.2657811
        ]
      },
      "properties": {
        "osm_id": "node/7596338886",
        "name": "Kurtz & Gut",
        "display_name": "Kurtz & Gut",
        "category": "Restauración",
        "subcategory": "Comida rápida",
        "primary_tag": "amenity=fast_food",
        "amenity": "fast_food",
        "shop": null,
        "office": null,
        "tourism": null,
        "leisure": null,
        "wikidata": null,
        "website": null,
        "phone": null,
        "opening_hours": null,
        "addr_street": null,
        "addr_housenumber": null,
        "addr_postcode": null,
        "addr_city": null,
        "image": null,
        "wikimedia_commons": null,
        "mapillary": null,
        "source": "OpenStreetMap via Overpass API",
        "name_source": "OpenStreetMap",
        "grid_id": "r0_c5"
      }
    },
    {
      "type": "Feature",
      "geometry": {
        "type": "Point",
        "coordinates": [
          1.9708113,
          41.2675911
        ]
      },
      "properties": {
        "osm_id": "node/4934426221",
        "name": "La Bodegueta",
        "display_name": "La Bodegueta",
        "category": "Restauración",
        "subcategory": "Pub",
        "primary_tag": "amenity=pub",
        "amenity": "pub",
        "shop": null,
        "office": null,
        "tourism": null,
        "leisure": null,
        "wikidata": null,
        "website": "https://www.labodeguetaindieclub.net/",
        "phone": "+34 936362862",
        "opening_hours": "Su, Tu-Th 18:30-02:30; Fr-Sa 18:30-03:00",
        "addr_street": null,
        "addr_housenumber": null,
        "addr_postcode": null,
        "addr_city": null,
        "image": null,
        "wikimedia_commons": null,
        "mapillary": null,
        "source": "OpenStreetMap via Overpass API",
        "name_source": "OpenStreetMap",
        "grid_id": "r0_c5"
      }
    },
    {
      "type": "Feature",
      "geometry": {
        "type": "Point",
        "coordinates": [
          1.9709341,
          41.2659653
        ]
      },
      "properties": {
        "osm_id": "node/6430997585",
        "name": "La Canasta",
        "display_name": "La Canasta",
        "category": "Restauración",
        "subcategory": "Restaurante",
        "primary_tag": "amenity=restaurant",
        "amenity": "restaurant",
        "shop": null,
        "office": null,
        "tourism": null,
        "leisure": null,
        "wikidata": null,
        "website": null,
        "phone": null,
        "opening_hours": null,
        "addr_street": null,
        "addr_housenumber": null,
        "addr_postcode": null,
        "addr_city": null,
        "image": null,
        "wikimedia_commons": null,
        "mapillary": null,
        "source": "OpenStreetMap via Overpass API",
        "name_source": "OpenStreetMap",
        "grid_id": "r0_c5"
      }
    },
    {
      "type": "Feature",
      "geometry": {
        "type": "Point",
        "coordinates": [
          1.9764369,
          41.2674051
        ]
      },
      "properties": {
        "osm_id": "node/13525010801",
        "name": "La Canasta",
        "display_name": "La Canasta",
        "category": "Restauración",
        "subcategory": "Restaurante",
        "primary_tag": "amenity=restaurant",
        "amenity": "restaurant",
        "shop": null,
        "office": null,
        "tourism": null,
        "leisure": null,
        "wikidata": null,
        "website": null,
        "phone": null,
        "opening_hours": null,
        "addr_street": null,
        "addr_housenumber": null,
        "addr_postcode": null,
        "addr_city": null,
        "image": null,
        "wikimedia_commons": null,
        "mapillary": null,
        "source": "OpenStreetMap via Overpass API",
        "name_source": "OpenStreetMap",
        "sources": [
          "OpenStreetMap via Overpass API",
          "Overture Maps Places"
        ],
        "overture_id": "91078e86-4a47-4fbb-a6cf-7cd6426b66db",
        "overture_confidence": 0.998,
        "grid_id": "r0_c6"
      }
    },
    {
      "type": "Feature",
      "geometry": {
        "type": "Point",
        "coordinates": [
          1.9707371,
          41.2663271
        ]
      },
      "properties": {
        "osm_id": "node/13529659191",
        "name": "La Canija",
        "display_name": "La Canija",
        "category": "Restauración",
        "subcategory": "Restaurante",
        "primary_tag": "amenity=restaurant",
        "amenity": "restaurant",
        "shop": null,
        "office": null,
        "tourism": null,
        "leisure": null,
        "wikidata": null,
        "website": null,
        "phone": null,
        "opening_hours": null,
        "addr_street": null,
        "addr_housenumber": null,
        "addr_postcode": null,
        "addr_city": null,
        "image": null,
        "wikimedia_commons": null,
        "mapillary": null,
        "source": "OpenStreetMap via Overpass API",
        "name_source": "Overture Maps Places",
        "sources": [
          "OpenStreetMap via Overpass API",
          "Overture Maps Places"
        ],
        "overture_id": "751e661f-09df-4655-8ca9-ac3c5d85ed4e",
        "overture_confidence": 0.998,
        "grid_id": "r0_c5"
      }
    },
    {
      "type": "Feature",
      "geometry": {
        "type": "Point",
        "coordinates": [
          1.97299057,
          41.27849066
        ]
      },
      "properties": {
        "osm_id": null,
        "overture_id": "ec4673c8-ef92-4903-b502-b72abf14e8c8",
        "name": "La Cantineta de l'Alba",
        "display_name": "La Cantineta de l'Alba",
        "category": "Restauración",
        "subcategory": "Bar de tapas",
        "primary_tag": "overture=tapas_bar",
        "source": "Overture Maps Places",
        "sources": [
          "Overture Maps Places"
        ],
        "name_source": "Overture Maps Places",
        "overture_taxonomy": "tapas_bar",
        "overture_confidence": 0.99,
        "grid_id": "r3_c5"
      }
    },
    {
      "type": "Feature",
      "geometry": {
        "type": "Point",
        "coordinates": [
          1.97865555,
          41.28121284
        ]
      },
      "properties": {
        "osm_id": null,
        "overture_id": "1838384f-078e-4703-8408-4e8bf989dd74",
        "name": "La Fusta",
        "display_name": "La Fusta",
        "category": "Restauración",
        "subcategory": "Bar de tapas",
        "primary_tag": "overture=tapas_bar",
        "source": "Overture Maps Places",
        "sources": [
          "Overture Maps Places"
        ],
        "name_source": "Overture Maps Places",
        "overture_taxonomy": "tapas_bar",
        "overture_confidence": 0.99,
        "grid_id": "r3_c6"
      }
    },
    {
      "type": "Feature",
      "geometry": {
        "type": "Point",
        "coordinates": [
          1.97353,
          41.2657357
        ]
      },
      "properties": {
        "osm_id": "node/1865442902",
        "name": "La Gioconda",
        "display_name": "La Gioconda",
        "category": "Restauración",
        "subcategory": "Restaurante",
        "primary_tag": "amenity=restaurant",
        "amenity": "restaurant",
        "shop": null,
        "office": null,
        "tourism": null,
        "leisure": null,
        "wikidata": null,
        "website": null,
        "phone": null,
        "opening_hours": null,
        "addr_street": null,
        "addr_housenumber": null,
        "addr_postcode": null,
        "addr_city": null,
        "image": null,
        "wikimedia_commons": null,
        "mapillary": null,
        "source": "OpenStreetMap via Overpass API",
        "name_source": "OpenStreetMap",
        "grid_id": "r0_c6"
      }
    },
    {
      "type": "Feature",
      "geometry": {
        "type": "Point",
        "coordinates": [
          1.972505,
          41.267448
        ]
      },
      "properties": {
        "osm_id": null,
        "overture_id": "519693d2-2e0f-4e9f-ae29-92f24a92483b",
        "name": "La Isla",
        "display_name": "La Isla",
        "category": "Restauración",
        "subcategory": "Coctelería",
        "primary_tag": "overture=cocktail_bar",
        "source": "Overture Maps Places",
        "sources": [
          "Overture Maps Places"
        ],
        "name_source": "Overture Maps Places",
        "overture_taxonomy": "cocktail_bar",
        "overture_confidence": 0.954,
        "grid_id": "r0_c5"
      }
    },
    {
      "type": "Feature",
      "geometry": {
        "type": "Point",
        "coordinates": [
          1.96812424,
          41.26587919
        ]
      },
      "properties": {
        "osm_id": null,
        "overture_id": "feef6b12-f11f-4e07-8e53-7b3648dd16f4",
        "name": "La Lianta",
        "display_name": "La Lianta",
        "category": "Restauración",
        "subcategory": "Bar de tapas",
        "primary_tag": "overture=tapas_bar",
        "source": "Overture Maps Places",
        "sources": [
          "Overture Maps Places"
        ],
        "name_source": "Overture Maps Places",
        "overture_taxonomy": "tapas_bar",
        "overture_confidence": 0.983,
        "grid_id": "r0_c5"
      }
    },
    {
      "type": "Feature",
      "geometry": {
        "type": "Point",
        "coordinates": [
          1.9781783,
          41.2795676
        ]
      },
      "properties": {
        "osm_id": "node/12278203617",
        "name": "la marca",
        "display_name": "la marca",
        "category": "Restauración",
        "subcategory": "Comida rápida",
        "primary_tag": "amenity=fast_food",
        "amenity": "fast_food",
        "shop": null,
        "office": null,
        "tourism": null,
        "leisure": null,
        "wikidata": null,
        "website": null,
        "phone": null,
        "opening_hours": null,
        "addr_street": null,
        "addr_housenumber": null,
        "addr_postcode": null,
        "addr_city": null,
        "image": null,
        "wikimedia_commons": null,
        "mapillary": null,
        "source": "OpenStreetMap via Overpass API",
        "name_source": "OpenStreetMap",
        "grid_id": "r3_c6"
      }
    },
    {
      "type": "Feature",
      "geometry": {
        "type": "Point",
        "coordinates": [
          1.9815249,
          41.2713207
        ]
      },
      "properties": {
        "osm_id": "node/5938571987",
        "name": "La Mesa",
        "display_name": "La Mesa",
        "category": "Restauración",
        "subcategory": "Restaurante",
        "primary_tag": "amenity=restaurant",
        "amenity": "restaurant",
        "shop": null,
        "office": null,
        "tourism": null,
        "leisure": null,
        "wikidata": null,
        "website": null,
        "phone": "+34 936 654 731",
        "opening_hours": "Mo-Su 13:00-16:00,19:00-23:00",
        "addr_street": null,
        "addr_housenumber": null,
        "addr_postcode": null,
        "addr_city": null,
        "image": null,
        "wikimedia_commons": null,
        "mapillary": null,
        "source": "OpenStreetMap via Overpass API",
        "name_source": "OpenStreetMap",
        "sources": [
          "OpenStreetMap via Overpass API",
          "Overture Maps Places"
        ],
        "overture_id": "40312618-9e5d-4cfc-ac30-7a6c718827c5",
        "overture_confidence": 0.986,
        "grid_id": "r1_c7"
      }
    },
    {
      "type": "Feature",
      "geometry": {
        "type": "Point",
        "coordinates": [
          1.98147923,
          41.28422548
        ]
      },
      "properties": {
        "osm_id": null,
        "overture_id": "13569a47-f9ba-4ca8-9c6f-fb2303b32401",
        "name": "La Paca",
        "display_name": "La Paca",
        "category": "Restauración",
        "subcategory": "Cafetería",
        "primary_tag": "overture=coffee_shop",
        "source": "Overture Maps Places",
        "sources": [
          "Overture Maps Places"
        ],
        "name_source": "Overture Maps Places",
        "overture_taxonomy": "coffee_shop",
        "overture_confidence": 0.913,
        "grid_id": "r4_c7"
      }
    },
    {
      "type": "Feature",
      "geometry": {
        "type": "Point",
        "coordinates": [
          1.983722,
          41.2699233
        ]
      },
      "properties": {
        "osm_id": "node/4685701789",
        "name": "La Pampa",
        "display_name": "La Pampa",
        "category": "Restauración",
        "subcategory": "Restaurante",
        "primary_tag": "amenity=restaurant",
        "amenity": "restaurant",
        "shop": null,
        "office": null,
        "tourism": null,
        "leisure": null,
        "wikidata": null,
        "website": "https://restaurantelapampa.es/",
        "phone": "+34936650076",
        "opening_hours": null,
        "addr_street": null,
        "addr_housenumber": null,
        "addr_postcode": null,
        "addr_city": null,
        "image": null,
        "wikimedia_commons": null,
        "mapillary": null,
        "source": "OpenStreetMap via Overpass API",
        "name_source": "OpenStreetMap",
        "sources": [
          "OpenStreetMap via Overpass API",
          "Overture Maps Places"
        ],
        "overture_id": "e5fe88f2-c924-4c5d-86ec-ef1686e16376",
        "overture_confidence": 0.998,
        "grid_id": "r1_c7"
      }
    },
    {
      "type": "Feature",
      "geometry": {
        "type": "Point",
        "coordinates": [
          1.97155689,
          41.26631286
        ]
      },
      "properties": {
        "osm_id": null,
        "overture_id": "d04f4c5a-6915-4b58-b398-0dd4680ba2d4",
        "name": "La Posada del Cano",
        "display_name": "La Posada del Cano",
        "category": "Restauración",
        "subcategory": "Bar de tapas",
        "primary_tag": "overture=tapas_bar",
        "source": "Overture Maps Places",
        "sources": [
          "Overture Maps Places"
        ],
        "name_source": "Overture Maps Places",
        "overture_taxonomy": "tapas_bar",
        "overture_confidence": 0.984,
        "grid_id": "r0_c5"
      }
    },
    {
      "type": "Feature",
      "geometry": {
        "type": "Point",
        "coordinates": [
          1.9715276,
          41.2663508
        ]
      },
      "properties": {
        "osm_id": "node/12093270701",
        "name": "La Posada Steak House",
        "display_name": "La Posada Steak House",
        "category": "Restauración",
        "subcategory": "Restaurante",
        "primary_tag": "amenity=restaurant",
        "amenity": "restaurant",
        "shop": null,
        "office": null,
        "tourism": null,
        "leisure": null,
        "wikidata": null,
        "website": null,
        "phone": null,
        "opening_hours": null,
        "addr_street": null,
        "addr_housenumber": null,
        "addr_postcode": null,
        "addr_city": null,
        "image": null,
        "wikimedia_commons": null,
        "mapillary": null,
        "source": "OpenStreetMap via Overpass API",
        "name_source": "OpenStreetMap",
        "grid_id": "r0_c5"
      }
    },
    {
      "type": "Feature",
      "geometry": {
        "type": "Point",
        "coordinates": [
          1.9676895,
          41.265921
        ]
      },
      "properties": {
        "osm_id": "node/9010095069",
        "name": "La Tagliatella",
        "display_name": "La Tagliatella",
        "category": "Restauración",
        "subcategory": "Restaurante",
        "primary_tag": "amenity=restaurant",
        "amenity": "restaurant",
        "shop": null,
        "office": null,
        "tourism": null,
        "leisure": null,
        "wikidata": null,
        "website": "https://www.latagliatella.es/ca",
        "phone": null,
        "opening_hours": null,
        "addr_street": null,
        "addr_housenumber": null,
        "addr_postcode": null,
        "addr_city": null,
        "image": null,
        "wikimedia_commons": null,
        "mapillary": null,
        "source": "OpenStreetMap via Overpass API",
        "name_source": "OpenStreetMap",
        "sources": [
          "OpenStreetMap via Overpass API",
          "Overture Maps Places"
        ],
        "overture_id": "4b57cb02-a5b2-4cc5-8a8c-59b279bf1833",
        "overture_confidence": 0.991,
        "grid_id": "r0_c5"
      }
    },
    {
      "type": "Feature",
      "geometry": {
        "type": "Point",
        "coordinates": [
          1.98604162,
          41.28284686
        ]
      },
      "properties": {
        "osm_id": null,
        "overture_id": "e49b3d98-1203-4acc-8aea-024bb584a1e1",
        "name": "La Tagliatella",
        "display_name": "La Tagliatella",
        "category": "Restauración",
        "subcategory": "Restaurante italiano",
        "primary_tag": "overture=italian_restaurant",
        "source": "Overture Maps Places",
        "sources": [
          "Overture Maps Places"
        ],
        "name_source": "Overture Maps Places",
        "overture_taxonomy": "italian_restaurant",
        "overture_confidence": 1,
        "grid_id": "r4_c8"
      }
    },
    {
      "type": "Feature",
      "geometry": {
        "type": "Point",
        "coordinates": [
          1.97689882,
          41.27933395
        ]
      },
      "properties": {
        "osm_id": null,
        "overture_id": "2f60cf79-8b78-4990-919e-c10498816b26",
        "name": "La Teva Cuina Castelldefels",
        "display_name": "La Teva Cuina Castelldefels",
        "category": "Restauración",
        "subcategory": "Restaurante español",
        "primary_tag": "overture=spanish_restaurant",
        "source": "Overture Maps Places",
        "sources": [
          "Overture Maps Places"
        ],
        "name_source": "Overture Maps Places",
        "overture_taxonomy": "spanish_restaurant",
        "overture_confidence": 0.874,
        "grid_id": "r3_c6"
      }
    },
    {
      "type": "Feature",
      "geometry": {
        "type": "Point",
        "coordinates": [
          1.9668365,
          41.2656083
        ]
      },
      "properties": {
        "osm_id": "node/9010095067",
        "name": "La Toja",
        "display_name": "La Toja",
        "category": "Restauración",
        "subcategory": "Restaurante",
        "primary_tag": "amenity=restaurant",
        "amenity": "restaurant",
        "shop": null,
        "office": null,
        "tourism": null,
        "leisure": null,
        "wikidata": null,
        "website": null,
        "phone": null,
        "opening_hours": null,
        "addr_street": null,
        "addr_housenumber": null,
        "addr_postcode": null,
        "addr_city": null,
        "image": null,
        "wikimedia_commons": null,
        "mapillary": null,
        "source": "OpenStreetMap via Overpass API",
        "name_source": "OpenStreetMap",
        "sources": [
          "OpenStreetMap via Overpass API",
          "Overture Maps Places"
        ],
        "overture_id": "c0e520dc-4988-48f9-8270-254563edf94b",
        "overture_confidence": 1,
        "grid_id": "r0_c4"
      }
    },
    {
      "type": "Feature",
      "geometry": {
        "type": "Point",
        "coordinates": [
          1.98584282,
          41.28246787
        ]
      },
      "properties": {
        "osm_id": null,
        "overture_id": "ef616c77-e652-480f-b861-daaddc11a13e",
        "name": "La Torradeta",
        "display_name": "La Torradeta",
        "category": "Restauración",
        "subcategory": "Restaurante español",
        "primary_tag": "overture=spanish_restaurant",
        "source": "Overture Maps Places",
        "sources": [
          "Overture Maps Places"
        ],
        "name_source": "Overture Maps Places",
        "overture_taxonomy": "spanish_restaurant",
        "overture_confidence": 0.998,
        "grid_id": "r4_c8"
      }
    },
    {
      "type": "Feature",
      "geometry": {
        "type": "Point",
        "coordinates": [
          1.9816446,
          41.27108219
        ]
      },
      "properties": {
        "osm_id": null,
        "overture_id": "8f036b01-cec6-4828-8fad-0a9c3f7d7a69",
        "name": "La Vermut Castelldefels",
        "display_name": "La Vermut Castelldefels",
        "category": "Restauración",
        "subcategory": "Restaurante español",
        "primary_tag": "overture=spanish_restaurant",
        "source": "Overture Maps Places",
        "sources": [
          "Overture Maps Places"
        ],
        "name_source": "Overture Maps Places",
        "overture_taxonomy": "spanish_restaurant",
        "overture_confidence": 0.95,
        "grid_id": "r1_c7"
      }
    },
    {
      "type": "Feature",
      "geometry": {
        "type": "Point",
        "coordinates": [
          1.9768807,
          41.2784524
        ]
      },
      "properties": {
        "osm_id": "node/8808373374",
        "name": "La Vespilla Centric",
        "display_name": "La Vespilla Centric",
        "category": "Restauración",
        "subcategory": "Restaurante",
        "primary_tag": "amenity=restaurant",
        "amenity": "restaurant",
        "shop": null,
        "office": null,
        "tourism": null,
        "leisure": null,
        "wikidata": null,
        "website": null,
        "phone": null,
        "opening_hours": null,
        "addr_street": null,
        "addr_housenumber": null,
        "addr_postcode": null,
        "addr_city": null,
        "image": null,
        "wikimedia_commons": null,
        "mapillary": null,
        "source": "OpenStreetMap via Overpass API",
        "name_source": "OpenStreetMap",
        "grid_id": "r3_c6"
      }
    },
    {
      "type": "Feature",
      "geometry": {
        "type": "Point",
        "coordinates": [
          1.9708993,
          41.2675928
        ]
      },
      "properties": {
        "osm_id": "node/4934422922",
        "name": "La Vida Sigue",
        "display_name": "La Vida Sigue",
        "category": "Restauración",
        "subcategory": "Restaurante",
        "primary_tag": "amenity=restaurant",
        "amenity": "restaurant",
        "shop": null,
        "office": null,
        "tourism": null,
        "leisure": null,
        "wikidata": null,
        "website": null,
        "phone": null,
        "opening_hours": null,
        "addr_street": null,
        "addr_housenumber": null,
        "addr_postcode": null,
        "addr_city": null,
        "image": null,
        "wikimedia_commons": null,
        "mapillary": null,
        "source": "OpenStreetMap via Overpass API",
        "name_source": "OpenStreetMap",
        "grid_id": "r0_c5"
      }
    },
    {
      "type": "Feature",
      "geometry": {
        "type": "Point",
        "coordinates": [
          1.978887,
          41.2794859
        ]
      },
      "properties": {
        "osm_id": "node/12278224644",
        "name": "La yaya Clara",
        "display_name": "La yaya Clara",
        "category": "Restauración",
        "subcategory": "Cafetería",
        "primary_tag": "amenity=cafe",
        "amenity": "cafe",
        "shop": null,
        "office": null,
        "tourism": null,
        "leisure": null,
        "wikidata": null,
        "website": null,
        "phone": null,
        "opening_hours": null,
        "addr_street": null,
        "addr_housenumber": null,
        "addr_postcode": null,
        "addr_city": null,
        "image": null,
        "wikimedia_commons": null,
        "mapillary": null,
        "source": "OpenStreetMap via Overpass API",
        "name_source": "OpenStreetMap",
        "sources": [
          "OpenStreetMap via Overpass API",
          "Overture Maps Places"
        ],
        "overture_id": "629e6642-fa86-4773-8bcb-c351e4c79d09",
        "overture_confidence": 0.862,
        "grid_id": "r3_c6"
      }
    },
    {
      "type": "Feature",
      "geometry": {
        "type": "Point",
        "coordinates": [
          1.97429809,
          41.27831321
        ]
      },
      "properties": {
        "osm_id": null,
        "overture_id": "7c37b6da-6d25-4296-a616-7396633ed318",
        "name": "LaMarca",
        "display_name": "LaMarca",
        "category": "Restauración",
        "subcategory": "Restaurante catalán",
        "primary_tag": "overture=catalan_restaurant",
        "source": "Overture Maps Places",
        "sources": [
          "Overture Maps Places"
        ],
        "name_source": "Overture Maps Places",
        "overture_taxonomy": "catalan_restaurant",
        "overture_confidence": 0.935,
        "grid_id": "r3_c6"
      }
    },
    {
      "type": "Feature",
      "geometry": {
        "type": "Point",
        "coordinates": [
          1.9586985,
          41.2677123
        ]
      },
      "properties": {
        "osm_id": "node/8396880217",
        "name": "Las Botas",
        "display_name": "Las Botas",
        "category": "Restauración",
        "subcategory": "Restaurante",
        "primary_tag": "amenity=restaurant",
        "amenity": "restaurant",
        "shop": null,
        "office": null,
        "tourism": null,
        "leisure": null,
        "wikidata": null,
        "website": null,
        "phone": null,
        "opening_hours": null,
        "addr_street": null,
        "addr_housenumber": null,
        "addr_postcode": null,
        "addr_city": null,
        "image": null,
        "wikimedia_commons": null,
        "mapillary": null,
        "source": "OpenStreetMap via Overpass API",
        "name_source": "OpenStreetMap",
        "sources": [
          "OpenStreetMap via Overpass API",
          "Overture Maps Places"
        ],
        "overture_id": "e66e7223-b99a-46cb-83b0-010f580c4660",
        "overture_confidence": 0.988,
        "panoramax_id": "5309ffa7-6fe4-4071-96ee-4b11dee94086",
        "panoramax_thumbnail_url": "https://panoramax.openstreetmap.fr/derivates/53/09/ff/a7/6fe4-4071-96ee-4b11dee94086/thumb.jpg",
        "panoramax_visual_url": "https://panoramax.openstreetmap.fr/derivates/53/09/ff/a7/6fe4-4071-96ee-4b11dee94086/sd.jpg",
        "panoramax_captured_at": "2020-07-08T14:59:29.400000",
        "panoramax_distance_m": 23.5,
        "panoramax_license": "CC-BY-SA-4.0",
        "panoramax_providers": [
          "yopaseopor"
        ],
        "panoramax_instance_name": "osm-fr",
        "panoramax_instance_url": "https://panoramax.openstreetmap.fr",
        "grid_id": "r0_c3"
      }
    },
    {
      "type": "Feature",
      "geometry": {
        "type": "Point",
        "coordinates": [
          1.9780316,
          41.2796895
        ]
      },
      "properties": {
        "osm_id": "node/12278203620",
        "name": "las muns",
        "display_name": "las muns",
        "category": "Restauración",
        "subcategory": "Pub",
        "primary_tag": "amenity=pub",
        "amenity": "pub",
        "shop": null,
        "office": null,
        "tourism": null,
        "leisure": null,
        "wikidata": null,
        "website": null,
        "phone": null,
        "opening_hours": null,
        "addr_street": null,
        "addr_housenumber": null,
        "addr_postcode": null,
        "addr_city": null,
        "image": null,
        "wikimedia_commons": null,
        "mapillary": null,
        "source": "OpenStreetMap via Overpass API",
        "name_source": "OpenStreetMap",
        "grid_id": "r3_c6"
      }
    },
    {
      "type": "Feature",
      "geometry": {
        "type": "Point",
        "coordinates": [
          1.97796311,
          41.28197313
        ]
      },
      "properties": {
        "osm_id": null,
        "overture_id": "cf1a3fe4-e3dd-47ee-800f-a63251958ffc",
        "name": "Lilo Poke Castelldefels",
        "display_name": "Lilo Poke Castelldefels",
        "category": "Restauración",
        "subcategory": "Restaurante poke",
        "primary_tag": "overture=poke_restaurant",
        "source": "Overture Maps Places",
        "sources": [
          "Overture Maps Places"
        ],
        "name_source": "Overture Maps Places",
        "overture_taxonomy": "poke_restaurant",
        "overture_confidence": 0.987,
        "grid_id": "r4_c6"
      }
    },
    {
      "type": "Feature",
      "geometry": {
        "type": "Point",
        "coordinates": [
          1.9443741,
          41.266478
        ]
      },
      "properties": {
        "osm_id": "node/2306110302",
        "name": "Lloret",
        "display_name": "Lloret",
        "category": "Restauración",
        "subcategory": "Restaurante",
        "primary_tag": "amenity=restaurant",
        "amenity": "restaurant",
        "shop": null,
        "office": null,
        "tourism": null,
        "leisure": null,
        "wikidata": null,
        "website": null,
        "phone": null,
        "opening_hours": "Tu-Sa 08:00-18:00",
        "addr_street": null,
        "addr_housenumber": null,
        "addr_postcode": null,
        "addr_city": null,
        "image": null,
        "wikimedia_commons": null,
        "mapillary": null,
        "source": "OpenStreetMap via Overpass API",
        "name_source": "OpenStreetMap",
        "sources": [
          "OpenStreetMap via Overpass API",
          "Overture Maps Places"
        ],
        "overture_id": "b7c6d146-d47a-4652-9ac5-5e676113ec33",
        "overture_confidence": 0.998,
        "grid_id": "r0_c1"
      }
    },
    {
      "type": "Feature",
      "geometry": {
        "type": "Point",
        "coordinates": [
          1.97146767,
          41.26760987
        ]
      },
      "properties": {
        "osm_id": null,
        "overture_id": "f2b10602-acbe-4ea7-991f-1023a8b3c6b6",
        "name": "Localito",
        "display_name": "Localito",
        "category": "Restauración",
        "subcategory": "Coctelería",
        "primary_tag": "overture=cocktail_bar",
        "source": "Overture Maps Places",
        "sources": [
          "Overture Maps Places"
        ],
        "name_source": "Overture Maps Places",
        "overture_taxonomy": "cocktail_bar",
        "overture_confidence": 0.989,
        "grid_id": "r0_c5"
      }
    },
    {
      "type": "Feature",
      "geometry": {
        "type": "Point",
        "coordinates": [
          1.98171226,
          41.28599273
        ]
      },
      "properties": {
        "osm_id": null,
        "overture_id": "9d120b5b-0e21-48b8-8937-c85698930f27",
        "name": "Luckia Café",
        "display_name": "Luckia Café",
        "category": "Restauración",
        "subcategory": "Cafetería",
        "primary_tag": "overture=sports_bar",
        "source": "Overture Maps Places",
        "sources": [
          "Overture Maps Places"
        ],
        "name_source": "Overture Maps Places",
        "overture_taxonomy": "sports_bar",
        "overture_confidence": 0.908,
        "grid_id": "r5_c7"
      }
    },
    {
      "type": "Feature",
      "geometry": {
        "type": "Point",
        "coordinates": [
          1.97751535,
          41.28007431
        ]
      },
      "properties": {
        "osm_id": null,
        "overture_id": "304de9de-ce47-4c1f-b82a-6c58c834c64c",
        "name": "Mailo's Frankfurt Plaça",
        "display_name": "Mailo's Frankfurt Plaça",
        "category": "Restauración",
        "subcategory": "Restaurante",
        "primary_tag": "overture=restaurant",
        "source": "Overture Maps Places",
        "sources": [
          "Overture Maps Places"
        ],
        "name_source": "Overture Maps Places",
        "overture_taxonomy": "restaurant",
        "overture_confidence": 0.979,
        "grid_id": "r3_c6"
      }
    },
    {
      "type": "Feature",
      "geometry": {
        "type": "Point",
        "coordinates": [
          1.9873231,
          41.2654743
        ]
      },
      "properties": {
        "osm_id": "node/11656051006",
        "name": "Mambo Beach",
        "display_name": "Mambo Beach",
        "category": "Restauración",
        "subcategory": "Restaurante",
        "primary_tag": "amenity=restaurant",
        "amenity": "restaurant",
        "shop": null,
        "office": null,
        "tourism": null,
        "leisure": null,
        "wikidata": null,
        "website": null,
        "phone": null,
        "opening_hours": null,
        "addr_street": null,
        "addr_housenumber": null,
        "addr_postcode": null,
        "addr_city": null,
        "image": null,
        "wikimedia_commons": null,
        "mapillary": null,
        "source": "OpenStreetMap via Overpass API",
        "name_source": "OpenStreetMap",
        "sources": [
          "OpenStreetMap via Overpass API",
          "Overture Maps Places"
        ],
        "overture_id": "c17a4a35-22ee-4d88-906b-9b438f29fbc0",
        "overture_confidence": 0.998,
        "grid_id": "r0_c8"
      }
    },
    {
      "type": "Feature",
      "geometry": {
        "type": "Point",
        "coordinates": [
          1.9867109,
          41.2651383
        ]
      },
      "properties": {
        "osm_id": "node/11656051004",
        "name": "Marae",
        "display_name": "Marae",
        "category": "Restauración",
        "subcategory": "Restaurante",
        "primary_tag": "amenity=restaurant",
        "amenity": "restaurant",
        "shop": null,
        "office": null,
        "tourism": null,
        "leisure": null,
        "wikidata": null,
        "website": "https://marae.tibu-ron.com/marae/",
        "phone": "+34 93 6647487",
        "opening_hours": "Mo-Fr 11:00-01:00; Sa-Su 10:00-01:00",
        "addr_street": null,
        "addr_housenumber": null,
        "addr_postcode": null,
        "addr_city": null,
        "image": null,
        "wikimedia_commons": null,
        "mapillary": null,
        "source": "OpenStreetMap via Overpass API",
        "name_source": "OpenStreetMap",
        "sources": [
          "OpenStreetMap via Overpass API",
          "Overture Maps Places"
        ],
        "overture_id": "5e44571c-2f90-4236-94f4-3e4eea8d320a",
        "overture_confidence": 0.992,
        "grid_id": "r0_c8"
      }
    },
    {
      "type": "Feature",
      "geometry": {
        "type": "Point",
        "coordinates": [
          1.9904352,
          41.2651122
        ]
      },
      "properties": {
        "osm_id": "node/11656051020",
        "name": "Marchalo",
        "display_name": "Marchalo",
        "category": "Restauración",
        "subcategory": "Restaurante",
        "primary_tag": "amenity=restaurant",
        "amenity": "restaurant",
        "shop": null,
        "office": null,
        "tourism": null,
        "leisure": null,
        "wikidata": null,
        "website": "https://www.marchalocastelldefels.com/contacta/",
        "phone": "+34 93 6599297",
        "opening_hours": "Mo-Su 11:00-01:00",
        "addr_street": null,
        "addr_housenumber": null,
        "addr_postcode": null,
        "addr_city": null,
        "image": null,
        "wikimedia_commons": null,
        "mapillary": null,
        "source": "OpenStreetMap via Overpass API",
        "name_source": "OpenStreetMap",
        "sources": [
          "OpenStreetMap via Overpass API",
          "Overture Maps Places"
        ],
        "overture_id": "545a4660-f047-4816-a31b-e9b44c34a4a3",
        "overture_confidence": 0.998,
        "panoramax_id": "329e83cd-ca8f-43ae-8174-42b6993771d2",
        "panoramax_thumbnail_url": "https://panoramax.mapcomplete.org/derivatives/32/9e/83/cd/ca8f-43ae-8174-42b6993771d2/thumb.jpg",
        "panoramax_visual_url": "https://panoramax.mapcomplete.org/derivatives/32/9e/83/cd/ca8f-43ae-8174-42b6993771d2/sd.jpg",
        "panoramax_captured_at": "2025-12-06T19:10:02.036000",
        "panoramax_distance_m": 26.4,
        "panoramax_license": "CC-BY-SA-4.0",
        "panoramax_providers": [
          "mapcomplete",
          "Đuro Jiří"
        ],
        "panoramax_instance_name": "mapcomplete",
        "panoramax_instance_url": "https://panoramax.mapcomplete.org",
        "grid_id": "r0_c8"
      }
    },
    {
      "type": "Feature",
      "geometry": {
        "type": "Point",
        "coordinates": [
          1.9713017,
          41.2667925
        ]
      },
      "properties": {
        "osm_id": "node/4934423021",
        "name": "Mare Nostrum",
        "display_name": "Mare Nostrum",
        "category": "Restauración",
        "subcategory": "Bar",
        "primary_tag": "amenity=bar",
        "amenity": "bar",
        "shop": null,
        "office": null,
        "tourism": null,
        "leisure": null,
        "wikidata": null,
        "website": null,
        "phone": null,
        "opening_hours": "Mo-Su 07:00-03:00",
        "addr_street": null,
        "addr_housenumber": null,
        "addr_postcode": null,
        "addr_city": null,
        "image": null,
        "wikimedia_commons": null,
        "mapillary": null,
        "source": "OpenStreetMap via Overpass API",
        "name_source": "OpenStreetMap",
        "grid_id": "r0_c5"
      }
    },
    {
      "type": "Feature",
      "geometry": {
        "type": "Point",
        "coordinates": [
          1.98888403,
          41.27601552
        ]
      },
      "properties": {
        "osm_id": null,
        "overture_id": "216b5799-f0c3-4db6-9797-63c2bb9d7603",
        "name": "Mare Terra Coffee",
        "display_name": "Mare Terra Coffee",
        "category": "Restauración",
        "subcategory": "Cafetería",
        "primary_tag": "overture=coffee_shop",
        "source": "Overture Maps Places",
        "sources": [
          "Overture Maps Places"
        ],
        "name_source": "Overture Maps Places",
        "overture_taxonomy": "coffee_shop",
        "overture_confidence": 0.967,
        "grid_id": "r2_c8"
      }
    },
    {
      "type": "Feature",
      "geometry": {
        "type": "Point",
        "coordinates": [
          1.975804,
          41.26541698
        ]
      },
      "properties": {
        "osm_id": null,
        "overture_id": "2afba389-b127-4fda-983b-c610bed407b7",
        "name": "Mareny Restaurant",
        "display_name": "Mareny Restaurant",
        "category": "Restauración",
        "subcategory": "Restaurante",
        "primary_tag": "overture=restaurant",
        "source": "Overture Maps Places",
        "sources": [
          "Overture Maps Places"
        ],
        "name_source": "Overture Maps Places",
        "overture_taxonomy": "restaurant",
        "overture_confidence": 0.906,
        "grid_id": "r0_c6"
      }
    },
    {
      "type": "Feature",
      "geometry": {
        "type": "Point",
        "coordinates": [
          1.9890454,
          41.2654251
        ]
      },
      "properties": {
        "osm_id": "node/8586568070",
        "name": "Marevento",
        "display_name": "Marevento",
        "category": "Restauración",
        "subcategory": "Restaurante",
        "primary_tag": "amenity=restaurant",
        "amenity": "restaurant",
        "shop": null,
        "office": null,
        "tourism": null,
        "leisure": null,
        "wikidata": null,
        "website": null,
        "phone": null,
        "opening_hours": null,
        "addr_street": null,
        "addr_housenumber": null,
        "addr_postcode": null,
        "addr_city": null,
        "image": null,
        "wikimedia_commons": null,
        "mapillary": null,
        "source": "OpenStreetMap via Overpass API",
        "name_source": "OpenStreetMap",
        "sources": [
          "OpenStreetMap via Overpass API",
          "Overture Maps Places"
        ],
        "overture_id": "51292655-645f-43f3-ba5d-6bb5b0208106",
        "overture_confidence": 0.995,
        "grid_id": "r0_c8"
      }
    },
    {
      "type": "Feature",
      "geometry": {
        "type": "Point",
        "coordinates": [
          1.97893624,
          41.28233494
        ]
      },
      "properties": {
        "osm_id": null,
        "overture_id": "cb9266e8-0771-4e72-b352-e41ea97adc5a",
        "name": "Marisqueria Andalucia",
        "display_name": "Marisqueria Andalucia",
        "category": "Restauración",
        "subcategory": "Bar de tapas",
        "primary_tag": "overture=tapas_bar",
        "source": "Overture Maps Places",
        "sources": [
          "Overture Maps Places"
        ],
        "name_source": "Overture Maps Places",
        "overture_taxonomy": "tapas_bar",
        "overture_confidence": 0.998,
        "grid_id": "r4_c6"
      }
    },
    {
      "type": "Feature",
      "geometry": {
        "type": "Point",
        "coordinates": [
          1.9775428,
          41.2816982
        ]
      },
      "properties": {
        "osm_id": "node/5938638303",
        "name": "Masala Indie",
        "display_name": "Masala Indie",
        "category": "Restauración",
        "subcategory": "Restaurante",
        "primary_tag": "amenity=restaurant",
        "amenity": "restaurant",
        "shop": null,
        "office": null,
        "tourism": null,
        "leisure": null,
        "wikidata": null,
        "website": "https://www.masalaindie.com/",
        "phone": "+34 931 52 64 72",
        "opening_hours": "Tu-Fr 12:00-16:00, 19:00-23:00; Sa-Su 12:00-16:00, 19:00-23:30",
        "addr_street": null,
        "addr_housenumber": null,
        "addr_postcode": null,
        "addr_city": null,
        "image": null,
        "wikimedia_commons": null,
        "mapillary": null,
        "source": "OpenStreetMap via Overpass API",
        "name_source": "OpenStreetMap",
        "grid_id": "r4_c6"
      }
    },
    {
      "type": "Feature",
      "geometry": {
        "type": "Point",
        "coordinates": [
          1.9854999,
          41.2824507
        ]
      },
      "properties": {
        "osm_id": "node/7343698501",
        "name": "McDonald's",
        "display_name": "McDonald's",
        "category": "Restauración",
        "subcategory": "Comida rápida",
        "primary_tag": "amenity=fast_food",
        "amenity": "fast_food",
        "shop": null,
        "office": null,
        "tourism": null,
        "leisure": null,
        "wikidata": null,
        "website": null,
        "phone": null,
        "opening_hours": null,
        "addr_street": null,
        "addr_housenumber": null,
        "addr_postcode": null,
        "addr_city": null,
        "image": null,
        "wikimedia_commons": null,
        "mapillary": null,
        "source": "OpenStreetMap via Overpass API",
        "name_source": "OpenStreetMap",
        "sources": [
          "OpenStreetMap via Overpass API",
          "Overture Maps Places"
        ],
        "overture_id": "4d93c7d6-365a-4a45-a4f3-b1d488b92885",
        "overture_confidence": 1,
        "grid_id": "r4_c8"
      }
    },
    {
      "type": "Feature",
      "geometry": {
        "type": "Point",
        "coordinates": [
          1.9713923,
          41.2657184
        ]
      },
      "properties": {
        "osm_id": "node/2246289325",
        "name": "Mex y Cana",
        "display_name": "Mex y Cana",
        "category": "Restauración",
        "subcategory": "Restaurante",
        "primary_tag": "amenity=restaurant",
        "amenity": "restaurant",
        "shop": null,
        "office": null,
        "tourism": null,
        "leisure": null,
        "wikidata": null,
        "website": null,
        "phone": null,
        "opening_hours": null,
        "addr_street": null,
        "addr_housenumber": null,
        "addr_postcode": null,
        "addr_city": null,
        "image": null,
        "wikimedia_commons": null,
        "mapillary": null,
        "source": "OpenStreetMap via Overpass API",
        "name_source": "OpenStreetMap",
        "grid_id": "r0_c5"
      }
    },
    {
      "type": "Feature",
      "geometry": {
        "type": "Point",
        "coordinates": [
          1.9694495,
          41.2657017
        ]
      },
      "properties": {
        "osm_id": "node/13529713178",
        "name": "Mi Piace Cockteleria",
        "display_name": "Mi Piace Cockteleria",
        "category": "Restauración",
        "subcategory": "Restaurante",
        "primary_tag": "amenity=restaurant",
        "amenity": "restaurant",
        "shop": null,
        "office": null,
        "tourism": null,
        "leisure": null,
        "wikidata": null,
        "website": null,
        "phone": null,
        "opening_hours": null,
        "addr_street": null,
        "addr_housenumber": null,
        "addr_postcode": null,
        "addr_city": null,
        "image": null,
        "wikimedia_commons": null,
        "mapillary": null,
        "source": "OpenStreetMap via Overpass API",
        "name_source": "Overture Maps Places",
        "sources": [
          "OpenStreetMap via Overpass API",
          "Overture Maps Places"
        ],
        "overture_id": "fc84082b-7916-434e-9882-3f65bbdfe940",
        "overture_confidence": 0.98,
        "grid_id": "r0_c5"
      }
    },
    {
      "type": "Feature",
      "geometry": {
        "type": "Point",
        "coordinates": [
          1.9811476,
          41.2720239
        ]
      },
      "properties": {
        "osm_id": "node/8196029529",
        "name": "Mincho Bar Pineda",
        "display_name": "Mincho Bar Pineda",
        "category": "Restauración",
        "subcategory": "Restaurante",
        "primary_tag": "amenity=restaurant",
        "amenity": "restaurant",
        "shop": null,
        "office": null,
        "tourism": null,
        "leisure": null,
        "wikidata": null,
        "website": null,
        "phone": null,
        "opening_hours": null,
        "addr_street": null,
        "addr_housenumber": null,
        "addr_postcode": null,
        "addr_city": null,
        "image": null,
        "wikimedia_commons": null,
        "mapillary": null,
        "source": "OpenStreetMap via Overpass API",
        "name_source": "OpenStreetMap",
        "grid_id": "r1_c7"
      }
    },
    {
      "type": "Feature",
      "geometry": {
        "type": "Point",
        "coordinates": [
          1.97723045,
          41.27968948
        ]
      },
      "properties": {
        "osm_id": null,
        "overture_id": "86d227c9-ba00-4448-af29-9497c34e8d43",
        "name": "Miru Gastrofusión",
        "display_name": "Miru Gastrofusión",
        "category": "Restauración",
        "subcategory": "Restaurante japonés",
        "primary_tag": "overture=japanese_restaurant",
        "source": "Overture Maps Places",
        "sources": [
          "Overture Maps Places"
        ],
        "name_source": "Overture Maps Places",
        "overture_taxonomy": "japanese_restaurant",
        "overture_confidence": 0.959,
        "grid_id": "r3_c6"
      }
    },
    {
      "type": "Feature",
      "geometry": {
        "type": "Point",
        "coordinates": [
          1.9890866,
          41.2731176
        ]
      },
      "properties": {
        "osm_id": "node/7656890785",
        "name": "Moments",
        "display_name": "Moments",
        "category": "Restauración",
        "subcategory": "Restaurante",
        "primary_tag": "amenity=restaurant",
        "amenity": "restaurant",
        "shop": null,
        "office": null,
        "tourism": null,
        "leisure": null,
        "wikidata": null,
        "website": null,
        "phone": null,
        "opening_hours": null,
        "addr_street": null,
        "addr_housenumber": null,
        "addr_postcode": null,
        "addr_city": null,
        "image": null,
        "wikimedia_commons": null,
        "mapillary": null,
        "source": "OpenStreetMap via Overpass API",
        "name_source": "Overture Maps Places",
        "sources": [
          "OpenStreetMap via Overpass API",
          "Overture Maps Places"
        ],
        "overture_id": "befb3c0a-ae4a-4eca-80e7-7beb64d05434",
        "overture_confidence": 0.914,
        "grid_id": "r2_c8"
      }
    },
    {
      "type": "Feature",
      "geometry": {
        "type": "Point",
        "coordinates": [
          1.9878589,
          41.2871487
        ]
      },
      "properties": {
        "osm_id": "node/11739804008",
        "name": "Montevideo",
        "display_name": "Montevideo",
        "category": "Restauración",
        "subcategory": "Restaurante",
        "primary_tag": "amenity=restaurant",
        "amenity": "restaurant",
        "shop": null,
        "office": null,
        "tourism": null,
        "leisure": null,
        "wikidata": null,
        "website": null,
        "phone": null,
        "opening_hours": "Tu-Fr 17:00-12:00, Sa,Su 11:00-12:00",
        "addr_street": null,
        "addr_housenumber": null,
        "addr_postcode": null,
        "addr_city": null,
        "image": null,
        "wikimedia_commons": null,
        "mapillary": null,
        "source": "OpenStreetMap via Overpass API",
        "name_source": "OpenStreetMap",
        "sources": [
          "OpenStreetMap via Overpass API",
          "Overture Maps Places"
        ],
        "overture_id": "fbe374c6-a9ac-439f-a9ec-3cbab9df3a10",
        "overture_confidence": 0.997,
        "grid_id": "r5_c8"
      }
    },
    {
      "type": "Feature",
      "geometry": {
        "type": "Point",
        "coordinates": [
          1.9848434,
          41.2884839
        ]
      },
      "properties": {
        "osm_id": "node/9580915788",
        "name": "Moopis & Coffee",
        "display_name": "Moopis & Coffee",
        "category": "Restauración",
        "subcategory": "Cafetería",
        "primary_tag": "amenity=cafe",
        "amenity": "cafe",
        "shop": null,
        "office": null,
        "tourism": null,
        "leisure": null,
        "wikidata": null,
        "website": "https://moopis-coffe.metro.bar/",
        "phone": null,
        "opening_hours": "Mo-Fr 08:00-20:00; Sa,Su 08:00-15:00",
        "addr_street": null,
        "addr_housenumber": null,
        "addr_postcode": null,
        "addr_city": null,
        "image": null,
        "wikimedia_commons": null,
        "mapillary": null,
        "source": "OpenStreetMap via Overpass API",
        "name_source": "OpenStreetMap",
        "grid_id": "r5_c7"
      }
    },
    {
      "type": "Feature",
      "geometry": {
        "type": "Point",
        "coordinates": [
          1.95624,
          41.26744
        ]
      },
      "properties": {
        "osm_id": null,
        "overture_id": "abf5f113-cf4e-453a-ba92-7bc8db023787",
        "name": "My office coworking",
        "display_name": "My office coworking",
        "category": "Restauración",
        "subcategory": "Cafetería",
        "primary_tag": "overture=cafe",
        "source": "Overture Maps Places",
        "sources": [
          "Overture Maps Places"
        ],
        "name_source": "Overture Maps Places",
        "overture_taxonomy": "cafe",
        "overture_confidence": 0.863,
        "panoramax_id": "547d16fa-afc6-4996-9d60-5884fc1308ec",
        "panoramax_thumbnail_url": "https://panoramax.openstreetmap.fr/derivates/54/7d/16/fa/afc6-4996-9d60-5884fc1308ec/thumb.jpg",
        "panoramax_visual_url": "https://panoramax.openstreetmap.fr/derivates/54/7d/16/fa/afc6-4996-9d60-5884fc1308ec/sd.jpg",
        "panoramax_captured_at": "2020-07-08T14:59:39.900000",
        "panoramax_distance_m": 21.4,
        "panoramax_license": "CC-BY-SA-4.0",
        "panoramax_providers": [
          "yopaseopor"
        ],
        "panoramax_instance_name": "osm-fr",
        "panoramax_instance_url": "https://panoramax.openstreetmap.fr",
        "grid_id": "r0_c3"
      }
    },
    {
      "type": "Feature",
      "geometry": {
        "type": "Point",
        "coordinates": [
          1.9474211,
          41.266596
        ]
      },
      "properties": {
        "osm_id": "node/2306110275",
        "name": "N'IDEA",
        "display_name": "N'IDEA",
        "category": "Restauración",
        "subcategory": "Bar",
        "primary_tag": "amenity=bar",
        "amenity": "bar",
        "shop": null,
        "office": null,
        "tourism": null,
        "leisure": null,
        "wikidata": null,
        "website": "https://wa.me/34664012820",
        "phone": null,
        "opening_hours": "Mo-Fr 08:30-20:00",
        "addr_street": null,
        "addr_housenumber": null,
        "addr_postcode": null,
        "addr_city": null,
        "image": null,
        "wikimedia_commons": null,
        "mapillary": null,
        "source": "OpenStreetMap via Overpass API",
        "name_source": "OpenStreetMap",
        "panoramax_id": "f5ebe1ff-6731-4aa3-a516-5240d386c098",
        "panoramax_thumbnail_url": "https://panoramax.openstreetmap.fr/derivates/f5/eb/e1/ff/6731-4aa3-a516-5240d386c098/thumb.jpg",
        "panoramax_visual_url": "https://panoramax.openstreetmap.fr/derivates/f5/eb/e1/ff/6731-4aa3-a516-5240d386c098/sd.jpg",
        "panoramax_captured_at": "2020-07-08T15:00:10.100000",
        "panoramax_distance_m": 33.8,
        "panoramax_license": "CC-BY-SA-4.0",
        "panoramax_providers": [
          "yopaseopor"
        ],
        "panoramax_instance_name": "osm-fr",
        "panoramax_instance_url": "https://panoramax.openstreetmap.fr",
        "grid_id": "r0_c1"
      }
    },
    {
      "type": "Feature",
      "geometry": {
        "type": "Point",
        "coordinates": [
          1.97397052,
          41.2823548
        ]
      },
      "properties": {
        "osm_id": null,
        "overture_id": "2ce244ca-8cee-4fdc-8b4c-97eea762462a",
        "name": "Nakama Lounge",
        "display_name": "Nakama Lounge",
        "category": "Restauración",
        "subcategory": "Bar de cachimbas",
        "primary_tag": "overture=hookah_bar",
        "source": "Overture Maps Places",
        "sources": [
          "Overture Maps Places"
        ],
        "name_source": "Overture Maps Places",
        "overture_taxonomy": "hookah_bar",
        "overture_confidence": 0.857,
        "grid_id": "r4_c6"
      }
    },
    {
      "type": "Feature",
      "geometry": {
        "type": "Point",
        "coordinates": [
          1.948483,
          41.26503
        ]
      },
      "properties": {
        "osm_id": null,
        "overture_id": "cf8d5ce0-fb74-4418-b3e4-d0cc83d775ea",
        "name": "Nautic",
        "display_name": "Nautic",
        "category": "Restauración",
        "subcategory": "Restaurante de pescado y marisco",
        "primary_tag": "overture=seafood_restaurant",
        "source": "Overture Maps Places",
        "sources": [
          "Overture Maps Places"
        ],
        "name_source": "Overture Maps Places",
        "overture_taxonomy": "seafood_restaurant",
        "overture_confidence": 0.897,
        "panoramax_id": "90c3fc28-1a5b-43e7-87ed-d417444a88c6",
        "panoramax_thumbnail_url": "https://panoramax.mapcomplete.org/derivatives/90/c3/fc/28/1a5b-43e7-87ed-d417444a88c6/thumb.jpg",
        "panoramax_visual_url": "https://panoramax.mapcomplete.org/derivatives/90/c3/fc/28/1a5b-43e7-87ed-d417444a88c6/sd.jpg",
        "panoramax_captured_at": "2025-12-06T19:15:39.784000",
        "panoramax_distance_m": 29.7,
        "panoramax_license": "CC-BY-SA-4.0",
        "panoramax_providers": [
          "mapcomplete",
          "Đuro Jiří"
        ],
        "panoramax_instance_name": "mapcomplete",
        "panoramax_instance_url": "https://panoramax.mapcomplete.org",
        "grid_id": "r0_c1"
      }
    },
    {
      "type": "Feature",
      "geometry": {
        "type": "Point",
        "coordinates": [
          1.97955654,
          41.28008684
        ]
      },
      "properties": {
        "osm_id": null,
        "overture_id": "957c2d36-0976-4539-a754-1102e4fb0935",
        "name": "New Rubia",
        "display_name": "New Rubia",
        "category": "Restauración",
        "subcategory": "Bar y parrilla",
        "primary_tag": "overture=bar_and_grill_restaurant",
        "source": "Overture Maps Places",
        "sources": [
          "Overture Maps Places"
        ],
        "name_source": "Overture Maps Places",
        "overture_taxonomy": "bar_and_grill_restaurant",
        "overture_confidence": 0.982,
        "grid_id": "r3_c7"
      }
    },
    {
      "type": "Feature",
      "geometry": {
        "type": "Point",
        "coordinates": [
          1.98637769,
          41.2877094
        ]
      },
      "properties": {
        "osm_id": null,
        "overture_id": "74a1c95e-8217-4718-b72d-cf6f755e389b",
        "name": "Nopor Burgers",
        "display_name": "Nopor Burgers",
        "category": "Restauración",
        "subcategory": "Hamburguesería",
        "primary_tag": "overture=burger_restaurant",
        "source": "Overture Maps Places",
        "sources": [
          "Overture Maps Places"
        ],
        "name_source": "Overture Maps Places",
        "overture_taxonomy": "burger_restaurant",
        "overture_confidence": 0.907,
        "grid_id": "r5_c8"
      }
    },
    {
      "type": "Feature",
      "geometry": {
        "type": "Point",
        "coordinates": [
          1.971125,
          41.266303
        ]
      },
      "properties": {
        "osm_id": "node/13529699947",
        "name": "Nuovo",
        "display_name": "Nuovo",
        "category": "Restauración",
        "subcategory": "Comida rápida",
        "primary_tag": "amenity=fast_food",
        "amenity": "fast_food",
        "shop": null,
        "office": null,
        "tourism": null,
        "leisure": null,
        "wikidata": null,
        "website": null,
        "phone": null,
        "opening_hours": null,
        "addr_street": null,
        "addr_housenumber": null,
        "addr_postcode": null,
        "addr_city": null,
        "image": null,
        "wikimedia_commons": null,
        "mapillary": null,
        "source": "OpenStreetMap via Overpass API",
        "name_source": "Overture Maps Places",
        "sources": [
          "OpenStreetMap via Overpass API",
          "Overture Maps Places"
        ],
        "overture_id": "c3354eca-f809-4956-bc1d-021c3c79e6bc",
        "overture_confidence": 0.998,
        "grid_id": "r0_c5"
      }
    },
    {
      "type": "Feature",
      "geometry": {
        "type": "Point",
        "coordinates": [
          1.9714319,
          41.2662972
        ]
      },
      "properties": {
        "osm_id": "node/9010136314",
        "name": "Nuovo Frankfurt",
        "display_name": "Nuovo Frankfurt",
        "category": "Restauración",
        "subcategory": "Comida rápida",
        "primary_tag": "amenity=fast_food",
        "amenity": "fast_food",
        "shop": null,
        "office": null,
        "tourism": null,
        "leisure": null,
        "wikidata": null,
        "website": null,
        "phone": null,
        "opening_hours": null,
        "addr_street": null,
        "addr_housenumber": null,
        "addr_postcode": null,
        "addr_city": null,
        "image": null,
        "wikimedia_commons": null,
        "mapillary": null,
        "source": "OpenStreetMap via Overpass API",
        "name_source": "OpenStreetMap",
        "grid_id": "r0_c5"
      }
    },
    {
      "type": "Feature",
      "geometry": {
        "type": "Point",
        "coordinates": [
          1.97136759,
          41.26669134
        ]
      },
      "properties": {
        "osm_id": null,
        "overture_id": "f0e8ac04-45cc-4222-a117-f45a8e21e762",
        "name": "Oakberry Acai Bowls",
        "display_name": "Oakberry Acai Bowls",
        "category": "Restauración",
        "subcategory": "Zumos y batidos",
        "primary_tag": "overture=smoothie_juice_bar",
        "source": "Overture Maps Places",
        "sources": [
          "Overture Maps Places"
        ],
        "name_source": "Overture Maps Places",
        "overture_taxonomy": "smoothie_juice_bar",
        "overture_confidence": 0.925,
        "grid_id": "r0_c5"
      }
    },
    {
      "type": "Feature",
      "geometry": {
        "type": "Point",
        "coordinates": [
          1.97050951,
          41.2675628
        ]
      },
      "properties": {
        "osm_id": null,
        "overture_id": "9f3d9864-2f1e-41af-8578-163fa8aa708c",
        "name": "Oasis Castelldefels",
        "display_name": "Oasis Castelldefels",
        "category": "Restauración",
        "subcategory": "Bar",
        "primary_tag": "overture=bar",
        "source": "Overture Maps Places",
        "sources": [
          "Overture Maps Places"
        ],
        "name_source": "Overture Maps Places",
        "overture_taxonomy": "bar",
        "overture_confidence": 0.972,
        "grid_id": "r0_c5"
      }
    },
    {
      "type": "Feature",
      "geometry": {
        "type": "Point",
        "coordinates": [
          1.9770254,
          41.2801878
        ]
      },
      "properties": {
        "osm_id": "node/12058686268",
        "name": "Olave",
        "display_name": "Olave",
        "category": "Restauración",
        "subcategory": "Pub",
        "primary_tag": "amenity=pub",
        "amenity": "pub",
        "shop": null,
        "office": null,
        "tourism": null,
        "leisure": null,
        "wikidata": null,
        "website": null,
        "phone": null,
        "opening_hours": null,
        "addr_street": null,
        "addr_housenumber": null,
        "addr_postcode": null,
        "addr_city": null,
        "image": null,
        "wikimedia_commons": null,
        "mapillary": null,
        "source": "OpenStreetMap via Overpass API",
        "name_source": "OpenStreetMap",
        "grid_id": "r3_c6"
      }
    },
    {
      "type": "Feature",
      "geometry": {
        "type": "Point",
        "coordinates": [
          1.96565018,
          41.26571261
        ]
      },
      "properties": {
        "osm_id": null,
        "overture_id": "ed06907b-0666-4676-b96b-534e0517184b",
        "name": "Olave",
        "display_name": "Olave",
        "category": "Restauración",
        "subcategory": "Restaurante de pescado y marisco",
        "primary_tag": "overture=seafood_restaurant",
        "source": "Overture Maps Places",
        "sources": [
          "Overture Maps Places"
        ],
        "name_source": "Overture Maps Places",
        "overture_taxonomy": "seafood_restaurant",
        "overture_confidence": 0.999,
        "grid_id": "r0_c4"
      }
    },
    {
      "type": "Feature",
      "geometry": {
        "type": "Point",
        "coordinates": [
          1.97679087,
          41.27999506
        ]
      },
      "properties": {
        "osm_id": null,
        "overture_id": "de836343-146a-4cd1-ba7e-7f10ab68e56b",
        "name": "Olave Plaza",
        "display_name": "Olave Plaza",
        "category": "Restauración",
        "subcategory": "Restaurante de pescado y marisco",
        "primary_tag": "overture=seafood_restaurant",
        "source": "Overture Maps Places",
        "sources": [
          "Overture Maps Places"
        ],
        "name_source": "Overture Maps Places",
        "overture_taxonomy": "seafood_restaurant",
        "overture_confidence": 0.995,
        "grid_id": "r3_c6"
      }
    },
    {
      "type": "Feature",
      "geometry": {
        "type": "Point",
        "coordinates": [
          1.97715061,
          41.27976897
        ]
      },
      "properties": {
        "osm_id": null,
        "overture_id": "44e9d766-ead7-45b5-af3b-346a0d0f0f48",
        "name": "Old Sport Bar",
        "display_name": "Old Sport Bar",
        "category": "Restauración",
        "subcategory": "Bar / tapas",
        "primary_tag": "overture=bar",
        "source": "Overture Maps Places",
        "sources": [
          "Overture Maps Places"
        ],
        "name_source": "Overture Maps Places",
        "overture_taxonomy": "bar",
        "overture_confidence": 0.986,
        "grid_id": "r3_c6"
      }
    },
    {
      "type": "Feature",
      "geometry": {
        "type": "Point",
        "coordinates": [
          1.99338296,
          41.27949785
        ]
      },
      "properties": {
        "osm_id": null,
        "overture_id": "92cc1f6c-4a07-4f84-b42e-92f58c16db69",
        "name": "Olimpic By Iguana",
        "display_name": "Olimpic By Iguana",
        "category": "Restauración",
        "subcategory": "Restaurante",
        "primary_tag": "overture=restaurant",
        "source": "Overture Maps Places",
        "sources": [
          "Overture Maps Places"
        ],
        "name_source": "Overture Maps Places",
        "overture_taxonomy": "restaurant",
        "overture_confidence": 0.986,
        "grid_id": "r3_c9"
      }
    },
    {
      "type": "Feature",
      "geometry": {
        "type": "Point",
        "coordinates": [
          1.9782805,
          41.2797385
        ]
      },
      "properties": {
        "osm_id": "node/12278203612",
        "name": "Oliva Garden",
        "display_name": "Oliva Garden",
        "category": "Restauración",
        "subcategory": "Restaurante",
        "primary_tag": "amenity=restaurant",
        "amenity": "restaurant",
        "shop": null,
        "office": null,
        "tourism": null,
        "leisure": null,
        "wikidata": null,
        "website": null,
        "phone": null,
        "opening_hours": null,
        "addr_street": null,
        "addr_housenumber": null,
        "addr_postcode": null,
        "addr_city": null,
        "image": null,
        "wikimedia_commons": null,
        "mapillary": null,
        "source": "OpenStreetMap via Overpass API",
        "name_source": "OpenStreetMap",
        "sources": [
          "OpenStreetMap via Overpass API",
          "Overture Maps Places"
        ],
        "overture_id": "76539c50-1b89-4954-a3f0-ce193fd4487b",
        "overture_confidence": 0.986,
        "grid_id": "r3_c6"
      }
    },
    {
      "type": "Feature",
      "geometry": {
        "type": "Point",
        "coordinates": [
          1.990572,
          41.267972
        ]
      },
      "properties": {
        "osm_id": null,
        "overture_id": "1e865efe-707e-4dd7-b659-4f14705d07db",
        "name": "Oliva Mediterranea",
        "display_name": "Oliva Mediterranea",
        "category": "Restauración",
        "subcategory": "Restaurante europeo",
        "primary_tag": "overture=european_restaurant",
        "source": "Overture Maps Places",
        "sources": [
          "Overture Maps Places"
        ],
        "name_source": "Overture Maps Places",
        "overture_taxonomy": "european_restaurant",
        "overture_confidence": 0.963,
        "grid_id": "r0_c8"
      }
    },
    {
      "type": "Feature",
      "geometry": {
        "type": "Point",
        "coordinates": [
          1.9770759,
          41.2799873
        ]
      },
      "properties": {
        "osm_id": "node/3873714630",
        "name": "Oslo",
        "display_name": "Oslo",
        "category": "Restauración",
        "subcategory": "Bar",
        "primary_tag": "amenity=bar",
        "amenity": "bar",
        "shop": null,
        "office": null,
        "tourism": null,
        "leisure": null,
        "wikidata": null,
        "website": null,
        "phone": null,
        "opening_hours": null,
        "addr_street": null,
        "addr_housenumber": null,
        "addr_postcode": null,
        "addr_city": null,
        "image": null,
        "wikimedia_commons": null,
        "mapillary": null,
        "source": "OpenStreetMap via Overpass API",
        "name_source": "OpenStreetMap",
        "grid_id": "r3_c6"
      }
    },
    {
      "type": "Feature",
      "geometry": {
        "type": "Point",
        "coordinates": [
          1.99959131,
          41.26534475
        ]
      },
      "properties": {
        "osm_id": null,
        "overture_id": "897e3e2b-3d85-41ac-9ed0-7af25ed53369",
        "name": "PARA VOS by MIRA VOS",
        "display_name": "PARA VOS by MIRA VOS",
        "category": "Restauración",
        "subcategory": "Restaurante",
        "primary_tag": "overture=restaurant",
        "source": "Overture Maps Places",
        "sources": [
          "Overture Maps Places"
        ],
        "name_source": "Overture Maps Places",
        "overture_taxonomy": "restaurant",
        "overture_confidence": 0.998,
        "grid_id": "r0_c10"
      }
    },
    {
      "type": "Feature",
      "geometry": {
        "type": "Point",
        "coordinates": [
          1.9997778,
          41.2652173
        ]
      },
      "properties": {
        "osm_id": "way/1112725476",
        "name": "Paravos",
        "display_name": "Paravos",
        "category": "Restauración",
        "subcategory": "Restaurante",
        "primary_tag": "amenity=restaurant",
        "amenity": "restaurant",
        "shop": null,
        "office": null,
        "tourism": null,
        "leisure": null,
        "wikidata": null,
        "website": null,
        "phone": null,
        "opening_hours": null,
        "addr_street": null,
        "addr_housenumber": null,
        "addr_postcode": null,
        "addr_city": null,
        "image": null,
        "wikimedia_commons": null,
        "mapillary": null,
        "source": "OpenStreetMap via Overpass API",
        "name_source": "OpenStreetMap",
        "grid_id": "r0_c10"
      }
    },
    {
      "type": "Feature",
      "geometry": {
        "type": "Point",
        "coordinates": [
          1.9801897,
          41.28243868
        ]
      },
      "properties": {
        "osm_id": null,
        "overture_id": "e677a8be-ab43-4890-a6a4-a5e37371d411",
        "name": "Pasarela",
        "display_name": "Pasarela",
        "category": "Restauración",
        "subcategory": "Bar",
        "primary_tag": "overture=bar",
        "source": "Overture Maps Places",
        "sources": [
          "Overture Maps Places"
        ],
        "name_source": "Overture Maps Places",
        "overture_taxonomy": "bar",
        "overture_confidence": 0.982,
        "grid_id": "r4_c7"
      }
    },
    {
      "type": "Feature",
      "geometry": {
        "type": "Point",
        "coordinates": [
          1.97031535,
          41.26585831
        ]
      },
      "properties": {
        "osm_id": null,
        "overture_id": "56d0bed8-0544-42f5-9a3d-2fcbca3226d8",
        "name": "Pecado Burgers",
        "display_name": "Pecado Burgers",
        "category": "Restauración",
        "subcategory": "Hamburguesería",
        "primary_tag": "overture=burger_restaurant",
        "source": "Overture Maps Places",
        "sources": [
          "Overture Maps Places"
        ],
        "name_source": "Overture Maps Places",
        "overture_taxonomy": "burger_restaurant",
        "overture_confidence": 0.939,
        "grid_id": "r0_c5"
      }
    },
    {
      "type": "Feature",
      "geometry": {
        "type": "Point",
        "coordinates": [
          1.984247,
          41.2889698
        ]
      },
      "properties": {
        "osm_id": "node/4469877489",
        "name": "Pedrillo",
        "display_name": "Pedrillo",
        "category": "Restauración",
        "subcategory": "Restaurante",
        "primary_tag": "amenity=restaurant",
        "amenity": "restaurant",
        "shop": null,
        "office": null,
        "tourism": null,
        "leisure": null,
        "wikidata": null,
        "website": null,
        "phone": null,
        "opening_hours": "Mo,Tu,Th,Fr 10:00-18:30,19:30-23:30; Sa,Su,PH 09:00-18:30,19:30-23:30",
        "addr_street": null,
        "addr_housenumber": null,
        "addr_postcode": null,
        "addr_city": null,
        "image": null,
        "wikimedia_commons": null,
        "mapillary": null,
        "source": "OpenStreetMap via Overpass API",
        "name_source": "OpenStreetMap",
        "sources": [
          "OpenStreetMap via Overpass API",
          "Overture Maps Places"
        ],
        "overture_id": "1c71cdec-3c8c-4c17-bc93-e8c5e7a1fc0c",
        "overture_confidence": 0.988,
        "grid_id": "r5_c7"
      }
    },
    {
      "type": "Feature",
      "geometry": {
        "type": "Point",
        "coordinates": [
          1.9607955,
          41.2655435
        ]
      },
      "properties": {
        "osm_id": "node/2326847451",
        "name": "Pere Marti",
        "display_name": "Pere Marti",
        "category": "Restauración",
        "subcategory": "Restaurante",
        "primary_tag": "amenity=restaurant",
        "amenity": "restaurant",
        "shop": null,
        "office": null,
        "tourism": null,
        "leisure": null,
        "wikidata": null,
        "website": null,
        "phone": null,
        "opening_hours": null,
        "addr_street": null,
        "addr_housenumber": null,
        "addr_postcode": null,
        "addr_city": null,
        "image": null,
        "wikimedia_commons": null,
        "mapillary": null,
        "source": "OpenStreetMap via Overpass API",
        "name_source": "OpenStreetMap",
        "grid_id": "r0_c3"
      }
    },
    {
      "type": "Feature",
      "geometry": {
        "type": "Point",
        "coordinates": [
          1.98525432,
          41.2657129
        ]
      },
      "properties": {
        "osm_id": null,
        "overture_id": "93e86b78-4588-4cb0-8d22-db842688bdef",
        "name": "Pez Bomba",
        "display_name": "Pez Bomba",
        "category": "Restauración",
        "subcategory": "Restaurante",
        "primary_tag": "overture=restaurant",
        "source": "Overture Maps Places",
        "sources": [
          "Overture Maps Places"
        ],
        "name_source": "Overture Maps Places",
        "overture_taxonomy": "restaurant",
        "overture_confidence": 0.998,
        "panoramax_id": "06c90977-05ec-4f72-8a01-ded6ca9bd635",
        "panoramax_thumbnail_url": "https://panoramax.openstreetmap.fr/derivates/06/c9/09/77/05ec-4f72-8a01-ded6ca9bd635/thumb.jpg",
        "panoramax_visual_url": "https://panoramax.openstreetmap.fr/derivates/06/c9/09/77/05ec-4f72-8a01-ded6ca9bd635/sd.jpg",
        "panoramax_captured_at": "2019-04-21T17:09:34",
        "panoramax_distance_m": 32.7,
        "panoramax_license": "CC-BY-SA-4.0",
        "panoramax_providers": [
          "Robot8A",
          "robot8a"
        ],
        "panoramax_instance_name": "osm-fr",
        "panoramax_instance_url": "https://panoramax.openstreetmap.fr",
        "grid_id": "r0_c8"
      }
    },
    {
      "type": "Feature",
      "geometry": {
        "type": "Point",
        "coordinates": [
          1.9572382,
          41.2653998
        ]
      },
      "properties": {
        "osm_id": "node/2246302895",
        "name": "Pizza Sur",
        "display_name": "Pizza Sur",
        "category": "Restauración",
        "subcategory": "Restaurante",
        "primary_tag": "amenity=restaurant",
        "amenity": "restaurant",
        "shop": null,
        "office": null,
        "tourism": null,
        "leisure": null,
        "wikidata": null,
        "website": "https://www.pizzasur.cat/",
        "phone": "+34 936 64 60 01; +34 670 06 83 98",
        "opening_hours": null,
        "addr_street": null,
        "addr_housenumber": null,
        "addr_postcode": null,
        "addr_city": null,
        "image": null,
        "wikimedia_commons": null,
        "mapillary": null,
        "source": "OpenStreetMap via Overpass API",
        "name_source": "OpenStreetMap",
        "sources": [
          "OpenStreetMap via Overpass API",
          "Overture Maps Places"
        ],
        "overture_id": "ab4d84b2-ed38-43c1-b444-5822d2e9ea62",
        "overture_confidence": 0.987,
        "panoramax_id": "45102bc7-e7dc-47f7-a556-6c01391621d7",
        "panoramax_thumbnail_url": "https://panoramax.mapcomplete.org/derivatives/45/10/2b/c7/e7dc-47f7-a556-6c01391621d7/thumb.jpg",
        "panoramax_visual_url": "https://panoramax.mapcomplete.org/derivatives/45/10/2b/c7/e7dc-47f7-a556-6c01391621d7/sd.jpg",
        "panoramax_captured_at": "2023-04-19T09:42:08",
        "panoramax_distance_m": 27.3,
        "panoramax_license": "CC-BY-SA-4.0",
        "panoramax_providers": [
          "mapcomplete",
          "Toni Serra"
        ],
        "panoramax_instance_name": "mapcomplete",
        "panoramax_instance_url": "https://panoramax.mapcomplete.org",
        "grid_id": "r0_c3"
      }
    },
    {
      "type": "Feature",
      "geometry": {
        "type": "Point",
        "coordinates": [
          1.9753649,
          41.2658144
        ]
      },
      "properties": {
        "osm_id": "node/13529687448",
        "name": "Playa Paris Brunch",
        "display_name": "Playa Paris Brunch",
        "category": "Restauración",
        "subcategory": "Cafetería",
        "primary_tag": "amenity=cafe",
        "amenity": "cafe",
        "shop": null,
        "office": null,
        "tourism": null,
        "leisure": null,
        "wikidata": null,
        "website": null,
        "phone": null,
        "opening_hours": null,
        "addr_street": null,
        "addr_housenumber": null,
        "addr_postcode": null,
        "addr_city": null,
        "image": null,
        "wikimedia_commons": null,
        "mapillary": null,
        "source": "OpenStreetMap via Overpass API",
        "name_source": "Overture Maps Places",
        "sources": [
          "OpenStreetMap via Overpass API",
          "Overture Maps Places"
        ],
        "overture_id": "6eae1541-27a0-469e-8019-6262e0d0d133",
        "overture_confidence": 0.907,
        "grid_id": "r0_c6"
      }
    },
    {
      "type": "Feature",
      "geometry": {
        "type": "Point",
        "coordinates": [
          1.984866202233448,
          41.26437440781042
        ]
      },
      "properties": {
        "osm_id": null,
        "overture_id": "cd9fc4cc-09e1-4f70-9951-f95ac4149d83",
        "name": "Playeros Castelldefels",
        "display_name": "Playeros Castelldefels",
        "category": "Restauración",
        "subcategory": "Restaurante",
        "primary_tag": "overture=restaurant",
        "source": "Overture Maps Places",
        "sources": [
          "Overture Maps Places"
        ],
        "name_source": "Overture Maps Places",
        "overture_taxonomy": "restaurant",
        "overture_confidence": 0.952,
        "grid_id": "r0_c7"
      }
    },
    {
      "type": "Feature",
      "geometry": {
        "type": "Point",
        "coordinates": [
          1.97783245,
          41.28133836
        ]
      },
      "properties": {
        "osm_id": null,
        "overture_id": "40301196-9a21-4554-af07-af6a3376a4cf",
        "name": "Plou",
        "display_name": "Plou",
        "category": "Restauración",
        "subcategory": "Bar y parrilla",
        "primary_tag": "overture=bar_and_grill_restaurant",
        "source": "Overture Maps Places",
        "sources": [
          "Overture Maps Places"
        ],
        "name_source": "Overture Maps Places",
        "overture_taxonomy": "bar_and_grill_restaurant",
        "overture_confidence": 0.986,
        "grid_id": "r3_c6"
      }
    },
    {
      "type": "Feature",
      "geometry": {
        "type": "Point",
        "coordinates": [
          1.96755065,
          41.26534958
        ]
      },
      "properties": {
        "osm_id": null,
        "overture_id": "4aafb5ee-9727-4bd9-8320-13165f543fc4",
        "name": "Polito",
        "display_name": "Polito",
        "category": "Restauración",
        "subcategory": "Restaurante",
        "primary_tag": "overture=restaurant",
        "source": "Overture Maps Places",
        "sources": [
          "Overture Maps Places"
        ],
        "name_source": "Overture Maps Places",
        "overture_taxonomy": "restaurant",
        "overture_confidence": 0.998,
        "grid_id": "r0_c5"
      }
    },
    {
      "type": "Feature",
      "geometry": {
        "type": "Point",
        "coordinates": [
          1.97770353,
          41.278931
        ]
      },
      "properties": {
        "osm_id": null,
        "overture_id": "bcf7cac0-0cb8-45df-8ad2-bf785f61018f",
        "name": "Polleria Toñi",
        "display_name": "Polleria Toñi",
        "category": "Restauración",
        "subcategory": "Restaurante de pollo",
        "primary_tag": "overture=chicken_restaurant",
        "source": "Overture Maps Places",
        "sources": [
          "Overture Maps Places"
        ],
        "name_source": "Overture Maps Places",
        "overture_taxonomy": "chicken_restaurant",
        "overture_confidence": 0.982,
        "grid_id": "r3_c6"
      }
    },
    {
      "type": "Feature",
      "geometry": {
        "type": "Point",
        "coordinates": [
          1.985615538011376,
          41.28256070791715
        ]
      },
      "properties": {
        "osm_id": null,
        "overture_id": "8bd42950-eb1f-49cf-a20a-1ae6e2138ea8",
        "name": "Popeyes Famous Louisiana Chicken",
        "display_name": "Popeyes Famous Louisiana Chicken",
        "category": "Restauración",
        "subcategory": "Restaurante de pollo",
        "primary_tag": "overture=chicken_restaurant",
        "source": "Overture Maps Places",
        "sources": [
          "Overture Maps Places"
        ],
        "name_source": "Overture Maps Places",
        "overture_taxonomy": "chicken_restaurant",
        "overture_confidence": 0.85,
        "grid_id": "r4_c8"
      }
    },
    {
      "type": "Feature",
      "geometry": {
        "type": "Point",
        "coordinates": [
          1.9713592,
          41.2668077
        ]
      },
      "properties": {
        "osm_id": "node/2246291955",
        "name": "PorFiRio",
        "display_name": "PorFiRio",
        "category": "Restauración",
        "subcategory": "Bar",
        "primary_tag": "amenity=bar",
        "amenity": "bar",
        "shop": null,
        "office": null,
        "tourism": null,
        "leisure": null,
        "wikidata": null,
        "website": null,
        "phone": null,
        "opening_hours": null,
        "addr_street": null,
        "addr_housenumber": null,
        "addr_postcode": null,
        "addr_city": null,
        "image": null,
        "wikimedia_commons": null,
        "mapillary": null,
        "source": "OpenStreetMap via Overpass API",
        "name_source": "OpenStreetMap",
        "grid_id": "r0_c5"
      }
    },
    {
      "type": "Feature",
      "geometry": {
        "type": "Point",
        "coordinates": [
          1.9864802,
          41.2877776
        ]
      },
      "properties": {
        "osm_id": "node/4469877492",
        "name": "Punt de Trobada",
        "display_name": "Punt de Trobada",
        "category": "Restauración",
        "subcategory": "Bar",
        "primary_tag": "amenity=bar",
        "amenity": "bar",
        "shop": null,
        "office": null,
        "tourism": null,
        "leisure": null,
        "wikidata": null,
        "website": null,
        "phone": null,
        "opening_hours": null,
        "addr_street": null,
        "addr_housenumber": null,
        "addr_postcode": null,
        "addr_city": null,
        "image": null,
        "wikimedia_commons": null,
        "mapillary": null,
        "source": "OpenStreetMap via Overpass API",
        "name_source": "OpenStreetMap",
        "grid_id": "r5_c8"
      }
    },
    {
      "type": "Feature",
      "geometry": {
        "type": "Point",
        "coordinates": [
          1.9724365,
          41.2662014
        ]
      },
      "properties": {
        "osm_id": null,
        "overture_id": "a4b8310c-9a59-4d64-81a0-a18f61741d65",
        "name": "Punt Maritim",
        "display_name": "Punt Maritim",
        "category": "Restauración",
        "subcategory": "Restaurante de pescado y marisco",
        "primary_tag": "overture=seafood_restaurant",
        "source": "Overture Maps Places",
        "sources": [
          "Overture Maps Places"
        ],
        "name_source": "Overture Maps Places",
        "overture_taxonomy": "seafood_restaurant",
        "overture_confidence": 0.945,
        "grid_id": "r0_c5"
      }
    },
    {
      "type": "Feature",
      "geometry": {
        "type": "Point",
        "coordinates": [
          1.9763358,
          41.2656739
        ]
      },
      "properties": {
        "osm_id": "node/5223073021",
        "name": "Punto Uy",
        "display_name": "Punto Uy",
        "category": "Restauración",
        "subcategory": "Restaurante",
        "primary_tag": "amenity=restaurant",
        "amenity": "restaurant",
        "shop": null,
        "office": null,
        "tourism": null,
        "leisure": null,
        "wikidata": null,
        "website": null,
        "phone": null,
        "opening_hours": null,
        "addr_street": null,
        "addr_housenumber": null,
        "addr_postcode": null,
        "addr_city": null,
        "image": null,
        "wikimedia_commons": null,
        "mapillary": null,
        "source": "OpenStreetMap via Overpass API",
        "name_source": "OpenStreetMap",
        "sources": [
          "OpenStreetMap via Overpass API",
          "Overture Maps Places"
        ],
        "overture_id": "d3f15288-46d4-46d7-b331-ff5c4c56c90b",
        "overture_confidence": 0.997,
        "grid_id": "r0_c6"
      }
    },
    {
      "type": "Feature",
      "geometry": {
        "type": "Point",
        "coordinates": [
          1.971936,
          41.2663787
        ]
      },
      "properties": {
        "osm_id": "node/9017884957",
        "name": "Punto Uy",
        "display_name": "Punto Uy",
        "category": "Restauración",
        "subcategory": "Restaurante",
        "primary_tag": "amenity=restaurant",
        "amenity": "restaurant",
        "shop": null,
        "office": null,
        "tourism": null,
        "leisure": null,
        "wikidata": null,
        "website": null,
        "phone": null,
        "opening_hours": null,
        "addr_street": null,
        "addr_housenumber": null,
        "addr_postcode": null,
        "addr_city": null,
        "image": null,
        "wikimedia_commons": null,
        "mapillary": null,
        "source": "OpenStreetMap via Overpass API",
        "name_source": "OpenStreetMap",
        "grid_id": "r0_c5"
      }
    },
    {
      "type": "Feature",
      "geometry": {
        "type": "Point",
        "coordinates": [
          1.97680946,
          41.27858549
        ]
      },
      "properties": {
        "osm_id": null,
        "overture_id": "c9b7221f-fb70-4ee7-9afb-9f01120b1f21",
        "name": "Pure Nail Bar Vietnamita",
        "display_name": "Pure Nail Bar Vietnamita",
        "category": "Restauración",
        "subcategory": "Bar / tapas",
        "primary_tag": "overture=nail_salon",
        "source": "Overture Maps Places",
        "sources": [
          "Overture Maps Places"
        ],
        "name_source": "Overture Maps Places",
        "overture_taxonomy": "nail_salon",
        "overture_confidence": 0.928,
        "grid_id": "r3_c6"
      }
    },
    {
      "type": "Feature",
      "geometry": {
        "type": "Point",
        "coordinates": [
          1.9712529,
          41.2689655
        ]
      },
      "properties": {
        "osm_id": null,
        "overture_id": "d3ced95e-55c7-47e0-a55f-ee26778df8a3",
        "name": "Puro Gusto",
        "display_name": "Puro Gusto",
        "category": "Restauración",
        "subcategory": "Cafetería",
        "primary_tag": "overture=cafe",
        "source": "Overture Maps Places",
        "sources": [
          "Overture Maps Places"
        ],
        "name_source": "Overture Maps Places",
        "overture_taxonomy": "cafe",
        "overture_confidence": 0.86,
        "grid_id": "r1_c5"
      }
    },
    {
      "type": "Feature",
      "geometry": {
        "type": "Point",
        "coordinates": [
          1.97913197,
          41.28291808
        ]
      },
      "properties": {
        "osm_id": null,
        "overture_id": "5a581fff-5a85-4efe-9120-f796a340a3b5",
        "name": "Quedamos",
        "display_name": "Quedamos",
        "category": "Restauración",
        "subcategory": "Bar de tapas",
        "primary_tag": "overture=tapas_bar",
        "source": "Overture Maps Places",
        "sources": [
          "Overture Maps Places"
        ],
        "name_source": "Overture Maps Places",
        "overture_taxonomy": "tapas_bar",
        "overture_confidence": 0.985,
        "grid_id": "r4_c7"
      }
    },
    {
      "type": "Feature",
      "geometry": {
        "type": "Point",
        "coordinates": [
          1.98316573,
          41.28507066
        ]
      },
      "properties": {
        "osm_id": null,
        "overture_id": "0e191420-e69e-4ad7-ba91-18f585c6a640",
        "name": "Quesame Mucho",
        "display_name": "Quesame Mucho",
        "category": "Restauración",
        "subcategory": "Bar de tapas",
        "primary_tag": "overture=tapas_bar",
        "source": "Overture Maps Places",
        "sources": [
          "Overture Maps Places"
        ],
        "name_source": "Overture Maps Places",
        "overture_taxonomy": "tapas_bar",
        "overture_confidence": 0.992,
        "grid_id": "r4_c7"
      }
    },
    {
      "type": "Feature",
      "geometry": {
        "type": "Point",
        "coordinates": [
          1.971784,
          41.2659755
        ]
      },
      "properties": {
        "osm_id": "node/1866261035",
        "name": "Rangel",
        "display_name": "Rangel",
        "category": "Restauración",
        "subcategory": "Restaurante",
        "primary_tag": "amenity=restaurant",
        "amenity": "restaurant",
        "shop": null,
        "office": null,
        "tourism": null,
        "leisure": null,
        "wikidata": null,
        "website": null,
        "phone": null,
        "opening_hours": null,
        "addr_street": null,
        "addr_housenumber": null,
        "addr_postcode": null,
        "addr_city": null,
        "image": null,
        "wikimedia_commons": null,
        "mapillary": null,
        "source": "OpenStreetMap via Overpass API",
        "name_source": "OpenStreetMap",
        "grid_id": "r0_c5"
      }
    },
    {
      "type": "Feature",
      "geometry": {
        "type": "Point",
        "coordinates": [
          1.97163,
          41.26988
        ]
      },
      "properties": {
        "osm_id": null,
        "overture_id": "233bea43-ca4b-4eb7-b9c9-b3554f3defda",
        "name": "Rat Penat Beach Bar",
        "display_name": "Rat Penat Beach Bar",
        "category": "Restauración",
        "subcategory": "Bar / tapas",
        "primary_tag": "overture=bar",
        "source": "Overture Maps Places",
        "sources": [
          "Overture Maps Places"
        ],
        "name_source": "Overture Maps Places",
        "overture_taxonomy": "bar",
        "overture_confidence": 0.937,
        "grid_id": "r1_c5"
      }
    },
    {
      "type": "Feature",
      "geometry": {
        "type": "Point",
        "coordinates": [
          1.9812356,
          41.268134
        ]
      },
      "properties": {
        "osm_id": "node/9580956470",
        "name": "Rayuela Resto&Gril",
        "display_name": "Rayuela Resto&Gril",
        "category": "Restauración",
        "subcategory": "Restaurante",
        "primary_tag": "amenity=restaurant",
        "amenity": "restaurant",
        "shop": null,
        "office": null,
        "tourism": null,
        "leisure": null,
        "wikidata": null,
        "website": "https://rayuelarestaurante.com/",
        "phone": null,
        "opening_hours": null,
        "addr_street": null,
        "addr_housenumber": null,
        "addr_postcode": null,
        "addr_city": null,
        "image": null,
        "wikimedia_commons": null,
        "mapillary": null,
        "source": "OpenStreetMap via Overpass API",
        "name_source": "OpenStreetMap",
        "sources": [
          "OpenStreetMap via Overpass API",
          "Overture Maps Places"
        ],
        "overture_id": "eaba4a40-c27a-4b3d-8d13-5331aa6a1475",
        "overture_confidence": 0.992,
        "grid_id": "r1_c7"
      }
    },
    {
      "type": "Feature",
      "geometry": {
        "type": "Point",
        "coordinates": [
          1.97937971,
          41.28073992
        ]
      },
      "properties": {
        "osm_id": null,
        "overture_id": "b0140693-8967-47b8-8dc8-f0987cc95dbb",
        "name": "Redpizza Castelldefels",
        "display_name": "Redpizza Castelldefels",
        "category": "Restauración",
        "subcategory": "Pizzería",
        "primary_tag": "overture=pizza_restaurant",
        "source": "Overture Maps Places",
        "sources": [
          "Overture Maps Places"
        ],
        "name_source": "Overture Maps Places",
        "overture_taxonomy": "pizza_restaurant",
        "overture_confidence": 0.955,
        "grid_id": "r3_c7"
      }
    },
    {
      "type": "Feature",
      "geometry": {
        "type": "Point",
        "coordinates": [
          1.97683728,
          41.27935455
        ]
      },
      "properties": {
        "osm_id": null,
        "overture_id": "a4843164-1aaf-4a25-a70e-173409371269",
        "name": "Restaurant Com a Casa",
        "display_name": "Restaurant Com a Casa",
        "category": "Restauración",
        "subcategory": "Restaurante",
        "primary_tag": "overture=spanish_restaurant",
        "source": "Overture Maps Places",
        "sources": [
          "Overture Maps Places"
        ],
        "name_source": "Overture Maps Places",
        "overture_taxonomy": "spanish_restaurant",
        "overture_confidence": 0.979,
        "grid_id": "r3_c6"
      }
    },
    {
      "type": "Feature",
      "geometry": {
        "type": "Point",
        "coordinates": [
          1.98826861,
          41.28730342
        ]
      },
      "properties": {
        "osm_id": null,
        "overture_id": "8c042242-1fc6-46cb-acc3-472e71758e4d",
        "name": "Restaurant El Destino",
        "display_name": "Restaurant El Destino",
        "category": "Restauración",
        "subcategory": "Restaurante",
        "primary_tag": "overture=peruvian_restaurant",
        "source": "Overture Maps Places",
        "sources": [
          "Overture Maps Places"
        ],
        "name_source": "Overture Maps Places",
        "overture_taxonomy": "peruvian_restaurant",
        "overture_confidence": 0.971,
        "grid_id": "r5_c8"
      }
    },
    {
      "type": "Feature",
      "geometry": {
        "type": "Point",
        "coordinates": [
          1.96976547,
          41.26528276
        ]
      },
      "properties": {
        "osm_id": null,
        "overture_id": "b27a917a-ac17-4510-9e3e-fe20aa81cdb6",
        "name": "Restaurant Embarcadero",
        "display_name": "Restaurant Embarcadero",
        "category": "Restauración",
        "subcategory": "Restaurante",
        "primary_tag": "overture=mediterranean_restaurant",
        "source": "Overture Maps Places",
        "sources": [
          "Overture Maps Places"
        ],
        "name_source": "Overture Maps Places",
        "overture_taxonomy": "mediterranean_restaurant",
        "overture_confidence": 0.991,
        "grid_id": "r0_c5"
      }
    },
    {
      "type": "Feature",
      "geometry": {
        "type": "Point",
        "coordinates": [
          1.95682221,
          41.26586875
        ]
      },
      "properties": {
        "osm_id": null,
        "overture_id": "c60264b7-afba-44da-940d-426f54b88eb7",
        "name": "Restaurant L'Avió",
        "display_name": "Restaurant L'Avió",
        "category": "Restauración",
        "subcategory": "Restaurante",
        "primary_tag": "overture=spanish_restaurant",
        "source": "Overture Maps Places",
        "sources": [
          "Overture Maps Places"
        ],
        "name_source": "Overture Maps Places",
        "overture_taxonomy": "spanish_restaurant",
        "overture_confidence": 0.995,
        "grid_id": "r0_c3"
      }
    },
    {
      "type": "Feature",
      "geometry": {
        "type": "Point",
        "coordinates": [
          1.975179,
          41.267543
        ]
      },
      "properties": {
        "osm_id": null,
        "overture_id": "f9b8d0c8-d3ac-41ef-8100-f64748a15c66",
        "name": "Restaurant La Vila del Rocxi",
        "display_name": "Restaurant La Vila del Rocxi",
        "category": "Restauración",
        "subcategory": "Restaurante",
        "primary_tag": "overture=pizza_restaurant",
        "source": "Overture Maps Places",
        "sources": [
          "Overture Maps Places"
        ],
        "name_source": "Overture Maps Places",
        "overture_taxonomy": "pizza_restaurant",
        "overture_confidence": 0.941,
        "grid_id": "r0_c6"
      }
    },
    {
      "type": "Feature",
      "geometry": {
        "type": "Point",
        "coordinates": [
          1.99457792,
          41.26545205
        ]
      },
      "properties": {
        "osm_id": null,
        "overture_id": "f7e2346b-080b-4929-a1be-25c35fb9d2d6",
        "name": "Restaurant Soli",
        "display_name": "Restaurant Soli",
        "category": "Restauración",
        "subcategory": "Restaurante",
        "primary_tag": "overture=restaurant",
        "source": "Overture Maps Places",
        "sources": [
          "Overture Maps Places"
        ],
        "name_source": "Overture Maps Places",
        "overture_taxonomy": "restaurant",
        "overture_confidence": 0.988,
        "grid_id": "r0_c9"
      }
    },
    {
      "type": "Feature",
      "geometry": {
        "type": "Point",
        "coordinates": [
          1.98111417,
          41.2829997
        ]
      },
      "properties": {
        "osm_id": null,
        "overture_id": "8d7e825f-2203-4c12-b032-ad1c7b4355c9",
        "name": "Restaurant Tast",
        "display_name": "Restaurant Tast",
        "category": "Restauración",
        "subcategory": "Restaurante",
        "primary_tag": "overture=spanish_restaurant",
        "source": "Overture Maps Places",
        "sources": [
          "Overture Maps Places"
        ],
        "name_source": "Overture Maps Places",
        "overture_taxonomy": "spanish_restaurant",
        "overture_confidence": 0.992,
        "grid_id": "r4_c7"
      }
    },
    {
      "type": "Feature",
      "geometry": {
        "type": "Point",
        "coordinates": [
          1.97552787,
          41.27750979
        ]
      },
      "properties": {
        "osm_id": null,
        "overture_id": "8e1bd798-504a-4592-a87b-15fb56920b37",
        "name": "Restaurant Verde Luna",
        "display_name": "Restaurant Verde Luna",
        "category": "Restauración",
        "subcategory": "Restaurante",
        "primary_tag": "overture=italian_restaurant",
        "source": "Overture Maps Places",
        "sources": [
          "Overture Maps Places"
        ],
        "name_source": "Overture Maps Places",
        "overture_taxonomy": "italian_restaurant",
        "overture_confidence": 0.982,
        "grid_id": "r3_c6"
      }
    },
    {
      "type": "Feature",
      "geometry": {
        "type": "Point",
        "coordinates": [
          1.9721996,
          41.2662829
        ]
      },
      "properties": {
        "osm_id": "node/2246395334",
        "name": "Restaurante a Casa Gallega",
        "display_name": "Restaurante a Casa Gallega",
        "category": "Restauración",
        "subcategory": "Restaurante",
        "primary_tag": "amenity=restaurant",
        "amenity": "restaurant",
        "shop": null,
        "office": null,
        "tourism": null,
        "leisure": null,
        "wikidata": null,
        "website": null,
        "phone": "+34936367744",
        "opening_hours": null,
        "addr_street": null,
        "addr_housenumber": null,
        "addr_postcode": null,
        "addr_city": null,
        "image": null,
        "wikimedia_commons": null,
        "mapillary": null,
        "source": "OpenStreetMap via Overpass API",
        "name_source": "OpenStreetMap",
        "grid_id": "r0_c5"
      }
    },
    {
      "type": "Feature",
      "geometry": {
        "type": "Point",
        "coordinates": [
          1.9749545,
          41.2659185
        ]
      },
      "properties": {
        "osm_id": "node/5017799121",
        "name": "Restaurante Amar",
        "display_name": "Restaurante Amar",
        "category": "Restauración",
        "subcategory": "Restaurante",
        "primary_tag": "amenity=restaurant",
        "amenity": "restaurant",
        "shop": null,
        "office": null,
        "tourism": null,
        "leisure": null,
        "wikidata": null,
        "website": null,
        "phone": null,
        "opening_hours": null,
        "addr_street": null,
        "addr_housenumber": null,
        "addr_postcode": null,
        "addr_city": null,
        "image": null,
        "wikimedia_commons": null,
        "mapillary": null,
        "source": "OpenStreetMap via Overpass API",
        "name_source": "OpenStreetMap",
        "sources": [
          "OpenStreetMap via Overpass API",
          "Overture Maps Places"
        ],
        "overture_id": "87a8f688-1efe-4f35-8a29-d236f80f96b9",
        "overture_confidence": 0.996,
        "grid_id": "r0_c6"
      }
    },
    {
      "type": "Feature",
      "geometry": {
        "type": "Point",
        "coordinates": [
          1.98155239,
          41.28518337
        ]
      },
      "properties": {
        "osm_id": null,
        "overture_id": "ea5260c6-192c-40eb-aa60-5a56185e5537",
        "name": "Restaurante Bar Almería",
        "display_name": "Restaurante Bar Almería",
        "category": "Restauración",
        "subcategory": "Bar / tapas",
        "primary_tag": "overture=bar_and_grill_restaurant",
        "source": "Overture Maps Places",
        "sources": [
          "Overture Maps Places"
        ],
        "name_source": "Overture Maps Places",
        "overture_taxonomy": "bar_and_grill_restaurant",
        "overture_confidence": 0.923,
        "grid_id": "r4_c7"
      }
    },
    {
      "type": "Feature",
      "geometry": {
        "type": "Point",
        "coordinates": [
          1.97152601,
          41.265761
        ]
      },
      "properties": {
        "osm_id": null,
        "overture_id": "fce2ee89-259e-4570-849b-90589dd9d6ec",
        "name": "Restaurante Cel Blau Castelldefels",
        "display_name": "Restaurante Cel Blau Castelldefels",
        "category": "Restauración",
        "subcategory": "Restaurante",
        "primary_tag": "overture=spanish_restaurant",
        "source": "Overture Maps Places",
        "sources": [
          "Overture Maps Places"
        ],
        "name_source": "Overture Maps Places",
        "overture_taxonomy": "spanish_restaurant",
        "overture_confidence": 0.993,
        "grid_id": "r0_c5"
      }
    },
    {
      "type": "Feature",
      "geometry": {
        "type": "Point",
        "coordinates": [
          1.97493312,
          41.2777397
        ]
      },
      "properties": {
        "osm_id": null,
        "overture_id": "7ec3938d-0326-4df2-a405-99fd30b94488",
        "name": "Restaurante Don Pulpo",
        "display_name": "Restaurante Don Pulpo",
        "category": "Restauración",
        "subcategory": "Restaurante",
        "primary_tag": "overture=seafood_restaurant",
        "source": "Overture Maps Places",
        "sources": [
          "Overture Maps Places"
        ],
        "name_source": "Overture Maps Places",
        "overture_taxonomy": "seafood_restaurant",
        "overture_confidence": 0.944,
        "grid_id": "r3_c6"
      }
    },
    {
      "type": "Feature",
      "geometry": {
        "type": "Point",
        "coordinates": [
          1.9568766,
          41.265865
        ]
      },
      "properties": {
        "osm_id": "node/4248633293",
        "name": "Restaurante El Avión",
        "display_name": "Restaurante El Avión",
        "category": "Restauración",
        "subcategory": "Restaurante",
        "primary_tag": "amenity=restaurant",
        "amenity": "restaurant",
        "shop": null,
        "office": null,
        "tourism": null,
        "leisure": null,
        "wikidata": null,
        "website": null,
        "phone": null,
        "opening_hours": null,
        "addr_street": null,
        "addr_housenumber": null,
        "addr_postcode": null,
        "addr_city": null,
        "image": null,
        "wikimedia_commons": null,
        "mapillary": null,
        "source": "OpenStreetMap via Overpass API",
        "name_source": "OpenStreetMap",
        "grid_id": "r0_c3"
      }
    },
    {
      "type": "Feature",
      "geometry": {
        "type": "Point",
        "coordinates": [
          1.989925434393318,
          41.28247809383175
        ]
      },
      "properties": {
        "osm_id": null,
        "overture_id": "0a91901e-3082-4d19-8e01-1922cb62ab6d",
        "name": "Restaurante eSBo",
        "display_name": "Restaurante eSBo",
        "category": "Restauración",
        "subcategory": "Restaurante",
        "primary_tag": "overture=restaurant",
        "source": "Overture Maps Places",
        "sources": [
          "Overture Maps Places"
        ],
        "name_source": "Overture Maps Places",
        "overture_taxonomy": "restaurant",
        "overture_confidence": 0.85,
        "grid_id": "r4_c8"
      }
    },
    {
      "type": "Feature",
      "geometry": {
        "type": "Point",
        "coordinates": [
          1.97901312,
          41.27973334
        ]
      },
      "properties": {
        "osm_id": null,
        "overture_id": "6e9f4701-0c6b-4f7e-90a6-1a2add46e961",
        "name": "Restaurante Japones O-Toro",
        "display_name": "Restaurante Japones O-Toro",
        "category": "Restauración",
        "subcategory": "Restaurante",
        "primary_tag": "overture=japanese_restaurant",
        "source": "Overture Maps Places",
        "sources": [
          "Overture Maps Places"
        ],
        "name_source": "Overture Maps Places",
        "overture_taxonomy": "japanese_restaurant",
        "overture_confidence": 0.998,
        "grid_id": "r3_c6"
      }
    },
    {
      "type": "Feature",
      "geometry": {
        "type": "Point",
        "coordinates": [
          1.98214187,
          41.28907246
        ]
      },
      "properties": {
        "osm_id": null,
        "overture_id": "c84e8f4d-6af4-4eca-abdc-aae7fa6b9ade",
        "name": "Restaurante las delicias castelldefels",
        "display_name": "Restaurante las delicias castelldefels",
        "category": "Restauración",
        "subcategory": "Restaurante",
        "primary_tag": "overture=spanish_restaurant",
        "source": "Overture Maps Places",
        "sources": [
          "Overture Maps Places"
        ],
        "name_source": "Overture Maps Places",
        "overture_taxonomy": "spanish_restaurant",
        "overture_confidence": 0.982,
        "grid_id": "r5_c7"
      }
    },
    {
      "type": "Feature",
      "geometry": {
        "type": "Point",
        "coordinates": [
          1.955461713418299,
          41.26543197863593
        ]
      },
      "properties": {
        "osm_id": null,
        "overture_id": "f3bc8697-568e-4e04-b7ac-0e5240939ecf",
        "name": "Restaurante Latitud Norte",
        "display_name": "Restaurante Latitud Norte",
        "category": "Restauración",
        "subcategory": "Restaurante",
        "primary_tag": "overture=mediterranean_restaurant",
        "source": "Overture Maps Places",
        "sources": [
          "Overture Maps Places"
        ],
        "name_source": "Overture Maps Places",
        "overture_taxonomy": "mediterranean_restaurant",
        "overture_confidence": 0.934,
        "grid_id": "r0_c3"
      }
    },
    {
      "type": "Feature",
      "geometry": {
        "type": "Point",
        "coordinates": [
          1.97174037,
          41.26606329
        ]
      },
      "properties": {
        "osm_id": null,
        "overture_id": "1e86202f-b7ab-400e-99f0-592439f2d6e8",
        "name": "Restaurante lucavi",
        "display_name": "Restaurante lucavi",
        "category": "Restauración",
        "subcategory": "Restaurante",
        "primary_tag": "overture=mediterranean_restaurant",
        "source": "Overture Maps Places",
        "sources": [
          "Overture Maps Places"
        ],
        "name_source": "Overture Maps Places",
        "overture_taxonomy": "mediterranean_restaurant",
        "overture_confidence": 0.998,
        "grid_id": "r0_c5"
      }
    },
    {
      "type": "Feature",
      "geometry": {
        "type": "Point",
        "coordinates": [
          1.97131703,
          41.26541417
        ]
      },
      "properties": {
        "osm_id": null,
        "overture_id": "c1a84efe-506a-4a80-9bc3-be4467e457d3",
        "name": "Restaurante Rincón de Lola",
        "display_name": "Restaurante Rincón de Lola",
        "category": "Restauración",
        "subcategory": "Restaurante",
        "primary_tag": "overture=spanish_restaurant",
        "source": "Overture Maps Places",
        "sources": [
          "Overture Maps Places"
        ],
        "name_source": "Overture Maps Places",
        "overture_taxonomy": "spanish_restaurant",
        "overture_confidence": 0.999,
        "grid_id": "r0_c5"
      }
    },
    {
      "type": "Feature",
      "geometry": {
        "type": "Point",
        "coordinates": [
          1.9855458,
          41.2755171
        ]
      },
      "properties": {
        "osm_id": "node/1003829407",
        "name": null,
        "display_name": "Restaurante sin nombre",
        "category": "Restauración",
        "subcategory": "Restaurante",
        "primary_tag": "amenity=restaurant",
        "amenity": "restaurant",
        "shop": null,
        "office": null,
        "tourism": null,
        "leisure": null,
        "wikidata": null,
        "website": null,
        "phone": null,
        "opening_hours": null,
        "addr_street": null,
        "addr_housenumber": null,
        "addr_postcode": null,
        "addr_city": null,
        "image": null,
        "wikimedia_commons": null,
        "mapillary": null,
        "source": "OpenStreetMap via Overpass API",
        "name_source": "semantic-fallback",
        "grid_id": "r2_c8"
      }
    },
    {
      "type": "Feature",
      "geometry": {
        "type": "Point",
        "coordinates": [
          1.9620743,
          41.2697561
        ]
      },
      "properties": {
        "osm_id": "node/1335739222",
        "name": null,
        "display_name": "Restaurante sin nombre",
        "category": "Restauración",
        "subcategory": "Restaurante",
        "primary_tag": "amenity=restaurant",
        "amenity": "restaurant",
        "shop": null,
        "office": null,
        "tourism": null,
        "leisure": null,
        "wikidata": null,
        "website": null,
        "phone": null,
        "opening_hours": null,
        "addr_street": null,
        "addr_housenumber": null,
        "addr_postcode": null,
        "addr_city": null,
        "image": null,
        "wikimedia_commons": null,
        "mapillary": null,
        "source": "OpenStreetMap via Overpass API",
        "name_source": "semantic-fallback",
        "grid_id": "r1_c4"
      }
    },
    {
      "type": "Feature",
      "geometry": {
        "type": "Point",
        "coordinates": [
          1.9783652,
          41.2754615
        ]
      },
      "properties": {
        "osm_id": "node/10204192183",
        "name": null,
        "display_name": "Restaurante sin nombre",
        "category": "Restauración",
        "subcategory": "Restaurante",
        "primary_tag": "amenity=restaurant",
        "amenity": "restaurant",
        "shop": null,
        "office": null,
        "tourism": null,
        "leisure": null,
        "wikidata": null,
        "website": null,
        "phone": null,
        "opening_hours": null,
        "addr_street": null,
        "addr_housenumber": null,
        "addr_postcode": null,
        "addr_city": null,
        "image": null,
        "wikimedia_commons": null,
        "mapillary": null,
        "source": "OpenStreetMap via Overpass API",
        "name_source": "semantic-fallback",
        "grid_id": "r2_c6"
      }
    },
    {
      "type": "Feature",
      "geometry": {
        "type": "Point",
        "coordinates": [
          1.9891233,
          41.2818471
        ]
      },
      "properties": {
        "osm_id": "way/630377789",
        "name": null,
        "display_name": "Restaurante sin nombre",
        "category": "Restauración",
        "subcategory": "Restaurante",
        "primary_tag": "amenity=restaurant",
        "amenity": "restaurant",
        "shop": null,
        "office": null,
        "tourism": null,
        "leisure": null,
        "wikidata": null,
        "website": null,
        "phone": null,
        "opening_hours": null,
        "addr_street": null,
        "addr_housenumber": null,
        "addr_postcode": null,
        "addr_city": null,
        "image": null,
        "wikimedia_commons": null,
        "mapillary": null,
        "source": "OpenStreetMap via Overpass API",
        "name_source": "semantic-fallback",
        "grid_id": "r4_c8"
      }
    },
    {
      "type": "Feature",
      "geometry": {
        "type": "Point",
        "coordinates": [
          1.9744,
          41.28285
        ]
      },
      "properties": {
        "osm_id": null,
        "overture_id": "f402bd08-1e5c-4e37-b05b-158a953c0817",
        "name": "Restaurante Tupac",
        "display_name": "Restaurante Tupac",
        "category": "Restauración",
        "subcategory": "Restaurante",
        "primary_tag": "overture=peruvian_restaurant",
        "source": "Overture Maps Places",
        "sources": [
          "Overture Maps Places"
        ],
        "name_source": "Overture Maps Places",
        "overture_taxonomy": "peruvian_restaurant",
        "overture_confidence": 0.906,
        "grid_id": "r4_c6"
      }
    },
    {
      "type": "Feature",
      "geometry": {
        "type": "Point",
        "coordinates": [
          1.989097329529,
          41.265401778229
        ]
      },
      "properties": {
        "osm_id": null,
        "overture_id": "f43fa212-b6db-4450-8989-f45ad3db3360",
        "name": "Restaurante Unlugar",
        "display_name": "Restaurante Unlugar",
        "category": "Restauración",
        "subcategory": "Restaurante",
        "primary_tag": "overture=barbecue_restaurant",
        "source": "Overture Maps Places",
        "sources": [
          "Overture Maps Places"
        ],
        "name_source": "Overture Maps Places",
        "overture_taxonomy": "barbecue_restaurant",
        "overture_confidence": 0.99,
        "grid_id": "r0_c8"
      }
    },
    {
      "type": "Feature",
      "geometry": {
        "type": "Point",
        "coordinates": [
          1.9639437,
          41.2650194
        ]
      },
      "properties": {
        "osm_id": "node/9938269866",
        "name": "Restoran Club Nàutic",
        "display_name": "Restoran Club Nàutic",
        "category": "Restauración",
        "subcategory": "Restaurante",
        "primary_tag": "amenity=restaurant",
        "amenity": "restaurant",
        "shop": null,
        "office": null,
        "tourism": null,
        "leisure": null,
        "wikidata": null,
        "website": null,
        "phone": null,
        "opening_hours": null,
        "addr_street": null,
        "addr_housenumber": null,
        "addr_postcode": null,
        "addr_city": null,
        "image": null,
        "wikimedia_commons": null,
        "mapillary": null,
        "source": "OpenStreetMap via Overpass API",
        "name_source": "OpenStreetMap",
        "grid_id": "r0_c4"
      }
    },
    {
      "type": "Feature",
      "geometry": {
        "type": "Point",
        "coordinates": [
          1.9848990440369,
          41.288384176846
        ]
      },
      "properties": {
        "osm_id": null,
        "overture_id": "83a3f443-1f70-4cea-9d16-7c525383ea0e",
        "name": "Rikoos Castelldefels",
        "display_name": "Rikoos Castelldefels",
        "category": "Restauración",
        "subcategory": "Cafetería",
        "primary_tag": "overture=cafe",
        "source": "Overture Maps Places",
        "sources": [
          "Overture Maps Places"
        ],
        "name_source": "Overture Maps Places",
        "overture_taxonomy": "cafe",
        "overture_confidence": 0.982,
        "grid_id": "r5_c8"
      }
    },
    {
      "type": "Feature",
      "geometry": {
        "type": "Point",
        "coordinates": [
          1.97123861,
          41.26549957
        ]
      },
      "properties": {
        "osm_id": null,
        "overture_id": "9c15de74-de24-4540-887d-bc585fe60760",
        "name": "Rincón de Galicia",
        "display_name": "Rincón de Galicia",
        "category": "Restauración",
        "subcategory": "Restaurante español",
        "primary_tag": "overture=spanish_restaurant",
        "source": "Overture Maps Places",
        "sources": [
          "Overture Maps Places"
        ],
        "name_source": "Overture Maps Places",
        "overture_taxonomy": "spanish_restaurant",
        "overture_confidence": 0.997,
        "grid_id": "r0_c5"
      }
    },
    {
      "type": "Feature",
      "geometry": {
        "type": "Point",
        "coordinates": [
          1.9724803,
          41.2662669
        ]
      },
      "properties": {
        "osm_id": "node/9017894921",
        "name": "Rincon Marítimo",
        "display_name": "Rincon Marítimo",
        "category": "Restauración",
        "subcategory": "Restaurante",
        "primary_tag": "amenity=restaurant",
        "amenity": "restaurant",
        "shop": null,
        "office": null,
        "tourism": null,
        "leisure": null,
        "wikidata": null,
        "website": null,
        "phone": null,
        "opening_hours": null,
        "addr_street": null,
        "addr_housenumber": null,
        "addr_postcode": null,
        "addr_city": null,
        "image": null,
        "wikimedia_commons": null,
        "mapillary": null,
        "source": "OpenStreetMap via Overpass API",
        "name_source": "OpenStreetMap",
        "grid_id": "r0_c5"
      }
    },
    {
      "type": "Feature",
      "geometry": {
        "type": "Point",
        "coordinates": [
          1.9691166,
          41.2659664
        ]
      },
      "properties": {
        "osm_id": "node/2246306187",
        "name": "Rober's",
        "display_name": "Rober's",
        "category": "Restauración",
        "subcategory": "Restaurante",
        "primary_tag": "amenity=restaurant",
        "amenity": "restaurant",
        "shop": null,
        "office": null,
        "tourism": null,
        "leisure": null,
        "wikidata": null,
        "website": null,
        "phone": null,
        "opening_hours": null,
        "addr_street": null,
        "addr_housenumber": null,
        "addr_postcode": null,
        "addr_city": null,
        "image": null,
        "wikimedia_commons": null,
        "mapillary": null,
        "source": "OpenStreetMap via Overpass API",
        "name_source": "OpenStreetMap",
        "sources": [
          "OpenStreetMap via Overpass API",
          "Overture Maps Places"
        ],
        "overture_id": "d4c78ebd-7583-44f7-a69b-b0d97630bfe7",
        "overture_confidence": 0.993,
        "grid_id": "r0_c5"
      }
    },
    {
      "type": "Feature",
      "geometry": {
        "type": "Point",
        "coordinates": [
          1.9705737,
          41.2662359
        ]
      },
      "properties": {
        "osm_id": "node/9010136311",
        "name": "Rober's",
        "display_name": "Rober's",
        "category": "Restauración",
        "subcategory": "Comida rápida",
        "primary_tag": "amenity=fast_food",
        "amenity": "fast_food",
        "shop": null,
        "office": null,
        "tourism": null,
        "leisure": null,
        "wikidata": null,
        "website": null,
        "phone": "+34936649442",
        "opening_hours": null,
        "addr_street": null,
        "addr_housenumber": null,
        "addr_postcode": null,
        "addr_city": null,
        "image": null,
        "wikimedia_commons": null,
        "mapillary": null,
        "source": "OpenStreetMap via Overpass API",
        "name_source": "OpenStreetMap",
        "sources": [
          "OpenStreetMap via Overpass API",
          "Overture Maps Places"
        ],
        "overture_id": "b3d0d345-ff85-4f47-bb09-4b554c6d1e41",
        "overture_confidence": 0.997,
        "grid_id": "r0_c5"
      }
    },
    {
      "type": "Feature",
      "geometry": {
        "type": "Point",
        "coordinates": [
          1.9737276,
          41.2656771
        ]
      },
      "properties": {
        "osm_id": "node/5223160026",
        "name": "Rocxi Beach",
        "display_name": "Rocxi Beach",
        "category": "Restauración",
        "subcategory": "Restaurante",
        "primary_tag": "amenity=restaurant",
        "amenity": "restaurant",
        "shop": null,
        "office": null,
        "tourism": null,
        "leisure": null,
        "wikidata": null,
        "website": "https://www.rocxibeach.com/",
        "phone": "+34 936452050",
        "opening_hours": "Tu-Su 13:00-00:00",
        "addr_street": null,
        "addr_housenumber": null,
        "addr_postcode": null,
        "addr_city": null,
        "image": null,
        "wikimedia_commons": null,
        "mapillary": null,
        "source": "OpenStreetMap via Overpass API",
        "name_source": "OpenStreetMap",
        "sources": [
          "OpenStreetMap via Overpass API",
          "Overture Maps Places"
        ],
        "overture_id": "9460d442-a06c-4945-b81a-360ce67b843d",
        "overture_confidence": 1,
        "grid_id": "r0_c6"
      }
    },
    {
      "type": "Feature",
      "geometry": {
        "type": "Point",
        "coordinates": [
          1.976563,
          41.265744
        ]
      },
      "properties": {
        "osm_id": null,
        "overture_id": "37d09b34-8b47-4192-bbc2-5c585e2d8a95",
        "name": "Rosa Mar",
        "display_name": "Rosa Mar",
        "category": "Restauración",
        "subcategory": "Restaurante mediterráneo",
        "primary_tag": "overture=mediterranean_restaurant",
        "source": "Overture Maps Places",
        "sources": [
          "Overture Maps Places"
        ],
        "name_source": "Overture Maps Places",
        "overture_taxonomy": "mediterranean_restaurant",
        "overture_confidence": 0.875,
        "grid_id": "r0_c6"
      }
    },
    {
      "type": "Feature",
      "geometry": {
        "type": "Point",
        "coordinates": [
          1.98002505,
          41.28798126
        ]
      },
      "properties": {
        "osm_id": null,
        "overture_id": "9ce6a8ec-11cb-4865-918b-b59a654f6dca",
        "name": "Rostisseria Ca la Nany",
        "display_name": "Rostisseria Ca la Nany",
        "category": "Restauración",
        "subcategory": "Bar",
        "primary_tag": "overture=bar",
        "source": "Overture Maps Places",
        "sources": [
          "Overture Maps Places"
        ],
        "name_source": "Overture Maps Places",
        "overture_taxonomy": "bar",
        "overture_confidence": 0.888,
        "grid_id": "r5_c7"
      }
    },
    {
      "type": "Feature",
      "geometry": {
        "type": "Point",
        "coordinates": [
          1.97511032,
          41.28111169
        ]
      },
      "properties": {
        "osm_id": null,
        "overture_id": "e955ec15-b942-4c63-8061-a25d3cfafb1d",
        "name": "Rostisseria la Pineda",
        "display_name": "Rostisseria la Pineda",
        "category": "Restauración",
        "subcategory": "Restaurante español",
        "primary_tag": "overture=spanish_restaurant",
        "source": "Overture Maps Places",
        "sources": [
          "Overture Maps Places"
        ],
        "name_source": "Overture Maps Places",
        "overture_taxonomy": "spanish_restaurant",
        "overture_confidence": 0.963,
        "grid_id": "r3_c6"
      }
    },
    {
      "type": "Feature",
      "geometry": {
        "type": "Point",
        "coordinates": [
          1.97526643,
          41.27619437
        ]
      },
      "properties": {
        "osm_id": null,
        "overture_id": "77ebb7d1-126f-4fa9-8520-20252ecd7d3d",
        "name": "Rostisseria Monijos",
        "display_name": "Rostisseria Monijos",
        "category": "Restauración",
        "subcategory": "Restaurante brasileño",
        "primary_tag": "overture=brazilian_restaurant",
        "source": "Overture Maps Places",
        "sources": [
          "Overture Maps Places"
        ],
        "name_source": "Overture Maps Places",
        "overture_taxonomy": "brazilian_restaurant",
        "overture_confidence": 0.944,
        "grid_id": "r2_c6"
      }
    },
    {
      "type": "Feature",
      "geometry": {
        "type": "Point",
        "coordinates": [
          1.9574535,
          41.2676205
        ]
      },
      "properties": {
        "osm_id": "way/1040617737",
        "name": "Route Bar",
        "display_name": "Route Bar",
        "category": "Restauración",
        "subcategory": "Restaurante",
        "primary_tag": "amenity=restaurant",
        "amenity": "restaurant",
        "shop": null,
        "office": null,
        "tourism": null,
        "leisure": null,
        "wikidata": null,
        "website": "https://www.routebar.es/",
        "phone": null,
        "opening_hours": null,
        "addr_street": null,
        "addr_housenumber": null,
        "addr_postcode": null,
        "addr_city": null,
        "image": null,
        "wikimedia_commons": null,
        "mapillary": null,
        "source": "OpenStreetMap via Overpass API",
        "name_source": "OpenStreetMap",
        "sources": [
          "OpenStreetMap via Overpass API",
          "Overture Maps Places"
        ],
        "overture_id": "333ee5d6-d34f-4270-8324-37127a72f7ce",
        "overture_confidence": 0.998,
        "panoramax_id": "982b6b0d-a559-4249-a7ac-4463cfc5d09c",
        "panoramax_thumbnail_url": "https://panoramax.openstreetmap.fr/derivates/98/2b/6b/0d/a559-4249-a7ac-4463cfc5d09c/thumb.jpg",
        "panoramax_visual_url": "https://panoramax.openstreetmap.fr/derivates/98/2b/6b/0d/a559-4249-a7ac-4463cfc5d09c/sd.jpg",
        "panoramax_captured_at": "2020-07-08T14:59:34.800000",
        "panoramax_distance_m": 29.1,
        "panoramax_license": "CC-BY-SA-4.0",
        "panoramax_providers": [
          "yopaseopor"
        ],
        "panoramax_instance_name": "osm-fr",
        "panoramax_instance_url": "https://panoramax.openstreetmap.fr",
        "grid_id": "r0_c3"
      }
    },
    {
      "type": "Feature",
      "geometry": {
        "type": "Point",
        "coordinates": [
          1.97113659,
          41.26678614
        ]
      },
      "properties": {
        "osm_id": null,
        "overture_id": "d1407beb-beee-43cd-94ca-4e727fe90c1b",
        "name": "Sabors Del Mar",
        "display_name": "Sabors Del Mar",
        "category": "Restauración",
        "subcategory": "Restaurante español",
        "primary_tag": "overture=spanish_restaurant",
        "source": "Overture Maps Places",
        "sources": [
          "Overture Maps Places"
        ],
        "name_source": "Overture Maps Places",
        "overture_taxonomy": "spanish_restaurant",
        "overture_confidence": 0.988,
        "grid_id": "r0_c5"
      }
    },
    {
      "type": "Feature",
      "geometry": {
        "type": "Point",
        "coordinates": [
          1.97758429,
          41.28132989
        ]
      },
      "properties": {
        "osm_id": null,
        "overture_id": "18bfdd33-3582-47d8-a9f1-19e545d28804",
        "name": "San Yago",
        "display_name": "San Yago",
        "category": "Restauración",
        "subcategory": "Restaurante español",
        "primary_tag": "overture=spanish_restaurant",
        "source": "Overture Maps Places",
        "sources": [
          "Overture Maps Places"
        ],
        "name_source": "Overture Maps Places",
        "overture_taxonomy": "spanish_restaurant",
        "overture_confidence": 0.981,
        "grid_id": "r3_c6"
      }
    },
    {
      "type": "Feature",
      "geometry": {
        "type": "Point",
        "coordinates": [
          1.98639649,
          41.28701395
        ]
      },
      "properties": {
        "osm_id": null,
        "overture_id": "c1ef02c7-85ff-43a9-ad2d-ae77b847d5e4",
        "name": "Sandra Rostisseria",
        "display_name": "Sandra Rostisseria",
        "category": "Restauración",
        "subcategory": "Restaurante",
        "primary_tag": "overture=restaurant",
        "source": "Overture Maps Places",
        "sources": [
          "Overture Maps Places"
        ],
        "name_source": "Overture Maps Places",
        "overture_taxonomy": "restaurant",
        "overture_confidence": 0.979,
        "grid_id": "r5_c8"
      }
    },
    {
      "type": "Feature",
      "geometry": {
        "type": "Point",
        "coordinates": [
          1.9779951,
          41.2797135
        ]
      },
      "properties": {
        "osm_id": "node/12278203615",
        "name": "Santagloria",
        "display_name": "Santagloria",
        "category": "Restauración",
        "subcategory": "Cafetería",
        "primary_tag": "amenity=cafe",
        "amenity": "cafe",
        "shop": "bakery",
        "office": null,
        "tourism": null,
        "leisure": null,
        "wikidata": null,
        "website": null,
        "phone": null,
        "opening_hours": null,
        "addr_street": null,
        "addr_housenumber": null,
        "addr_postcode": null,
        "addr_city": null,
        "image": null,
        "wikimedia_commons": null,
        "mapillary": null,
        "source": "OpenStreetMap via Overpass API",
        "name_source": "OpenStreetMap",
        "sources": [
          "OpenStreetMap via Overpass API",
          "Overture Maps Places"
        ],
        "overture_id": "fb335433-82a6-4502-95b0-a889741e8e5e",
        "overture_confidence": 0.85,
        "grid_id": "r3_c6"
      }
    },
    {
      "type": "Feature",
      "geometry": {
        "type": "Point",
        "coordinates": [
          1.9831189,
          41.2835876
        ]
      },
      "properties": {
        "osm_id": "node/9580975753",
        "name": "Sawadee Thai Castelldefels",
        "display_name": "Sawadee Thai Castelldefels",
        "category": "Restauración",
        "subcategory": "Restaurante",
        "primary_tag": "amenity=restaurant",
        "amenity": "restaurant",
        "shop": null,
        "office": null,
        "tourism": null,
        "leisure": null,
        "wikidata": null,
        "website": "http://www.sawadeethaicastelldefels.com/",
        "phone": null,
        "opening_hours": "Tu-Sa 13:00-16:00,20:00-23:00; Su 13:00-16:00",
        "addr_street": null,
        "addr_housenumber": null,
        "addr_postcode": null,
        "addr_city": null,
        "image": null,
        "wikimedia_commons": null,
        "mapillary": null,
        "source": "OpenStreetMap via Overpass API",
        "name_source": "OpenStreetMap",
        "sources": [
          "OpenStreetMap via Overpass API",
          "Overture Maps Places"
        ],
        "overture_id": "3fd3a927-2467-49a7-8af0-0e7177b2364c",
        "overture_confidence": 0.995,
        "grid_id": "r4_c7"
      }
    },
    {
      "type": "Feature",
      "geometry": {
        "type": "Point",
        "coordinates": [
          1.97082273,
          41.2676892
        ]
      },
      "properties": {
        "osm_id": null,
        "overture_id": "5f27a470-cf8e-49dc-b15a-71814eeace2b",
        "name": "Shiso Restaurant & Lounge",
        "display_name": "Shiso Restaurant & Lounge",
        "category": "Restauración",
        "subcategory": "Restaurante",
        "primary_tag": "overture=spanish_restaurant",
        "source": "Overture Maps Places",
        "sources": [
          "Overture Maps Places"
        ],
        "name_source": "Overture Maps Places",
        "overture_taxonomy": "spanish_restaurant",
        "overture_confidence": 0.869,
        "grid_id": "r0_c5"
      }
    },
    {
      "type": "Feature",
      "geometry": {
        "type": "Point",
        "coordinates": [
          1.97110339,
          41.26690384
        ]
      },
      "properties": {
        "osm_id": null,
        "overture_id": "6eaf4802-f5d2-4bf3-bdf5-36daf2dfd759",
        "name": "Silver Castelldefels",
        "display_name": "Silver Castelldefels",
        "category": "Restauración",
        "subcategory": "Bar",
        "primary_tag": "overture=bar",
        "source": "Overture Maps Places",
        "sources": [
          "Overture Maps Places"
        ],
        "name_source": "Overture Maps Places",
        "overture_taxonomy": "bar",
        "overture_confidence": 0.886,
        "grid_id": "r0_c5"
      }
    },
    {
      "type": "Feature",
      "geometry": {
        "type": "Point",
        "coordinates": [
          1.97107336,
          41.26782237
        ]
      },
      "properties": {
        "osm_id": null,
        "overture_id": "0fce6a1a-90b3-4b26-bbb9-6b9a3d0f85d5",
        "name": "Skyline Chillout",
        "display_name": "Skyline Chillout",
        "category": "Restauración",
        "subcategory": "Coctelería",
        "primary_tag": "overture=cocktail_bar",
        "source": "Overture Maps Places",
        "sources": [
          "Overture Maps Places"
        ],
        "name_source": "Overture Maps Places",
        "overture_taxonomy": "cocktail_bar",
        "overture_confidence": 0.991,
        "grid_id": "r0_c5"
      }
    },
    {
      "type": "Feature",
      "geometry": {
        "type": "Point",
        "coordinates": [
          1.9947555,
          41.2654859
        ]
      },
      "properties": {
        "osm_id": "node/8806651273",
        "name": "Soli",
        "display_name": "Soli",
        "category": "Restauración",
        "subcategory": "Restaurante",
        "primary_tag": "amenity=restaurant",
        "amenity": "restaurant",
        "shop": null,
        "office": null,
        "tourism": null,
        "leisure": null,
        "wikidata": null,
        "website": null,
        "phone": null,
        "opening_hours": null,
        "addr_street": null,
        "addr_housenumber": null,
        "addr_postcode": null,
        "addr_city": null,
        "image": null,
        "wikimedia_commons": null,
        "mapillary": null,
        "source": "OpenStreetMap via Overpass API",
        "name_source": "OpenStreetMap",
        "grid_id": "r0_c9"
      }
    },
    {
      "type": "Feature",
      "geometry": {
        "type": "Point",
        "coordinates": [
          1.9763496,
          41.2651377
        ]
      },
      "properties": {
        "osm_id": "node/7575347685",
        "name": "Solraig",
        "display_name": "Solraig",
        "category": "Restauración",
        "subcategory": "Restaurante",
        "primary_tag": "amenity=restaurant",
        "amenity": "restaurant",
        "shop": null,
        "office": null,
        "tourism": null,
        "leisure": null,
        "wikidata": null,
        "website": null,
        "phone": null,
        "opening_hours": null,
        "addr_street": null,
        "addr_housenumber": null,
        "addr_postcode": null,
        "addr_city": null,
        "image": null,
        "wikimedia_commons": null,
        "mapillary": null,
        "source": "OpenStreetMap via Overpass API",
        "name_source": "OpenStreetMap",
        "sources": [
          "OpenStreetMap via Overpass API",
          "Overture Maps Places"
        ],
        "overture_id": "4fcf4904-17be-4a9c-adbf-0e5e34fdc006",
        "overture_confidence": 0.99,
        "grid_id": "r0_c6"
      }
    },
    {
      "type": "Feature",
      "geometry": {
        "type": "Point",
        "coordinates": [
          1.9929476,
          41.2656679
        ]
      },
      "properties": {
        "osm_id": "node/13529669799",
        "name": "Spriz Restaurant",
        "display_name": "Spriz Restaurant",
        "category": "Restauración",
        "subcategory": "Restaurante",
        "primary_tag": "amenity=restaurant",
        "amenity": "restaurant",
        "shop": null,
        "office": null,
        "tourism": null,
        "leisure": null,
        "wikidata": null,
        "website": null,
        "phone": null,
        "opening_hours": null,
        "addr_street": null,
        "addr_housenumber": null,
        "addr_postcode": null,
        "addr_city": null,
        "image": null,
        "wikimedia_commons": null,
        "mapillary": null,
        "source": "OpenStreetMap via Overpass API",
        "name_source": "Overture Maps Places",
        "sources": [
          "OpenStreetMap via Overpass API",
          "Overture Maps Places"
        ],
        "overture_id": "21ce3035-5e88-43e0-b43c-8274e9cb1028",
        "overture_confidence": 0.991,
        "grid_id": "r0_c9"
      }
    },
    {
      "type": "Feature",
      "geometry": {
        "type": "Point",
        "coordinates": [
          1.9710366,
          41.26767281
        ]
      },
      "properties": {
        "osm_id": null,
        "overture_id": "3a7973f4-9add-4db1-a537-210c1aef0a9d",
        "name": "Stadium Castelldefels",
        "display_name": "Stadium Castelldefels",
        "category": "Restauración",
        "subcategory": "Bar deportivo",
        "primary_tag": "overture=sports_bar",
        "source": "Overture Maps Places",
        "sources": [
          "Overture Maps Places"
        ],
        "name_source": "Overture Maps Places",
        "overture_taxonomy": "sports_bar",
        "overture_confidence": 0.973,
        "grid_id": "r0_c5"
      }
    },
    {
      "type": "Feature",
      "geometry": {
        "type": "Point",
        "coordinates": [
          1.9557146,
          41.267384
        ]
      },
      "properties": {
        "osm_id": "node/5223167122",
        "name": "Stop",
        "display_name": "Stop",
        "category": "Restauración",
        "subcategory": "Bar",
        "primary_tag": "amenity=bar",
        "amenity": "bar",
        "shop": null,
        "office": null,
        "tourism": null,
        "leisure": null,
        "wikidata": null,
        "website": null,
        "phone": "+34 936342153",
        "opening_hours": "Mo-Su 07:00-22:00",
        "addr_street": null,
        "addr_housenumber": null,
        "addr_postcode": null,
        "addr_city": null,
        "image": null,
        "wikimedia_commons": null,
        "mapillary": null,
        "source": "OpenStreetMap via Overpass API",
        "name_source": "OpenStreetMap",
        "panoramax_id": "48d41af1-1aa1-4a80-ba85-2990db0628c3",
        "panoramax_thumbnail_url": "https://panoramax.openstreetmap.fr/derivates/48/d4/1a/f1/1aa1-4a80-ba85-2990db0628c3/thumb.jpg",
        "panoramax_visual_url": "https://panoramax.openstreetmap.fr/derivates/48/d4/1a/f1/1aa1-4a80-ba85-2990db0628c3/sd.jpg",
        "panoramax_captured_at": "2020-07-08T14:59:41.200000",
        "panoramax_distance_m": 21.4,
        "panoramax_license": "CC-BY-SA-4.0",
        "panoramax_providers": [
          "yopaseopor"
        ],
        "panoramax_instance_name": "osm-fr",
        "panoramax_instance_url": "https://panoramax.openstreetmap.fr",
        "grid_id": "r0_c3"
      }
    },
    {
      "type": "Feature",
      "geometry": {
        "type": "Point",
        "coordinates": [
          1.97796,
          41.28097
        ]
      },
      "properties": {
        "osm_id": null,
        "overture_id": "5270042e-3197-4c20-95c6-3e30c358c0d0",
        "name": "Sugorri Gastrobar",
        "display_name": "Sugorri Gastrobar",
        "category": "Restauración",
        "subcategory": "Restaurante",
        "primary_tag": "overture=restaurant",
        "source": "Overture Maps Places",
        "sources": [
          "Overture Maps Places"
        ],
        "name_source": "Overture Maps Places",
        "overture_taxonomy": "restaurant",
        "overture_confidence": 0.983,
        "grid_id": "r3_c6"
      }
    },
    {
      "type": "Feature",
      "geometry": {
        "type": "Point",
        "coordinates": [
          1.9734186,
          41.2789184
        ]
      },
      "properties": {
        "osm_id": "node/5801177554",
        "name": "sukha",
        "display_name": "sukha",
        "category": "Restauración",
        "subcategory": "Restaurante",
        "primary_tag": "amenity=restaurant",
        "amenity": "restaurant",
        "shop": null,
        "office": null,
        "tourism": null,
        "leisure": null,
        "wikidata": null,
        "website": null,
        "phone": null,
        "opening_hours": "Mo-Sa 09:00-16:00",
        "addr_street": null,
        "addr_housenumber": null,
        "addr_postcode": null,
        "addr_city": null,
        "image": null,
        "wikimedia_commons": null,
        "mapillary": null,
        "source": "OpenStreetMap via Overpass API",
        "name_source": "OpenStreetMap",
        "grid_id": "r3_c6"
      }
    },
    {
      "type": "Feature",
      "geometry": {
        "type": "Point",
        "coordinates": [
          1.98210127,
          41.267082
        ]
      },
      "properties": {
        "osm_id": null,
        "overture_id": "4ca3b201-457e-4948-87bc-11ca399f9ba6",
        "name": "Sunset Castelldefels",
        "display_name": "Sunset Castelldefels",
        "category": "Restauración",
        "subcategory": "Restaurante español",
        "primary_tag": "overture=spanish_restaurant",
        "source": "Overture Maps Places",
        "sources": [
          "Overture Maps Places"
        ],
        "name_source": "Overture Maps Places",
        "overture_taxonomy": "spanish_restaurant",
        "overture_confidence": 0.975,
        "grid_id": "r0_c7"
      }
    },
    {
      "type": "Feature",
      "geometry": {
        "type": "Point",
        "coordinates": [
          1.9773716,
          41.2801775
        ]
      },
      "properties": {
        "osm_id": "node/5941029919",
        "name": "Sushi Chef",
        "display_name": "Sushi Chef",
        "category": "Restauración",
        "subcategory": "Restaurante",
        "primary_tag": "amenity=restaurant",
        "amenity": "restaurant",
        "shop": null,
        "office": null,
        "tourism": null,
        "leisure": null,
        "wikidata": null,
        "website": null,
        "phone": null,
        "opening_hours": "Su-Th 11:30-16:30, 19:00-23:00; Fr-Sa 11:30-16:30, 19:00-23:30",
        "addr_street": null,
        "addr_housenumber": null,
        "addr_postcode": null,
        "addr_city": null,
        "image": null,
        "wikimedia_commons": null,
        "mapillary": null,
        "source": "OpenStreetMap via Overpass API",
        "name_source": "OpenStreetMap",
        "sources": [
          "OpenStreetMap via Overpass API",
          "Overture Maps Places"
        ],
        "overture_id": "50a22f36-0f13-4790-9f30-c18813ca8253",
        "overture_confidence": 0.994,
        "grid_id": "r3_c6"
      }
    },
    {
      "type": "Feature",
      "geometry": {
        "type": "Point",
        "coordinates": [
          1.97806816,
          41.27911453
        ]
      },
      "properties": {
        "osm_id": null,
        "overture_id": "73da5a2c-5278-4c25-89ac-6f074aa2c5b1",
        "name": "Suso Bar",
        "display_name": "Suso Bar",
        "category": "Restauración",
        "subcategory": "Bar / tapas",
        "primary_tag": "overture=restaurant",
        "source": "Overture Maps Places",
        "sources": [
          "Overture Maps Places"
        ],
        "name_source": "Overture Maps Places",
        "overture_taxonomy": "restaurant",
        "overture_confidence": 0.981,
        "grid_id": "r3_c6"
      }
    },
    {
      "type": "Feature",
      "geometry": {
        "type": "Point",
        "coordinates": [
          1.97884878,
          41.28083865
        ]
      },
      "properties": {
        "osm_id": null,
        "overture_id": "4cca693b-ddbb-4644-876a-b11c609a99ee",
        "name": "TA RO Ramen & Wok",
        "display_name": "TA RO Ramen & Wok",
        "category": "Restauración",
        "subcategory": "Restaurante japonés",
        "primary_tag": "overture=japanese_restaurant",
        "source": "Overture Maps Places",
        "sources": [
          "Overture Maps Places"
        ],
        "name_source": "Overture Maps Places",
        "overture_taxonomy": "japanese_restaurant",
        "overture_confidence": 0.932,
        "grid_id": "r3_c6"
      }
    },
    {
      "type": "Feature",
      "geometry": {
        "type": "Point",
        "coordinates": [
          1.9685357,
          41.2660571
        ]
      },
      "properties": {
        "osm_id": "node/2246284370",
        "name": "Taberna",
        "display_name": "Taberna",
        "category": "Restauración",
        "subcategory": "Restaurante",
        "primary_tag": "amenity=restaurant",
        "amenity": "restaurant",
        "shop": null,
        "office": null,
        "tourism": null,
        "leisure": null,
        "wikidata": null,
        "website": null,
        "phone": null,
        "opening_hours": null,
        "addr_street": null,
        "addr_housenumber": null,
        "addr_postcode": null,
        "addr_city": null,
        "image": null,
        "wikimedia_commons": null,
        "mapillary": null,
        "source": "OpenStreetMap via Overpass API",
        "name_source": "OpenStreetMap",
        "sources": [
          "OpenStreetMap via Overpass API",
          "Overture Maps Places"
        ],
        "overture_id": "cf50cf51-6f16-4f01-9a18-1dc9c1b22993",
        "overture_confidence": 0.998,
        "grid_id": "r0_c5"
      }
    },
    {
      "type": "Feature",
      "geometry": {
        "type": "Point",
        "coordinates": [
          1.975044,
          41.265783
        ]
      },
      "properties": {
        "osm_id": null,
        "overture_id": "8d2f9e8a-6ff9-418b-b50d-1a0e8a90735e",
        "name": "Taberna MARIA Bonita",
        "display_name": "Taberna MARIA Bonita",
        "category": "Restauración",
        "subcategory": "Bar de tapas",
        "primary_tag": "overture=tapas_bar",
        "source": "Overture Maps Places",
        "sources": [
          "Overture Maps Places"
        ],
        "name_source": "Overture Maps Places",
        "overture_taxonomy": "tapas_bar",
        "overture_confidence": 0.893,
        "grid_id": "r0_c6"
      }
    },
    {
      "type": "Feature",
      "geometry": {
        "type": "Point",
        "coordinates": [
          1.98602814,
          41.28245419
        ]
      },
      "properties": {
        "osm_id": null,
        "overture_id": "869433ff-45e1-4ea9-88b6-82d14ff82583",
        "name": "Taco Bell",
        "display_name": "Taco Bell",
        "category": "Restauración",
        "subcategory": "Comida rápida",
        "primary_tag": "overture=fast_food_restaurant",
        "source": "Overture Maps Places",
        "sources": [
          "Overture Maps Places"
        ],
        "name_source": "Overture Maps Places",
        "overture_taxonomy": "fast_food_restaurant",
        "overture_confidence": 1,
        "grid_id": "r4_c8"
      }
    },
    {
      "type": "Feature",
      "geometry": {
        "type": "Point",
        "coordinates": [
          1.9654573,
          41.2659674
        ]
      },
      "properties": {
        "osm_id": "node/13529678044",
        "name": "Tactic beach",
        "display_name": "Tactic beach",
        "category": "Restauración",
        "subcategory": "Cafetería",
        "primary_tag": "amenity=cafe",
        "amenity": "cafe",
        "shop": null,
        "office": null,
        "tourism": null,
        "leisure": null,
        "wikidata": null,
        "website": null,
        "phone": null,
        "opening_hours": null,
        "addr_street": null,
        "addr_housenumber": null,
        "addr_postcode": null,
        "addr_city": null,
        "image": null,
        "wikimedia_commons": null,
        "mapillary": null,
        "source": "OpenStreetMap via Overpass API",
        "name_source": "Overture Maps Places",
        "sources": [
          "OpenStreetMap via Overpass API",
          "Overture Maps Places"
        ],
        "overture_id": "85ed3c1e-bf8b-4508-994d-08ea11fdca54",
        "overture_confidence": 0.987,
        "grid_id": "r0_c4"
      }
    },
    {
      "type": "Feature",
      "geometry": {
        "type": "Point",
        "coordinates": [
          1.9695433,
          41.2660171
        ]
      },
      "properties": {
        "osm_id": "node/9010093187",
        "name": "Takua",
        "display_name": "Takua",
        "category": "Restauración",
        "subcategory": "Restaurante",
        "primary_tag": "amenity=restaurant",
        "amenity": "restaurant",
        "shop": null,
        "office": null,
        "tourism": null,
        "leisure": null,
        "wikidata": null,
        "website": null,
        "phone": null,
        "opening_hours": null,
        "addr_street": null,
        "addr_housenumber": null,
        "addr_postcode": null,
        "addr_city": null,
        "image": null,
        "wikimedia_commons": null,
        "mapillary": null,
        "source": "OpenStreetMap via Overpass API",
        "name_source": "OpenStreetMap",
        "grid_id": "r0_c5"
      }
    },
    {
      "type": "Feature",
      "geometry": {
        "type": "Point",
        "coordinates": [
          1.96960464,
          41.26602532
        ]
      },
      "properties": {
        "osm_id": null,
        "overture_id": "03ed6125-2702-4e0b-bbc4-0021359ec42d",
        "name": "Takua Bar",
        "display_name": "Takua Bar",
        "category": "Restauración",
        "subcategory": "Bar / tapas",
        "primary_tag": "overture=bar",
        "source": "Overture Maps Places",
        "sources": [
          "Overture Maps Places"
        ],
        "name_source": "Overture Maps Places",
        "overture_taxonomy": "bar",
        "overture_confidence": 0.998,
        "grid_id": "r0_c5"
      }
    },
    {
      "type": "Feature",
      "geometry": {
        "type": "Point",
        "coordinates": [
          1.9711579,
          41.266953
        ]
      },
      "properties": {
        "osm_id": "node/2246308671",
        "name": "Tangaworld",
        "display_name": "Tangaworld",
        "category": "Restauración",
        "subcategory": "Bar",
        "primary_tag": "amenity=bar",
        "amenity": "bar",
        "shop": null,
        "office": null,
        "tourism": null,
        "leisure": null,
        "wikidata": null,
        "website": null,
        "phone": null,
        "opening_hours": null,
        "addr_street": null,
        "addr_housenumber": null,
        "addr_postcode": null,
        "addr_city": null,
        "image": null,
        "wikimedia_commons": null,
        "mapillary": null,
        "source": "OpenStreetMap via Overpass API",
        "name_source": "OpenStreetMap",
        "grid_id": "r0_c5"
      }
    },
    {
      "type": "Feature",
      "geometry": {
        "type": "Point",
        "coordinates": [
          1.9823292,
          41.26632439
        ]
      },
      "properties": {
        "osm_id": null,
        "overture_id": "b2a325f0-4f9c-446a-afa0-9035b7b67d27",
        "name": "TasKa Castelldefels",
        "display_name": "TasKa Castelldefels",
        "category": "Restauración",
        "subcategory": "Bar de tapas",
        "primary_tag": "overture=tapas_bar",
        "source": "Overture Maps Places",
        "sources": [
          "Overture Maps Places"
        ],
        "name_source": "Overture Maps Places",
        "overture_taxonomy": "tapas_bar",
        "overture_confidence": 0.999,
        "grid_id": "r0_c7"
      }
    },
    {
      "type": "Feature",
      "geometry": {
        "type": "Point",
        "coordinates": [
          1.9811653,
          41.2830002
        ]
      },
      "properties": {
        "osm_id": "node/9580982658",
        "name": "Tast",
        "display_name": "Tast",
        "category": "Restauración",
        "subcategory": "Restaurante",
        "primary_tag": "amenity=restaurant",
        "amenity": "restaurant",
        "shop": null,
        "office": null,
        "tourism": null,
        "leisure": null,
        "wikidata": null,
        "website": null,
        "phone": null,
        "opening_hours": null,
        "addr_street": null,
        "addr_housenumber": null,
        "addr_postcode": null,
        "addr_city": null,
        "image": null,
        "wikimedia_commons": null,
        "mapillary": null,
        "source": "OpenStreetMap via Overpass API",
        "name_source": "OpenStreetMap",
        "grid_id": "r4_c7"
      }
    },
    {
      "type": "Feature",
      "geometry": {
        "type": "Point",
        "coordinates": [
          1.982875726862011,
          41.282907464019424
        ]
      },
      "properties": {
        "osm_id": null,
        "overture_id": "8796cd54-e179-4d20-91f9-160983df01b0",
        "name": "Tatakuá Restaurante y Pizzeria",
        "display_name": "Tatakuá Restaurante y Pizzeria",
        "category": "Restauración",
        "subcategory": "Pizzería",
        "primary_tag": "overture=pizza_restaurant",
        "source": "Overture Maps Places",
        "sources": [
          "Overture Maps Places"
        ],
        "name_source": "Overture Maps Places",
        "overture_taxonomy": "pizza_restaurant",
        "overture_confidence": 0.948,
        "grid_id": "r4_c7"
      }
    },
    {
      "type": "Feature",
      "geometry": {
        "type": "Point",
        "coordinates": [
          1.9763291,
          41.2798664
        ]
      },
      "properties": {
        "osm_id": null,
        "overture_id": "3ab62537-f4a5-40c4-969b-0e7ff745ed19",
        "name": "The Monks",
        "display_name": "The Monks",
        "category": "Restauración",
        "subcategory": "Restaurante británico",
        "primary_tag": "overture=british_restaurant",
        "source": "Overture Maps Places",
        "sources": [
          "Overture Maps Places"
        ],
        "name_source": "Overture Maps Places",
        "overture_taxonomy": "british_restaurant",
        "overture_confidence": 0.85,
        "grid_id": "r3_c6"
      }
    },
    {
      "type": "Feature",
      "geometry": {
        "type": "Point",
        "coordinates": [
          1.9820177,
          41.2663555
        ]
      },
      "properties": {
        "osm_id": "node/2246250275",
        "name": "Tiburon",
        "display_name": "Tiburon",
        "category": "Restauración",
        "subcategory": "Cafetería",
        "primary_tag": "amenity=cafe",
        "amenity": "cafe",
        "shop": null,
        "office": null,
        "tourism": null,
        "leisure": null,
        "wikidata": null,
        "website": null,
        "phone": null,
        "opening_hours": null,
        "addr_street": null,
        "addr_housenumber": null,
        "addr_postcode": null,
        "addr_city": null,
        "image": null,
        "wikimedia_commons": null,
        "mapillary": null,
        "source": "OpenStreetMap via Overpass API",
        "name_source": "OpenStreetMap",
        "sources": [
          "OpenStreetMap via Overpass API",
          "Overture Maps Places"
        ],
        "overture_id": "7e75c533-1aae-4b69-88e7-851a220fa12f",
        "overture_confidence": 0.999,
        "grid_id": "r0_c7"
      }
    },
    {
      "type": "Feature",
      "geometry": {
        "type": "Point",
        "coordinates": [
          1.9858365207563,
          41.282788689985
        ]
      },
      "properties": {
        "osm_id": null,
        "overture_id": "fc13cb48-a1dc-4db4-a563-7f31aa48d90a",
        "name": "Timesburg",
        "display_name": "Timesburg",
        "category": "Restauración",
        "subcategory": "Restaurante estadounidense",
        "primary_tag": "overture=american_restaurant",
        "source": "Overture Maps Places",
        "sources": [
          "Overture Maps Places"
        ],
        "name_source": "Overture Maps Places",
        "overture_taxonomy": "american_restaurant",
        "overture_confidence": 0.964,
        "grid_id": "r4_c8"
      }
    },
    {
      "type": "Feature",
      "geometry": {
        "type": "Point",
        "coordinates": [
          1.98666668,
          41.28626657
        ]
      },
      "properties": {
        "osm_id": null,
        "overture_id": "762db972-d8c0-4c26-93ef-e12546eb4bb6",
        "name": "Tio Bigotes",
        "display_name": "Tio Bigotes",
        "category": "Restauración",
        "subcategory": "Restaurante argentino",
        "primary_tag": "overture=argentine_restaurant",
        "source": "Overture Maps Places",
        "sources": [
          "Overture Maps Places"
        ],
        "name_source": "Overture Maps Places",
        "overture_taxonomy": "argentine_restaurant",
        "overture_confidence": 0.989,
        "grid_id": "r5_c8"
      }
    },
    {
      "type": "Feature",
      "geometry": {
        "type": "Point",
        "coordinates": [
          1.98676638,
          41.28630294
        ]
      },
      "properties": {
        "osm_id": null,
        "overture_id": "401575cd-15f8-4b87-8f7a-104a2d408f19",
        "name": "Tio Brasas",
        "display_name": "Tio Brasas",
        "category": "Restauración",
        "subcategory": "Restaurante de barbacoa",
        "primary_tag": "overture=barbecue_restaurant",
        "source": "Overture Maps Places",
        "sources": [
          "Overture Maps Places"
        ],
        "name_source": "Overture Maps Places",
        "overture_taxonomy": "barbecue_restaurant",
        "overture_confidence": 0.961,
        "grid_id": "r5_c8"
      }
    },
    {
      "type": "Feature",
      "geometry": {
        "type": "Point",
        "coordinates": [
          1.9807002,
          41.2811557
        ]
      },
      "properties": {
        "osm_id": "node/11400815815",
        "name": "Todo Bien",
        "display_name": "Todo Bien",
        "category": "Restauración",
        "subcategory": "Restaurante",
        "primary_tag": "amenity=restaurant",
        "amenity": "restaurant",
        "shop": null,
        "office": null,
        "tourism": null,
        "leisure": null,
        "wikidata": null,
        "website": null,
        "phone": null,
        "opening_hours": null,
        "addr_street": null,
        "addr_housenumber": null,
        "addr_postcode": null,
        "addr_city": null,
        "image": null,
        "wikimedia_commons": null,
        "mapillary": null,
        "source": "OpenStreetMap via Overpass API",
        "name_source": "OpenStreetMap",
        "sources": [
          "OpenStreetMap via Overpass API",
          "Overture Maps Places"
        ],
        "overture_id": "ad06afc1-6eba-4c0c-be3a-f3a672257e25",
        "overture_confidence": 0.992,
        "grid_id": "r3_c7"
      }
    },
    {
      "type": "Feature",
      "geometry": {
        "type": "Point",
        "coordinates": [
          1.9852638,
          41.2656265
        ]
      },
      "properties": {
        "osm_id": "node/5223167022",
        "name": "Topanga Club",
        "display_name": "Topanga Club",
        "category": "Restauración",
        "subcategory": "Bar",
        "primary_tag": "amenity=bar",
        "amenity": "bar",
        "shop": null,
        "office": null,
        "tourism": null,
        "leisure": null,
        "wikidata": null,
        "website": "https://topangaclub.com/",
        "phone": "+34 936452574",
        "opening_hours": "Su, Tu-Th 11:00-00:30; Mo 18:00-00:30; Fr-Sa 11:00-01:30",
        "addr_street": null,
        "addr_housenumber": null,
        "addr_postcode": null,
        "addr_city": null,
        "image": null,
        "wikimedia_commons": null,
        "mapillary": null,
        "source": "OpenStreetMap via Overpass API",
        "name_source": "OpenStreetMap",
        "panoramax_id": "06c90977-05ec-4f72-8a01-ded6ca9bd635",
        "panoramax_thumbnail_url": "https://panoramax.openstreetmap.fr/derivates/06/c9/09/77/05ec-4f72-8a01-ded6ca9bd635/thumb.jpg",
        "panoramax_visual_url": "https://panoramax.openstreetmap.fr/derivates/06/c9/09/77/05ec-4f72-8a01-ded6ca9bd635/sd.jpg",
        "panoramax_captured_at": "2019-04-21T17:09:34",
        "panoramax_distance_m": 23.2,
        "panoramax_license": "CC-BY-SA-4.0",
        "panoramax_providers": [
          "Robot8A",
          "robot8a"
        ],
        "panoramax_instance_name": "osm-fr",
        "panoramax_instance_url": "https://panoramax.openstreetmap.fr",
        "grid_id": "r0_c8"
      }
    },
    {
      "type": "Feature",
      "geometry": {
        "type": "Point",
        "coordinates": [
          1.977912,
          41.280972
        ]
      },
      "properties": {
        "osm_id": null,
        "overture_id": "50a003c7-2237-4f55-ba09-6f2394feeb62",
        "name": "Tucco Real Food",
        "display_name": "Tucco Real Food",
        "category": "Restauración",
        "subcategory": "Restaurante argentino",
        "primary_tag": "overture=argentine_restaurant",
        "source": "Overture Maps Places",
        "sources": [
          "Overture Maps Places"
        ],
        "name_source": "Overture Maps Places",
        "overture_taxonomy": "argentine_restaurant",
        "overture_confidence": 0.857,
        "grid_id": "r3_c6"
      }
    },
    {
      "type": "Feature",
      "geometry": {
        "type": "Point",
        "coordinates": [
          1.9783953,
          41.2656845
        ]
      },
      "properties": {
        "osm_id": "node/6458330471",
        "name": "Txoko",
        "display_name": "Txoko",
        "category": "Restauración",
        "subcategory": "Restaurante",
        "primary_tag": "amenity=restaurant",
        "amenity": "restaurant",
        "shop": null,
        "office": null,
        "tourism": null,
        "leisure": null,
        "wikidata": null,
        "website": null,
        "phone": null,
        "opening_hours": null,
        "addr_street": null,
        "addr_housenumber": null,
        "addr_postcode": null,
        "addr_city": null,
        "image": null,
        "wikimedia_commons": null,
        "mapillary": null,
        "source": "OpenStreetMap via Overpass API",
        "name_source": "OpenStreetMap",
        "grid_id": "r0_c6"
      }
    },
    {
      "type": "Feature",
      "geometry": {
        "type": "Point",
        "coordinates": [
          1.98577577134,
          41.2824820989
        ]
      },
      "properties": {
        "osm_id": null,
        "overture_id": "f42a2f81-7b1d-406e-a1b9-a3d51fc2ca14",
        "name": "UDON Ànec Blau",
        "display_name": "UDON Ànec Blau",
        "category": "Restauración",
        "subcategory": "Restaurante ramen",
        "primary_tag": "overture=ramen_restaurant",
        "source": "Overture Maps Places",
        "sources": [
          "Overture Maps Places"
        ],
        "name_source": "Overture Maps Places",
        "overture_taxonomy": "ramen_restaurant",
        "overture_confidence": 0.966,
        "grid_id": "r4_c8"
      }
    },
    {
      "type": "Feature",
      "geometry": {
        "type": "Point",
        "coordinates": [
          1.9783553,
          41.279684
        ]
      },
      "properties": {
        "osm_id": "node/12278203609",
        "name": "Urartu",
        "display_name": "Urartu",
        "category": "Restauración",
        "subcategory": "Restaurante",
        "primary_tag": "amenity=restaurant",
        "amenity": "restaurant",
        "shop": null,
        "office": null,
        "tourism": null,
        "leisure": null,
        "wikidata": null,
        "website": null,
        "phone": null,
        "opening_hours": null,
        "addr_street": null,
        "addr_housenumber": null,
        "addr_postcode": null,
        "addr_city": null,
        "image": null,
        "wikimedia_commons": null,
        "mapillary": null,
        "source": "OpenStreetMap via Overpass API",
        "name_source": "OpenStreetMap",
        "sources": [
          "OpenStreetMap via Overpass API",
          "Overture Maps Places"
        ],
        "overture_id": "5927117e-678d-4b6a-a9eb-d1758d9496da",
        "overture_confidence": 0.962,
        "grid_id": "r3_c6"
      }
    },
    {
      "type": "Feature",
      "geometry": {
        "type": "Point",
        "coordinates": [
          1.9683012,
          41.265634
        ]
      },
      "properties": {
        "osm_id": "node/9010095068",
        "name": "Ushuaia",
        "display_name": "Ushuaia",
        "category": "Restauración",
        "subcategory": "Restaurante",
        "primary_tag": "amenity=restaurant",
        "amenity": "restaurant",
        "shop": null,
        "office": null,
        "tourism": null,
        "leisure": null,
        "wikidata": null,
        "website": null,
        "phone": null,
        "opening_hours": null,
        "addr_street": null,
        "addr_housenumber": null,
        "addr_postcode": null,
        "addr_city": null,
        "image": null,
        "wikimedia_commons": null,
        "mapillary": null,
        "source": "OpenStreetMap via Overpass API",
        "name_source": "OpenStreetMap",
        "grid_id": "r0_c5"
      }
    },
    {
      "type": "Feature",
      "geometry": {
        "type": "Point",
        "coordinates": [
          1.97936456,
          41.28316992
        ]
      },
      "properties": {
        "osm_id": null,
        "overture_id": "ba034141-4ccb-428d-aac6-462c1f29b447",
        "name": "Walter Vogt Estudio Gastronomico",
        "display_name": "Walter Vogt Estudio Gastronomico",
        "category": "Restauración",
        "subcategory": "Restaurante europeo",
        "primary_tag": "overture=european_restaurant",
        "source": "Overture Maps Places",
        "sources": [
          "Overture Maps Places"
        ],
        "name_source": "Overture Maps Places",
        "overture_taxonomy": "european_restaurant",
        "overture_confidence": 0.91,
        "grid_id": "r4_c7"
      }
    },
    {
      "type": "Feature",
      "geometry": {
        "type": "Point",
        "coordinates": [
          1.9774272,
          41.2801362
        ]
      },
      "properties": {
        "osm_id": "node/5941022561",
        "name": "Wok Chef",
        "display_name": "Wok Chef",
        "category": "Restauración",
        "subcategory": "Restaurante",
        "primary_tag": "amenity=restaurant",
        "amenity": "restaurant",
        "shop": null,
        "office": null,
        "tourism": null,
        "leisure": null,
        "wikidata": null,
        "website": null,
        "phone": "+34 936 657 432",
        "opening_hours": "Su-Th 11:30-16:30, 19:00-23:00; Fr-Sa 11:30-16:30, 19:00-23:30",
        "addr_street": null,
        "addr_housenumber": null,
        "addr_postcode": null,
        "addr_city": null,
        "image": null,
        "wikimedia_commons": null,
        "mapillary": null,
        "source": "OpenStreetMap via Overpass API",
        "name_source": "OpenStreetMap",
        "grid_id": "r3_c6"
      }
    },
    {
      "type": "Feature",
      "geometry": {
        "type": "Point",
        "coordinates": [
          1.9774901,
          41.2805888
        ]
      },
      "properties": {
        "osm_id": "node/5941029920",
        "name": "Wu Sushi",
        "display_name": "Wu Sushi",
        "category": "Restauración",
        "subcategory": "Restaurante",
        "primary_tag": "amenity=restaurant",
        "amenity": "restaurant",
        "shop": null,
        "office": null,
        "tourism": null,
        "leisure": null,
        "wikidata": null,
        "website": "https://wusushi.es/",
        "phone": "+34 933 157 047",
        "opening_hours": "Mo-Su 11:30-16:30, 19:00-23:30",
        "addr_street": null,
        "addr_housenumber": null,
        "addr_postcode": null,
        "addr_city": null,
        "image": null,
        "wikimedia_commons": null,
        "mapillary": null,
        "source": "OpenStreetMap via Overpass API",
        "name_source": "OpenStreetMap",
        "sources": [
          "OpenStreetMap via Overpass API",
          "Overture Maps Places"
        ],
        "overture_id": "407153f5-7734-4df2-a9aa-054ca0ddf6f0",
        "overture_confidence": 0.944,
        "grid_id": "r3_c6"
      }
    },
    {
      "type": "Feature",
      "geometry": {
        "type": "Point",
        "coordinates": [
          1.970843,
          41.2663397
        ]
      },
      "properties": {
        "osm_id": "node/9010136313",
        "name": "Yamasato",
        "display_name": "Yamasato",
        "category": "Restauración",
        "subcategory": "Restaurante",
        "primary_tag": "amenity=restaurant",
        "amenity": "restaurant",
        "shop": null,
        "office": null,
        "tourism": null,
        "leisure": null,
        "wikidata": null,
        "website": null,
        "phone": null,
        "opening_hours": "Mo-Su,PH 12:00-16:00,19:30-23:30",
        "addr_street": null,
        "addr_housenumber": null,
        "addr_postcode": null,
        "addr_city": null,
        "image": null,
        "wikimedia_commons": null,
        "mapillary": null,
        "source": "OpenStreetMap via Overpass API",
        "name_source": "OpenStreetMap",
        "sources": [
          "OpenStreetMap via Overpass API",
          "Overture Maps Places"
        ],
        "overture_id": "aa601111-ffee-421f-a675-f47006158e59",
        "overture_confidence": 0.93,
        "grid_id": "r0_c5"
      }
    },
    {
      "type": "Feature",
      "geometry": {
        "type": "Point",
        "coordinates": [
          1.9871491,
          41.2865485
        ]
      },
      "properties": {
        "osm_id": "node/9999780100",
        "name": "Zitarrosa",
        "display_name": "Zitarrosa",
        "category": "Restauración",
        "subcategory": "Cafetería",
        "primary_tag": "amenity=cafe",
        "amenity": "cafe",
        "shop": null,
        "office": null,
        "tourism": null,
        "leisure": null,
        "wikidata": null,
        "website": null,
        "phone": null,
        "opening_hours": "Mo-Su 07:30-21:30",
        "addr_street": null,
        "addr_housenumber": null,
        "addr_postcode": null,
        "addr_city": null,
        "image": null,
        "wikimedia_commons": null,
        "mapillary": null,
        "source": "OpenStreetMap via Overpass API",
        "name_source": "OpenStreetMap",
        "sources": [
          "OpenStreetMap via Overpass API",
          "Overture Maps Places"
        ],
        "overture_id": "4383bebc-b165-44a8-a463-8d1ab116e9e3",
        "overture_confidence": 0.992,
        "grid_id": "r5_c8"
      }
    },
    {
      "type": "Feature",
      "geometry": {
        "type": "Point",
        "coordinates": [
          1.9769337,
          41.268266
        ]
      },
      "properties": {
        "osm_id": "node/13760852001",
        "name": "6 Bis Hotel",
        "display_name": "6 Bis Hotel",
        "category": "Alojamiento turístico",
        "subcategory": "Hotel",
        "primary_tag": "tourism=hotel",
        "amenity": null,
        "shop": null,
        "office": null,
        "tourism": "hotel",
        "leisure": null,
        "wikidata": null,
        "website": null,
        "phone": null,
        "opening_hours": null,
        "addr_street": null,
        "addr_housenumber": null,
        "addr_postcode": null,
        "addr_city": null,
        "image": null,
        "wikimedia_commons": null,
        "mapillary": null,
        "source": "OpenStreetMap via Overpass API",
        "name_source": "OpenStreetMap",
        "sources": [
          "OpenStreetMap via Overpass API",
          "Overture Maps Places"
        ],
        "overture_id": "c16e3b7d-c3e8-4fad-8bf6-77181f35ce3b",
        "overture_confidence": 0.953,
        "grid_id": "r1_c6"
      }
    },
    {
      "type": "Feature",
      "geometry": {
        "type": "Point",
        "coordinates": [
          1.98487302,
          41.27442927
        ]
      },
      "properties": {
        "osm_id": null,
        "overture_id": "784dabd5-4143-439c-b606-5d138090d30a",
        "name": "Allotjaments Universitaris Pius Font i Quer",
        "display_name": "Allotjaments Universitaris Pius Font i Quer",
        "category": "Alojamiento turístico",
        "subcategory": "Alojamiento",
        "primary_tag": "overture=lodging",
        "source": "Overture Maps Places",
        "sources": [
          "Overture Maps Places"
        ],
        "name_source": "Overture Maps Places",
        "overture_taxonomy": "lodging",
        "overture_confidence": 0.895,
        "grid_id": "r2_c7"
      }
    },
    {
      "type": "Feature",
      "geometry": {
        "type": "Point",
        "coordinates": [
          1.9831899,
          41.270083
        ]
      },
      "properties": {
        "osm_id": "node/5938628073",
        "name": "Aparatamentos Turísticos Marsol",
        "display_name": "Aparatamentos Turísticos Marsol",
        "category": "Alojamiento turístico",
        "subcategory": "Hotel",
        "primary_tag": "tourism=hotel",
        "amenity": null,
        "shop": null,
        "office": null,
        "tourism": "hotel",
        "leisure": null,
        "wikidata": null,
        "website": "https://www.marsolat.com/",
        "phone": "+34 936 342 400",
        "opening_hours": null,
        "addr_street": null,
        "addr_housenumber": null,
        "addr_postcode": null,
        "addr_city": null,
        "image": null,
        "wikimedia_commons": null,
        "mapillary": null,
        "source": "OpenStreetMap via Overpass API",
        "name_source": "OpenStreetMap",
        "grid_id": "r1_c7"
      }
    },
    {
      "type": "Feature",
      "geometry": {
        "type": "Point",
        "coordinates": [
          1.960242,
          41.2655227
        ]
      },
      "properties": {
        "osm_id": null,
        "overture_id": "4c0a9f00-00ae-4724-a045-dac78b53090e",
        "name": "Apartamentos Mar Plana",
        "display_name": "Apartamentos Mar Plana",
        "category": "Alojamiento turístico",
        "subcategory": "Apartamento turístico",
        "primary_tag": "overture=shopping",
        "source": "Overture Maps Places",
        "sources": [
          "Overture Maps Places"
        ],
        "name_source": "Overture Maps Places",
        "overture_taxonomy": "shopping",
        "overture_confidence": 0.888,
        "grid_id": "r0_c3"
      }
    },
    {
      "type": "Feature",
      "geometry": {
        "type": "Point",
        "coordinates": [
          1.97729053,
          41.26572921
        ]
      },
      "properties": {
        "osm_id": null,
        "overture_id": "c192c9f2-77af-4da0-a4db-2c4536f3741d",
        "name": "Apartamentos Marfina",
        "display_name": "Apartamentos Marfina",
        "category": "Alojamiento turístico",
        "subcategory": "Apartamento turístico",
        "primary_tag": "overture=hotel",
        "source": "Overture Maps Places",
        "sources": [
          "Overture Maps Places"
        ],
        "name_source": "Overture Maps Places",
        "overture_taxonomy": "hotel",
        "overture_confidence": 0.988,
        "grid_id": "r0_c6"
      }
    },
    {
      "type": "Feature",
      "geometry": {
        "type": "Point",
        "coordinates": [
          1.9769384,
          41.2784161
        ]
      },
      "properties": {
        "osm_id": "node/8808373371",
        "name": "ApartHotel Centric",
        "display_name": "ApartHotel Centric",
        "category": "Alojamiento turístico",
        "subcategory": "Apartamento turístico",
        "primary_tag": "tourism=apartment",
        "amenity": null,
        "shop": null,
        "office": null,
        "tourism": "apartment",
        "leisure": null,
        "wikidata": null,
        "website": null,
        "phone": null,
        "opening_hours": null,
        "addr_street": null,
        "addr_housenumber": null,
        "addr_postcode": null,
        "addr_city": null,
        "image": null,
        "wikimedia_commons": null,
        "mapillary": null,
        "source": "OpenStreetMap via Overpass API",
        "name_source": "OpenStreetMap",
        "grid_id": "r3_c6"
      }
    },
    {
      "type": "Feature",
      "geometry": {
        "type": "Point",
        "coordinates": [
          1.986352264857945,
          41.270158104189036
        ]
      },
      "properties": {
        "osm_id": null,
        "overture_id": "bd982f6c-f40e-4d42-9bf7-ceb53eb36230",
        "name": "Aparthotel Marsol",
        "display_name": "Aparthotel Marsol",
        "category": "Alojamiento turístico",
        "subcategory": "Apartamento turístico",
        "primary_tag": "overture=resort",
        "source": "Overture Maps Places",
        "sources": [
          "Overture Maps Places"
        ],
        "name_source": "Overture Maps Places",
        "overture_taxonomy": "resort",
        "overture_confidence": 0.85,
        "grid_id": "r1_c8"
      }
    },
    {
      "type": "Feature",
      "geometry": {
        "type": "Point",
        "coordinates": [
          1.9942705,
          41.2655704
        ]
      },
      "properties": {
        "osm_id": "way/951433185",
        "name": "Aparthotel Solifemar",
        "display_name": "Aparthotel Solifemar",
        "category": "Alojamiento turístico",
        "subcategory": "Hotel",
        "primary_tag": "tourism=hotel",
        "amenity": null,
        "shop": null,
        "office": null,
        "tourism": "hotel",
        "leisure": null,
        "wikidata": null,
        "website": "https://www.solifemar.com/",
        "phone": "+34 936 36 08 48",
        "opening_hours": null,
        "addr_street": null,
        "addr_housenumber": null,
        "addr_postcode": null,
        "addr_city": null,
        "image": null,
        "wikimedia_commons": null,
        "mapillary": null,
        "source": "OpenStreetMap via Overpass API",
        "name_source": "OpenStreetMap",
        "sources": [
          "OpenStreetMap via Overpass API",
          "Overture Maps Places"
        ],
        "overture_id": "5b4b94ac-aa1b-45b0-95b0-0e1817b4d7bb",
        "overture_confidence": 0.985,
        "grid_id": "r0_c9"
      }
    },
    {
      "type": "Feature",
      "geometry": {
        "type": "Point",
        "coordinates": [
          1.9896732,
          41.2813296
        ]
      },
      "properties": {
        "osm_id": "way/181460569",
        "name": "BCN Events",
        "display_name": "BCN Events",
        "category": "Alojamiento turístico",
        "subcategory": "Hotel",
        "primary_tag": "tourism=hotel",
        "amenity": null,
        "shop": null,
        "office": null,
        "tourism": "hotel",
        "leisure": null,
        "wikidata": null,
        "website": "https://www.hotel-bcneventscastelldefels.com/",
        "phone": "+34 93 664 62 30",
        "opening_hours": null,
        "addr_street": null,
        "addr_housenumber": null,
        "addr_postcode": null,
        "addr_city": null,
        "image": null,
        "wikimedia_commons": null,
        "mapillary": null,
        "source": "OpenStreetMap via Overpass API",
        "name_source": "OpenStreetMap",
        "sources": [
          "OpenStreetMap via Overpass API",
          "Overture Maps Places"
        ],
        "overture_id": "41b8f4c5-bfdd-4f00-a9d5-d5ca6a3396fc",
        "overture_confidence": 0.999,
        "grid_id": "r3_c8"
      }
    },
    {
      "type": "Feature",
      "geometry": {
        "type": "Point",
        "coordinates": [
          1.96217796,
          41.26606553
        ]
      },
      "properties": {
        "osm_id": null,
        "overture_id": "efefec79-f470-4c62-98ca-2026bff9b34f",
        "name": "Best Western Hotel Mediterraneo",
        "display_name": "Best Western Hotel Mediterraneo",
        "category": "Alojamiento turístico",
        "subcategory": "Hotel / alojamiento",
        "primary_tag": "overture=hotel",
        "source": "Overture Maps Places",
        "sources": [
          "Overture Maps Places"
        ],
        "name_source": "Overture Maps Places",
        "overture_taxonomy": "hotel",
        "overture_confidence": 0.999,
        "grid_id": "r0_c4"
      }
    },
    {
      "type": "Feature",
      "geometry": {
        "type": "Point",
        "coordinates": [
          1.986132,
          41.269924
        ]
      },
      "properties": {
        "osm_id": null,
        "overture_id": "acb33ee5-70f8-4e53-84a7-22d132efbfa3",
        "name": "Cactus Residencial",
        "display_name": "Cactus Residencial",
        "category": "Alojamiento turístico",
        "subcategory": "Hotel",
        "primary_tag": "overture=hotel",
        "source": "Overture Maps Places",
        "sources": [
          "Overture Maps Places"
        ],
        "name_source": "Overture Maps Places",
        "overture_taxonomy": "hotel",
        "overture_confidence": 0.962,
        "grid_id": "r1_c8"
      }
    },
    {
      "type": "Feature",
      "geometry": {
        "type": "Point",
        "coordinates": [
          1.988130675015742,
          41.28776802001843
        ]
      },
      "properties": {
        "osm_id": null,
        "overture_id": "c4a0b8f3-9ea7-4552-ba1d-ea98e985f052",
        "name": "Camping Solana del Segre",
        "display_name": "Camping Solana del Segre",
        "category": "Alojamiento turístico",
        "subcategory": "Alojamiento",
        "primary_tag": "overture=lodging",
        "source": "Overture Maps Places",
        "sources": [
          "Overture Maps Places"
        ],
        "name_source": "Overture Maps Places",
        "overture_taxonomy": "lodging",
        "overture_confidence": 0.958,
        "grid_id": "r5_c8"
      }
    },
    {
      "type": "Feature",
      "geometry": {
        "type": "Point",
        "coordinates": [
          1.9674397,
          41.2794784
        ]
      },
      "properties": {
        "osm_id": "node/8666310019",
        "name": null,
        "display_name": "Casa de huéspedes sin nombre",
        "category": "Alojamiento turístico",
        "subcategory": "Casa de huéspedes",
        "primary_tag": "tourism=guest_house",
        "amenity": null,
        "shop": null,
        "office": null,
        "tourism": "guest_house",
        "leisure": null,
        "wikidata": null,
        "website": null,
        "phone": null,
        "opening_hours": null,
        "addr_street": null,
        "addr_housenumber": null,
        "addr_postcode": null,
        "addr_city": null,
        "image": null,
        "wikimedia_commons": null,
        "mapillary": null,
        "source": "OpenStreetMap via Overpass API",
        "name_source": "semantic-fallback",
        "grid_id": "r3_c5"
      }
    },
    {
      "type": "Feature",
      "geometry": {
        "type": "Point",
        "coordinates": [
          1.97165999,
          41.26848869
        ]
      },
      "properties": {
        "osm_id": null,
        "overture_id": "b935791c-fb31-4c14-a490-02c7a13f7ba8",
        "name": "Castell Beach Aparthotel",
        "display_name": "Castell Beach Aparthotel",
        "category": "Alojamiento turístico",
        "subcategory": "Apartamento turístico",
        "primary_tag": "overture=service_apartment",
        "source": "Overture Maps Places",
        "sources": [
          "Overture Maps Places"
        ],
        "name_source": "Overture Maps Places",
        "overture_taxonomy": "service_apartment",
        "overture_confidence": 0.997,
        "grid_id": "r1_c5"
      }
    },
    {
      "type": "Feature",
      "geometry": {
        "type": "Point",
        "coordinates": [
          1.9666831,
          41.2675898
        ]
      },
      "properties": {
        "osm_id": "relation/13107913",
        "name": "Ciudad de Castelldefels",
        "display_name": "Ciudad de Castelldefels",
        "category": "Alojamiento turístico",
        "subcategory": "Hotel",
        "primary_tag": "tourism=hotel",
        "amenity": null,
        "shop": null,
        "office": null,
        "tourism": "hotel",
        "leisure": null,
        "wikidata": null,
        "website": null,
        "phone": null,
        "opening_hours": null,
        "addr_street": null,
        "addr_housenumber": null,
        "addr_postcode": null,
        "addr_city": null,
        "image": null,
        "wikimedia_commons": null,
        "mapillary": null,
        "source": "OpenStreetMap via Overpass API",
        "name_source": "OpenStreetMap",
        "sources": [
          "OpenStreetMap via Overpass API",
          "Overture Maps Places"
        ],
        "overture_id": "bb103a10-def5-40fa-bd4b-27ad53254b4c",
        "overture_confidence": 1,
        "grid_id": "r0_c4"
      }
    },
    {
      "type": "Feature",
      "geometry": {
        "type": "Point",
        "coordinates": [
          1.98016095161438,
          41.2733001708984
        ]
      },
      "properties": {
        "osm_id": null,
        "overture_id": "842f9fa9-fd9a-4289-85c3-5278c600b814",
        "name": "Finques Mercadé&Costa",
        "display_name": "Finques Mercadé&Costa",
        "category": "Alojamiento turístico",
        "subcategory": "Gestión de alquiler vacacional",
        "primary_tag": "overture=vacation_rental_agent",
        "source": "Overture Maps Places",
        "sources": [
          "Overture Maps Places"
        ],
        "name_source": "Overture Maps Places",
        "overture_taxonomy": "vacation_rental_agent",
        "overture_confidence": 0.85,
        "grid_id": "r2_c7"
      }
    },
    {
      "type": "Feature",
      "geometry": {
        "type": "Point",
        "coordinates": [
          1.97174,
          41.26854
        ]
      },
      "properties": {
        "osm_id": null,
        "overture_id": "d11fbcd4-a85e-428d-9427-8bc630b0cc10",
        "name": "Ginosi Apartels & Hotels",
        "display_name": "Ginosi Apartels & Hotels",
        "category": "Alojamiento turístico",
        "subcategory": "Hotel",
        "primary_tag": "overture=hotel",
        "source": "Overture Maps Places",
        "sources": [
          "Overture Maps Places"
        ],
        "name_source": "Overture Maps Places",
        "overture_taxonomy": "hotel",
        "overture_confidence": 0.869,
        "grid_id": "r1_c5"
      }
    },
    {
      "type": "Feature",
      "geometry": {
        "type": "Point",
        "coordinates": [
          1.9618041,
          41.2703663
        ]
      },
      "properties": {
        "osm_id": "way/40103698",
        "name": "Gran Hotel Rey Don Jaime",
        "display_name": "Gran Hotel Rey Don Jaime",
        "category": "Alojamiento turístico",
        "subcategory": "Hotel",
        "primary_tag": "tourism=hotel",
        "amenity": null,
        "shop": null,
        "office": null,
        "tourism": "hotel",
        "leisure": null,
        "wikidata": "Q111389361",
        "website": null,
        "phone": null,
        "opening_hours": null,
        "addr_street": null,
        "addr_housenumber": null,
        "addr_postcode": null,
        "addr_city": null,
        "image": null,
        "wikimedia_commons": null,
        "mapillary": null,
        "source": "OpenStreetMap via Overpass API",
        "name_source": "OpenStreetMap",
        "sources": [
          "OpenStreetMap via Overpass API",
          "Overture Maps Places"
        ],
        "overture_id": "dc150eea-0725-4911-bc41-d568b77f80bc",
        "overture_confidence": 1,
        "grid_id": "r1_c4"
      }
    },
    {
      "type": "Feature",
      "geometry": {
        "type": "Point",
        "coordinates": [
          1.9712231,
          41.2663472
        ]
      },
      "properties": {
        "osm_id": "node/2246393817",
        "name": null,
        "display_name": "Hostal / albergue sin nombre",
        "category": "Alojamiento turístico",
        "subcategory": "Hostal / albergue",
        "primary_tag": "tourism=hostel",
        "amenity": null,
        "shop": null,
        "office": null,
        "tourism": "hostel",
        "leisure": null,
        "wikidata": null,
        "website": null,
        "phone": null,
        "opening_hours": null,
        "addr_street": null,
        "addr_housenumber": null,
        "addr_postcode": null,
        "addr_city": null,
        "image": null,
        "wikimedia_commons": null,
        "mapillary": null,
        "source": "OpenStreetMap via Overpass API",
        "name_source": "semantic-fallback",
        "grid_id": "r0_c5"
      }
    },
    {
      "type": "Feature",
      "geometry": {
        "type": "Point",
        "coordinates": [
          1.9759243,
          41.2792786
        ]
      },
      "properties": {
        "osm_id": "node/2246670368",
        "name": null,
        "display_name": "Hostal / albergue sin nombre",
        "category": "Alojamiento turístico",
        "subcategory": "Hostal / albergue",
        "primary_tag": "tourism=hostel",
        "amenity": null,
        "shop": null,
        "office": null,
        "tourism": "hostel",
        "leisure": null,
        "wikidata": null,
        "website": null,
        "phone": null,
        "opening_hours": null,
        "addr_street": null,
        "addr_housenumber": null,
        "addr_postcode": null,
        "addr_city": null,
        "image": null,
        "wikimedia_commons": null,
        "mapillary": null,
        "source": "OpenStreetMap via Overpass API",
        "name_source": "semantic-fallback",
        "grid_id": "r3_c6"
      }
    },
    {
      "type": "Feature",
      "geometry": {
        "type": "Point",
        "coordinates": [
          1.9756961,
          41.267521
        ]
      },
      "properties": {
        "osm_id": "node/8808609174",
        "name": "Hotel 139",
        "display_name": "Hotel 139",
        "category": "Alojamiento turístico",
        "subcategory": "Hotel",
        "primary_tag": "tourism=hotel",
        "amenity": null,
        "shop": null,
        "office": null,
        "tourism": "hotel",
        "leisure": null,
        "wikidata": null,
        "website": "https://www.hotel139.es/",
        "phone": "+34933157345",
        "opening_hours": null,
        "addr_street": null,
        "addr_housenumber": null,
        "addr_postcode": null,
        "addr_city": null,
        "image": null,
        "wikimedia_commons": null,
        "mapillary": null,
        "source": "OpenStreetMap via Overpass API",
        "name_source": "OpenStreetMap",
        "sources": [
          "OpenStreetMap via Overpass API",
          "Overture Maps Places"
        ],
        "overture_id": "f0a2fd5b-0654-4ba2-9aaa-5da378bcacb8",
        "overture_confidence": 0.997,
        "grid_id": "r0_c6"
      }
    },
    {
      "type": "Feature",
      "geometry": {
        "type": "Point",
        "coordinates": [
          1.97320626,
          41.26744002
        ]
      },
      "properties": {
        "osm_id": null,
        "overture_id": "60bf20c6-24ea-431a-9798-e1b64a17b6f0",
        "name": "Hotel 153",
        "display_name": "Hotel 153",
        "category": "Alojamiento turístico",
        "subcategory": "Hotel / alojamiento",
        "primary_tag": "overture=hotel",
        "source": "Overture Maps Places",
        "sources": [
          "Overture Maps Places"
        ],
        "name_source": "Overture Maps Places",
        "overture_taxonomy": "hotel",
        "overture_confidence": 0.996,
        "grid_id": "r0_c5"
      }
    },
    {
      "type": "Feature",
      "geometry": {
        "type": "Point",
        "coordinates": [
          1.9765042,
          41.2653431
        ]
      },
      "properties": {
        "osm_id": "node/2246313620",
        "name": "Hotel Bel Air",
        "display_name": "Hotel Bel Air",
        "category": "Alojamiento turístico",
        "subcategory": "Hotel",
        "primary_tag": "tourism=hotel",
        "amenity": null,
        "shop": null,
        "office": null,
        "tourism": "hotel",
        "leisure": null,
        "wikidata": null,
        "website": null,
        "phone": null,
        "opening_hours": null,
        "addr_street": null,
        "addr_housenumber": null,
        "addr_postcode": null,
        "addr_city": null,
        "image": null,
        "wikimedia_commons": null,
        "mapillary": null,
        "source": "OpenStreetMap via Overpass API",
        "name_source": "OpenStreetMap",
        "sources": [
          "OpenStreetMap via Overpass API",
          "Overture Maps Places"
        ],
        "overture_id": "96edcd49-f720-47b7-9fd7-18acd3b7f268",
        "overture_confidence": 1,
        "grid_id": "r0_c6"
      }
    },
    {
      "type": "Feature",
      "geometry": {
        "type": "Point",
        "coordinates": [
          1.9623854,
          41.2660147
        ]
      },
      "properties": {
        "osm_id": "node/2246382939",
        "name": "Hotel Best Western",
        "display_name": "Hotel Best Western",
        "category": "Alojamiento turístico",
        "subcategory": "Hotel",
        "primary_tag": "tourism=hotel",
        "amenity": null,
        "shop": null,
        "office": null,
        "tourism": "hotel",
        "leisure": null,
        "wikidata": null,
        "website": null,
        "phone": null,
        "opening_hours": null,
        "addr_street": null,
        "addr_housenumber": null,
        "addr_postcode": null,
        "addr_city": null,
        "image": null,
        "wikimedia_commons": null,
        "mapillary": null,
        "source": "OpenStreetMap via Overpass API",
        "name_source": "OpenStreetMap",
        "grid_id": "r0_c4"
      }
    },
    {
      "type": "Feature",
      "geometry": {
        "type": "Point",
        "coordinates": [
          1.97592233,
          41.26547654
        ]
      },
      "properties": {
        "osm_id": null,
        "overture_id": "67a528b2-44d8-458e-8237-6ed982c5f2ff",
        "name": "Hotel boutique dONNA",
        "display_name": "Hotel boutique dONNA",
        "category": "Alojamiento turístico",
        "subcategory": "Hotel / alojamiento",
        "primary_tag": "overture=hotel",
        "source": "Overture Maps Places",
        "sources": [
          "Overture Maps Places"
        ],
        "name_source": "Overture Maps Places",
        "overture_taxonomy": "hotel",
        "overture_confidence": 0.992,
        "grid_id": "r0_c6"
      }
    },
    {
      "type": "Feature",
      "geometry": {
        "type": "Point",
        "coordinates": [
          1.9885844,
          41.2707721
        ]
      },
      "properties": {
        "osm_id": "node/13175852614",
        "name": "Hotel Canal Olimpic",
        "display_name": "Hotel Canal Olimpic",
        "category": "Alojamiento turístico",
        "subcategory": "Hotel",
        "primary_tag": "tourism=hotel",
        "amenity": null,
        "shop": null,
        "office": null,
        "tourism": "hotel",
        "leisure": null,
        "wikidata": null,
        "website": "https://www.hotelcanalolimpic.com/",
        "phone": "+34 936 36 06 08",
        "opening_hours": null,
        "addr_street": null,
        "addr_housenumber": null,
        "addr_postcode": null,
        "addr_city": null,
        "image": null,
        "wikimedia_commons": null,
        "mapillary": null,
        "source": "OpenStreetMap via Overpass API",
        "name_source": "OpenStreetMap",
        "sources": [
          "OpenStreetMap via Overpass API",
          "Overture Maps Places"
        ],
        "overture_id": "a27ef9d6-04cb-4b98-befd-a691f114888a",
        "overture_confidence": 1,
        "grid_id": "r1_c8"
      }
    },
    {
      "type": "Feature",
      "geometry": {
        "type": "Point",
        "coordinates": [
          1.9862384,
          41.2859767
        ]
      },
      "properties": {
        "osm_id": "node/3058142148",
        "name": "Hotel Flora Parc",
        "display_name": "Hotel Flora Parc",
        "category": "Alojamiento turístico",
        "subcategory": "Hotel",
        "primary_tag": "tourism=hotel",
        "amenity": null,
        "shop": null,
        "office": null,
        "tourism": "hotel",
        "leisure": null,
        "wikidata": null,
        "website": null,
        "phone": null,
        "opening_hours": null,
        "addr_street": null,
        "addr_housenumber": null,
        "addr_postcode": null,
        "addr_city": null,
        "image": null,
        "wikimedia_commons": null,
        "mapillary": null,
        "source": "OpenStreetMap via Overpass API",
        "name_source": "OpenStreetMap",
        "sources": [
          "OpenStreetMap via Overpass API",
          "Overture Maps Places"
        ],
        "overture_id": "8967ee63-1c99-4252-979f-c728fab3baae",
        "overture_confidence": 0.998,
        "grid_id": "r4_c8"
      }
    },
    {
      "type": "Feature",
      "geometry": {
        "type": "Point",
        "coordinates": [
          1.9746906,
          41.268761
        ]
      },
      "properties": {
        "osm_id": "node/6819087005",
        "name": "Hotel HP",
        "display_name": "Hotel HP",
        "category": "Alojamiento turístico",
        "subcategory": "Hotel",
        "primary_tag": "tourism=hotel",
        "amenity": null,
        "shop": null,
        "office": null,
        "tourism": "hotel",
        "leisure": null,
        "wikidata": null,
        "website": null,
        "phone": null,
        "opening_hours": null,
        "addr_street": null,
        "addr_housenumber": null,
        "addr_postcode": null,
        "addr_city": null,
        "image": null,
        "wikimedia_commons": null,
        "mapillary": null,
        "source": "OpenStreetMap via Overpass API",
        "name_source": "OpenStreetMap",
        "sources": [
          "OpenStreetMap via Overpass API",
          "Overture Maps Places"
        ],
        "overture_id": "9ab11bb9-fb98-4fd2-8798-f859556d8448",
        "overture_confidence": 0.898,
        "grid_id": "r1_c6"
      }
    },
    {
      "type": "Feature",
      "geometry": {
        "type": "Point",
        "coordinates": [
          1.9859211,
          41.281452
        ]
      },
      "properties": {
        "osm_id": "way/185078578",
        "name": "Hotel ibis Barcelona Castelldefels",
        "display_name": "Hotel ibis Barcelona Castelldefels",
        "category": "Alojamiento turístico",
        "subcategory": "Hotel",
        "primary_tag": "tourism=hotel",
        "amenity": null,
        "shop": null,
        "office": null,
        "tourism": "hotel",
        "leisure": null,
        "wikidata": null,
        "website": null,
        "phone": null,
        "opening_hours": null,
        "addr_street": null,
        "addr_housenumber": null,
        "addr_postcode": null,
        "addr_city": null,
        "image": null,
        "wikimedia_commons": null,
        "mapillary": null,
        "source": "OpenStreetMap via Overpass API",
        "name_source": "OpenStreetMap",
        "sources": [
          "OpenStreetMap via Overpass API",
          "Overture Maps Places"
        ],
        "overture_id": "6b190190-1702-4b57-a163-c089c11fa93b",
        "overture_confidence": 1,
        "grid_id": "r3_c8"
      }
    },
    {
      "type": "Feature",
      "geometry": {
        "type": "Point",
        "coordinates": [
          1.9733483,
          41.2674529
        ]
      },
      "properties": {
        "osm_id": "node/1845175424",
        "name": "Hotel Luna",
        "display_name": "Hotel Luna",
        "category": "Alojamiento turístico",
        "subcategory": "Hotel",
        "primary_tag": "tourism=hotel",
        "amenity": null,
        "shop": null,
        "office": null,
        "tourism": "hotel",
        "leisure": null,
        "wikidata": null,
        "website": null,
        "phone": null,
        "opening_hours": null,
        "addr_street": null,
        "addr_housenumber": null,
        "addr_postcode": null,
        "addr_city": null,
        "image": null,
        "wikimedia_commons": null,
        "mapillary": null,
        "source": "OpenStreetMap via Overpass API",
        "name_source": "OpenStreetMap",
        "grid_id": "r0_c6"
      }
    },
    {
      "type": "Feature",
      "geometry": {
        "type": "Point",
        "coordinates": [
          1.9857355,
          41.2726976
        ]
      },
      "properties": {
        "osm_id": "node/825340773",
        "name": "Hotel Pitort",
        "display_name": "Hotel Pitort",
        "category": "Alojamiento turístico",
        "subcategory": "Hotel",
        "primary_tag": "tourism=hotel",
        "amenity": null,
        "shop": null,
        "office": null,
        "tourism": "hotel",
        "leisure": null,
        "wikidata": null,
        "website": null,
        "phone": null,
        "opening_hours": null,
        "addr_street": null,
        "addr_housenumber": null,
        "addr_postcode": null,
        "addr_city": null,
        "image": null,
        "wikimedia_commons": null,
        "mapillary": null,
        "source": "OpenStreetMap via Overpass API",
        "name_source": "OpenStreetMap",
        "sources": [
          "OpenStreetMap via Overpass API",
          "Overture Maps Places"
        ],
        "overture_id": "19f2aca6-ddd3-46b7-a735-c1df2a8aa4a2",
        "overture_confidence": 0.985,
        "grid_id": "r2_c8"
      }
    },
    {
      "type": "Feature",
      "geometry": {
        "type": "Point",
        "coordinates": [
          1.9696412,
          41.2653232
        ]
      },
      "properties": {
        "osm_id": "node/2246392444",
        "name": "Hotel Playafels",
        "display_name": "Hotel Playafels",
        "category": "Alojamiento turístico",
        "subcategory": "Hotel",
        "primary_tag": "tourism=hotel",
        "amenity": null,
        "shop": null,
        "office": null,
        "tourism": "hotel",
        "leisure": null,
        "wikidata": "Q112011965",
        "website": null,
        "phone": null,
        "opening_hours": null,
        "addr_street": null,
        "addr_housenumber": null,
        "addr_postcode": null,
        "addr_city": null,
        "image": null,
        "wikimedia_commons": null,
        "mapillary": null,
        "source": "OpenStreetMap via Overpass API",
        "name_source": "OpenStreetMap",
        "sources": [
          "OpenStreetMap via Overpass API",
          "Overture Maps Places"
        ],
        "overture_id": "745c69b2-89f7-43c0-98e4-6b7fc4a33e3b",
        "overture_confidence": 1,
        "grid_id": "r0_c5"
      }
    },
    {
      "type": "Feature",
      "geometry": {
        "type": "Point",
        "coordinates": [
          1.9830538,
          41.2663324
        ]
      },
      "properties": {
        "osm_id": "way/254055530",
        "name": "Hotel Rodsan Suizo",
        "display_name": "Hotel Rodsan Suizo",
        "category": "Alojamiento turístico",
        "subcategory": "Hotel",
        "primary_tag": "tourism=hotel",
        "amenity": null,
        "shop": null,
        "office": null,
        "tourism": "hotel",
        "leisure": null,
        "wikidata": null,
        "website": null,
        "phone": "+34 93 664 5984",
        "opening_hours": null,
        "addr_street": null,
        "addr_housenumber": null,
        "addr_postcode": null,
        "addr_city": null,
        "image": null,
        "wikimedia_commons": null,
        "mapillary": null,
        "source": "OpenStreetMap via Overpass API",
        "name_source": "OpenStreetMap",
        "sources": [
          "OpenStreetMap via Overpass API",
          "Overture Maps Places"
        ],
        "overture_id": "2578678e-f48d-4532-b906-911eaec2832d",
        "overture_confidence": 0.968,
        "grid_id": "r0_c7"
      }
    },
    {
      "type": "Feature",
      "geometry": {
        "type": "Point",
        "coordinates": [
          1.9818988,
          41.2663624
        ]
      },
      "properties": {
        "osm_id": "node/13529723447",
        "name": null,
        "display_name": "Hotel sin nombre",
        "category": "Alojamiento turístico",
        "subcategory": "Hotel",
        "primary_tag": "tourism=hotel",
        "amenity": null,
        "shop": null,
        "office": null,
        "tourism": "hotel",
        "leisure": null,
        "wikidata": null,
        "website": null,
        "phone": null,
        "opening_hours": null,
        "addr_street": null,
        "addr_housenumber": null,
        "addr_postcode": null,
        "addr_city": null,
        "image": null,
        "wikimedia_commons": null,
        "mapillary": null,
        "source": "OpenStreetMap via Overpass API",
        "name_source": "semantic-fallback",
        "grid_id": "r0_c7"
      }
    },
    {
      "type": "Feature",
      "geometry": {
        "type": "Point",
        "coordinates": [
          1.97575,
          41.27847
        ]
      },
      "properties": {
        "osm_id": null,
        "overture_id": "f332ef64-746f-44c2-9b23-284df8878bc9",
        "name": "Hotel Villadela",
        "display_name": "Hotel Villadela",
        "category": "Alojamiento turístico",
        "subcategory": "Hotel / alojamiento",
        "primary_tag": "overture=hotel",
        "source": "Overture Maps Places",
        "sources": [
          "Overture Maps Places"
        ],
        "name_source": "Overture Maps Places",
        "overture_taxonomy": "hotel",
        "overture_confidence": 0.884,
        "grid_id": "r3_c6"
      }
    },
    {
      "type": "Feature",
      "geometry": {
        "type": "Point",
        "coordinates": [
          1.975081320098884,
          41.27851920846845
        ]
      },
      "properties": {
        "osm_id": null,
        "overture_id": "9638c838-1524-48b5-b639-f5651d135490",
        "name": "Immomax Castelldefels",
        "display_name": "Immomax Castelldefels",
        "category": "Alojamiento turístico",
        "subcategory": "Gestión de alquiler vacacional",
        "primary_tag": "overture=vacation_rental_agent",
        "source": "Overture Maps Places",
        "sources": [
          "Overture Maps Places"
        ],
        "name_source": "Overture Maps Places",
        "overture_taxonomy": "vacation_rental_agent",
        "overture_confidence": 0.964,
        "grid_id": "r3_c6"
      }
    },
    {
      "type": "Feature",
      "geometry": {
        "type": "Point",
        "coordinates": [
          1.9569075,
          41.2653836
        ]
      },
      "properties": {
        "osm_id": "node/8808492078",
        "name": "Lydia",
        "display_name": "Lydia",
        "category": "Alojamiento turístico",
        "subcategory": "Apartamento turístico",
        "primary_tag": "tourism=apartment",
        "amenity": null,
        "shop": null,
        "office": null,
        "tourism": "apartment",
        "leisure": null,
        "wikidata": null,
        "website": null,
        "phone": null,
        "opening_hours": null,
        "addr_street": null,
        "addr_housenumber": null,
        "addr_postcode": null,
        "addr_city": null,
        "image": null,
        "wikimedia_commons": null,
        "mapillary": null,
        "source": "OpenStreetMap via Overpass API",
        "name_source": "OpenStreetMap",
        "panoramax_id": "45102bc7-e7dc-47f7-a556-6c01391621d7",
        "panoramax_thumbnail_url": "https://panoramax.mapcomplete.org/derivatives/45/10/2b/c7/e7dc-47f7-a556-6c01391621d7/thumb.jpg",
        "panoramax_visual_url": "https://panoramax.mapcomplete.org/derivatives/45/10/2b/c7/e7dc-47f7-a556-6c01391621d7/sd.jpg",
        "panoramax_captured_at": "2023-04-19T09:42:08",
        "panoramax_distance_m": 38.2,
        "panoramax_license": "CC-BY-SA-4.0",
        "panoramax_providers": [
          "mapcomplete",
          "Toni Serra"
        ],
        "panoramax_instance_name": "mapcomplete",
        "panoramax_instance_url": "https://panoramax.mapcomplete.org",
        "grid_id": "r0_c3"
      }
    },
    {
      "type": "Feature",
      "geometry": {
        "type": "Point",
        "coordinates": [
          1.9601017,
          41.2654573
        ]
      },
      "properties": {
        "osm_id": "node/6454515957",
        "name": "Marplana 104",
        "display_name": "Marplana 104",
        "category": "Alojamiento turístico",
        "subcategory": "Apartamento turístico",
        "primary_tag": "tourism=apartment",
        "amenity": null,
        "shop": null,
        "office": null,
        "tourism": "apartment",
        "leisure": null,
        "wikidata": null,
        "website": "https://www.airbnb.com/rooms/25096686",
        "phone": null,
        "opening_hours": null,
        "addr_street": null,
        "addr_housenumber": null,
        "addr_postcode": null,
        "addr_city": null,
        "image": null,
        "wikimedia_commons": null,
        "mapillary": null,
        "source": "OpenStreetMap via Overpass API",
        "name_source": "OpenStreetMap",
        "grid_id": "r0_c3"
      }
    },
    {
      "type": "Feature",
      "geometry": {
        "type": "Point",
        "coordinates": [
          1.99215168,
          41.26589797
        ]
      },
      "properties": {
        "osm_id": null,
        "overture_id": "56538364-f595-45bb-8904-479e8b716e97",
        "name": "MASD Mediterraneo Hotel - Apartments - Spa",
        "display_name": "MASD Mediterraneo Hotel - Apartments - Spa",
        "category": "Alojamiento turístico",
        "subcategory": "Apartamento turístico",
        "primary_tag": "overture=service_apartment",
        "source": "Overture Maps Places",
        "sources": [
          "Overture Maps Places"
        ],
        "name_source": "Overture Maps Places",
        "overture_taxonomy": "service_apartment",
        "overture_confidence": 0.997,
        "grid_id": "r0_c9"
      }
    },
    {
      "type": "Feature",
      "geometry": {
        "type": "Point",
        "coordinates": [
          1.9895684,
          41.2815252
        ]
      },
      "properties": {
        "osm_id": "node/5322572422",
        "name": "Сб нотел",
        "display_name": "Сб нотел",
        "category": "Alojamiento turístico",
        "subcategory": "Hotel",
        "primary_tag": "tourism=hotel",
        "amenity": null,
        "shop": null,
        "office": null,
        "tourism": "hotel",
        "leisure": null,
        "wikidata": null,
        "website": null,
        "phone": null,
        "opening_hours": null,
        "addr_street": null,
        "addr_housenumber": null,
        "addr_postcode": null,
        "addr_city": null,
        "image": null,
        "wikimedia_commons": null,
        "mapillary": null,
        "source": "OpenStreetMap via Overpass API",
        "name_source": "OpenStreetMap",
        "grid_id": "r4_c8"
      }
    },
    {
      "type": "Feature",
      "geometry": {
        "type": "Point",
        "coordinates": [
          1.98262805,
          41.28458379
        ]
      },
      "properties": {
        "osm_id": null,
        "overture_id": "d93d1d89-86fb-4fe0-9dfa-d2363a0de3f3",
        "name": "9Dental",
        "display_name": "9Dental",
        "category": "Salud y bienestar",
        "subcategory": "Dentista",
        "primary_tag": "overture=general_dentistry",
        "source": "Overture Maps Places",
        "sources": [
          "Overture Maps Places"
        ],
        "name_source": "Overture Maps Places",
        "overture_taxonomy": "general_dentistry",
        "overture_confidence": 0.976,
        "grid_id": "r4_c7"
      }
    },
    {
      "type": "Feature",
      "geometry": {
        "type": "Point",
        "coordinates": [
          1.99026849,
          41.28577236
        ]
      },
      "properties": {
        "osm_id": null,
        "overture_id": "8039d2d6-d7bf-4cbb-bc39-18c92cb24f54",
        "name": "Antonio Matachana",
        "display_name": "Antonio Matachana",
        "category": "Salud y bienestar",
        "subcategory": "Servicios sanitarios",
        "primary_tag": "overture=health_care",
        "source": "Overture Maps Places",
        "sources": [
          "Overture Maps Places"
        ],
        "name_source": "Overture Maps Places",
        "overture_taxonomy": "health_care",
        "overture_confidence": 0.87,
        "grid_id": "r4_c8"
      }
    },
    {
      "type": "Feature",
      "geometry": {
        "type": "Point",
        "coordinates": [
          1.97616795,
          41.27750476
        ]
      },
      "properties": {
        "osm_id": null,
        "overture_id": "a7838f31-23d7-42da-9f48-4e73191a5358",
        "name": "Baby Duck Kids Club",
        "display_name": "Baby Duck Kids Club",
        "category": "Salud y bienestar",
        "subcategory": "Servicios sanitarios",
        "primary_tag": "overture=health_care",
        "source": "Overture Maps Places",
        "sources": [
          "Overture Maps Places"
        ],
        "name_source": "Overture Maps Places",
        "overture_taxonomy": "health_care",
        "overture_confidence": 0.958,
        "grid_id": "r3_c6"
      }
    },
    {
      "type": "Feature",
      "geometry": {
        "type": "Point",
        "coordinates": [
          1.98122021,
          41.28150214
        ]
      },
      "properties": {
        "osm_id": null,
        "overture_id": "1cc3164a-9a5c-4488-bf3b-f3d070f9af5f",
        "name": "Beauty Works Clinic",
        "display_name": "Beauty Works Clinic",
        "category": "Salud y bienestar",
        "subcategory": "Centro de salud y bienestar",
        "primary_tag": "overture=hair_replacement",
        "source": "Overture Maps Places",
        "sources": [
          "Overture Maps Places"
        ],
        "name_source": "Overture Maps Places",
        "overture_taxonomy": "hair_replacement",
        "overture_confidence": 0.923,
        "grid_id": "r4_c7"
      }
    },
    {
      "type": "Feature",
      "geometry": {
        "type": "Point",
        "coordinates": [
          1.97571758,
          41.27787993
        ]
      },
      "properties": {
        "osm_id": null,
        "overture_id": "6f9a180b-058b-416f-8c5c-54de8efb1d8d",
        "name": "Cafyr Fisioteràpia i Rehabilitació",
        "display_name": "Cafyr Fisioteràpia i Rehabilitació",
        "category": "Salud y bienestar",
        "subcategory": "Fisioterapia",
        "primary_tag": "overture=physical_therapy",
        "source": "Overture Maps Places",
        "sources": [
          "Overture Maps Places"
        ],
        "name_source": "Overture Maps Places",
        "overture_taxonomy": "physical_therapy",
        "overture_confidence": 0.963,
        "grid_id": "r3_c6"
      }
    },
    {
      "type": "Feature",
      "geometry": {
        "type": "Point",
        "coordinates": [
          1.9763647,
          41.2820975
        ]
      },
      "properties": {
        "osm_id": null,
        "overture_id": "b6f81374-0a87-4227-9a68-b09c7175882f",
        "name": "Castelldent Clinica Dental",
        "display_name": "Castelldent Clinica Dental",
        "category": "Salud y bienestar",
        "subcategory": "Clínica dental",
        "primary_tag": "overture=general_dentistry",
        "source": "Overture Maps Places",
        "sources": [
          "Overture Maps Places"
        ],
        "name_source": "Overture Maps Places",
        "overture_taxonomy": "general_dentistry",
        "overture_confidence": 0.995,
        "grid_id": "r4_c6"
      }
    },
    {
      "type": "Feature",
      "geometry": {
        "type": "Point",
        "coordinates": [
          1.975822,
          41.2720909
        ]
      },
      "properties": {
        "osm_id": "node/2246275521",
        "name": "Centre d'Atenció Primària Can Bou",
        "display_name": "Centre d'Atenció Primària Can Bou",
        "category": "Salud y bienestar",
        "subcategory": "Clínica",
        "primary_tag": "amenity=clinic",
        "amenity": "clinic",
        "shop": null,
        "office": null,
        "tourism": null,
        "leisure": null,
        "wikidata": null,
        "website": null,
        "phone": null,
        "opening_hours": null,
        "addr_street": null,
        "addr_housenumber": null,
        "addr_postcode": null,
        "addr_city": null,
        "image": null,
        "wikimedia_commons": null,
        "mapillary": null,
        "source": "OpenStreetMap via Overpass API",
        "name_source": "OpenStreetMap",
        "grid_id": "r1_c6"
      }
    },
    {
      "type": "Feature",
      "geometry": {
        "type": "Point",
        "coordinates": [
          1.97474,
          41.27851
        ]
      },
      "properties": {
        "osm_id": null,
        "overture_id": "84415591-a5c9-4d6f-96ae-8c9934b13f85",
        "name": "Centre de Psicologia Lumen",
        "display_name": "Centre de Psicologia Lumen",
        "category": "Salud y bienestar",
        "subcategory": "Psicología",
        "primary_tag": "overture=psychology",
        "source": "Overture Maps Places",
        "sources": [
          "Overture Maps Places"
        ],
        "name_source": "Overture Maps Places",
        "overture_taxonomy": "psychology",
        "overture_confidence": 0.953,
        "grid_id": "r3_c6"
      }
    },
    {
      "type": "Feature",
      "geometry": {
        "type": "Point",
        "coordinates": [
          1.9749483,
          41.2763681
        ]
      },
      "properties": {
        "osm_id": "node/4351730047",
        "name": "Centre Dental Montmar",
        "display_name": "Centre Dental Montmar",
        "category": "Salud y bienestar",
        "subcategory": "Clínica dental",
        "primary_tag": "amenity=dentist",
        "amenity": "dentist",
        "shop": null,
        "office": null,
        "tourism": null,
        "leisure": null,
        "wikidata": null,
        "website": "https://centredentalmontmar.com/",
        "phone": "+34 933 154 096",
        "opening_hours": "Mo-Fr 10:00-13:00, 15:00-20:00",
        "addr_street": null,
        "addr_housenumber": null,
        "addr_postcode": null,
        "addr_city": null,
        "image": null,
        "wikimedia_commons": null,
        "mapillary": null,
        "source": "OpenStreetMap via Overpass API",
        "name_source": "OpenStreetMap",
        "sources": [
          "OpenStreetMap via Overpass API",
          "Overture Maps Places"
        ],
        "overture_id": "5e5363d7-676d-4a03-907c-d9cc6eae7cb8",
        "overture_confidence": 0.968,
        "grid_id": "r2_c6"
      }
    },
    {
      "type": "Feature",
      "geometry": {
        "type": "Point",
        "coordinates": [
          1.9756787,
          41.2765139
        ]
      },
      "properties": {
        "osm_id": "node/6728919666",
        "name": "Centre Mèdic Castelldefels",
        "display_name": "Centre Mèdic Castelldefels",
        "category": "Salud y bienestar",
        "subcategory": "Clínica",
        "primary_tag": "amenity=clinic",
        "amenity": "clinic",
        "shop": null,
        "office": null,
        "tourism": null,
        "leisure": null,
        "wikidata": null,
        "website": "https://centremedic.eu/",
        "phone": null,
        "opening_hours": null,
        "addr_street": null,
        "addr_housenumber": null,
        "addr_postcode": null,
        "addr_city": null,
        "image": null,
        "wikimedia_commons": null,
        "mapillary": null,
        "source": "OpenStreetMap via Overpass API",
        "name_source": "OpenStreetMap",
        "grid_id": "r2_c6"
      }
    },
    {
      "type": "Feature",
      "geometry": {
        "type": "Point",
        "coordinates": [
          1.9737014,
          41.2793622
        ]
      },
      "properties": {
        "osm_id": null,
        "overture_id": "df91f6f5-cc80-488c-9f8b-32351e415f39",
        "name": "Centre Psicològic Ana Sánchez",
        "display_name": "Centre Psicològic Ana Sánchez",
        "category": "Salud y bienestar",
        "subcategory": "Psicología",
        "primary_tag": "overture=psychology",
        "source": "Overture Maps Places",
        "sources": [
          "Overture Maps Places"
        ],
        "name_source": "Overture Maps Places",
        "overture_taxonomy": "psychology",
        "overture_confidence": 0.94,
        "grid_id": "r3_c6"
      }
    },
    {
      "type": "Feature",
      "geometry": {
        "type": "Point",
        "coordinates": [
          1.98007023,
          41.28605683
        ]
      },
      "properties": {
        "osm_id": null,
        "overture_id": "bd85d3e0-fd08-4c36-ad43-fc0971efda65",
        "name": "Centre Veterinari El Castell",
        "display_name": "Centre Veterinari El Castell",
        "category": "Salud y bienestar",
        "subcategory": "Veterinaria",
        "primary_tag": "overture=veterinarian",
        "source": "Overture Maps Places",
        "sources": [
          "Overture Maps Places"
        ],
        "name_source": "Overture Maps Places",
        "overture_taxonomy": "veterinarian",
        "overture_confidence": 0.929,
        "grid_id": "r5_c7"
      }
    },
    {
      "type": "Feature",
      "geometry": {
        "type": "Point",
        "coordinates": [
          1.97765,
          41.27998
        ]
      },
      "properties": {
        "osm_id": null,
        "overture_id": "a0da9e28-7cb5-49cc-ae55-26d8bdd5c7e1",
        "name": "Centro IZAR",
        "display_name": "Centro IZAR",
        "category": "Salud y bienestar",
        "subcategory": "Servicios sanitarios",
        "primary_tag": "overture=health_care",
        "source": "Overture Maps Places",
        "sources": [
          "Overture Maps Places"
        ],
        "name_source": "Overture Maps Places",
        "overture_taxonomy": "health_care",
        "overture_confidence": 0.933,
        "grid_id": "r3_c6"
      }
    },
    {
      "type": "Feature",
      "geometry": {
        "type": "Point",
        "coordinates": [
          1.97716354,
          41.27847798
        ]
      },
      "properties": {
        "osm_id": null,
        "overture_id": "9fefc0bd-d7f2-4d43-8b05-b9fcc4d422c7",
        "name": "Clínica Castell",
        "display_name": "Clínica Castell",
        "category": "Salud y bienestar",
        "subcategory": "Centro de salud y bienestar",
        "primary_tag": "overture=general_dentistry",
        "source": "Overture Maps Places",
        "sources": [
          "Overture Maps Places"
        ],
        "name_source": "Overture Maps Places",
        "overture_taxonomy": "general_dentistry",
        "overture_confidence": 0.993,
        "grid_id": "r3_c6"
      }
    },
    {
      "type": "Feature",
      "geometry": {
        "type": "Point",
        "coordinates": [
          1.97509486,
          41.27780255
        ]
      },
      "properties": {
        "osm_id": null,
        "overture_id": "fe0ab462-6623-47d2-a64d-8e50f11a7222",
        "name": "Clínica Castelldefels, S.L.",
        "display_name": "Clínica Castelldefels, S.L.",
        "category": "Salud y bienestar",
        "subcategory": "Centro de salud y bienestar",
        "primary_tag": "overture=medical_service_organization",
        "source": "Overture Maps Places",
        "sources": [
          "Overture Maps Places"
        ],
        "name_source": "Overture Maps Places",
        "overture_taxonomy": "medical_service_organization",
        "overture_confidence": 0.998,
        "grid_id": "r3_c6"
      }
    },
    {
      "type": "Feature",
      "geometry": {
        "type": "Point",
        "coordinates": [
          1.974444368,
          41.282656432
        ]
      },
      "properties": {
        "osm_id": null,
        "overture_id": "2c218a80-1424-404e-84d1-f23351a7563c",
        "name": "Clínica Ciurana",
        "display_name": "Clínica Ciurana",
        "category": "Salud y bienestar",
        "subcategory": "Centro de salud y bienestar",
        "primary_tag": "overture=general_dentistry",
        "source": "Overture Maps Places",
        "sources": [
          "Overture Maps Places"
        ],
        "name_source": "Overture Maps Places",
        "overture_taxonomy": "general_dentistry",
        "overture_confidence": 0.966,
        "grid_id": "r4_c6"
      }
    },
    {
      "type": "Feature",
      "geometry": {
        "type": "Point",
        "coordinates": [
          1.97686233,
          41.27753344
        ]
      },
      "properties": {
        "osm_id": null,
        "overture_id": "8b9fc816-7693-4b44-8065-59b544d0d010",
        "name": "Clínica Dental Adeslas",
        "display_name": "Clínica Dental Adeslas",
        "category": "Salud y bienestar",
        "subcategory": "Clínica dental",
        "primary_tag": "overture=cosmetic_dentistry",
        "source": "Overture Maps Places",
        "sources": [
          "Overture Maps Places"
        ],
        "name_source": "Overture Maps Places",
        "overture_taxonomy": "cosmetic_dentistry",
        "overture_confidence": 0.992,
        "grid_id": "r3_c6"
      }
    },
    {
      "type": "Feature",
      "geometry": {
        "type": "Point",
        "coordinates": [
          1.97849745,
          41.28023911
        ]
      },
      "properties": {
        "osm_id": null,
        "overture_id": "b445cd82-0bc7-48be-b957-cdf0229d1b19",
        "name": "Clínica Dental Dr. Iván de Peña",
        "display_name": "Clínica Dental Dr. Iván de Peña",
        "category": "Salud y bienestar",
        "subcategory": "Clínica dental",
        "primary_tag": "overture=dental_clinic",
        "source": "Overture Maps Places",
        "sources": [
          "Overture Maps Places"
        ],
        "name_source": "Overture Maps Places",
        "overture_taxonomy": "dental_clinic",
        "overture_confidence": 0.875,
        "grid_id": "r3_c6"
      }
    },
    {
      "type": "Feature",
      "geometry": {
        "type": "Point",
        "coordinates": [
          1.97588227,
          41.28156809
        ]
      },
      "properties": {
        "osm_id": null,
        "overture_id": "79676ed5-a725-4382-8107-92bd233b220a",
        "name": "Clínica Dental Hidalgo Ramírez",
        "display_name": "Clínica Dental Hidalgo Ramírez",
        "category": "Salud y bienestar",
        "subcategory": "Clínica dental",
        "primary_tag": "overture=dental_clinic",
        "source": "Overture Maps Places",
        "sources": [
          "Overture Maps Places"
        ],
        "name_source": "Overture Maps Places",
        "overture_taxonomy": "dental_clinic",
        "overture_confidence": 0.953,
        "grid_id": "r4_c6"
      }
    },
    {
      "type": "Feature",
      "geometry": {
        "type": "Point",
        "coordinates": [
          1.98322238,
          41.28459241
        ]
      },
      "properties": {
        "osm_id": null,
        "overture_id": "cdf49b50-5220-4b66-b712-63814cd589ae",
        "name": "Clínica Dental Mediterrani",
        "display_name": "Clínica Dental Mediterrani",
        "category": "Salud y bienestar",
        "subcategory": "Clínica dental",
        "primary_tag": "overture=dental_clinic",
        "source": "Overture Maps Places",
        "sources": [
          "Overture Maps Places"
        ],
        "name_source": "Overture Maps Places",
        "overture_taxonomy": "dental_clinic",
        "overture_confidence": 0.946,
        "grid_id": "r4_c7"
      }
    },
    {
      "type": "Feature",
      "geometry": {
        "type": "Point",
        "coordinates": [
          1.982767,
          41.282675
        ]
      },
      "properties": {
        "osm_id": null,
        "overture_id": "28f0f4ba-5cd1-4baf-b66d-c6aeb0129b2c",
        "name": "Clínica Dental Milenium Castelldefels - Sanitas",
        "display_name": "Clínica Dental Milenium Castelldefels - Sanitas",
        "category": "Salud y bienestar",
        "subcategory": "Clínica dental",
        "primary_tag": "overture=furniture_wholesaler",
        "source": "Overture Maps Places",
        "sources": [
          "Overture Maps Places"
        ],
        "name_source": "Overture Maps Places",
        "overture_taxonomy": "furniture_wholesaler",
        "overture_confidence": 0.85,
        "grid_id": "r4_c7"
      }
    },
    {
      "type": "Feature",
      "geometry": {
        "type": "Point",
        "coordinates": [
          1.98081834,
          41.28037991
        ]
      },
      "properties": {
        "osm_id": null,
        "overture_id": "7d44dad2-5049-48c3-be35-e1e7e0eec30a",
        "name": "Clinica Dental Pau Casals",
        "display_name": "Clinica Dental Pau Casals",
        "category": "Salud y bienestar",
        "subcategory": "Clínica dental",
        "primary_tag": "overture=general_dentistry",
        "source": "Overture Maps Places",
        "sources": [
          "Overture Maps Places"
        ],
        "name_source": "Overture Maps Places",
        "overture_taxonomy": "general_dentistry",
        "overture_confidence": 0.968,
        "grid_id": "r3_c7"
      }
    },
    {
      "type": "Feature",
      "geometry": {
        "type": "Point",
        "coordinates": [
          1.976959,
          41.279433
        ]
      },
      "properties": {
        "osm_id": null,
        "overture_id": "fedac540-30b2-462f-9fb0-b31591a193f7",
        "name": "Clínica Dental Pugach",
        "display_name": "Clínica Dental Pugach",
        "category": "Salud y bienestar",
        "subcategory": "Clínica dental",
        "primary_tag": "overture=cosmetic_dentistry",
        "source": "Overture Maps Places",
        "sources": [
          "Overture Maps Places"
        ],
        "name_source": "Overture Maps Places",
        "overture_taxonomy": "cosmetic_dentistry",
        "overture_confidence": 0.85,
        "grid_id": "r3_c6"
      }
    },
    {
      "type": "Feature",
      "geometry": {
        "type": "Point",
        "coordinates": [
          1.9812283,
          41.28135777
        ]
      },
      "properties": {
        "osm_id": null,
        "overture_id": "2bcc413b-48b7-45fe-9635-261e442b4e2b",
        "name": "Clinica Dental Walter & Walter",
        "display_name": "Clinica Dental Walter & Walter",
        "category": "Salud y bienestar",
        "subcategory": "Clínica dental",
        "primary_tag": "overture=dental_clinic",
        "source": "Overture Maps Places",
        "sources": [
          "Overture Maps Places"
        ],
        "name_source": "Overture Maps Places",
        "overture_taxonomy": "dental_clinic",
        "overture_confidence": 0.949,
        "grid_id": "r3_c7"
      }
    },
    {
      "type": "Feature",
      "geometry": {
        "type": "Point",
        "coordinates": [
          1.977394,
          41.279709
        ]
      },
      "properties": {
        "osm_id": null,
        "overture_id": "0c260fdf-4b92-4861-8492-c63e35c25c6d",
        "name": "Clínica Dorsia Cirugía y Medicina Estética",
        "display_name": "Clínica Dorsia Cirugía y Medicina Estética",
        "category": "Salud y bienestar",
        "subcategory": "Centro de salud y bienestar",
        "primary_tag": "overture=plastic_and_reconstructive_surgery",
        "source": "Overture Maps Places",
        "sources": [
          "Overture Maps Places"
        ],
        "name_source": "Overture Maps Places",
        "overture_taxonomy": "plastic_and_reconstructive_surgery",
        "overture_confidence": 0.85,
        "grid_id": "r3_c6"
      }
    },
    {
      "type": "Feature",
      "geometry": {
        "type": "Point",
        "coordinates": [
          1.97746,
          41.27941
        ]
      },
      "properties": {
        "osm_id": null,
        "overture_id": "4588824c-46f1-44b8-851e-353de62099be",
        "name": "Clinica Ennea",
        "display_name": "Clinica Ennea",
        "category": "Salud y bienestar",
        "subcategory": "Centro de salud y bienestar",
        "primary_tag": "overture=dental_clinic",
        "source": "Overture Maps Places",
        "sources": [
          "Overture Maps Places"
        ],
        "name_source": "Overture Maps Places",
        "overture_taxonomy": "dental_clinic",
        "overture_confidence": 0.956,
        "grid_id": "r3_c6"
      }
    },
    {
      "type": "Feature",
      "geometry": {
        "type": "Point",
        "coordinates": [
          1.977874,
          41.279898
        ]
      },
      "properties": {
        "osm_id": null,
        "overture_id": "963b9994-81a2-40a5-ad46-8f37e9f2a07a",
        "name": "Clínica Estética Dental Smysecret",
        "display_name": "Clínica Estética Dental Smysecret",
        "category": "Salud y bienestar",
        "subcategory": "Clínica dental",
        "primary_tag": "overture=cosmetic_dentistry",
        "source": "Overture Maps Places",
        "sources": [
          "Overture Maps Places"
        ],
        "name_source": "Overture Maps Places",
        "overture_taxonomy": "cosmetic_dentistry",
        "overture_confidence": 0.85,
        "grid_id": "r3_c6"
      }
    },
    {
      "type": "Feature",
      "geometry": {
        "type": "Point",
        "coordinates": [
          1.97454442,
          41.28205556
        ]
      },
      "properties": {
        "osm_id": null,
        "overture_id": "a1d54ba9-663a-4ffa-b270-42d170c89b42",
        "name": "Clínica mar",
        "display_name": "Clínica mar",
        "category": "Salud y bienestar",
        "subcategory": "Centro de salud y bienestar",
        "primary_tag": "overture=dental_clinic",
        "source": "Overture Maps Places",
        "sources": [
          "Overture Maps Places"
        ],
        "name_source": "Overture Maps Places",
        "overture_taxonomy": "dental_clinic",
        "overture_confidence": 0.952,
        "panoramax_id": "f82a2196-dd09-43f6-93ea-d83db6cfd3ab",
        "panoramax_thumbnail_url": "https://panoramax.openstreetmap.fr/derivates/f8/2a/21/96/dd09-43f6-93ea-d83db6cfd3ab/thumb.jpg",
        "panoramax_visual_url": "https://panoramax.openstreetmap.fr/derivates/f8/2a/21/96/dd09-43f6-93ea-d83db6cfd3ab/sd.jpg",
        "panoramax_captured_at": "2023-08-07T10:00:00",
        "panoramax_distance_m": 31.9,
        "panoramax_license": "CC-BY-SA-4.0",
        "panoramax_providers": [
          "p4n-pics"
        ],
        "panoramax_instance_name": "osm-fr",
        "panoramax_instance_url": "https://panoramax.openstreetmap.fr",
        "grid_id": "r4_c6"
      }
    },
    {
      "type": "Feature",
      "geometry": {
        "type": "Point",
        "coordinates": [
          1.977385,
          41.279702
        ]
      },
      "properties": {
        "osm_id": null,
        "overture_id": "9791bd75-f655-468d-b806-7aa1e98259ed",
        "name": "Clínica Origen Psicología y Psiquiatría",
        "display_name": "Clínica Origen Psicología y Psiquiatría",
        "category": "Salud y bienestar",
        "subcategory": "Psicología",
        "primary_tag": "overture=psychology",
        "source": "Overture Maps Places",
        "sources": [
          "Overture Maps Places"
        ],
        "name_source": "Overture Maps Places",
        "overture_taxonomy": "psychology",
        "overture_confidence": 0.85,
        "grid_id": "r3_c6"
      }
    },
    {
      "type": "Feature",
      "geometry": {
        "type": "Point",
        "coordinates": [
          1.97894513,
          41.28159013
        ]
      },
      "properties": {
        "osm_id": null,
        "overture_id": "7c8adeac-5cec-46da-9fb1-0fe96ddc2e67",
        "name": "Clínica Osteopatía Castelldefels - Osteopatía y Fisioterapia CLÍNICA ESPECIALIZADA EN EL DOLOR",
        "display_name": "Clínica Osteopatía Castelldefels - Osteopatía y Fisioterapia CLÍNICA ESPECIALIZADA EN EL DOLOR",
        "category": "Salud y bienestar",
        "subcategory": "Fisioterapia",
        "primary_tag": "overture=osteopathic_medicine",
        "source": "Overture Maps Places",
        "sources": [
          "Overture Maps Places"
        ],
        "name_source": "Overture Maps Places",
        "overture_taxonomy": "osteopathic_medicine",
        "overture_confidence": 0.908,
        "grid_id": "r4_c6"
      }
    },
    {
      "type": "Feature",
      "geometry": {
        "type": "Point",
        "coordinates": [
          1.97552229,
          41.28105428
        ]
      },
      "properties": {
        "osm_id": null,
        "overture_id": "c9d91a09-dba2-4a71-a407-dd85736c6c66",
        "name": "Clínica Podológica Calero",
        "display_name": "Clínica Podológica Calero",
        "category": "Salud y bienestar",
        "subcategory": "Centro de salud y bienestar",
        "primary_tag": "overture=podiatry",
        "source": "Overture Maps Places",
        "sources": [
          "Overture Maps Places"
        ],
        "name_source": "Overture Maps Places",
        "overture_taxonomy": "podiatry",
        "overture_confidence": 0.971,
        "grid_id": "r3_c6"
      }
    },
    {
      "type": "Feature",
      "geometry": {
        "type": "Point",
        "coordinates": [
          1.98634259,
          41.28710965
        ]
      },
      "properties": {
        "osm_id": null,
        "overture_id": "c8ab4744-4b94-40d7-ad44-0c61ce82b147",
        "name": "Clínica Podológica La Huella",
        "display_name": "Clínica Podológica La Huella",
        "category": "Salud y bienestar",
        "subcategory": "Centro de salud y bienestar",
        "primary_tag": "overture=podiatry",
        "source": "Overture Maps Places",
        "sources": [
          "Overture Maps Places"
        ],
        "name_source": "Overture Maps Places",
        "overture_taxonomy": "podiatry",
        "overture_confidence": 0.904,
        "grid_id": "r5_c8"
      }
    },
    {
      "type": "Feature",
      "geometry": {
        "type": "Point",
        "coordinates": [
          1.97411057,
          41.27904957
        ]
      },
      "properties": {
        "osm_id": null,
        "overture_id": "e4771ea5-fc2f-4bee-9f28-d23a25bff51b",
        "name": "Clínica Veterinària Diagonal",
        "display_name": "Clínica Veterinària Diagonal",
        "category": "Salud y bienestar",
        "subcategory": "Veterinaria",
        "primary_tag": "overture=veterinarian",
        "source": "Overture Maps Places",
        "sources": [
          "Overture Maps Places"
        ],
        "name_source": "Overture Maps Places",
        "overture_taxonomy": "veterinarian",
        "overture_confidence": 0.934,
        "grid_id": "r3_c6"
      }
    },
    {
      "type": "Feature",
      "geometry": {
        "type": "Point",
        "coordinates": [
          1.97474904,
          41.27791179
        ]
      },
      "properties": {
        "osm_id": null,
        "overture_id": "4bcd7d67-71f4-493c-81c6-d3003505d791",
        "name": "Clínica Veterinària Els Llops",
        "display_name": "Clínica Veterinària Els Llops",
        "category": "Salud y bienestar",
        "subcategory": "Veterinaria",
        "primary_tag": "overture=veterinarian",
        "source": "Overture Maps Places",
        "sources": [
          "Overture Maps Places"
        ],
        "name_source": "Overture Maps Places",
        "overture_taxonomy": "veterinarian",
        "overture_confidence": 0.999,
        "grid_id": "r3_c6"
      }
    },
    {
      "type": "Feature",
      "geometry": {
        "type": "Point",
        "coordinates": [
          1.97960811,
          41.27412331
        ]
      },
      "properties": {
        "osm_id": null,
        "overture_id": "8febe651-e4d1-4fda-9c3d-9e4451c89dcd",
        "name": "Clínica Veterinaria Pineda",
        "display_name": "Clínica Veterinaria Pineda",
        "category": "Salud y bienestar",
        "subcategory": "Veterinaria",
        "primary_tag": "overture=veterinarian",
        "source": "Overture Maps Places",
        "sources": [
          "Overture Maps Places"
        ],
        "name_source": "Overture Maps Places",
        "overture_taxonomy": "veterinarian",
        "overture_confidence": 0.966,
        "grid_id": "r2_c7"
      }
    },
    {
      "type": "Feature",
      "geometry": {
        "type": "Point",
        "coordinates": [
          1.97834294,
          41.28243115
        ]
      },
      "properties": {
        "osm_id": null,
        "overture_id": "dae002f5-c375-4c80-a3a6-0251c9b95d62",
        "name": "Core Fisios Osteopatía",
        "display_name": "Core Fisios Osteopatía",
        "category": "Salud y bienestar",
        "subcategory": "Fisioterapia",
        "primary_tag": "overture=physical_therapy",
        "source": "Overture Maps Places",
        "sources": [
          "Overture Maps Places"
        ],
        "name_source": "Overture Maps Places",
        "overture_taxonomy": "physical_therapy",
        "overture_confidence": 0.918,
        "grid_id": "r4_c6"
      }
    },
    {
      "type": "Feature",
      "geometry": {
        "type": "Point",
        "coordinates": [
          1.97569,
          41.2768
        ]
      },
      "properties": {
        "osm_id": null,
        "overture_id": "14d0ee3e-5a26-48dd-a7cf-39293b296898",
        "name": "CRC Centro Médico Castelldefels",
        "display_name": "CRC Centro Médico Castelldefels",
        "category": "Salud y bienestar",
        "subcategory": "Consulta médica",
        "primary_tag": "overture=doctors_office",
        "source": "Overture Maps Places",
        "sources": [
          "Overture Maps Places"
        ],
        "name_source": "Overture Maps Places",
        "overture_taxonomy": "doctors_office",
        "overture_confidence": 0.91,
        "grid_id": "r2_c6"
      }
    },
    {
      "type": "Feature",
      "geometry": {
        "type": "Point",
        "coordinates": [
          1.9808889,
          41.2844689
        ]
      },
      "properties": {
        "osm_id": "way/223713715",
        "name": "CUAP Castelldefels",
        "display_name": "CUAP Castelldefels",
        "category": "Salud y bienestar",
        "subcategory": "Clínica",
        "primary_tag": "amenity=clinic",
        "amenity": "clinic",
        "shop": null,
        "office": null,
        "tourism": null,
        "leisure": null,
        "wikidata": null,
        "website": null,
        "phone": null,
        "opening_hours": "Mo-Su 00:00-12:59",
        "addr_street": null,
        "addr_housenumber": null,
        "addr_postcode": null,
        "addr_city": null,
        "image": null,
        "wikimedia_commons": null,
        "mapillary": null,
        "source": "OpenStreetMap via Overpass API",
        "name_source": "OpenStreetMap",
        "grid_id": "r4_c7"
      }
    },
    {
      "type": "Feature",
      "geometry": {
        "type": "Point",
        "coordinates": [
          1.97695199,
          41.27939569
        ]
      },
      "properties": {
        "osm_id": null,
        "overture_id": "e58f92d2-bb6b-41be-8963-ac8ce4fb13fa",
        "name": "Dental Pugach Clinic",
        "display_name": "Dental Pugach Clinic",
        "category": "Salud y bienestar",
        "subcategory": "Clínica dental",
        "primary_tag": "overture=dental_clinic",
        "source": "Overture Maps Places",
        "sources": [
          "Overture Maps Places"
        ],
        "name_source": "Overture Maps Places",
        "overture_taxonomy": "dental_clinic",
        "overture_confidence": 0.982,
        "grid_id": "r3_c6"
      }
    },
    {
      "type": "Feature",
      "geometry": {
        "type": "Point",
        "coordinates": [
          1.977763,
          41.279844
        ]
      },
      "properties": {
        "osm_id": null,
        "overture_id": "9f28be0d-d1e0-464b-9b87-b849d2c536ad",
        "name": "Dentix España",
        "display_name": "Dentix España",
        "category": "Salud y bienestar",
        "subcategory": "Clínica dental",
        "primary_tag": "overture=dental_clinic",
        "source": "Overture Maps Places",
        "sources": [
          "Overture Maps Places"
        ],
        "name_source": "Overture Maps Places",
        "overture_taxonomy": "dental_clinic",
        "overture_confidence": 0.856,
        "grid_id": "r3_c6"
      }
    },
    {
      "type": "Feature",
      "geometry": {
        "type": "Point",
        "coordinates": [
          1.9896542,
          41.2859711
        ]
      },
      "properties": {
        "osm_id": null,
        "overture_id": "767a0005-a4e5-4e65-bbfb-7406278f3582",
        "name": "Eurogine",
        "display_name": "Eurogine",
        "category": "Salud y bienestar",
        "subcategory": "Suministros médicos",
        "primary_tag": "overture=medical_supply_store",
        "source": "Overture Maps Places",
        "sources": [
          "Overture Maps Places"
        ],
        "name_source": "Overture Maps Places",
        "overture_taxonomy": "medical_supply_store",
        "overture_confidence": 0.85,
        "grid_id": "r4_c8"
      }
    },
    {
      "type": "Feature",
      "geometry": {
        "type": "Point",
        "coordinates": [
          1.9835736,
          41.2895032
        ]
      },
      "properties": {
        "osm_id": "node/4469877491",
        "name": "Farmàcia Albalà Hurtado, Soledad",
        "display_name": "Farmàcia Albalà Hurtado, Soledad",
        "category": "Salud y bienestar",
        "subcategory": "Farmacia",
        "primary_tag": "amenity=pharmacy",
        "amenity": "pharmacy",
        "shop": null,
        "office": null,
        "tourism": null,
        "leisure": null,
        "wikidata": null,
        "website": null,
        "phone": "+34936361059",
        "opening_hours": "Mo-Sa 08:30-21:30",
        "addr_street": null,
        "addr_housenumber": null,
        "addr_postcode": null,
        "addr_city": null,
        "image": null,
        "wikimedia_commons": null,
        "mapillary": null,
        "source": "OpenStreetMap via Overpass API",
        "name_source": "OpenStreetMap",
        "grid_id": "r5_c7"
      }
    },
    {
      "type": "Feature",
      "geometry": {
        "type": "Point",
        "coordinates": [
          1.9757391,
          41.27959465
        ]
      },
      "properties": {
        "osm_id": null,
        "overture_id": "27355365-5127-4f11-9baa-68e5f6ee1246",
        "name": "Farmàcia Castelldefels Centre",
        "display_name": "Farmàcia Castelldefels Centre",
        "category": "Salud y bienestar",
        "subcategory": "Farmacia",
        "primary_tag": "overture=pharmacy",
        "source": "Overture Maps Places",
        "sources": [
          "Overture Maps Places"
        ],
        "name_source": "Overture Maps Places",
        "overture_taxonomy": "pharmacy",
        "overture_confidence": 0.932,
        "grid_id": "r3_c6"
      }
    },
    {
      "type": "Feature",
      "geometry": {
        "type": "Point",
        "coordinates": [
          1.9726855,
          41.2786868
        ]
      },
      "properties": {
        "osm_id": "node/7326393020",
        "name": "Farmàcia Chacón Puig, Roberto Dario",
        "display_name": "Farmàcia Chacón Puig, Roberto Dario",
        "category": "Salud y bienestar",
        "subcategory": "Farmacia",
        "primary_tag": "amenity=pharmacy",
        "amenity": "pharmacy",
        "shop": null,
        "office": null,
        "tourism": null,
        "leisure": null,
        "wikidata": null,
        "website": null,
        "phone": "+34936652318",
        "opening_hours": null,
        "addr_street": null,
        "addr_housenumber": null,
        "addr_postcode": null,
        "addr_city": null,
        "image": null,
        "wikimedia_commons": null,
        "mapillary": null,
        "source": "OpenStreetMap via Overpass API",
        "name_source": "OpenStreetMap",
        "grid_id": "r3_c5"
      }
    },
    {
      "type": "Feature",
      "geometry": {
        "type": "Point",
        "coordinates": [
          1.981173,
          41.2825627
        ]
      },
      "properties": {
        "osm_id": "node/7326393031",
        "name": "Farmàcia Chalmeta Alonso, E - Cherta Chalmeta, S",
        "display_name": "Farmàcia Chalmeta Alonso, E - Cherta Chalmeta, S",
        "category": "Salud y bienestar",
        "subcategory": "Farmacia",
        "primary_tag": "amenity=pharmacy",
        "amenity": "pharmacy",
        "shop": null,
        "office": null,
        "tourism": null,
        "leisure": null,
        "wikidata": null,
        "website": null,
        "phone": "+34936650894",
        "opening_hours": null,
        "addr_street": null,
        "addr_housenumber": null,
        "addr_postcode": null,
        "addr_city": null,
        "image": null,
        "wikimedia_commons": null,
        "mapillary": null,
        "source": "OpenStreetMap via Overpass API",
        "name_source": "OpenStreetMap",
        "grid_id": "r4_c7"
      }
    },
    {
      "type": "Feature",
      "geometry": {
        "type": "Point",
        "coordinates": [
          1.97817644,
          41.27893708
        ]
      },
      "properties": {
        "osm_id": null,
        "overture_id": "7887eb67-eb13-4300-b53c-49b74558fdc7",
        "name": "Farmacia de l'Estacio",
        "display_name": "Farmacia de l'Estacio",
        "category": "Salud y bienestar",
        "subcategory": "Farmacia",
        "primary_tag": "overture=pharmacy",
        "source": "Overture Maps Places",
        "sources": [
          "Overture Maps Places"
        ],
        "name_source": "Overture Maps Places",
        "overture_taxonomy": "pharmacy",
        "overture_confidence": 0.861,
        "grid_id": "r3_c6"
      }
    },
    {
      "type": "Feature",
      "geometry": {
        "type": "Point",
        "coordinates": [
          1.9811259,
          41.27183579
        ]
      },
      "properties": {
        "osm_id": null,
        "overture_id": "cadd5a55-4258-4749-98d9-1dac96af64da",
        "name": "Farmàcia de la Pineda. Llic. Carolina Belencoso",
        "display_name": "Farmàcia de la Pineda. Llic. Carolina Belencoso",
        "category": "Salud y bienestar",
        "subcategory": "Farmacia",
        "primary_tag": "overture=pharmacy",
        "source": "Overture Maps Places",
        "sources": [
          "Overture Maps Places"
        ],
        "name_source": "Overture Maps Places",
        "overture_taxonomy": "pharmacy",
        "overture_confidence": 0.906,
        "grid_id": "r1_c7"
      }
    },
    {
      "type": "Feature",
      "geometry": {
        "type": "Point",
        "coordinates": [
          1.97265153,
          41.27865841
        ]
      },
      "properties": {
        "osm_id": null,
        "overture_id": "7eadda07-80b9-4f5f-8316-d0e1079bd7c4",
        "name": "Farmacia Diagonal Castelldefels",
        "display_name": "Farmacia Diagonal Castelldefels",
        "category": "Salud y bienestar",
        "subcategory": "Farmacia",
        "primary_tag": "overture=pharmacy",
        "source": "Overture Maps Places",
        "sources": [
          "Overture Maps Places"
        ],
        "name_source": "Overture Maps Places",
        "overture_taxonomy": "pharmacy",
        "overture_confidence": 0.973,
        "grid_id": "r3_c5"
      }
    },
    {
      "type": "Feature",
      "geometry": {
        "type": "Point",
        "coordinates": [
          1.97574098,
          41.27689897
        ]
      },
      "properties": {
        "osm_id": null,
        "overture_id": "101a42a5-08e1-4add-b311-cd39ba42c7a0",
        "name": "Farmacia Dra. Sancho",
        "display_name": "Farmacia Dra. Sancho",
        "category": "Salud y bienestar",
        "subcategory": "Farmacia",
        "primary_tag": "overture=pharmacy",
        "source": "Overture Maps Places",
        "sources": [
          "Overture Maps Places"
        ],
        "name_source": "Overture Maps Places",
        "overture_taxonomy": "pharmacy",
        "overture_confidence": 0.927,
        "grid_id": "r3_c6"
      }
    },
    {
      "type": "Feature",
      "geometry": {
        "type": "Point",
        "coordinates": [
          1.96691433,
          41.26570107
        ]
      },
      "properties": {
        "osm_id": null,
        "overture_id": "41df36c5-c309-4cfd-b776-efeac0a82d18",
        "name": "Farmàcia Galceran",
        "display_name": "Farmàcia Galceran",
        "category": "Salud y bienestar",
        "subcategory": "Farmacia",
        "primary_tag": "overture=pharmacy",
        "source": "Overture Maps Places",
        "sources": [
          "Overture Maps Places"
        ],
        "name_source": "Overture Maps Places",
        "overture_taxonomy": "pharmacy",
        "overture_confidence": 0.96,
        "grid_id": "r0_c4"
      }
    },
    {
      "type": "Feature",
      "geometry": {
        "type": "Point",
        "coordinates": [
          1.9756795,
          41.2795772
        ]
      },
      "properties": {
        "osm_id": "node/2349080938",
        "name": "Farmàcia García López, Bertomeu - Corres Orué, JJ",
        "display_name": "Farmàcia García López, Bertomeu - Corres Orué, JJ",
        "category": "Salud y bienestar",
        "subcategory": "Farmacia",
        "primary_tag": "amenity=pharmacy",
        "amenity": "pharmacy",
        "shop": null,
        "office": null,
        "tourism": null,
        "leisure": null,
        "wikidata": null,
        "website": null,
        "phone": "+34931069853",
        "opening_hours": null,
        "addr_street": null,
        "addr_housenumber": null,
        "addr_postcode": null,
        "addr_city": null,
        "image": null,
        "wikimedia_commons": null,
        "mapillary": null,
        "source": "OpenStreetMap via Overpass API",
        "name_source": "OpenStreetMap",
        "grid_id": "r3_c6"
      }
    },
    {
      "type": "Feature",
      "geometry": {
        "type": "Point",
        "coordinates": [
          1.9704877,
          41.2688337
        ]
      },
      "properties": {
        "osm_id": "node/2246295400",
        "name": "Farmàcia Gordo",
        "display_name": "Farmàcia Gordo",
        "category": "Salud y bienestar",
        "subcategory": "Farmacia",
        "primary_tag": "amenity=pharmacy",
        "amenity": "pharmacy",
        "shop": null,
        "office": null,
        "tourism": null,
        "leisure": null,
        "wikidata": null,
        "website": null,
        "phone": "+34 936651893",
        "opening_hours": null,
        "addr_street": null,
        "addr_housenumber": null,
        "addr_postcode": null,
        "addr_city": null,
        "image": null,
        "wikimedia_commons": null,
        "mapillary": null,
        "source": "OpenStreetMap via Overpass API",
        "name_source": "OpenStreetMap",
        "sources": [
          "OpenStreetMap via Overpass API",
          "Overture Maps Places"
        ],
        "overture_id": "ace2d24d-d216-4bbb-806d-7d52bd90fcf0",
        "overture_confidence": 0.991,
        "grid_id": "r1_c5"
      }
    },
    {
      "type": "Feature",
      "geometry": {
        "type": "Point",
        "coordinates": [
          1.9812044,
          41.2718203
        ]
      },
      "properties": {
        "osm_id": "node/2246431994",
        "name": "Farmàcia Itarte Casanova, M.D/Belencoso Itarte,C.",
        "display_name": "Farmàcia Itarte Casanova, M.D/Belencoso Itarte,C.",
        "category": "Salud y bienestar",
        "subcategory": "Farmacia",
        "primary_tag": "amenity=pharmacy",
        "amenity": "pharmacy",
        "shop": null,
        "office": null,
        "tourism": null,
        "leisure": null,
        "wikidata": null,
        "website": null,
        "phone": "+34936654711",
        "opening_hours": null,
        "addr_street": null,
        "addr_housenumber": null,
        "addr_postcode": null,
        "addr_city": null,
        "image": null,
        "wikimedia_commons": null,
        "mapillary": null,
        "source": "OpenStreetMap via Overpass API",
        "name_source": "OpenStreetMap",
        "grid_id": "r1_c7"
      }
    },
    {
      "type": "Feature",
      "geometry": {
        "type": "Point",
        "coordinates": [
          1.9526823,
          41.2671443
        ]
      },
      "properties": {
        "osm_id": "node/2246298735",
        "name": "Farmàcia Llados Tirado, Joan Ramon",
        "display_name": "Farmàcia Llados Tirado, Joan Ramon",
        "category": "Salud y bienestar",
        "subcategory": "Farmacia",
        "primary_tag": "amenity=pharmacy",
        "amenity": "pharmacy",
        "shop": null,
        "office": null,
        "tourism": null,
        "leisure": null,
        "wikidata": null,
        "website": null,
        "phone": "+34936650083",
        "opening_hours": null,
        "addr_street": null,
        "addr_housenumber": null,
        "addr_postcode": null,
        "addr_city": null,
        "image": null,
        "wikimedia_commons": null,
        "mapillary": null,
        "source": "OpenStreetMap via Overpass API",
        "name_source": "OpenStreetMap",
        "panoramax_id": "ef01cc0d-6adf-41b1-b90a-2698a5a02693",
        "panoramax_thumbnail_url": "https://panoramax.openstreetmap.fr/derivates/ef/01/cc/0d/6adf-41b1-b90a-2698a5a02693/thumb.jpg",
        "panoramax_visual_url": "https://panoramax.openstreetmap.fr/derivates/ef/01/cc/0d/6adf-41b1-b90a-2698a5a02693/sd.jpg",
        "panoramax_captured_at": "2020-07-08T14:59:51.900000",
        "panoramax_distance_m": 30.3,
        "panoramax_license": "CC-BY-SA-4.0",
        "panoramax_providers": [
          "yopaseopor"
        ],
        "panoramax_instance_name": "osm-fr",
        "panoramax_instance_url": "https://panoramax.openstreetmap.fr",
        "grid_id": "r0_c2"
      }
    },
    {
      "type": "Feature",
      "geometry": {
        "type": "Point",
        "coordinates": [
          1.9799756,
          41.2879615
        ]
      },
      "properties": {
        "osm_id": "node/7326393043",
        "name": "Farmàcia Llorens Bernat, M. Teresa",
        "display_name": "Farmàcia Llorens Bernat, M. Teresa",
        "category": "Salud y bienestar",
        "subcategory": "Farmacia",
        "primary_tag": "amenity=pharmacy",
        "amenity": "pharmacy",
        "shop": null,
        "office": null,
        "tourism": null,
        "leisure": null,
        "wikidata": null,
        "website": null,
        "phone": "+34936652694",
        "opening_hours": "Mo-Su 08:00-22:00",
        "addr_street": null,
        "addr_housenumber": null,
        "addr_postcode": null,
        "addr_city": null,
        "image": null,
        "wikimedia_commons": null,
        "mapillary": null,
        "source": "OpenStreetMap via Overpass API",
        "name_source": "OpenStreetMap",
        "grid_id": "r5_c7"
      }
    },
    {
      "type": "Feature",
      "geometry": {
        "type": "Point",
        "coordinates": [
          1.9850236,
          41.2855269
        ]
      },
      "properties": {
        "osm_id": "node/7326393030",
        "name": "Farmàcia Mallasen Zinsser, Isabel",
        "display_name": "Farmàcia Mallasen Zinsser, Isabel",
        "category": "Salud y bienestar",
        "subcategory": "Farmacia",
        "primary_tag": "amenity=pharmacy",
        "amenity": "pharmacy",
        "shop": null,
        "office": null,
        "tourism": null,
        "leisure": null,
        "wikidata": null,
        "website": null,
        "phone": "+34936655011",
        "opening_hours": "Mo-Fr 09:30-13:30,16:30-20:30; Sa 09:30-13:30",
        "addr_street": null,
        "addr_housenumber": null,
        "addr_postcode": null,
        "addr_city": null,
        "image": null,
        "wikimedia_commons": null,
        "mapillary": null,
        "source": "OpenStreetMap via Overpass API",
        "name_source": "OpenStreetMap",
        "sources": [
          "OpenStreetMap via Overpass API",
          "Overture Maps Places"
        ],
        "overture_id": "cb887705-dea7-46ad-a9ce-65bade2b981b",
        "overture_confidence": 0.854,
        "grid_id": "r4_c8"
      }
    },
    {
      "type": "Feature",
      "geometry": {
        "type": "Point",
        "coordinates": [
          1.9792644,
          41.2856869
        ]
      },
      "properties": {
        "osm_id": "node/7326393025",
        "name": "Farmàcia Martínez Valencia, Pau",
        "display_name": "Farmàcia Martínez Valencia, Pau",
        "category": "Salud y bienestar",
        "subcategory": "Farmacia",
        "primary_tag": "amenity=pharmacy",
        "amenity": "pharmacy",
        "shop": null,
        "office": null,
        "tourism": null,
        "leisure": null,
        "wikidata": null,
        "website": null,
        "phone": "+34936651138",
        "opening_hours": "Mo-Fr 08:00-21:00; Sa 09:00-14:00+",
        "addr_street": null,
        "addr_housenumber": null,
        "addr_postcode": null,
        "addr_city": null,
        "image": null,
        "wikimedia_commons": null,
        "mapillary": null,
        "source": "OpenStreetMap via Overpass API",
        "name_source": "OpenStreetMap",
        "grid_id": "r4_c7"
      }
    },
    {
      "type": "Feature",
      "geometry": {
        "type": "Point",
        "coordinates": [
          1.9669677,
          41.2656578
        ]
      },
      "properties": {
        "osm_id": "node/2246238403",
        "name": "Farmàcia Mònica Galcerà Piñol",
        "display_name": "Farmàcia Mònica Galcerà Piñol",
        "category": "Salud y bienestar",
        "subcategory": "Farmacia",
        "primary_tag": "amenity=pharmacy",
        "amenity": "pharmacy",
        "shop": null,
        "office": null,
        "tourism": null,
        "leisure": null,
        "wikidata": null,
        "website": null,
        "phone": "+34936657409",
        "opening_hours": null,
        "addr_street": null,
        "addr_housenumber": null,
        "addr_postcode": null,
        "addr_city": null,
        "image": null,
        "wikimedia_commons": null,
        "mapillary": null,
        "source": "OpenStreetMap via Overpass API",
        "name_source": "OpenStreetMap",
        "grid_id": "r0_c4"
      }
    },
    {
      "type": "Feature",
      "geometry": {
        "type": "Point",
        "coordinates": [
          1.9748813,
          41.2813777
        ]
      },
      "properties": {
        "osm_id": "node/2235052541",
        "name": "Farmàcia Muntanyeta",
        "display_name": "Farmàcia Muntanyeta",
        "category": "Salud y bienestar",
        "subcategory": "Farmacia",
        "primary_tag": "amenity=pharmacy",
        "amenity": "pharmacy",
        "shop": null,
        "office": null,
        "tourism": null,
        "leisure": null,
        "wikidata": null,
        "website": null,
        "phone": "+34936360416",
        "opening_hours": null,
        "addr_street": null,
        "addr_housenumber": null,
        "addr_postcode": null,
        "addr_city": null,
        "image": null,
        "wikimedia_commons": null,
        "mapillary": null,
        "source": "OpenStreetMap via Overpass API",
        "name_source": "OpenStreetMap",
        "grid_id": "r4_c6"
      }
    },
    {
      "type": "Feature",
      "geometry": {
        "type": "Point",
        "coordinates": [
          1.98119245,
          41.28256586
        ]
      },
      "properties": {
        "osm_id": null,
        "overture_id": "46312c61-b549-4f7f-8471-414ad26f675e",
        "name": "Farmacia Nova Chalmeta",
        "display_name": "Farmacia Nova Chalmeta",
        "category": "Salud y bienestar",
        "subcategory": "Farmacia",
        "primary_tag": "overture=pharmacy",
        "source": "Overture Maps Places",
        "sources": [
          "Overture Maps Places"
        ],
        "name_source": "Overture Maps Places",
        "overture_taxonomy": "pharmacy",
        "overture_confidence": 0.9,
        "grid_id": "r4_c7"
      }
    },
    {
      "type": "Feature",
      "geometry": {
        "type": "Point",
        "coordinates": [
          1.9781987,
          41.2789452
        ]
      },
      "properties": {
        "osm_id": "node/5943283523",
        "name": "Farmàcia Orrit Mackenzie, Jorge",
        "display_name": "Farmàcia Orrit Mackenzie, Jorge",
        "category": "Salud y bienestar",
        "subcategory": "Farmacia",
        "primary_tag": "amenity=pharmacy",
        "amenity": "pharmacy",
        "shop": null,
        "office": null,
        "tourism": null,
        "leisure": null,
        "wikidata": null,
        "website": null,
        "phone": "+34936651244",
        "opening_hours": null,
        "addr_street": null,
        "addr_housenumber": null,
        "addr_postcode": null,
        "addr_city": null,
        "image": null,
        "wikimedia_commons": null,
        "mapillary": null,
        "source": "OpenStreetMap via Overpass API",
        "name_source": "OpenStreetMap",
        "grid_id": "r3_c6"
      }
    },
    {
      "type": "Feature",
      "geometry": {
        "type": "Point",
        "coordinates": [
          1.9758252,
          41.2769207
        ]
      },
      "properties": {
        "osm_id": "node/7326393021",
        "name": "Farmàcia Sancho Cejas, Maria José",
        "display_name": "Farmàcia Sancho Cejas, Maria José",
        "category": "Salud y bienestar",
        "subcategory": "Farmacia",
        "primary_tag": "amenity=pharmacy",
        "amenity": "pharmacy",
        "shop": null,
        "office": null,
        "tourism": null,
        "leisure": null,
        "wikidata": null,
        "website": null,
        "phone": "+34938685340",
        "opening_hours": null,
        "addr_street": null,
        "addr_housenumber": null,
        "addr_postcode": null,
        "addr_city": null,
        "image": null,
        "wikimedia_commons": null,
        "mapillary": null,
        "source": "OpenStreetMap via Overpass API",
        "name_source": "OpenStreetMap",
        "grid_id": "r3_c6"
      }
    },
    {
      "type": "Feature",
      "geometry": {
        "type": "Point",
        "coordinates": [
          1.9866513,
          41.2833769
        ]
      },
      "properties": {
        "osm_id": "node/3128171233",
        "name": null,
        "display_name": "Farmacia sin nombre",
        "category": "Salud y bienestar",
        "subcategory": "Farmacia",
        "primary_tag": "amenity=pharmacy",
        "amenity": "pharmacy",
        "shop": null,
        "office": null,
        "tourism": null,
        "leisure": null,
        "wikidata": null,
        "website": null,
        "phone": null,
        "opening_hours": null,
        "addr_street": null,
        "addr_housenumber": null,
        "addr_postcode": null,
        "addr_city": null,
        "image": null,
        "wikimedia_commons": null,
        "mapillary": null,
        "source": "OpenStreetMap via Overpass API",
        "name_source": "semantic-fallback",
        "grid_id": "r4_c8"
      }
    },
    {
      "type": "Feature",
      "geometry": {
        "type": "Point",
        "coordinates": [
          1.9835212,
          41.28951986
        ]
      },
      "properties": {
        "osm_id": null,
        "overture_id": "8d94a0c1-d622-4063-a5be-558a7cd064a9",
        "name": "Farmàcia soledad Albalà",
        "display_name": "Farmàcia soledad Albalà",
        "category": "Salud y bienestar",
        "subcategory": "Farmacia",
        "primary_tag": "overture=pharmacy",
        "source": "Overture Maps Places",
        "sources": [
          "Overture Maps Places"
        ],
        "name_source": "Overture Maps Places",
        "overture_taxonomy": "pharmacy",
        "overture_confidence": 0.952,
        "grid_id": "r5_c7"
      }
    },
    {
      "type": "Feature",
      "geometry": {
        "type": "Point",
        "coordinates": [
          1.97770606,
          41.27870752
        ]
      },
      "properties": {
        "osm_id": null,
        "overture_id": "896413ee-30ed-4abf-9422-e5662d655663",
        "name": "FisioBalance",
        "display_name": "FisioBalance",
        "category": "Salud y bienestar",
        "subcategory": "Fisioterapia",
        "primary_tag": "overture=physical_therapy",
        "source": "Overture Maps Places",
        "sources": [
          "Overture Maps Places"
        ],
        "name_source": "Overture Maps Places",
        "overture_taxonomy": "physical_therapy",
        "overture_confidence": 0.995,
        "grid_id": "r3_c6"
      }
    },
    {
      "type": "Feature",
      "geometry": {
        "type": "Point",
        "coordinates": [
          1.97785857,
          41.27862364
        ]
      },
      "properties": {
        "osm_id": null,
        "overture_id": "81eb0745-d126-440f-85ec-13a8723ba0a9",
        "name": "Fisiodinamic",
        "display_name": "Fisiodinamic",
        "category": "Salud y bienestar",
        "subcategory": "Fisioterapia",
        "primary_tag": "overture=physical_therapy",
        "source": "Overture Maps Places",
        "sources": [
          "Overture Maps Places"
        ],
        "name_source": "Overture Maps Places",
        "overture_taxonomy": "physical_therapy",
        "overture_confidence": 0.863,
        "grid_id": "r3_c6"
      }
    },
    {
      "type": "Feature",
      "geometry": {
        "type": "Point",
        "coordinates": [
          1.97511421,
          41.27728596
        ]
      },
      "properties": {
        "osm_id": null,
        "overture_id": "1b5c7fd1-b0ad-4c68-8496-b0c9a5ba0ab1",
        "name": "Fisiopractic",
        "display_name": "Fisiopractic",
        "category": "Salud y bienestar",
        "subcategory": "Fisioterapia",
        "primary_tag": "overture=physical_therapy",
        "source": "Overture Maps Places",
        "sources": [
          "Overture Maps Places"
        ],
        "name_source": "Overture Maps Places",
        "overture_taxonomy": "physical_therapy",
        "overture_confidence": 0.925,
        "grid_id": "r3_c6"
      }
    },
    {
      "type": "Feature",
      "geometry": {
        "type": "Point",
        "coordinates": [
          1.97938193,
          41.28272639
        ]
      },
      "properties": {
        "osm_id": null,
        "overture_id": "8af53f7a-ba88-4fc9-85dd-16336abbccab",
        "name": "Fisiostetic Nature",
        "display_name": "Fisiostetic Nature",
        "category": "Salud y bienestar",
        "subcategory": "Fisioterapia",
        "primary_tag": "overture=physical_therapy",
        "source": "Overture Maps Places",
        "sources": [
          "Overture Maps Places"
        ],
        "name_source": "Overture Maps Places",
        "overture_taxonomy": "physical_therapy",
        "overture_confidence": 0.887,
        "grid_id": "r4_c7"
      }
    },
    {
      "type": "Feature",
      "geometry": {
        "type": "Point",
        "coordinates": [
          1.978889,
          41.279926
        ]
      },
      "properties": {
        "osm_id": null,
        "overture_id": "19f58b6d-7c89-40b3-94e6-c07feb68cfec",
        "name": "Formentera Body & Health Castelldefels",
        "display_name": "Formentera Body & Health Castelldefels",
        "category": "Salud y bienestar",
        "subcategory": "Consulta médica",
        "primary_tag": "overture=doctors_office",
        "source": "Overture Maps Places",
        "sources": [
          "Overture Maps Places"
        ],
        "name_source": "Overture Maps Places",
        "overture_taxonomy": "doctors_office",
        "overture_confidence": 0.952,
        "grid_id": "r3_c6"
      }
    },
    {
      "type": "Feature",
      "geometry": {
        "type": "Point",
        "coordinates": [
          1.9734522,
          41.28232831
        ]
      },
      "properties": {
        "osm_id": null,
        "overture_id": "bab2a437-b7e6-4da1-b50c-8e01b467dcf4",
        "name": "Gabinet Psicològic Morte Hernando",
        "display_name": "Gabinet Psicològic Morte Hernando",
        "category": "Salud y bienestar",
        "subcategory": "Psicología",
        "primary_tag": "overture=psychology",
        "source": "Overture Maps Places",
        "sources": [
          "Overture Maps Places"
        ],
        "name_source": "Overture Maps Places",
        "overture_taxonomy": "psychology",
        "overture_confidence": 0.867,
        "grid_id": "r4_c6"
      }
    },
    {
      "type": "Feature",
      "geometry": {
        "type": "Point",
        "coordinates": [
          1.97340004,
          41.2824665
        ]
      },
      "properties": {
        "osm_id": null,
        "overture_id": "52705be3-3ed7-4959-802b-27efa1645998",
        "name": "Gie&Go Clínica Estética",
        "display_name": "Gie&Go Clínica Estética",
        "category": "Salud y bienestar",
        "subcategory": "Centro de salud y bienestar",
        "primary_tag": "overture=beauty_salon",
        "source": "Overture Maps Places",
        "sources": [
          "Overture Maps Places"
        ],
        "name_source": "Overture Maps Places",
        "overture_taxonomy": "beauty_salon",
        "overture_confidence": 0.968,
        "grid_id": "r4_c6"
      }
    },
    {
      "type": "Feature",
      "geometry": {
        "type": "Point",
        "coordinates": [
          1.97778118,
          41.28139189
        ]
      },
      "properties": {
        "osm_id": null,
        "overture_id": "eb628c02-01e6-4687-8a89-d5638ef65387",
        "name": "Gil Optics",
        "display_name": "Gil Optics",
        "category": "Salud y bienestar",
        "subcategory": "Óptica",
        "primary_tag": "overture=eyewear_store",
        "source": "Overture Maps Places",
        "sources": [
          "Overture Maps Places"
        ],
        "name_source": "Overture Maps Places",
        "overture_taxonomy": "eyewear_store",
        "overture_confidence": 0.989,
        "grid_id": "r3_c6"
      }
    },
    {
      "type": "Feature",
      "geometry": {
        "type": "Point",
        "coordinates": [
          1.98262777,
          41.28336259
        ]
      },
      "properties": {
        "osm_id": null,
        "overture_id": "aa6f4212-95a1-4998-983c-0558e1ba4b93",
        "name": "Hospital Veterinario VetVida",
        "display_name": "Hospital Veterinario VetVida",
        "category": "Salud y bienestar",
        "subcategory": "Veterinaria",
        "primary_tag": "overture=veterinarian",
        "source": "Overture Maps Places",
        "sources": [
          "Overture Maps Places"
        ],
        "name_source": "Overture Maps Places",
        "overture_taxonomy": "veterinarian",
        "overture_confidence": 0.981,
        "grid_id": "r4_c7"
      }
    },
    {
      "type": "Feature",
      "geometry": {
        "type": "Point",
        "coordinates": [
          1.97244368,
          41.27951743
        ]
      },
      "properties": {
        "osm_id": null,
        "overture_id": "7ea2992a-5ae5-4f9c-b519-a97e5e13a6d9",
        "name": "Imatclinic",
        "display_name": "Imatclinic",
        "category": "Salud y bienestar",
        "subcategory": "Servicios médicos",
        "primary_tag": "overture=medical_service_organization",
        "source": "Overture Maps Places",
        "sources": [
          "Overture Maps Places"
        ],
        "name_source": "Overture Maps Places",
        "overture_taxonomy": "medical_service_organization",
        "overture_confidence": 0.962,
        "grid_id": "r3_c5"
      }
    },
    {
      "type": "Feature",
      "geometry": {
        "type": "Point",
        "coordinates": [
          1.9723371,
          41.2762433
        ]
      },
      "properties": {
        "osm_id": null,
        "overture_id": "07e688dd-2a79-485a-a1da-8fc823af6a2c",
        "name": "Maria José Barranquero Psicóloga",
        "display_name": "Maria José Barranquero Psicóloga",
        "category": "Salud y bienestar",
        "subcategory": "Psicología",
        "primary_tag": "overture=psychology",
        "source": "Overture Maps Places",
        "sources": [
          "Overture Maps Places"
        ],
        "name_source": "Overture Maps Places",
        "overture_taxonomy": "psychology",
        "overture_confidence": 0.966,
        "grid_id": "r2_c5"
      }
    },
    {
      "type": "Feature",
      "geometry": {
        "type": "Point",
        "coordinates": [
          1.97757196426392,
          41.2785530090332
        ]
      },
      "properties": {
        "osm_id": null,
        "overture_id": "0bf20dd2-5889-41b5-ae1f-efc5be3c748e",
        "name": "Mdb Laboratori D´analisis Clíniques",
        "display_name": "Mdb Laboratori D´analisis Clíniques",
        "category": "Salud y bienestar",
        "subcategory": "Laboratorio clínico",
        "primary_tag": "overture=b2b_clinical_lab",
        "source": "Overture Maps Places",
        "sources": [
          "Overture Maps Places"
        ],
        "name_source": "Overture Maps Places",
        "overture_taxonomy": "b2b_clinical_lab",
        "overture_confidence": 0.85,
        "grid_id": "r3_c6"
      }
    },
    {
      "type": "Feature",
      "geometry": {
        "type": "Point",
        "coordinates": [
          1.98322493,
          41.28394872
        ]
      },
      "properties": {
        "osm_id": null,
        "overture_id": "a277f3e9-87e8-4b9b-8eb6-0bb7f93b582e",
        "name": "Melanta Clinica Castelldefels - medicina estética",
        "display_name": "Melanta Clinica Castelldefels - medicina estética",
        "category": "Salud y bienestar",
        "subcategory": "Centro de salud y bienestar",
        "primary_tag": "overture=medical_spa",
        "source": "Overture Maps Places",
        "sources": [
          "Overture Maps Places"
        ],
        "name_source": "Overture Maps Places",
        "overture_taxonomy": "medical_spa",
        "overture_confidence": 0.941,
        "grid_id": "r4_c7"
      }
    },
    {
      "type": "Feature",
      "geometry": {
        "type": "Point",
        "coordinates": [
          1.9755074,
          41.2785612
        ]
      },
      "properties": {
        "osm_id": null,
        "overture_id": "c97b4625-13a2-470a-acf0-995639c74790",
        "name": "MRW",
        "display_name": "MRW",
        "category": "Salud y bienestar",
        "subcategory": "Transporte sanitario",
        "primary_tag": "overture=medical_transportation",
        "source": "Overture Maps Places",
        "sources": [
          "Overture Maps Places"
        ],
        "name_source": "Overture Maps Places",
        "overture_taxonomy": "medical_transportation",
        "overture_confidence": 0.966,
        "grid_id": "r3_c6"
      }
    },
    {
      "type": "Feature",
      "geometry": {
        "type": "Point",
        "coordinates": [
          1.9775713,
          41.2802693
        ]
      },
      "properties": {
        "osm_id": "node/12278447883",
        "name": "Muralla Òptica",
        "display_name": "Muralla Òptica",
        "category": "Salud y bienestar",
        "subcategory": "Óptica",
        "primary_tag": "shop=optician",
        "amenity": null,
        "shop": "optician",
        "office": null,
        "tourism": null,
        "leisure": null,
        "wikidata": null,
        "website": null,
        "phone": null,
        "opening_hours": null,
        "addr_street": null,
        "addr_housenumber": null,
        "addr_postcode": null,
        "addr_city": null,
        "image": null,
        "wikimedia_commons": null,
        "mapillary": null,
        "source": "OpenStreetMap via Overpass API",
        "name_source": "OpenStreetMap",
        "sources": [
          "OpenStreetMap via Overpass API",
          "Overture Maps Places"
        ],
        "overture_id": "13d8b525-edc1-4c0f-93e2-80b5c271fb5d",
        "overture_confidence": 0.908,
        "grid_id": "r3_c6"
      }
    },
    {
      "type": "Feature",
      "geometry": {
        "type": "Point",
        "coordinates": [
          1.9790698,
          41.28130672
        ]
      },
      "properties": {
        "osm_id": null,
        "overture_id": "2521d414-c35d-4950-8890-e144b07007f0",
        "name": "NovaVisió Castelldefels",
        "display_name": "NovaVisió Castelldefels",
        "category": "Salud y bienestar",
        "subcategory": "Óptica",
        "primary_tag": "overture=eyewear_store",
        "source": "Overture Maps Places",
        "sources": [
          "Overture Maps Places"
        ],
        "name_source": "Overture Maps Places",
        "overture_taxonomy": "eyewear_store",
        "overture_confidence": 0.983,
        "grid_id": "r3_c7"
      }
    },
    {
      "type": "Feature",
      "geometry": {
        "type": "Point",
        "coordinates": [
          1.98244729,
          41.28501347
        ]
      },
      "properties": {
        "osm_id": null,
        "overture_id": "064955da-bbed-4cff-950f-c0a9f1b689d5",
        "name": "Oficina Atención Comercial SegurCaixa Adeslas",
        "display_name": "Oficina Atención Comercial SegurCaixa Adeslas",
        "category": "Salud y bienestar",
        "subcategory": "Seguro de salud",
        "primary_tag": "overture=health_insurance_office",
        "source": "Overture Maps Places",
        "sources": [
          "Overture Maps Places"
        ],
        "name_source": "Overture Maps Places",
        "overture_taxonomy": "health_insurance_office",
        "overture_confidence": 0.966,
        "grid_id": "r4_c7"
      }
    },
    {
      "type": "Feature",
      "geometry": {
        "type": "Point",
        "coordinates": [
          1.97448409592367,
          41.2758094567922
        ]
      },
      "properties": {
        "osm_id": null,
        "overture_id": "4f95b788-0f94-403a-8c01-6d32d465f321",
        "name": "Oficina Sanitas Castelldefels",
        "display_name": "Oficina Sanitas Castelldefels",
        "category": "Salud y bienestar",
        "subcategory": "Seguro de salud",
        "primary_tag": "overture=health_insurance_office",
        "source": "Overture Maps Places",
        "sources": [
          "Overture Maps Places"
        ],
        "name_source": "Overture Maps Places",
        "overture_taxonomy": "health_insurance_office",
        "overture_confidence": 0.85,
        "grid_id": "r2_c6"
      }
    },
    {
      "type": "Feature",
      "geometry": {
        "type": "Point",
        "coordinates": [
          1.97600515,
          41.27686935
        ]
      },
      "properties": {
        "osm_id": null,
        "overture_id": "ca606937-b139-44d4-b00c-88ab1f148281",
        "name": "òptica Barceló",
        "display_name": "òptica Barceló",
        "category": "Salud y bienestar",
        "subcategory": "Óptica",
        "primary_tag": "overture=eyewear_store",
        "source": "Overture Maps Places",
        "sources": [
          "Overture Maps Places"
        ],
        "name_source": "Overture Maps Places",
        "overture_taxonomy": "eyewear_store",
        "overture_confidence": 0.927,
        "grid_id": "r2_c6"
      }
    },
    {
      "type": "Feature",
      "geometry": {
        "type": "Point",
        "coordinates": [
          1.97916797,
          41.27981183
        ]
      },
      "properties": {
        "osm_id": null,
        "overture_id": "42a7ddea-c8a9-47f4-9df5-1b9bb78fa8c5",
        "name": "Optica Duo",
        "display_name": "Optica Duo",
        "category": "Salud y bienestar",
        "subcategory": "Óptica",
        "primary_tag": "overture=eyewear_store",
        "source": "Overture Maps Places",
        "sources": [
          "Overture Maps Places"
        ],
        "name_source": "Overture Maps Places",
        "overture_taxonomy": "eyewear_store",
        "overture_confidence": 0.985,
        "grid_id": "r3_c7"
      }
    },
    {
      "type": "Feature",
      "geometry": {
        "type": "Point",
        "coordinates": [
          1.9823876,
          41.28575548
        ]
      },
      "properties": {
        "osm_id": null,
        "overture_id": "5993c5c3-1744-4e75-a010-2e46eea8cd10",
        "name": "Òptica Universitària",
        "display_name": "Òptica Universitària",
        "category": "Salud y bienestar",
        "subcategory": "Óptica",
        "primary_tag": "overture=eyewear_store",
        "source": "Overture Maps Places",
        "sources": [
          "Overture Maps Places"
        ],
        "name_source": "Overture Maps Places",
        "overture_taxonomy": "eyewear_store",
        "overture_confidence": 1,
        "grid_id": "r4_c7"
      }
    },
    {
      "type": "Feature",
      "geometry": {
        "type": "Point",
        "coordinates": [
          1.9776636,
          41.2814443
        ]
      },
      "properties": {
        "osm_id": "node/4264275696",
        "name": "Optical Center",
        "display_name": "Optical Center",
        "category": "Salud y bienestar",
        "subcategory": "Óptica",
        "primary_tag": "shop=optician",
        "amenity": null,
        "shop": "optician",
        "office": null,
        "tourism": null,
        "leisure": null,
        "wikidata": null,
        "website": null,
        "phone": null,
        "opening_hours": "Mo-Fr 09:00-13:30,17:00-20:30",
        "addr_street": null,
        "addr_housenumber": null,
        "addr_postcode": null,
        "addr_city": null,
        "image": null,
        "wikimedia_commons": null,
        "mapillary": null,
        "source": "OpenStreetMap via Overpass API",
        "name_source": "OpenStreetMap",
        "grid_id": "r4_c6"
      }
    },
    {
      "type": "Feature",
      "geometry": {
        "type": "Point",
        "coordinates": [
          1.97938645,
          41.28271376
        ]
      },
      "properties": {
        "osm_id": null,
        "overture_id": "0aae8267-fa8b-4d04-bc22-bae0ebc85fe8",
        "name": "Opticalia Castelldefels",
        "display_name": "Opticalia Castelldefels",
        "category": "Salud y bienestar",
        "subcategory": "Óptica",
        "primary_tag": "overture=eyewear_store",
        "source": "Overture Maps Places",
        "sources": [
          "Overture Maps Places"
        ],
        "name_source": "Overture Maps Places",
        "overture_taxonomy": "eyewear_store",
        "overture_confidence": 0.988,
        "grid_id": "r4_c7"
      }
    },
    {
      "type": "Feature",
      "geometry": {
        "type": "Point",
        "coordinates": [
          1.97516979,
          41.28185679
        ]
      },
      "properties": {
        "osm_id": null,
        "overture_id": "6a9bd990-d990-4dae-b55b-fdbbd986fd5d",
        "name": "Osteofels",
        "display_name": "Osteofels",
        "category": "Salud y bienestar",
        "subcategory": "Fisioterapia",
        "primary_tag": "overture=physical_therapy",
        "source": "Overture Maps Places",
        "sources": [
          "Overture Maps Places"
        ],
        "name_source": "Overture Maps Places",
        "overture_taxonomy": "physical_therapy",
        "overture_confidence": 0.994,
        "panoramax_id": "f82a2196-dd09-43f6-93ea-d83db6cfd3ab",
        "panoramax_thumbnail_url": "https://panoramax.openstreetmap.fr/derivates/f8/2a/21/96/dd09-43f6-93ea-d83db6cfd3ab/thumb.jpg",
        "panoramax_visual_url": "https://panoramax.openstreetmap.fr/derivates/f8/2a/21/96/dd09-43f6-93ea-d83db6cfd3ab/sd.jpg",
        "panoramax_captured_at": "2023-08-07T10:00:00",
        "panoramax_distance_m": 27,
        "panoramax_license": "CC-BY-SA-4.0",
        "panoramax_providers": [
          "p4n-pics"
        ],
        "panoramax_instance_name": "osm-fr",
        "panoramax_instance_url": "https://panoramax.openstreetmap.fr",
        "grid_id": "r4_c6"
      }
    },
    {
      "type": "Feature",
      "geometry": {
        "type": "Point",
        "coordinates": [
          1.98294851,
          41.28347719
        ]
      },
      "properties": {
        "osm_id": null,
        "overture_id": "f5f426d4-ccb6-414f-93ae-b64d7cf0ac59",
        "name": "Osteopatía y Fisioterapia Castelldefels",
        "display_name": "Osteopatía y Fisioterapia Castelldefels",
        "category": "Salud y bienestar",
        "subcategory": "Fisioterapia",
        "primary_tag": "overture=physical_therapy",
        "source": "Overture Maps Places",
        "sources": [
          "Overture Maps Places"
        ],
        "name_source": "Overture Maps Places",
        "overture_taxonomy": "physical_therapy",
        "overture_confidence": 0.854,
        "grid_id": "r4_c7"
      }
    },
    {
      "type": "Feature",
      "geometry": {
        "type": "Point",
        "coordinates": [
          1.978247,
          41.280201
        ]
      },
      "properties": {
        "osm_id": null,
        "overture_id": "e31fc582-209e-4b02-b017-c17c4d445f3c",
        "name": "POLICLINIC ESPECIALITATS MEDIQUES CASTELLDEFELS",
        "display_name": "POLICLINIC ESPECIALITATS MEDIQUES CASTELLDEFELS",
        "category": "Salud y bienestar",
        "subcategory": "Clínica dental",
        "primary_tag": "overture=dental_clinic",
        "source": "Overture Maps Places",
        "sources": [
          "Overture Maps Places"
        ],
        "name_source": "Overture Maps Places",
        "overture_taxonomy": "dental_clinic",
        "overture_confidence": 0.965,
        "grid_id": "r3_c6"
      }
    },
    {
      "type": "Feature",
      "geometry": {
        "type": "Point",
        "coordinates": [
          1.97530933,
          41.27873751
        ]
      },
      "properties": {
        "osm_id": null,
        "overture_id": "519e97fa-2f8c-4a99-b6c3-af3342de74f1",
        "name": "Santiveri Salud Castelldefels",
        "display_name": "Santiveri Salud Castelldefels",
        "category": "Salud y bienestar",
        "subcategory": "Centro de salud y bienestar",
        "primary_tag": "overture=spa",
        "source": "Overture Maps Places",
        "sources": [
          "Overture Maps Places"
        ],
        "name_source": "Overture Maps Places",
        "overture_taxonomy": "spa",
        "overture_confidence": 0.994,
        "grid_id": "r3_c6"
      }
    },
    {
      "type": "Feature",
      "geometry": {
        "type": "Point",
        "coordinates": [
          1.97895554,
          41.28004424
        ]
      },
      "properties": {
        "osm_id": null,
        "overture_id": "4210a01d-9069-4f7c-a0ff-8c1a579d34ec",
        "name": "Sapphira Privé Castelldefels",
        "display_name": "Sapphira Privé Castelldefels",
        "category": "Salud y bienestar",
        "subcategory": "Centro médico estético",
        "primary_tag": "overture=medical_spa",
        "source": "Overture Maps Places",
        "sources": [
          "Overture Maps Places"
        ],
        "name_source": "Overture Maps Places",
        "overture_taxonomy": "medical_spa",
        "overture_confidence": 0.919,
        "grid_id": "r3_c6"
      }
    },
    {
      "type": "Feature",
      "geometry": {
        "type": "Point",
        "coordinates": [
          1.98229,
          41.28187
        ]
      },
      "properties": {
        "osm_id": null,
        "overture_id": "619bd4b2-d4c9-4f49-9636-79c6371405e3",
        "name": "SHUMACHER DENTAL U",
        "display_name": "SHUMACHER DENTAL U",
        "category": "Salud y bienestar",
        "subcategory": "Clínica dental",
        "primary_tag": "overture=b2b_dental_lab",
        "source": "Overture Maps Places",
        "sources": [
          "Overture Maps Places"
        ],
        "name_source": "Overture Maps Places",
        "overture_taxonomy": "b2b_dental_lab",
        "overture_confidence": 0.85,
        "grid_id": "r4_c7"
      }
    },
    {
      "type": "Feature",
      "geometry": {
        "type": "Point",
        "coordinates": [
          1.97380713,
          41.27507057
        ]
      },
      "properties": {
        "osm_id": null,
        "overture_id": "6e36d975-bfac-42d6-a258-c261766a28f2",
        "name": "Tàlam Centre d'Especialitats",
        "display_name": "Tàlam Centre d'Especialitats",
        "category": "Salud y bienestar",
        "subcategory": "Psicología",
        "primary_tag": "overture=psychology",
        "source": "Overture Maps Places",
        "sources": [
          "Overture Maps Places"
        ],
        "name_source": "Overture Maps Places",
        "overture_taxonomy": "psychology",
        "overture_confidence": 0.895,
        "grid_id": "r2_c6"
      }
    },
    {
      "type": "Feature",
      "geometry": {
        "type": "Point",
        "coordinates": [
          1.95044384,
          41.26695167
        ]
      },
      "properties": {
        "osm_id": null,
        "overture_id": "728d969e-114b-4d8c-a40b-e5d66e0353f4",
        "name": "Veterinario Poal Castelldefels",
        "display_name": "Veterinario Poal Castelldefels",
        "category": "Salud y bienestar",
        "subcategory": "Veterinaria",
        "primary_tag": "overture=veterinarian",
        "source": "Overture Maps Places",
        "sources": [
          "Overture Maps Places"
        ],
        "name_source": "Overture Maps Places",
        "overture_taxonomy": "veterinarian",
        "overture_confidence": 0.97,
        "panoramax_id": "815c01d0-d502-4059-8a92-dd9d7ff60960",
        "panoramax_thumbnail_url": "https://panoramax.openstreetmap.fr/derivates/81/5c/01/d0/d502-4059-8a92-dd9d7ff60960/thumb.jpg",
        "panoramax_visual_url": "https://panoramax.openstreetmap.fr/derivates/81/5c/01/d0/d502-4059-8a92-dd9d7ff60960/sd.jpg",
        "panoramax_captured_at": "2020-07-08T14:59:59.400000",
        "panoramax_distance_m": 39.1,
        "panoramax_license": "CC-BY-SA-4.0",
        "panoramax_providers": [
          "yopaseopor"
        ],
        "panoramax_instance_name": "osm-fr",
        "panoramax_instance_url": "https://panoramax.openstreetmap.fr",
        "grid_id": "r0_c2"
      }
    },
    {
      "type": "Feature",
      "geometry": {
        "type": "Point",
        "coordinates": [
          1.98060307,
          41.2804685
        ]
      },
      "properties": {
        "osm_id": null,
        "overture_id": "706355c7-e236-4287-a619-603cd5a88516",
        "name": "Vets clínica Veterinària",
        "display_name": "Vets clínica Veterinària",
        "category": "Salud y bienestar",
        "subcategory": "Veterinaria",
        "primary_tag": "overture=veterinarian",
        "source": "Overture Maps Places",
        "sources": [
          "Overture Maps Places"
        ],
        "name_source": "Overture Maps Places",
        "overture_taxonomy": "veterinarian",
        "overture_confidence": 0.984,
        "grid_id": "r3_c7"
      }
    },
    {
      "type": "Feature",
      "geometry": {
        "type": "Point",
        "coordinates": [
          1.97618201,
          41.27903883
        ]
      },
      "properties": {
        "osm_id": null,
        "overture_id": "3ed1a7dd-bea8-47b7-a257-d446881c41ce",
        "name": "Vision Center Florida",
        "display_name": "Vision Center Florida",
        "category": "Salud y bienestar",
        "subcategory": "Optometría",
        "primary_tag": "overture=optometry",
        "source": "Overture Maps Places",
        "sources": [
          "Overture Maps Places"
        ],
        "name_source": "Overture Maps Places",
        "overture_taxonomy": "optometry",
        "overture_confidence": 0.976,
        "grid_id": "r3_c6"
      }
    },
    {
      "type": "Feature",
      "geometry": {
        "type": "Point",
        "coordinates": [
          1.9778148,
          41.2798342
        ]
      },
      "properties": {
        "osm_id": "node/12278203619",
        "name": "Vitaldent",
        "display_name": "Vitaldent",
        "category": "Salud y bienestar",
        "subcategory": "Clínica dental",
        "primary_tag": "amenity=dentist",
        "amenity": "dentist",
        "shop": null,
        "office": null,
        "tourism": null,
        "leisure": null,
        "wikidata": null,
        "website": null,
        "phone": null,
        "opening_hours": null,
        "addr_street": null,
        "addr_housenumber": null,
        "addr_postcode": null,
        "addr_city": null,
        "image": null,
        "wikimedia_commons": null,
        "mapillary": null,
        "source": "OpenStreetMap via Overpass API",
        "name_source": "OpenStreetMap",
        "sources": [
          "OpenStreetMap via Overpass API",
          "Overture Maps Places"
        ],
        "overture_id": "9d8c30e0-9cc4-4677-8e93-abafd2de0c82",
        "overture_confidence": 0.956,
        "grid_id": "r3_c6"
      }
    },
    {
      "type": "Feature",
      "geometry": {
        "type": "Point",
        "coordinates": [
          1.97509952,
          41.27705212
        ]
      },
      "properties": {
        "osm_id": null,
        "overture_id": "e72789f1-6bb9-4695-ac9f-1de941aaecb8",
        "name": "Academia Cor de Music",
        "display_name": "Academia Cor de Music",
        "category": "Educación",
        "subcategory": "Academia / formación",
        "primary_tag": "overture=music_school",
        "source": "Overture Maps Places",
        "sources": [
          "Overture Maps Places"
        ],
        "name_source": "Overture Maps Places",
        "overture_taxonomy": "music_school",
        "overture_confidence": 0.903,
        "grid_id": "r3_c6"
      }
    },
    {
      "type": "Feature",
      "geometry": {
        "type": "Point",
        "coordinates": [
          1.97965665,
          41.28168198
        ]
      },
      "properties": {
        "osm_id": null,
        "overture_id": "f7096828-50f3-42da-93a3-936d19f59bdd",
        "name": "Academia Gauss",
        "display_name": "Academia Gauss",
        "category": "Educación",
        "subcategory": "Academia / formación",
        "primary_tag": "overture=private_school",
        "source": "Overture Maps Places",
        "sources": [
          "Overture Maps Places"
        ],
        "name_source": "Overture Maps Places",
        "overture_taxonomy": "private_school",
        "overture_confidence": 0.933,
        "grid_id": "r4_c7"
      }
    },
    {
      "type": "Feature",
      "geometry": {
        "type": "Point",
        "coordinates": [
          1.9743697,
          41.27932152
        ]
      },
      "properties": {
        "osm_id": null,
        "overture_id": "bf9d0ffa-6d18-4265-a963-4ddc1fbf4eaa",
        "name": "Academia Herpa",
        "display_name": "Academia Herpa",
        "category": "Educación",
        "subcategory": "Academia / formación",
        "primary_tag": "overture=educational_service",
        "source": "Overture Maps Places",
        "sources": [
          "Overture Maps Places"
        ],
        "name_source": "Overture Maps Places",
        "overture_taxonomy": "educational_service",
        "overture_confidence": 0.949,
        "grid_id": "r3_c6"
      }
    },
    {
      "type": "Feature",
      "geometry": {
        "type": "Point",
        "coordinates": [
          1.97867707,
          41.28057773
        ]
      },
      "properties": {
        "osm_id": null,
        "overture_id": "7ea4c936-6f6f-47f6-89d3-6a1d6d0815ca",
        "name": "Academia Molière",
        "display_name": "Academia Molière",
        "category": "Educación",
        "subcategory": "Academia / formación",
        "primary_tag": "overture=language_school",
        "source": "Overture Maps Places",
        "sources": [
          "Overture Maps Places"
        ],
        "name_source": "Overture Maps Places",
        "overture_taxonomy": "language_school",
        "overture_confidence": 0.977,
        "grid_id": "r3_c6"
      }
    },
    {
      "type": "Feature",
      "geometry": {
        "type": "Point",
        "coordinates": [
          1.9810301,
          41.2859212
        ]
      },
      "properties": {
        "osm_id": null,
        "overture_id": "ae5fd1ae-27f9-41fb-88d0-2c9df073c038",
        "name": "Autoescola Novel",
        "display_name": "Autoescola Novel",
        "category": "Educación",
        "subcategory": "Autoescuela",
        "primary_tag": "overture=driving_school",
        "source": "Overture Maps Places",
        "sources": [
          "Overture Maps Places"
        ],
        "name_source": "Overture Maps Places",
        "overture_taxonomy": "driving_school",
        "overture_confidence": 0.959,
        "grid_id": "r4_c7"
      }
    },
    {
      "type": "Feature",
      "geometry": {
        "type": "Point",
        "coordinates": [
          1.9769796,
          41.28137417
        ]
      },
      "properties": {
        "osm_id": null,
        "overture_id": "8de02680-7917-4154-8964-d31ed1c21a85",
        "name": "Autoescuela Castellmar",
        "display_name": "Autoescuela Castellmar",
        "category": "Educación",
        "subcategory": "Autoescuela",
        "primary_tag": "overture=driving_school",
        "source": "Overture Maps Places",
        "sources": [
          "Overture Maps Places"
        ],
        "name_source": "Overture Maps Places",
        "overture_taxonomy": "driving_school",
        "overture_confidence": 0.986,
        "grid_id": "r3_c6"
      }
    },
    {
      "type": "Feature",
      "geometry": {
        "type": "Point",
        "coordinates": [
          1.97950602,
          41.28330425
        ]
      },
      "properties": {
        "osm_id": null,
        "overture_id": "30fa1a23-ab8b-46fe-97ba-eb9774d8e767",
        "name": "Autoescuela SOY18",
        "display_name": "Autoescuela SOY18",
        "category": "Educación",
        "subcategory": "Autoescuela",
        "primary_tag": "overture=driving_school",
        "source": "Overture Maps Places",
        "sources": [
          "Overture Maps Places"
        ],
        "name_source": "Overture Maps Places",
        "overture_taxonomy": "driving_school",
        "overture_confidence": 0.906,
        "grid_id": "r4_c7"
      }
    },
    {
      "type": "Feature",
      "geometry": {
        "type": "Point",
        "coordinates": [
          1.98650314,
          41.27575112
        ]
      },
      "properties": {
        "osm_id": null,
        "overture_id": "cb247f0d-0fc0-4839-acfc-58b862a561b5",
        "name": "Barcelona School of Agricultural Engineering",
        "display_name": "Barcelona School of Agricultural Engineering",
        "category": "Educación",
        "subcategory": "Centro educativo",
        "primary_tag": "overture=specialty_school",
        "source": "Overture Maps Places",
        "sources": [
          "Overture Maps Places"
        ],
        "name_source": "Overture Maps Places",
        "overture_taxonomy": "specialty_school",
        "overture_confidence": 0.955,
        "grid_id": "r2_c8"
      }
    },
    {
      "type": "Feature",
      "geometry": {
        "type": "Point",
        "coordinates": [
          1.99046483,
          41.26976119
        ]
      },
      "properties": {
        "osm_id": null,
        "overture_id": "106b6458-650f-49d5-8273-8a71c01d9043",
        "name": "Barcelona Tennis Academy",
        "display_name": "Barcelona Tennis Academy",
        "category": "Educación",
        "subcategory": "Academia / formación",
        "primary_tag": "overture=tennis_court",
        "source": "Overture Maps Places",
        "sources": [
          "Overture Maps Places"
        ],
        "name_source": "Overture Maps Places",
        "overture_taxonomy": "tennis_court",
        "overture_confidence": 0.981,
        "grid_id": "r1_c8"
      }
    },
    {
      "type": "Feature",
      "geometry": {
        "type": "Point",
        "coordinates": [
          1.9895993,
          41.272075
        ]
      },
      "properties": {
        "osm_id": "way/221946545",
        "name": "British School Barcelona",
        "display_name": "British School Barcelona",
        "category": "Educación",
        "subcategory": "Centro educativo",
        "primary_tag": "amenity=school",
        "amenity": "school",
        "shop": null,
        "office": null,
        "tourism": null,
        "leisure": null,
        "wikidata": "Q111595796",
        "website": null,
        "phone": null,
        "opening_hours": null,
        "addr_street": null,
        "addr_housenumber": null,
        "addr_postcode": null,
        "addr_city": null,
        "image": null,
        "wikimedia_commons": null,
        "mapillary": null,
        "source": "OpenStreetMap via Overpass API",
        "name_source": "OpenStreetMap",
        "grid_id": "r1_c8"
      }
    },
    {
      "type": "Feature",
      "geometry": {
        "type": "Point",
        "coordinates": [
          1.98841,
          41.28016
        ]
      },
      "properties": {
        "osm_id": null,
        "overture_id": "f420fec0-b327-4f8c-b034-dbddcfc1f6e9",
        "name": "Campus Upc Castelldefels,barcelona",
        "display_name": "Campus Upc Castelldefels,barcelona",
        "category": "Educación",
        "subcategory": "Universidad / centro universitario",
        "primary_tag": "overture=college_university",
        "source": "Overture Maps Places",
        "sources": [
          "Overture Maps Places"
        ],
        "name_source": "Overture Maps Places",
        "overture_taxonomy": "college_university",
        "overture_confidence": 0.936,
        "grid_id": "r3_c8"
      }
    },
    {
      "type": "Feature",
      "geometry": {
        "type": "Point",
        "coordinates": [
          1.97425695,
          41.28264498
        ]
      },
      "properties": {
        "osm_id": null,
        "overture_id": "d8f6a5d5-b29b-432f-9b6e-a6d11e343c34",
        "name": "Castle Languages",
        "display_name": "Castle Languages",
        "category": "Educación",
        "subcategory": "Academia de idiomas",
        "primary_tag": "overture=language_school",
        "source": "Overture Maps Places",
        "sources": [
          "Overture Maps Places"
        ],
        "name_source": "Overture Maps Places",
        "overture_taxonomy": "language_school",
        "overture_confidence": 0.998,
        "grid_id": "r4_c6"
      }
    },
    {
      "type": "Feature",
      "geometry": {
        "type": "Point",
        "coordinates": [
          1.9653116,
          41.2708071
        ]
      },
      "properties": {
        "osm_id": "way/221440934",
        "name": "Centre d'Educació Infantil i Primària Josep Guinovart",
        "display_name": "Centre d'Educació Infantil i Primària Josep Guinovart",
        "category": "Educación",
        "subcategory": "Centro educativo",
        "primary_tag": "amenity=school",
        "amenity": "school",
        "shop": null,
        "office": null,
        "tourism": null,
        "leisure": null,
        "wikidata": null,
        "website": null,
        "phone": null,
        "opening_hours": null,
        "addr_street": null,
        "addr_housenumber": null,
        "addr_postcode": null,
        "addr_city": null,
        "image": null,
        "wikimedia_commons": null,
        "mapillary": null,
        "source": "OpenStreetMap via Overpass API",
        "name_source": "OpenStreetMap",
        "grid_id": "r1_c4"
      }
    },
    {
      "type": "Feature",
      "geometry": {
        "type": "Point",
        "coordinates": [
          1.9857733,
          41.2872638
        ]
      },
      "properties": {
        "osm_id": null,
        "overture_id": "502d3728-3467-4219-8c9e-a7746459eaab",
        "name": "Centre de Normalització Lingüística Eramprunyà",
        "display_name": "Centre de Normalització Lingüística Eramprunyà",
        "category": "Educación",
        "subcategory": "Academia de idiomas",
        "primary_tag": "overture=language_school",
        "source": "Overture Maps Places",
        "sources": [
          "Overture Maps Places"
        ],
        "name_source": "Overture Maps Places",
        "overture_taxonomy": "language_school",
        "overture_confidence": 0.85,
        "grid_id": "r5_c8"
      }
    },
    {
      "type": "Feature",
      "geometry": {
        "type": "Point",
        "coordinates": [
          1.986078,
          41.286715
        ]
      },
      "properties": {
        "osm_id": null,
        "overture_id": "a4c2f3a7-4c32-439e-952f-9d88d5ef9e3c",
        "name": "Centro Kumon Castelldefels - Centre",
        "display_name": "Centro Kumon Castelldefels - Centre",
        "category": "Educación",
        "subcategory": "Programa extraescolar",
        "primary_tag": "overture=after_school_program",
        "source": "Overture Maps Places",
        "sources": [
          "Overture Maps Places"
        ],
        "name_source": "Overture Maps Places",
        "overture_taxonomy": "after_school_program",
        "overture_confidence": 0.85,
        "grid_id": "r5_c8"
      }
    },
    {
      "type": "Feature",
      "geometry": {
        "type": "Point",
        "coordinates": [
          1.9842278,
          41.288314
        ]
      },
      "properties": {
        "osm_id": "way/1499160189",
        "name": "Col·legi Frangoal",
        "display_name": "Col·legi Frangoal",
        "category": "Educación",
        "subcategory": "Centro educativo",
        "primary_tag": "amenity=school",
        "amenity": "school",
        "shop": null,
        "office": null,
        "tourism": null,
        "leisure": null,
        "wikidata": null,
        "website": "https://frangoal.com/ca/",
        "phone": null,
        "opening_hours": null,
        "addr_street": null,
        "addr_housenumber": null,
        "addr_postcode": null,
        "addr_city": null,
        "image": null,
        "wikimedia_commons": null,
        "mapillary": null,
        "source": "OpenStreetMap via Overpass API",
        "name_source": "OpenStreetMap",
        "sources": [
          "OpenStreetMap via Overpass API",
          "Overture Maps Places"
        ],
        "overture_id": "14f76d2f-168f-4d8b-a4ec-e255902734e3",
        "overture_confidence": 0.988,
        "grid_id": "r5_c7"
      }
    },
    {
      "type": "Feature",
      "geometry": {
        "type": "Point",
        "coordinates": [
          1.98039108,
          41.28094505
        ]
      },
      "properties": {
        "osm_id": null,
        "overture_id": "5da176db-bba5-4974-8bbf-436c6f8892ab",
        "name": "Dance Me - Academia de Baile",
        "display_name": "Dance Me - Academia de Baile",
        "category": "Educación",
        "subcategory": "Academia / formación",
        "primary_tag": "overture=dance_studio",
        "source": "Overture Maps Places",
        "sources": [
          "Overture Maps Places"
        ],
        "name_source": "Overture Maps Places",
        "overture_taxonomy": "dance_studio",
        "overture_confidence": 0.886,
        "grid_id": "r3_c7"
      }
    },
    {
      "type": "Feature",
      "geometry": {
        "type": "Point",
        "coordinates": [
          1.975699,
          41.278278
        ]
      },
      "properties": {
        "osm_id": null,
        "overture_id": "77c834fc-8f51-4e0e-b83a-3a3374e9b782",
        "name": "El cuc de castelldefels",
        "display_name": "El cuc de castelldefels",
        "category": "Educación",
        "subcategory": "Guardería / educación infantil",
        "primary_tag": "overture=day_care_preschool",
        "source": "Overture Maps Places",
        "sources": [
          "Overture Maps Places"
        ],
        "name_source": "Overture Maps Places",
        "overture_taxonomy": "day_care_preschool",
        "overture_confidence": 0.922,
        "grid_id": "r3_c6"
      }
    },
    {
      "type": "Feature",
      "geometry": {
        "type": "Point",
        "coordinates": [
          1.98953097,
          41.27059195
        ]
      },
      "properties": {
        "osm_id": null,
        "overture_id": "b7111dcb-d3c4-41db-9ee9-c908e861748e",
        "name": "Elite Tennis Academy Spain",
        "display_name": "Elite Tennis Academy Spain",
        "category": "Educación",
        "subcategory": "Academia / formación",
        "primary_tag": "overture=tennis_court",
        "source": "Overture Maps Places",
        "sources": [
          "Overture Maps Places"
        ],
        "name_source": "Overture Maps Places",
        "overture_taxonomy": "tennis_court",
        "overture_confidence": 0.994,
        "grid_id": "r1_c8"
      }
    },
    {
      "type": "Feature",
      "geometry": {
        "type": "Point",
        "coordinates": [
          1.97796807,
          41.28073014
        ]
      },
      "properties": {
        "osm_id": null,
        "overture_id": "51c64477-9676-4078-85f2-f65fe4ca88d6",
        "name": "Els Angelots",
        "display_name": "Els Angelots",
        "category": "Educación",
        "subcategory": "Educación infantil",
        "primary_tag": "overture=preschool",
        "source": "Overture Maps Places",
        "sources": [
          "Overture Maps Places"
        ],
        "name_source": "Overture Maps Places",
        "overture_taxonomy": "preschool",
        "overture_confidence": 0.919,
        "grid_id": "r3_c6"
      }
    },
    {
      "type": "Feature",
      "geometry": {
        "type": "Point",
        "coordinates": [
          1.9508592,
          41.2686844
        ]
      },
      "properties": {
        "osm_id": "way/265569284",
        "name": "Escola Antoni Gaudí",
        "display_name": "Escola Antoni Gaudí",
        "category": "Educación",
        "subcategory": "Centro educativo",
        "primary_tag": "amenity=school",
        "amenity": "school",
        "shop": null,
        "office": null,
        "tourism": null,
        "leisure": null,
        "wikidata": "Q111338998",
        "website": null,
        "phone": null,
        "opening_hours": null,
        "addr_street": null,
        "addr_housenumber": null,
        "addr_postcode": null,
        "addr_city": null,
        "image": null,
        "wikimedia_commons": null,
        "mapillary": null,
        "source": "OpenStreetMap via Overpass API",
        "name_source": "OpenStreetMap",
        "sources": [
          "OpenStreetMap via Overpass API",
          "Overture Maps Places"
        ],
        "overture_id": "1b836c8e-fb1a-40a7-aabb-fa6466a575ff",
        "overture_confidence": 0.958,
        "grid_id": "r1_c2"
      }
    },
    {
      "type": "Feature",
      "geometry": {
        "type": "Point",
        "coordinates": [
          1.9638944,
          41.2723014
        ]
      },
      "properties": {
        "osm_id": "way/1290909917",
        "name": "Escola Bressol Casa dels Infants Ca'n Aimeric",
        "display_name": "Escola Bressol Casa dels Infants Ca'n Aimeric",
        "category": "Educación",
        "subcategory": "Escuela infantil",
        "primary_tag": "amenity=kindergarten",
        "amenity": "kindergarten",
        "shop": null,
        "office": null,
        "tourism": null,
        "leisure": null,
        "wikidata": null,
        "website": null,
        "phone": null,
        "opening_hours": null,
        "addr_street": null,
        "addr_housenumber": null,
        "addr_postcode": null,
        "addr_city": null,
        "image": null,
        "wikimedia_commons": null,
        "mapillary": null,
        "source": "OpenStreetMap via Overpass API",
        "name_source": "OpenStreetMap",
        "grid_id": "r2_c4"
      }
    },
    {
      "type": "Feature",
      "geometry": {
        "type": "Point",
        "coordinates": [
          1.9713136,
          41.2815177
        ]
      },
      "properties": {
        "osm_id": "way/213391418",
        "name": "Escola Bressol Casa dels Infants de la Muntanyeta",
        "display_name": "Escola Bressol Casa dels Infants de la Muntanyeta",
        "category": "Educación",
        "subcategory": "Centro educativo",
        "primary_tag": "amenity=school",
        "amenity": "school",
        "shop": null,
        "office": null,
        "tourism": null,
        "leisure": null,
        "wikidata": null,
        "website": null,
        "phone": null,
        "opening_hours": null,
        "addr_street": null,
        "addr_housenumber": null,
        "addr_postcode": null,
        "addr_city": null,
        "image": null,
        "wikimedia_commons": null,
        "mapillary": null,
        "source": "OpenStreetMap via Overpass API",
        "name_source": "OpenStreetMap",
        "panoramax_id": "b12cdb94-81c1-4c26-9e3a-1adc355b4d8d",
        "panoramax_thumbnail_url": "https://panoramax.openstreetmap.fr/derivates/b1/2c/db/94/81c1-4c26-9e3a-1adc355b4d8d/thumb.jpg",
        "panoramax_visual_url": "https://panoramax.openstreetmap.fr/derivates/b1/2c/db/94/81c1-4c26-9e3a-1adc355b4d8d/sd.jpg",
        "panoramax_captured_at": "2020-07-14T17:55:58.700000",
        "panoramax_distance_m": 24.8,
        "panoramax_license": "CC-BY-SA-4.0",
        "panoramax_providers": [
          "yopaseopor"
        ],
        "panoramax_instance_name": "osm-fr",
        "panoramax_instance_url": "https://panoramax.openstreetmap.fr",
        "grid_id": "r4_c5"
      }
    },
    {
      "type": "Feature",
      "geometry": {
        "type": "Point",
        "coordinates": [
          1.9895401,
          41.2712387
        ]
      },
      "properties": {
        "osm_id": "way/1290909915",
        "name": "Escola Bressol Casa dels Infants Granvia Mar",
        "display_name": "Escola Bressol Casa dels Infants Granvia Mar",
        "category": "Educación",
        "subcategory": "Escuela infantil",
        "primary_tag": "amenity=kindergarten",
        "amenity": "kindergarten",
        "shop": null,
        "office": null,
        "tourism": null,
        "leisure": null,
        "wikidata": null,
        "website": null,
        "phone": null,
        "opening_hours": null,
        "addr_street": null,
        "addr_housenumber": null,
        "addr_postcode": null,
        "addr_city": null,
        "image": null,
        "wikimedia_commons": null,
        "mapillary": null,
        "source": "OpenStreetMap via Overpass API",
        "name_source": "OpenStreetMap",
        "grid_id": "r1_c8"
      }
    },
    {
      "type": "Feature",
      "geometry": {
        "type": "Point",
        "coordinates": [
          1.9729846,
          41.26808815
        ]
      },
      "properties": {
        "osm_id": null,
        "overture_id": "681f425e-0c5a-43d1-80ed-9a85dc607183",
        "name": "Escola Bressol l'Olivera",
        "display_name": "Escola Bressol l'Olivera",
        "category": "Educación",
        "subcategory": "Centro educativo",
        "primary_tag": "overture=school",
        "source": "Overture Maps Places",
        "sources": [
          "Overture Maps Places"
        ],
        "name_source": "Overture Maps Places",
        "overture_taxonomy": "school",
        "overture_confidence": 0.93,
        "grid_id": "r1_c5"
      }
    },
    {
      "type": "Feature",
      "geometry": {
        "type": "Point",
        "coordinates": [
          1.9779244,
          41.2876394
        ]
      },
      "properties": {
        "osm_id": "way/1290909918",
        "name": "Escola Bressol La Casa dels Infants de Can Vinader",
        "display_name": "Escola Bressol La Casa dels Infants de Can Vinader",
        "category": "Educación",
        "subcategory": "Escuela infantil",
        "primary_tag": "amenity=kindergarten",
        "amenity": "kindergarten",
        "shop": null,
        "office": null,
        "tourism": null,
        "leisure": null,
        "wikidata": null,
        "website": null,
        "phone": null,
        "opening_hours": null,
        "addr_street": null,
        "addr_housenumber": null,
        "addr_postcode": null,
        "addr_city": null,
        "image": null,
        "wikimedia_commons": null,
        "mapillary": null,
        "source": "OpenStreetMap via Overpass API",
        "name_source": "OpenStreetMap",
        "grid_id": "r5_c6"
      }
    },
    {
      "type": "Feature",
      "geometry": {
        "type": "Point",
        "coordinates": [
          1.9724782,
          41.2832863
        ]
      },
      "properties": {
        "osm_id": "way/1355143670",
        "name": "Escola Can Roca",
        "display_name": "Escola Can Roca",
        "category": "Educación",
        "subcategory": "Centro educativo",
        "primary_tag": "amenity=school",
        "amenity": "school",
        "shop": null,
        "office": null,
        "tourism": null,
        "leisure": null,
        "wikidata": null,
        "website": null,
        "phone": null,
        "opening_hours": null,
        "addr_street": null,
        "addr_housenumber": null,
        "addr_postcode": null,
        "addr_city": null,
        "image": null,
        "wikimedia_commons": null,
        "mapillary": null,
        "source": "OpenStreetMap via Overpass API",
        "name_source": "OpenStreetMap",
        "grid_id": "r4_c5"
      }
    },
    {
      "type": "Feature",
      "geometry": {
        "type": "Point",
        "coordinates": [
          1.986624933479725,
          41.275550798754196
        ]
      },
      "properties": {
        "osm_id": null,
        "overture_id": "91a9891e-fb31-4c9d-92e8-703296282991",
        "name": "Escola d'Enginyeria de Telecomunicació i Aeroespacial de Castelldefels",
        "display_name": "Escola d'Enginyeria de Telecomunicació i Aeroespacial de Castelldefels",
        "category": "Educación",
        "subcategory": "Centro educativo",
        "primary_tag": "overture=college_university",
        "source": "Overture Maps Places",
        "sources": [
          "Overture Maps Places"
        ],
        "name_source": "Overture Maps Places",
        "overture_taxonomy": "college_university",
        "overture_confidence": 0.935,
        "grid_id": "r2_c8"
      }
    },
    {
      "type": "Feature",
      "geometry": {
        "type": "Point",
        "coordinates": [
          1.98223153,
          41.28182246
        ]
      },
      "properties": {
        "osm_id": null,
        "overture_id": "a7f64db2-d742-43e8-a531-050bc8029461",
        "name": "Escola d'Hostaleria de Castelldefels",
        "display_name": "Escola d'Hostaleria de Castelldefels",
        "category": "Educación",
        "subcategory": "Centro educativo",
        "primary_tag": "overture=cooking_school",
        "source": "Overture Maps Places",
        "sources": [
          "Overture Maps Places"
        ],
        "name_source": "Overture Maps Places",
        "overture_taxonomy": "cooking_school",
        "overture_confidence": 0.962,
        "grid_id": "r4_c7"
      }
    },
    {
      "type": "Feature",
      "geometry": {
        "type": "Point",
        "coordinates": [
          1.9783432,
          41.2703439
        ]
      },
      "properties": {
        "osm_id": "way/691374892",
        "name": "Escola Edumar",
        "display_name": "Escola Edumar",
        "category": "Educación",
        "subcategory": "Centro educativo",
        "primary_tag": "amenity=school",
        "amenity": "school",
        "shop": null,
        "office": null,
        "tourism": null,
        "leisure": null,
        "wikidata": "Q111339199",
        "website": null,
        "phone": null,
        "opening_hours": null,
        "addr_street": null,
        "addr_housenumber": null,
        "addr_postcode": null,
        "addr_city": null,
        "image": null,
        "wikimedia_commons": null,
        "mapillary": null,
        "source": "OpenStreetMap via Overpass API",
        "name_source": "OpenStreetMap",
        "sources": [
          "OpenStreetMap via Overpass API",
          "Overture Maps Places"
        ],
        "overture_id": "bbee8bee-d331-4da7-aafa-e1c1d6801b2b",
        "overture_confidence": 0.859,
        "grid_id": "r1_c6"
      }
    },
    {
      "type": "Feature",
      "geometry": {
        "type": "Point",
        "coordinates": [
          1.98732512,
          41.28974996
        ]
      },
      "properties": {
        "osm_id": null,
        "overture_id": "eb1e6f2f-1ac7-4d53-9a3d-7241df50b854",
        "name": "Escola Els Pins",
        "display_name": "Escola Els Pins",
        "category": "Educación",
        "subcategory": "Centro educativo",
        "primary_tag": "overture=elementary_school",
        "source": "Overture Maps Places",
        "sources": [
          "Overture Maps Places"
        ],
        "name_source": "Overture Maps Places",
        "overture_taxonomy": "elementary_school",
        "overture_confidence": 0.867,
        "grid_id": "r5_c8"
      }
    },
    {
      "type": "Feature",
      "geometry": {
        "type": "Point",
        "coordinates": [
          1.96435411,
          41.26527331
        ]
      },
      "properties": {
        "osm_id": null,
        "overture_id": "0e20e4ed-1a7e-4e31-85ce-db010ef06133",
        "name": "Escola Garbí",
        "display_name": "Escola Garbí",
        "category": "Educación",
        "subcategory": "Centro educativo",
        "primary_tag": "overture=fitness_trainer",
        "source": "Overture Maps Places",
        "sources": [
          "Overture Maps Places"
        ],
        "name_source": "Overture Maps Places",
        "overture_taxonomy": "fitness_trainer",
        "overture_confidence": 0.997,
        "grid_id": "r0_c4"
      }
    },
    {
      "type": "Feature",
      "geometry": {
        "type": "Point",
        "coordinates": [
          1.990703,
          41.2720272
        ]
      },
      "properties": {
        "osm_id": "way/396070633",
        "name": "Escola Garigot",
        "display_name": "Escola Garigot",
        "category": "Educación",
        "subcategory": "Centro educativo",
        "primary_tag": "amenity=school",
        "amenity": "school",
        "shop": null,
        "office": null,
        "tourism": null,
        "leisure": null,
        "wikidata": "Q111339326",
        "website": null,
        "phone": null,
        "opening_hours": null,
        "addr_street": null,
        "addr_housenumber": null,
        "addr_postcode": null,
        "addr_city": null,
        "image": null,
        "wikimedia_commons": null,
        "mapillary": null,
        "source": "OpenStreetMap via Overpass API",
        "name_source": "OpenStreetMap",
        "grid_id": "r1_c8"
      }
    },
    {
      "type": "Feature",
      "geometry": {
        "type": "Point",
        "coordinates": [
          1.96838636,
          41.27494879
        ]
      },
      "properties": {
        "osm_id": null,
        "overture_id": "7533dad5-a657-465a-a94d-4413abfd95bb",
        "name": "Escola Infantil Il·lusions",
        "display_name": "Escola Infantil Il·lusions",
        "category": "Educación",
        "subcategory": "Centro educativo",
        "primary_tag": "overture=preschool",
        "source": "Overture Maps Places",
        "sources": [
          "Overture Maps Places"
        ],
        "name_source": "Overture Maps Places",
        "overture_taxonomy": "preschool",
        "overture_confidence": 0.986,
        "grid_id": "r2_c5"
      }
    },
    {
      "type": "Feature",
      "geometry": {
        "type": "Point",
        "coordinates": [
          1.9763818,
          41.2756612
        ]
      },
      "properties": {
        "osm_id": "way/398984840",
        "name": "Escola Lluís Vives",
        "display_name": "Escola Lluís Vives",
        "category": "Educación",
        "subcategory": "Centro educativo",
        "primary_tag": "amenity=school",
        "amenity": "school",
        "shop": null,
        "office": null,
        "tourism": null,
        "leisure": null,
        "wikidata": "Q111338572",
        "website": null,
        "phone": null,
        "opening_hours": null,
        "addr_street": null,
        "addr_housenumber": null,
        "addr_postcode": null,
        "addr_city": null,
        "image": null,
        "wikimedia_commons": null,
        "mapillary": null,
        "source": "OpenStreetMap via Overpass API",
        "name_source": "OpenStreetMap",
        "grid_id": "r2_c6"
      }
    },
    {
      "type": "Feature",
      "geometry": {
        "type": "Point",
        "coordinates": [
          1.97324249,
          41.28894563
        ]
      },
      "properties": {
        "osm_id": null,
        "overture_id": "7ae5fe7c-9f95-45c7-93ef-f0447c3d78aa",
        "name": "Escola Margalló",
        "display_name": "Escola Margalló",
        "category": "Educación",
        "subcategory": "Centro educativo",
        "primary_tag": "overture=school",
        "source": "Overture Maps Places",
        "sources": [
          "Overture Maps Places"
        ],
        "name_source": "Overture Maps Places",
        "overture_taxonomy": "school",
        "overture_confidence": 0.915,
        "grid_id": "r5_c6"
      }
    },
    {
      "type": "Feature",
      "geometry": {
        "type": "Point",
        "coordinates": [
          1.96973487,
          41.27764627
        ]
      },
      "properties": {
        "osm_id": null,
        "overture_id": "3d40f020-3207-42e7-9858-150bfa81a077",
        "name": "Escola Petit Mon",
        "display_name": "Escola Petit Mon",
        "category": "Educación",
        "subcategory": "Centro educativo",
        "primary_tag": "overture=private_school",
        "source": "Overture Maps Places",
        "sources": [
          "Overture Maps Places"
        ],
        "name_source": "Overture Maps Places",
        "overture_taxonomy": "private_school",
        "overture_confidence": 0.962,
        "grid_id": "r3_c5"
      }
    },
    {
      "type": "Feature",
      "geometry": {
        "type": "Point",
        "coordinates": [
          1.9732783,
          41.2837213
        ]
      },
      "properties": {
        "osm_id": "way/1355143669",
        "name": "Escola Torre Barona",
        "display_name": "Escola Torre Barona",
        "category": "Educación",
        "subcategory": "Centro educativo",
        "primary_tag": "amenity=school",
        "amenity": "school",
        "shop": null,
        "office": null,
        "tourism": null,
        "leisure": null,
        "wikidata": null,
        "website": null,
        "phone": null,
        "opening_hours": null,
        "addr_street": null,
        "addr_housenumber": null,
        "addr_postcode": null,
        "addr_city": null,
        "image": null,
        "wikimedia_commons": null,
        "mapillary": null,
        "source": "OpenStreetMap via Overpass API",
        "name_source": "OpenStreetMap",
        "grid_id": "r4_c6"
      }
    },
    {
      "type": "Feature",
      "geometry": {
        "type": "Point",
        "coordinates": [
          1.97208884,
          41.282659
        ]
      },
      "properties": {
        "osm_id": null,
        "overture_id": "bd8b0d01-323f-4699-9845-678f072a61f4",
        "name": "Escola Torre Barona",
        "display_name": "Escola Torre Barona",
        "category": "Educación",
        "subcategory": "Centro educativo",
        "primary_tag": "overture=public_school",
        "source": "Overture Maps Places",
        "sources": [
          "Overture Maps Places"
        ],
        "name_source": "Overture Maps Places",
        "overture_taxonomy": "public_school",
        "overture_confidence": 0.98,
        "panoramax_id": "caef9567-5bb3-4bf2-88dd-318d855e8c51",
        "panoramax_thumbnail_url": "https://panoramax.openstreetmap.fr/derivates/ca/ef/95/67/5bb3-4bf2-88dd-318d855e8c51/thumb.jpg",
        "panoramax_visual_url": "https://panoramax.openstreetmap.fr/derivates/ca/ef/95/67/5bb3-4bf2-88dd-318d855e8c51/sd.jpg",
        "panoramax_captured_at": "2020-07-14T17:55:31.400000",
        "panoramax_distance_m": 36,
        "panoramax_license": "CC-BY-SA-4.0",
        "panoramax_providers": [
          "yopaseopor"
        ],
        "panoramax_instance_name": "osm-fr",
        "panoramax_instance_url": "https://panoramax.openstreetmap.fr",
        "grid_id": "r4_c5"
      }
    },
    {
      "type": "Feature",
      "geometry": {
        "type": "Point",
        "coordinates": [
          1.97992215,
          41.28367847
        ]
      },
      "properties": {
        "osm_id": null,
        "overture_id": "e817c0d7-b4fa-4846-9050-4ddfd99f53f0",
        "name": "ETIF",
        "display_name": "ETIF",
        "category": "Educación",
        "subcategory": "Formación profesional / técnica",
        "primary_tag": "overture=vocational_and_technical_school",
        "source": "Overture Maps Places",
        "sources": [
          "Overture Maps Places"
        ],
        "name_source": "Overture Maps Places",
        "overture_taxonomy": "vocational_and_technical_school",
        "overture_confidence": 0.992,
        "grid_id": "r4_c7"
      }
    },
    {
      "type": "Feature",
      "geometry": {
        "type": "Point",
        "coordinates": [
          1.964165576,
          41.265076479
        ]
      },
      "properties": {
        "osm_id": null,
        "overture_id": "a52d5593-1843-4d82-b504-16b0318e6a61",
        "name": "GARBI - KITECENTER BCN Escola de vela i kitesurf",
        "display_name": "GARBI - KITECENTER BCN Escola de vela i kitesurf",
        "category": "Educación",
        "subcategory": "Centro educativo",
        "primary_tag": "overture=sport_or_fitness_facility",
        "source": "Overture Maps Places",
        "sources": [
          "Overture Maps Places"
        ],
        "name_source": "Overture Maps Places",
        "overture_taxonomy": "sport_or_fitness_facility",
        "overture_confidence": 0.875,
        "grid_id": "r0_c4"
      }
    },
    {
      "type": "Feature",
      "geometry": {
        "type": "Point",
        "coordinates": [
          1.98215501,
          41.28809378
        ]
      },
      "properties": {
        "osm_id": null,
        "overture_id": "89acba95-1832-482f-be00-414eab3bcf86",
        "name": "Guardería Pessigolles",
        "display_name": "Guardería Pessigolles",
        "category": "Educación",
        "subcategory": "Guardería / educación infantil",
        "primary_tag": "overture=day_care_preschool",
        "source": "Overture Maps Places",
        "sources": [
          "Overture Maps Places"
        ],
        "name_source": "Overture Maps Places",
        "overture_taxonomy": "day_care_preschool",
        "overture_confidence": 0.952,
        "grid_id": "r5_c7"
      }
    },
    {
      "type": "Feature",
      "geometry": {
        "type": "Point",
        "coordinates": [
          1.96233,
          41.26869
        ]
      },
      "properties": {
        "osm_id": null,
        "overture_id": "d97524c2-95f4-4d92-acaa-3ba9ab9d0008",
        "name": "IBSTE Facultad Internacional de Teología",
        "display_name": "IBSTE Facultad Internacional de Teología",
        "category": "Educación",
        "subcategory": "Servicios educativos",
        "primary_tag": "overture=education",
        "source": "Overture Maps Places",
        "sources": [
          "Overture Maps Places"
        ],
        "name_source": "Overture Maps Places",
        "overture_taxonomy": "education",
        "overture_confidence": 0.851,
        "grid_id": "r1_c4"
      }
    },
    {
      "type": "Feature",
      "geometry": {
        "type": "Point",
        "coordinates": [
          1.98964012,
          41.27548287
        ]
      },
      "properties": {
        "osm_id": null,
        "overture_id": "a1e59b86-cb2b-4e8b-a2ad-151e01558632",
        "name": "ICFO",
        "display_name": "ICFO",
        "category": "Educación",
        "subcategory": "Instituto de investigación educativa",
        "primary_tag": "overture=educational_research_institute",
        "source": "Overture Maps Places",
        "sources": [
          "Overture Maps Places"
        ],
        "name_source": "Overture Maps Places",
        "overture_taxonomy": "educational_research_institute",
        "overture_confidence": 0.989,
        "grid_id": "r2_c8"
      }
    },
    {
      "type": "Feature",
      "geometry": {
        "type": "Point",
        "coordinates": [
          1.96684313,
          41.28294679
        ]
      },
      "properties": {
        "osm_id": null,
        "overture_id": "d2aa574f-cbfa-434c-a14a-67af109b9571",
        "name": "Idealog - Language School",
        "display_name": "Idealog - Language School",
        "category": "Educación",
        "subcategory": "Academia de idiomas",
        "primary_tag": "overture=language_school",
        "source": "Overture Maps Places",
        "sources": [
          "Overture Maps Places"
        ],
        "name_source": "Overture Maps Places",
        "overture_taxonomy": "language_school",
        "overture_confidence": 0.999,
        "grid_id": "r4_c4"
      }
    },
    {
      "type": "Feature",
      "geometry": {
        "type": "Point",
        "coordinates": [
          1.9819782,
          41.27875242
        ]
      },
      "properties": {
        "osm_id": null,
        "overture_id": "cc0decc3-ca78-46b5-951d-f7ed9585a9f9",
        "name": "Institut Josep Lluís Sert",
        "display_name": "Institut Josep Lluís Sert",
        "category": "Educación",
        "subcategory": "Instituto / educación secundaria",
        "primary_tag": "overture=high_school",
        "source": "Overture Maps Places",
        "sources": [
          "Overture Maps Places"
        ],
        "name_source": "Overture Maps Places",
        "overture_taxonomy": "high_school",
        "overture_confidence": 0.947,
        "grid_id": "r3_c7"
      }
    },
    {
      "type": "Feature",
      "geometry": {
        "type": "Point",
        "coordinates": [
          1.982254,
          41.2783797
        ]
      },
      "properties": {
        "osm_id": "way/399112336",
        "name": "Institut Les Marines",
        "display_name": "Institut Les Marines",
        "category": "Educación",
        "subcategory": "Centro educativo",
        "primary_tag": "amenity=school",
        "amenity": "school",
        "shop": null,
        "office": null,
        "tourism": null,
        "leisure": null,
        "wikidata": "Q111261206",
        "website": null,
        "phone": null,
        "opening_hours": null,
        "addr_street": null,
        "addr_housenumber": null,
        "addr_postcode": null,
        "addr_city": null,
        "image": null,
        "wikimedia_commons": null,
        "mapillary": null,
        "source": "OpenStreetMap via Overpass API",
        "name_source": "OpenStreetMap",
        "sources": [
          "OpenStreetMap via Overpass API",
          "Overture Maps Places"
        ],
        "overture_id": "18109c4b-7ba3-4779-9d70-d3bfce06fdb7",
        "overture_confidence": 0.901,
        "grid_id": "r3_c7"
      }
    },
    {
      "type": "Feature",
      "geometry": {
        "type": "Point",
        "coordinates": [
          1.98251,
          41.2841
        ]
      },
      "properties": {
        "osm_id": null,
        "overture_id": "cef093b6-39b4-4cad-93d2-6db2e0352e15",
        "name": "Institut Mediterrania",
        "display_name": "Institut Mediterrania",
        "category": "Educación",
        "subcategory": "Centro educativo",
        "primary_tag": "overture=school",
        "source": "Overture Maps Places",
        "sources": [
          "Overture Maps Places"
        ],
        "name_source": "Overture Maps Places",
        "overture_taxonomy": "school",
        "overture_confidence": 0.89,
        "grid_id": "r4_c7"
      }
    },
    {
      "type": "Feature",
      "geometry": {
        "type": "Point",
        "coordinates": [
          1.97335036,
          41.28745114
        ]
      },
      "properties": {
        "osm_id": null,
        "overture_id": "c1e02249-3636-4f9a-b8c9-e228992285a8",
        "name": "Institut Mediterrània",
        "display_name": "Institut Mediterrània",
        "category": "Educación",
        "subcategory": "Instituto / educación secundaria",
        "primary_tag": "overture=high_school",
        "source": "Overture Maps Places",
        "sources": [
          "Overture Maps Places"
        ],
        "name_source": "Overture Maps Places",
        "overture_taxonomy": "high_school",
        "overture_confidence": 0.966,
        "panoramax_id": "c0b9147d-36d7-4a22-b68a-adf103216341",
        "panoramax_thumbnail_url": "https://panoramax.openstreetmap.fr/derivates/c0/b9/14/7d/36d7-4a22-b68a-adf103216341/thumb.jpg",
        "panoramax_visual_url": "https://panoramax.openstreetmap.fr/derivates/c0/b9/14/7d/36d7-4a22-b68a-adf103216341/sd.jpg",
        "panoramax_captured_at": "2020-07-14T17:49:30.500000",
        "panoramax_distance_m": 22.2,
        "panoramax_license": "CC-BY-SA-4.0",
        "panoramax_providers": [
          "yopaseopor"
        ],
        "panoramax_instance_name": "osm-fr",
        "panoramax_instance_url": "https://panoramax.openstreetmap.fr",
        "grid_id": "r5_c6"
      }
    },
    {
      "type": "Feature",
      "geometry": {
        "type": "Point",
        "coordinates": [
          1.9649864,
          41.2713033
        ]
      },
      "properties": {
        "osm_id": "way/1290909916",
        "name": "Institut Valèria Haliné",
        "display_name": "Institut Valèria Haliné",
        "category": "Educación",
        "subcategory": "Centro educativo",
        "primary_tag": "amenity=school",
        "amenity": "school",
        "shop": null,
        "office": null,
        "tourism": null,
        "leisure": null,
        "wikidata": null,
        "website": null,
        "phone": null,
        "opening_hours": null,
        "addr_street": null,
        "addr_housenumber": null,
        "addr_postcode": null,
        "addr_city": null,
        "image": null,
        "wikimedia_commons": null,
        "mapillary": null,
        "source": "OpenStreetMap via Overpass API",
        "name_source": "OpenStreetMap",
        "sources": [
          "OpenStreetMap via Overpass API",
          "Overture Maps Places"
        ],
        "overture_id": "0eca1b34-f49b-4c7d-91e2-e03d2e00bf5a",
        "overture_confidence": 0.956,
        "grid_id": "r1_c4"
      }
    },
    {
      "type": "Feature",
      "geometry": {
        "type": "Point",
        "coordinates": [
          1.97924935,
          41.28535608
        ]
      },
      "properties": {
        "osm_id": null,
        "overture_id": "55a5b5af-0e85-4baf-b2bc-ea6681ed2961",
        "name": "Jacint Verdaguer School",
        "display_name": "Jacint Verdaguer School",
        "category": "Educación",
        "subcategory": "Centro educativo",
        "primary_tag": "overture=school",
        "source": "Overture Maps Places",
        "sources": [
          "Overture Maps Places"
        ],
        "name_source": "Overture Maps Places",
        "overture_taxonomy": "school",
        "overture_confidence": 0.978,
        "grid_id": "r4_c7"
      }
    },
    {
      "type": "Feature",
      "geometry": {
        "type": "Point",
        "coordinates": [
          1.97522796,
          41.28121834
        ]
      },
      "properties": {
        "osm_id": null,
        "overture_id": "f6772794-c261-4180-a97d-0adb0a157858",
        "name": "Janet's - School of English",
        "display_name": "Janet's - School of English",
        "category": "Educación",
        "subcategory": "Centro educativo",
        "primary_tag": "overture=language_school",
        "source": "Overture Maps Places",
        "sources": [
          "Overture Maps Places"
        ],
        "name_source": "Overture Maps Places",
        "overture_taxonomy": "language_school",
        "overture_confidence": 0.998,
        "grid_id": "r3_c6"
      }
    },
    {
      "type": "Feature",
      "geometry": {
        "type": "Point",
        "coordinates": [
          1.978982,
          41.281516
        ]
      },
      "properties": {
        "osm_id": null,
        "overture_id": "861efd1e-571a-4f80-90de-677d7684c029",
        "name": "kidsanduscastelldefels",
        "display_name": "kidsanduscastelldefels",
        "category": "Educación",
        "subcategory": "Centro educativo",
        "primary_tag": "overture=school",
        "source": "Overture Maps Places",
        "sources": [
          "Overture Maps Places"
        ],
        "name_source": "Overture Maps Places",
        "overture_taxonomy": "school",
        "overture_confidence": 0.92,
        "grid_id": "r4_c6"
      }
    },
    {
      "type": "Feature",
      "geometry": {
        "type": "Point",
        "coordinates": [
          1.98665946,
          41.28799659
        ]
      },
      "properties": {
        "osm_id": null,
        "overture_id": "ae437c59-9f35-4442-b32a-414dc6a96e9b",
        "name": "Kilkenny Learning Centre",
        "display_name": "Kilkenny Learning Centre",
        "category": "Educación",
        "subcategory": "Academia de idiomas",
        "primary_tag": "overture=language_school",
        "source": "Overture Maps Places",
        "sources": [
          "Overture Maps Places"
        ],
        "name_source": "Overture Maps Places",
        "overture_taxonomy": "language_school",
        "overture_confidence": 0.978,
        "grid_id": "r5_c8"
      }
    },
    {
      "type": "Feature",
      "geometry": {
        "type": "Point",
        "coordinates": [
          1.982955,
          41.286735
        ]
      },
      "properties": {
        "osm_id": null,
        "overture_id": "cd26904d-60be-4753-a59b-28137d7fb349",
        "name": "L'estoneta Castelldefels",
        "display_name": "L'estoneta Castelldefels",
        "category": "Educación",
        "subcategory": "Guardería / educación infantil",
        "primary_tag": "overture=day_care_preschool",
        "source": "Overture Maps Places",
        "sources": [
          "Overture Maps Places"
        ],
        "name_source": "Overture Maps Places",
        "overture_taxonomy": "day_care_preschool",
        "overture_confidence": 0.958,
        "grid_id": "r5_c7"
      }
    },
    {
      "type": "Feature",
      "geometry": {
        "type": "Point",
        "coordinates": [
          1.98126133,
          41.28364826
        ]
      },
      "properties": {
        "osm_id": null,
        "overture_id": "ae14292e-32cb-4430-b593-1d153a1c983c",
        "name": "La Casa de la Iaia",
        "display_name": "La Casa de la Iaia",
        "category": "Educación",
        "subcategory": "Guardería / educación infantil",
        "primary_tag": "overture=day_care_preschool",
        "source": "Overture Maps Places",
        "sources": [
          "Overture Maps Places"
        ],
        "name_source": "Overture Maps Places",
        "overture_taxonomy": "day_care_preschool",
        "overture_confidence": 0.987,
        "grid_id": "r4_c7"
      }
    },
    {
      "type": "Feature",
      "geometry": {
        "type": "Point",
        "coordinates": [
          1.9779788,
          41.28741043
        ]
      },
      "properties": {
        "osm_id": null,
        "overture_id": "1ced3386-9939-4de0-96f8-a035b2a81051",
        "name": "La Casa dels Infants Can Vinader",
        "display_name": "La Casa dels Infants Can Vinader",
        "category": "Educación",
        "subcategory": "Servicios educativos",
        "primary_tag": "overture=education",
        "source": "Overture Maps Places",
        "sources": [
          "Overture Maps Places"
        ],
        "name_source": "Overture Maps Places",
        "overture_taxonomy": "education",
        "overture_confidence": 0.898,
        "grid_id": "r5_c6"
      }
    },
    {
      "type": "Feature",
      "geometry": {
        "type": "Point",
        "coordinates": [
          1.97356742,
          41.27721971
        ]
      },
      "properties": {
        "osm_id": null,
        "overture_id": "d4e55b92-1575-4b9d-b0fb-f05f62985158",
        "name": "Le Bon Cours",
        "display_name": "Le Bon Cours",
        "category": "Educación",
        "subcategory": "Clases particulares",
        "primary_tag": "overture=tutoring_service",
        "source": "Overture Maps Places",
        "sources": [
          "Overture Maps Places"
        ],
        "name_source": "Overture Maps Places",
        "overture_taxonomy": "tutoring_service",
        "overture_confidence": 0.959,
        "grid_id": "r3_c6"
      }
    },
    {
      "type": "Feature",
      "geometry": {
        "type": "Point",
        "coordinates": [
          1.97631334,
          41.27606555
        ]
      },
      "properties": {
        "osm_id": null,
        "overture_id": "400e14ef-2fd0-4617-90a7-225b5b14f96f",
        "name": "Lluís Vives School",
        "display_name": "Lluís Vives School",
        "category": "Educación",
        "subcategory": "Centro educativo",
        "primary_tag": "overture=public_school",
        "source": "Overture Maps Places",
        "sources": [
          "Overture Maps Places"
        ],
        "name_source": "Overture Maps Places",
        "overture_taxonomy": "public_school",
        "overture_confidence": 0.995,
        "grid_id": "r2_c6"
      }
    },
    {
      "type": "Feature",
      "geometry": {
        "type": "Point",
        "coordinates": [
          1.97635829,
          41.28717974
        ]
      },
      "properties": {
        "osm_id": null,
        "overture_id": "67f73ae5-0b0c-4f44-a7d9-fe9ea0b482d9",
        "name": "Melomaniak's Escola de Música",
        "display_name": "Melomaniak's Escola de Música",
        "category": "Educación",
        "subcategory": "Centro educativo",
        "primary_tag": "overture=music_school",
        "source": "Overture Maps Places",
        "sources": [
          "Overture Maps Places"
        ],
        "name_source": "Overture Maps Places",
        "overture_taxonomy": "music_school",
        "overture_confidence": 0.9,
        "grid_id": "r5_c6"
      }
    },
    {
      "type": "Feature",
      "geometry": {
        "type": "Point",
        "coordinates": [
          1.976981,
          41.279735
        ]
      },
      "properties": {
        "osm_id": null,
        "overture_id": "450b801f-4b0a-4246-816e-c393494f7651",
        "name": "RACC Autoescola Castelldefels",
        "display_name": "RACC Autoescola Castelldefels",
        "category": "Educación",
        "subcategory": "Autoescuela",
        "primary_tag": "overture=driving_school",
        "source": "Overture Maps Places",
        "sources": [
          "Overture Maps Places"
        ],
        "name_source": "Overture Maps Places",
        "overture_taxonomy": "driving_school",
        "overture_confidence": 0.85,
        "grid_id": "r3_c6"
      }
    },
    {
      "type": "Feature",
      "geometry": {
        "type": "Point",
        "coordinates": [
          1.9715159,
          41.2780755
        ]
      },
      "properties": {
        "osm_id": "way/221714758",
        "name": "Sant Ferran",
        "display_name": "Sant Ferran",
        "category": "Educación",
        "subcategory": "Centro educativo",
        "primary_tag": "amenity=school",
        "amenity": "school",
        "shop": null,
        "office": null,
        "tourism": null,
        "leisure": null,
        "wikidata": "Q111595311",
        "website": null,
        "phone": null,
        "opening_hours": null,
        "addr_street": null,
        "addr_housenumber": null,
        "addr_postcode": null,
        "addr_city": null,
        "image": null,
        "wikimedia_commons": null,
        "mapillary": null,
        "source": "OpenStreetMap via Overpass API",
        "name_source": "OpenStreetMap",
        "grid_id": "r3_c5"
      }
    },
    {
      "type": "Feature",
      "geometry": {
        "type": "Point",
        "coordinates": [
          1.98878552,
          41.27088494
        ]
      },
      "properties": {
        "osm_id": null,
        "overture_id": "efaeccb6-cc0f-4833-966a-1c7b1c375576",
        "name": "The British School of Barcelona",
        "display_name": "The British School of Barcelona",
        "category": "Educación",
        "subcategory": "Centro educativo",
        "primary_tag": "overture=private_school",
        "source": "Overture Maps Places",
        "sources": [
          "Overture Maps Places"
        ],
        "name_source": "Overture Maps Places",
        "overture_taxonomy": "private_school",
        "overture_confidence": 1,
        "grid_id": "r1_c8"
      }
    },
    {
      "type": "Feature",
      "geometry": {
        "type": "Point",
        "coordinates": [
          1.98658283,
          41.27592501
        ]
      },
      "properties": {
        "osm_id": null,
        "overture_id": "ff20001e-bb62-4991-8640-7715afbce085",
        "name": "UPC",
        "display_name": "UPC",
        "category": "Educación",
        "subcategory": "Universidad / centro universitario",
        "primary_tag": "overture=college_university",
        "source": "Overture Maps Places",
        "sources": [
          "Overture Maps Places"
        ],
        "name_source": "Overture Maps Places",
        "overture_taxonomy": "college_university",
        "overture_confidence": 0.935,
        "grid_id": "r2_c8"
      }
    },
    {
      "type": "Feature",
      "geometry": {
        "type": "Point",
        "coordinates": [
          1.98006454,
          41.27009917
        ]
      },
      "properties": {
        "osm_id": null,
        "overture_id": "e09dd7ea-cede-4725-ae78-39def0ba6e0b",
        "name": "Wenlock English School",
        "display_name": "Wenlock English School",
        "category": "Educación",
        "subcategory": "Centro educativo",
        "primary_tag": "overture=language_school",
        "source": "Overture Maps Places",
        "sources": [
          "Overture Maps Places"
        ],
        "name_source": "Overture Maps Places",
        "overture_taxonomy": "language_school",
        "overture_confidence": 0.909,
        "grid_id": "r1_c7"
      }
    },
    {
      "type": "Feature",
      "geometry": {
        "type": "Point",
        "coordinates": [
          1.96231082,
          41.26858243
        ]
      },
      "properties": {
        "osm_id": null,
        "overture_id": "1df2ad81-0cdb-4a51-93e7-460028e4dd2e",
        "name": "國際歐華神學院 (Icbsie)",
        "display_name": "國際歐華神學院 (Icbsie)",
        "category": "Educación",
        "subcategory": "Centro educativo religioso",
        "primary_tag": "overture=religious_school",
        "source": "Overture Maps Places",
        "sources": [
          "Overture Maps Places"
        ],
        "name_source": "Overture Maps Places",
        "overture_taxonomy": "religious_school",
        "overture_confidence": 0.946,
        "grid_id": "r1_c4"
      }
    },
    {
      "type": "Feature",
      "geometry": {
        "type": "Point",
        "coordinates": [
          1.9771101,
          41.2793673
        ]
      },
      "properties": {
        "osm_id": "node/2349080943",
        "name": "Bancaja",
        "display_name": "Bancaja",
        "category": "Servicios financieros",
        "subcategory": "Banco",
        "primary_tag": "amenity=bank",
        "amenity": "bank",
        "shop": null,
        "office": null,
        "tourism": null,
        "leisure": null,
        "wikidata": null,
        "website": null,
        "phone": null,
        "opening_hours": null,
        "addr_street": null,
        "addr_housenumber": null,
        "addr_postcode": null,
        "addr_city": null,
        "image": null,
        "wikimedia_commons": null,
        "mapillary": null,
        "source": "OpenStreetMap via Overpass API",
        "name_source": "OpenStreetMap",
        "grid_id": "r3_c6"
      }
    },
    {
      "type": "Feature",
      "geometry": {
        "type": "Point",
        "coordinates": [
          1.9771938,
          41.2782389
        ]
      },
      "properties": {
        "osm_id": "node/2349080940",
        "name": "Banco Sabadell",
        "display_name": "Banco Sabadell",
        "category": "Servicios financieros",
        "subcategory": "Banco",
        "primary_tag": "amenity=bank",
        "amenity": "bank",
        "shop": null,
        "office": null,
        "tourism": null,
        "leisure": null,
        "wikidata": null,
        "website": null,
        "phone": null,
        "opening_hours": null,
        "addr_street": null,
        "addr_housenumber": null,
        "addr_postcode": null,
        "addr_city": null,
        "image": null,
        "wikimedia_commons": null,
        "mapillary": null,
        "source": "OpenStreetMap via Overpass API",
        "name_source": "OpenStreetMap",
        "grid_id": "r3_c6"
      }
    },
    {
      "type": "Feature",
      "geometry": {
        "type": "Point",
        "coordinates": [
          1.9776861,
          41.280193
        ]
      },
      "properties": {
        "osm_id": "node/2349080942",
        "name": "Banco Sabadell",
        "display_name": "Banco Sabadell",
        "category": "Servicios financieros",
        "subcategory": "Banco",
        "primary_tag": "amenity=bank",
        "amenity": "bank",
        "shop": null,
        "office": null,
        "tourism": null,
        "leisure": null,
        "wikidata": null,
        "website": null,
        "phone": null,
        "opening_hours": null,
        "addr_street": null,
        "addr_housenumber": null,
        "addr_postcode": null,
        "addr_city": null,
        "image": null,
        "wikimedia_commons": null,
        "mapillary": null,
        "source": "OpenStreetMap via Overpass API",
        "name_source": "OpenStreetMap",
        "sources": [
          "OpenStreetMap via Overpass API",
          "Overture Maps Places"
        ],
        "overture_id": "362fe7a0-c2cc-4e78-a841-46f6b33edc12",
        "overture_confidence": 0.97,
        "grid_id": "r3_c6"
      }
    },
    {
      "type": "Feature",
      "geometry": {
        "type": "Point",
        "coordinates": [
          1.982495,
          41.285441
        ]
      },
      "properties": {
        "osm_id": null,
        "overture_id": "5cd3ff6f-fdf2-4f6d-a96f-36ab4f182fa1",
        "name": "Banco Sabadell",
        "display_name": "Banco Sabadell",
        "category": "Servicios financieros",
        "subcategory": "Banco / entidad financiera",
        "primary_tag": "overture=bank_or_credit_union",
        "source": "Overture Maps Places",
        "sources": [
          "Overture Maps Places"
        ],
        "name_source": "Overture Maps Places",
        "overture_taxonomy": "bank_or_credit_union",
        "overture_confidence": 0.97,
        "grid_id": "r4_c7"
      }
    },
    {
      "type": "Feature",
      "geometry": {
        "type": "Point",
        "coordinates": [
          1.9774032,
          41.2793674
        ]
      },
      "properties": {
        "osm_id": "node/2349080941",
        "name": "Banco Santander",
        "display_name": "Banco Santander",
        "category": "Servicios financieros",
        "subcategory": "Banco",
        "primary_tag": "amenity=bank",
        "amenity": "bank",
        "shop": null,
        "office": null,
        "tourism": null,
        "leisure": null,
        "wikidata": null,
        "website": null,
        "phone": null,
        "opening_hours": null,
        "addr_street": null,
        "addr_housenumber": null,
        "addr_postcode": null,
        "addr_city": null,
        "image": null,
        "wikimedia_commons": null,
        "mapillary": null,
        "source": "OpenStreetMap via Overpass API",
        "name_source": "OpenStreetMap",
        "sources": [
          "OpenStreetMap via Overpass API",
          "Overture Maps Places"
        ],
        "overture_id": "ef543caa-b873-4000-a1af-c70ff9e00998",
        "overture_confidence": 0.966,
        "grid_id": "r3_c6"
      }
    },
    {
      "type": "Feature",
      "geometry": {
        "type": "Point",
        "coordinates": [
          1.9783013,
          41.2790451
        ]
      },
      "properties": {
        "osm_id": "node/2349080939",
        "name": null,
        "display_name": "Banco sin nombre",
        "category": "Servicios financieros",
        "subcategory": "Banco",
        "primary_tag": "amenity=bank",
        "amenity": "bank",
        "shop": null,
        "office": null,
        "tourism": null,
        "leisure": null,
        "wikidata": null,
        "website": null,
        "phone": null,
        "opening_hours": null,
        "addr_street": null,
        "addr_housenumber": null,
        "addr_postcode": null,
        "addr_city": null,
        "image": null,
        "wikimedia_commons": null,
        "mapillary": null,
        "source": "OpenStreetMap via Overpass API",
        "name_source": "semantic-fallback",
        "grid_id": "r3_c6"
      }
    },
    {
      "type": "Feature",
      "geometry": {
        "type": "Point",
        "coordinates": [
          1.9712357,
          41.2665064
        ]
      },
      "properties": {
        "osm_id": "node/2246244669",
        "name": "BBVA",
        "display_name": "BBVA",
        "category": "Servicios financieros",
        "subcategory": "Banco",
        "primary_tag": "amenity=bank",
        "amenity": "bank",
        "shop": null,
        "office": null,
        "tourism": null,
        "leisure": null,
        "wikidata": null,
        "website": null,
        "phone": null,
        "opening_hours": null,
        "addr_street": null,
        "addr_housenumber": null,
        "addr_postcode": null,
        "addr_city": null,
        "image": null,
        "wikimedia_commons": null,
        "mapillary": null,
        "source": "OpenStreetMap via Overpass API",
        "name_source": "OpenStreetMap",
        "grid_id": "r0_c5"
      }
    },
    {
      "type": "Feature",
      "geometry": {
        "type": "Point",
        "coordinates": [
          1.9775767,
          41.2806309
        ]
      },
      "properties": {
        "osm_id": "node/2246675132",
        "name": "BBVA",
        "display_name": "BBVA",
        "category": "Servicios financieros",
        "subcategory": "Banco",
        "primary_tag": "amenity=bank",
        "amenity": "bank",
        "shop": null,
        "office": null,
        "tourism": null,
        "leisure": null,
        "wikidata": null,
        "website": null,
        "phone": null,
        "opening_hours": null,
        "addr_street": null,
        "addr_housenumber": null,
        "addr_postcode": null,
        "addr_city": null,
        "image": null,
        "wikimedia_commons": null,
        "mapillary": null,
        "source": "OpenStreetMap via Overpass API",
        "name_source": "OpenStreetMap",
        "sources": [
          "OpenStreetMap via Overpass API",
          "Overture Maps Places"
        ],
        "overture_id": "ac5dbc7d-b850-421f-b826-68e3ba8acc94",
        "overture_confidence": 0.966,
        "grid_id": "r3_c6"
      }
    },
    {
      "type": "Feature",
      "geometry": {
        "type": "Point",
        "coordinates": [
          1.9807785,
          41.2859775
        ]
      },
      "properties": {
        "osm_id": null,
        "overture_id": "c01a2d98-dadf-4ffa-a192-de3c8d7a7a13",
        "name": "BBVA",
        "display_name": "BBVA",
        "category": "Servicios financieros",
        "subcategory": "Banco / entidad financiera",
        "primary_tag": "overture=bank_or_credit_union",
        "source": "Overture Maps Places",
        "sources": [
          "Overture Maps Places"
        ],
        "name_source": "Overture Maps Places",
        "overture_taxonomy": "bank_or_credit_union",
        "overture_confidence": 0.85,
        "grid_id": "r5_c7"
      }
    },
    {
      "type": "Feature",
      "geometry": {
        "type": "Point",
        "coordinates": [
          1.9680713,
          41.265656
        ]
      },
      "properties": {
        "osm_id": "node/2246281989",
        "name": "Caixabank",
        "display_name": "Caixabank",
        "category": "Servicios financieros",
        "subcategory": "Banco",
        "primary_tag": "amenity=bank",
        "amenity": "bank",
        "shop": null,
        "office": null,
        "tourism": null,
        "leisure": null,
        "wikidata": null,
        "website": "https://www.caixabank.es",
        "phone": null,
        "opening_hours": "Oct-Apr: Mo-Fr 08:15-14:30, Oct-Apr: Th 16:15-18:30, May-Sep: Mo-Fr 08:15-14:30",
        "addr_street": null,
        "addr_housenumber": null,
        "addr_postcode": null,
        "addr_city": null,
        "image": null,
        "wikimedia_commons": null,
        "mapillary": null,
        "source": "OpenStreetMap via Overpass API",
        "name_source": "OpenStreetMap",
        "grid_id": "r0_c5"
      }
    },
    {
      "type": "Feature",
      "geometry": {
        "type": "Point",
        "coordinates": [
          1.9773609,
          41.2809026
        ]
      },
      "properties": {
        "osm_id": "node/2246675329",
        "name": "Caixabank",
        "display_name": "Caixabank",
        "category": "Servicios financieros",
        "subcategory": "Banco",
        "primary_tag": "amenity=bank",
        "amenity": "bank",
        "shop": null,
        "office": null,
        "tourism": null,
        "leisure": null,
        "wikidata": null,
        "website": "https://www.caixabank.es",
        "phone": null,
        "opening_hours": "Mo-Fr 08:15-14:30, Th 18:15-18:30",
        "addr_street": null,
        "addr_housenumber": null,
        "addr_postcode": null,
        "addr_city": null,
        "image": null,
        "wikimedia_commons": null,
        "mapillary": null,
        "source": "OpenStreetMap via Overpass API",
        "name_source": "OpenStreetMap",
        "sources": [
          "OpenStreetMap via Overpass API",
          "Overture Maps Places"
        ],
        "overture_id": "baf15550-7d91-473e-a495-a780441d7715",
        "overture_confidence": 0.85,
        "grid_id": "r3_c6"
      }
    },
    {
      "type": "Feature",
      "geometry": {
        "type": "Point",
        "coordinates": [
          1.9796108,
          41.2804039
        ]
      },
      "properties": {
        "osm_id": null,
        "overture_id": "067e09a3-49e7-448d-82d4-ffe0ca4ca016",
        "name": "CaixaBank",
        "display_name": "CaixaBank",
        "category": "Servicios financieros",
        "subcategory": "Banco / entidad financiera",
        "primary_tag": "overture=second_hand_store",
        "source": "Overture Maps Places",
        "sources": [
          "Overture Maps Places"
        ],
        "name_source": "Overture Maps Places",
        "overture_taxonomy": "second_hand_store",
        "overture_confidence": 0.85,
        "grid_id": "r3_c7"
      }
    },
    {
      "type": "Feature",
      "geometry": {
        "type": "Point",
        "coordinates": [
          1.9772179,
          41.27838
        ]
      },
      "properties": {
        "osm_id": null,
        "overture_id": "cd2084af-84ee-4371-8783-048552047ac8",
        "name": "CaixaBank Store",
        "display_name": "CaixaBank Store",
        "category": "Servicios financieros",
        "subcategory": "Banco / entidad financiera",
        "primary_tag": "overture=bank_or_credit_union",
        "source": "Overture Maps Places",
        "sources": [
          "Overture Maps Places"
        ],
        "name_source": "Overture Maps Places",
        "overture_taxonomy": "bank_or_credit_union",
        "overture_confidence": 0.85,
        "grid_id": "r3_c6"
      }
    },
    {
      "type": "Feature",
      "geometry": {
        "type": "Point",
        "coordinates": [
          1.97712335,
          41.27933438
        ]
      },
      "properties": {
        "osm_id": null,
        "overture_id": "d50909ee-ac35-4feb-a327-abef5b75ec25",
        "name": "Cajamar Caja Rural",
        "display_name": "Cajamar Caja Rural",
        "category": "Servicios financieros",
        "subcategory": "Banco / entidad financiera",
        "primary_tag": "overture=bank_or_credit_union",
        "source": "Overture Maps Places",
        "sources": [
          "Overture Maps Places"
        ],
        "name_source": "Overture Maps Places",
        "overture_taxonomy": "bank_or_credit_union",
        "overture_confidence": 1,
        "grid_id": "r3_c6"
      }
    },
    {
      "type": "Feature",
      "geometry": {
        "type": "Point",
        "coordinates": [
          1.971416,
          41.2660413
        ]
      },
      "properties": {
        "osm_id": "node/6726461089",
        "name": null,
        "display_name": "Cajero automático sin nombre",
        "category": "Servicios financieros",
        "subcategory": "Cajero automático",
        "primary_tag": "amenity=atm",
        "amenity": "atm",
        "shop": null,
        "office": null,
        "tourism": null,
        "leisure": null,
        "wikidata": null,
        "website": null,
        "phone": null,
        "opening_hours": null,
        "addr_street": null,
        "addr_housenumber": null,
        "addr_postcode": null,
        "addr_city": null,
        "image": null,
        "wikimedia_commons": null,
        "mapillary": null,
        "source": "OpenStreetMap via Overpass API",
        "name_source": "semantic-fallback",
        "grid_id": "r0_c5"
      }
    },
    {
      "type": "Feature",
      "geometry": {
        "type": "Point",
        "coordinates": [
          1.9990329,
          41.2700253
        ]
      },
      "properties": {
        "osm_id": "node/10853495581",
        "name": null,
        "display_name": "Cajero automático sin nombre",
        "category": "Servicios financieros",
        "subcategory": "Cajero automático",
        "primary_tag": "amenity=atm",
        "amenity": "atm",
        "shop": null,
        "office": null,
        "tourism": null,
        "leisure": null,
        "wikidata": null,
        "website": null,
        "phone": null,
        "opening_hours": null,
        "addr_street": null,
        "addr_housenumber": null,
        "addr_postcode": null,
        "addr_city": null,
        "image": null,
        "wikimedia_commons": null,
        "mapillary": null,
        "source": "OpenStreetMap via Overpass API",
        "name_source": "semantic-fallback",
        "grid_id": "r1_c10"
      }
    },
    {
      "type": "Feature",
      "geometry": {
        "type": "Point",
        "coordinates": [
          1.976893,
          41.28162
        ]
      },
      "properties": {
        "osm_id": null,
        "overture_id": "fcbcaef7-5161-4546-8635-0311ee6d3f2c",
        "name": "GBTC Finance | Cajero bitcoin | Bitcoin ATM Castelldefels",
        "display_name": "GBTC Finance | Cajero bitcoin | Bitcoin ATM Castelldefels",
        "category": "Servicios financieros",
        "subcategory": "Cajero automático",
        "primary_tag": "overture=currency_exchange",
        "source": "Overture Maps Places",
        "sources": [
          "Overture Maps Places"
        ],
        "name_source": "Overture Maps Places",
        "overture_taxonomy": "currency_exchange",
        "overture_confidence": 0.962,
        "grid_id": "r4_c6"
      }
    },
    {
      "type": "Feature",
      "geometry": {
        "type": "Point",
        "coordinates": [
          1.9777263,
          41.2784827
        ]
      },
      "properties": {
        "osm_id": null,
        "overture_id": "1ba5ef46-bda3-48b1-adac-871c23b50396",
        "name": "Ibercaja Banco",
        "display_name": "Ibercaja Banco",
        "category": "Servicios financieros",
        "subcategory": "Banco / entidad financiera",
        "primary_tag": "overture=second_hand_store",
        "source": "Overture Maps Places",
        "sources": [
          "Overture Maps Places"
        ],
        "name_source": "Overture Maps Places",
        "overture_taxonomy": "second_hand_store",
        "overture_confidence": 0.85,
        "grid_id": "r3_c6"
      }
    },
    {
      "type": "Feature",
      "geometry": {
        "type": "Point",
        "coordinates": [
          1.9635204,
          41.2658846
        ]
      },
      "properties": {
        "osm_id": "node/13529712138",
        "name": "ING",
        "display_name": "ING",
        "category": "Servicios financieros",
        "subcategory": "Cajero automático",
        "primary_tag": "amenity=atm",
        "amenity": "atm",
        "shop": null,
        "office": null,
        "tourism": null,
        "leisure": null,
        "wikidata": null,
        "website": null,
        "phone": null,
        "opening_hours": null,
        "addr_street": null,
        "addr_housenumber": null,
        "addr_postcode": null,
        "addr_city": null,
        "image": null,
        "wikimedia_commons": null,
        "mapillary": null,
        "source": "OpenStreetMap via Overpass API",
        "name_source": "OpenStreetMap",
        "grid_id": "r0_c4"
      }
    },
    {
      "type": "Feature",
      "geometry": {
        "type": "Point",
        "coordinates": [
          1.98123067,
          41.28193511
        ]
      },
      "properties": {
        "osm_id": null,
        "overture_id": "75e4c103-cd1f-4019-a76f-5cc500a52305",
        "name": "Mapfre",
        "display_name": "Mapfre",
        "category": "Servicios financieros",
        "subcategory": "Seguros",
        "primary_tag": "overture=insurance_agency",
        "source": "Overture Maps Places",
        "sources": [
          "Overture Maps Places"
        ],
        "name_source": "Overture Maps Places",
        "overture_taxonomy": "insurance_agency",
        "overture_confidence": 0.995,
        "grid_id": "r4_c7"
      }
    },
    {
      "type": "Feature",
      "geometry": {
        "type": "Point",
        "coordinates": [
          1.9826768,
          41.2900314
        ]
      },
      "properties": {
        "osm_id": null,
        "overture_id": "25cd4cfa-755b-4253-90a0-765b296fc55f",
        "name": "MAPFRE",
        "display_name": "MAPFRE",
        "category": "Servicios financieros",
        "subcategory": "Seguro de automóvil",
        "primary_tag": "overture=auto_insurance",
        "source": "Overture Maps Places",
        "sources": [
          "Overture Maps Places"
        ],
        "name_source": "Overture Maps Places",
        "overture_taxonomy": "auto_insurance",
        "overture_confidence": 0.951,
        "grid_id": "r5_c7"
      }
    },
    {
      "type": "Feature",
      "geometry": {
        "type": "Point",
        "coordinates": [
          1.986388566270449,
          41.28323324905413
        ]
      },
      "properties": {
        "osm_id": null,
        "overture_id": "c4a1bee0-4242-4610-bd07-a3fa9249dac9",
        "name": "Vinted Go Parcel Shop",
        "display_name": "Vinted Go Parcel Shop",
        "category": "Servicios financieros",
        "subcategory": "Banco / entidad financiera",
        "primary_tag": "overture=bank_or_credit_union",
        "source": "Overture Maps Places",
        "sources": [
          "Overture Maps Places"
        ],
        "name_source": "Overture Maps Places",
        "overture_taxonomy": "bank_or_credit_union",
        "overture_confidence": 0.85,
        "grid_id": "r4_c8"
      }
    },
    {
      "type": "Feature",
      "geometry": {
        "type": "Point",
        "coordinates": [
          1.97675014662704,
          41.27891416279563
        ]
      },
      "properties": {
        "osm_id": null,
        "overture_id": "253db497-62ee-46e5-959f-36bb07a3af3c",
        "name": "Vinted Go Parcel Shop",
        "display_name": "Vinted Go Parcel Shop",
        "category": "Servicios financieros",
        "subcategory": "Banco / entidad financiera",
        "primary_tag": "overture=bank_or_credit_union",
        "source": "Overture Maps Places",
        "sources": [
          "Overture Maps Places"
        ],
        "name_source": "Overture Maps Places",
        "overture_taxonomy": "bank_or_credit_union",
        "overture_confidence": 0.85,
        "grid_id": "r3_c6"
      }
    },
    {
      "type": "Feature",
      "geometry": {
        "type": "Point",
        "coordinates": [
          1.974615,
          41.275973
        ]
      },
      "properties": {
        "osm_id": null,
        "overture_id": "1f0079a4-2962-4d7b-a4eb-a4354756990f",
        "name": "Alegret Auto",
        "display_name": "Alegret Auto",
        "category": "Movilidad y automoción",
        "subcategory": "Automoción y movilidad",
        "primary_tag": "overture=auto_dealer",
        "source": "Overture Maps Places",
        "sources": [
          "Overture Maps Places"
        ],
        "name_source": "Overture Maps Places",
        "overture_taxonomy": "auto_dealer",
        "overture_confidence": 0.962,
        "grid_id": "r2_c6"
      }
    },
    {
      "type": "Feature",
      "geometry": {
        "type": "Point",
        "coordinates": [
          1.9879998,
          41.2864938
        ]
      },
      "properties": {
        "osm_id": null,
        "overture_id": "c0dd9758-fc64-4873-a20c-9e957321a44e",
        "name": "ALEGRET-AUTO, S.L.",
        "display_name": "ALEGRET-AUTO, S.L.",
        "category": "Movilidad y automoción",
        "subcategory": "Automoción y movilidad",
        "primary_tag": "overture=auto_dealer",
        "source": "Overture Maps Places",
        "sources": [
          "Overture Maps Places"
        ],
        "name_source": "Overture Maps Places",
        "overture_taxonomy": "auto_dealer",
        "overture_confidence": 0.883,
        "grid_id": "r5_c8"
      }
    },
    {
      "type": "Feature",
      "geometry": {
        "type": "Point",
        "coordinates": [
          1.98251466,
          41.28319925
        ]
      },
      "properties": {
        "osm_id": null,
        "overture_id": "e13c9697-4a3e-4447-b8d0-c22f9c220fba",
        "name": "Arpa Motors",
        "display_name": "Arpa Motors",
        "category": "Movilidad y automoción",
        "subcategory": "Concesionario",
        "primary_tag": "overture=auto_dealer",
        "source": "Overture Maps Places",
        "sources": [
          "Overture Maps Places"
        ],
        "name_source": "Overture Maps Places",
        "overture_taxonomy": "auto_dealer",
        "overture_confidence": 0.99,
        "grid_id": "r4_c7"
      }
    },
    {
      "type": "Feature",
      "geometry": {
        "type": "Point",
        "coordinates": [
          1.9833711,
          41.2853897
        ]
      },
      "properties": {
        "osm_id": "node/8736820262",
        "name": "Artbike",
        "display_name": "Artbike",
        "category": "Movilidad y automoción",
        "subcategory": "Tienda de bicicletas",
        "primary_tag": "shop=bicycle",
        "amenity": null,
        "shop": "bicycle",
        "office": null,
        "tourism": null,
        "leisure": null,
        "wikidata": null,
        "website": "https://artbike.es/",
        "phone": "+34 93 1183338",
        "opening_hours": "Mo-Fr 10:00-13:30,04:30-20:00+",
        "addr_street": null,
        "addr_housenumber": null,
        "addr_postcode": null,
        "addr_city": null,
        "image": null,
        "wikimedia_commons": null,
        "mapillary": null,
        "source": "OpenStreetMap via Overpass API",
        "name_source": "OpenStreetMap",
        "sources": [
          "OpenStreetMap via Overpass API",
          "Overture Maps Places"
        ],
        "overture_id": "bdd72305-f83c-479a-83fc-140524fb0bda",
        "overture_confidence": 0.946,
        "grid_id": "r4_c7"
      }
    },
    {
      "type": "Feature",
      "geometry": {
        "type": "Point",
        "coordinates": [
          1.9780033,
          41.28212121
        ]
      },
      "properties": {
        "osm_id": null,
        "overture_id": "9486e808-9318-4cbd-a103-a82f01c2f780",
        "name": "AutoArt Motors",
        "display_name": "AutoArt Motors",
        "category": "Movilidad y automoción",
        "subcategory": "Taller de automoción",
        "primary_tag": "overture=automotive_repair",
        "source": "Overture Maps Places",
        "sources": [
          "Overture Maps Places"
        ],
        "name_source": "Overture Maps Places",
        "overture_taxonomy": "automotive_repair",
        "overture_confidence": 0.9,
        "grid_id": "r4_c6"
      }
    },
    {
      "type": "Feature",
      "geometry": {
        "type": "Point",
        "coordinates": [
          1.98542512,
          41.28698965
        ]
      },
      "properties": {
        "osm_id": null,
        "overture_id": "28ffa29c-3a12-42c3-a70d-ee8ed0c7a822",
        "name": "Autolavado Boxes Ginel",
        "display_name": "Autolavado Boxes Ginel",
        "category": "Movilidad y automoción",
        "subcategory": "Lavado de vehículos",
        "primary_tag": "overture=car_wash",
        "source": "Overture Maps Places",
        "sources": [
          "Overture Maps Places"
        ],
        "name_source": "Overture Maps Places",
        "overture_taxonomy": "car_wash",
        "overture_confidence": 0.915,
        "grid_id": "r5_c8"
      }
    },
    {
      "type": "Feature",
      "geometry": {
        "type": "Point",
        "coordinates": [
          1.9799893,
          41.2803439
        ]
      },
      "properties": {
        "osm_id": "node/633408100",
        "name": "Ballenoil",
        "display_name": "Ballenoil",
        "category": "Movilidad y automoción",
        "subcategory": "Estación de servicio",
        "primary_tag": "amenity=fuel",
        "amenity": "fuel",
        "shop": null,
        "office": null,
        "tourism": null,
        "leisure": null,
        "wikidata": null,
        "website": null,
        "phone": null,
        "opening_hours": null,
        "addr_street": null,
        "addr_housenumber": null,
        "addr_postcode": null,
        "addr_city": null,
        "image": null,
        "wikimedia_commons": null,
        "mapillary": null,
        "source": "OpenStreetMap via Overpass API",
        "name_source": "OpenStreetMap",
        "grid_id": "r3_c7"
      }
    },
    {
      "type": "Feature",
      "geometry": {
        "type": "Point",
        "coordinates": [
          1.9855034,
          41.284178
        ]
      },
      "properties": {
        "osm_id": "way/918846519",
        "name": "Ballenoil",
        "display_name": "Ballenoil",
        "category": "Movilidad y automoción",
        "subcategory": "Estación de servicio",
        "primary_tag": "amenity=fuel",
        "amenity": "fuel",
        "shop": null,
        "office": null,
        "tourism": null,
        "leisure": null,
        "wikidata": null,
        "website": null,
        "phone": null,
        "opening_hours": "Mo-Su,PH 00:00+",
        "addr_street": null,
        "addr_housenumber": null,
        "addr_postcode": null,
        "addr_city": null,
        "image": null,
        "wikimedia_commons": null,
        "mapillary": null,
        "source": "OpenStreetMap via Overpass API",
        "name_source": "OpenStreetMap",
        "grid_id": "r4_c8"
      }
    },
    {
      "type": "Feature",
      "geometry": {
        "type": "Point",
        "coordinates": [
          1.9791457,
          41.2832326
        ]
      },
      "properties": {
        "osm_id": null,
        "overture_id": "20a7cc8e-bad8-4cf1-bbf3-cd030191bf15",
        "name": "BicicLitus",
        "display_name": "BicicLitus",
        "category": "Movilidad y automoción",
        "subcategory": "Tienda de bicicletas",
        "primary_tag": "overture=bike_store",
        "source": "Overture Maps Places",
        "sources": [
          "Overture Maps Places"
        ],
        "name_source": "Overture Maps Places",
        "overture_taxonomy": "bike_store",
        "overture_confidence": 0.867,
        "grid_id": "r4_c7"
      }
    },
    {
      "type": "Feature",
      "geometry": {
        "type": "Point",
        "coordinates": [
          1.9586652,
          41.2661536
        ]
      },
      "properties": {
        "osm_id": "node/6456233248",
        "name": "Bicifels",
        "display_name": "Bicifels",
        "category": "Movilidad y automoción",
        "subcategory": "Alquiler y tienda de bicicletas",
        "primary_tag": "shop=bicycle",
        "amenity": "bicycle_rental",
        "shop": "bicycle",
        "office": null,
        "tourism": null,
        "leisure": null,
        "wikidata": null,
        "website": null,
        "phone": null,
        "opening_hours": "Tu-Su 09:00-20:00",
        "addr_street": null,
        "addr_housenumber": null,
        "addr_postcode": null,
        "addr_city": null,
        "image": null,
        "wikimedia_commons": null,
        "mapillary": null,
        "source": "OpenStreetMap via Overpass API",
        "name_source": "OpenStreetMap",
        "grid_id": "r0_c3"
      }
    },
    {
      "type": "Feature",
      "geometry": {
        "type": "Point",
        "coordinates": [
          1.9537991,
          41.2671566
        ]
      },
      "properties": {
        "osm_id": "node/2246652686",
        "name": "BP",
        "display_name": "BP",
        "category": "Movilidad y automoción",
        "subcategory": "Estación de servicio",
        "primary_tag": "amenity=fuel",
        "amenity": "fuel",
        "shop": null,
        "office": null,
        "tourism": null,
        "leisure": null,
        "wikidata": null,
        "website": null,
        "phone": null,
        "opening_hours": null,
        "addr_street": null,
        "addr_housenumber": null,
        "addr_postcode": null,
        "addr_city": null,
        "image": null,
        "wikimedia_commons": null,
        "mapillary": null,
        "source": "OpenStreetMap via Overpass API",
        "name_source": "OpenStreetMap",
        "sources": [
          "OpenStreetMap via Overpass API",
          "Overture Maps Places"
        ],
        "overture_id": "0518c303-b192-4ee9-b182-17922976da17",
        "overture_confidence": 1,
        "panoramax_id": "f7e5948c-f108-4467-bd4d-1473b3b889b6",
        "panoramax_thumbnail_url": "https://panoramax.openstreetmap.fr/derivates/f7/e5/94/8c/f108-4467-bd4d-1473b3b889b6/thumb.jpg",
        "panoramax_visual_url": "https://panoramax.openstreetmap.fr/derivates/f7/e5/94/8c/f108-4467-bd4d-1473b3b889b6/sd.jpg",
        "panoramax_captured_at": "2020-07-08T14:59:47.600000",
        "panoramax_distance_m": 18,
        "panoramax_license": "CC-BY-SA-4.0",
        "panoramax_providers": [
          "yopaseopor"
        ],
        "panoramax_instance_name": "osm-fr",
        "panoramax_instance_url": "https://panoramax.openstreetmap.fr",
        "grid_id": "r0_c2"
      }
    },
    {
      "type": "Feature",
      "geometry": {
        "type": "Point",
        "coordinates": [
          1.98510376,
          41.28005004
        ]
      },
      "properties": {
        "osm_id": null,
        "overture_id": "8c151143-605e-4135-8c98-255f81ca0656",
        "name": "Castellcars 2005",
        "display_name": "Castellcars 2005",
        "category": "Movilidad y automoción",
        "subcategory": "Taller de automoción",
        "primary_tag": "overture=automotive_repair",
        "source": "Overture Maps Places",
        "sources": [
          "Overture Maps Places"
        ],
        "name_source": "Overture Maps Places",
        "overture_taxonomy": "automotive_repair",
        "overture_confidence": 0.999,
        "grid_id": "r3_c8"
      }
    },
    {
      "type": "Feature",
      "geometry": {
        "type": "Point",
        "coordinates": [
          1.9863891,
          41.2816806
        ]
      },
      "properties": {
        "osm_id": "node/633408101",
        "name": "Castelldefells - Canal Olimpico",
        "display_name": "Castelldefells - Canal Olimpico",
        "category": "Movilidad y automoción",
        "subcategory": "Estación de servicio",
        "primary_tag": "amenity=fuel",
        "amenity": "fuel",
        "shop": null,
        "office": null,
        "tourism": null,
        "leisure": null,
        "wikidata": null,
        "website": null,
        "phone": null,
        "opening_hours": null,
        "addr_street": null,
        "addr_housenumber": null,
        "addr_postcode": null,
        "addr_city": null,
        "image": null,
        "wikimedia_commons": null,
        "mapillary": null,
        "source": "OpenStreetMap via Overpass API",
        "name_source": "OpenStreetMap",
        "grid_id": "r4_c8"
      }
    },
    {
      "type": "Feature",
      "geometry": {
        "type": "Point",
        "coordinates": [
          1.979407,
          41.270579
        ]
      },
      "properties": {
        "osm_id": null,
        "overture_id": "ec1deeb4-f5f6-4b13-ad73-07e0c50c644f",
        "name": "Cepsa",
        "display_name": "Cepsa",
        "category": "Movilidad y automoción",
        "subcategory": "Estación de servicio",
        "primary_tag": "overture=gas_station",
        "source": "Overture Maps Places",
        "sources": [
          "Overture Maps Places"
        ],
        "name_source": "Overture Maps Places",
        "overture_taxonomy": "gas_station",
        "overture_confidence": 0.992,
        "grid_id": "r1_c7"
      }
    },
    {
      "type": "Feature",
      "geometry": {
        "type": "Point",
        "coordinates": [
          1.975364,
          41.27965
        ]
      },
      "properties": {
        "osm_id": null,
        "overture_id": "ff46e1a1-c1fd-40a7-b542-dc145235d73b",
        "name": "Citroën AUTO CARLES 98",
        "display_name": "Citroën AUTO CARLES 98",
        "category": "Movilidad y automoción",
        "subcategory": "Automoción y movilidad",
        "primary_tag": "overture=auto_parts_store",
        "source": "Overture Maps Places",
        "sources": [
          "Overture Maps Places"
        ],
        "name_source": "Overture Maps Places",
        "overture_taxonomy": "auto_parts_store",
        "overture_confidence": 0.85,
        "grid_id": "r3_c6"
      }
    },
    {
      "type": "Feature",
      "geometry": {
        "type": "Point",
        "coordinates": [
          1.9846169,
          41.28003194
        ]
      },
      "properties": {
        "osm_id": null,
        "overture_id": "bf875519-10c2-43fd-9b70-c5d7463b2e64",
        "name": "Cívico Talleres Diagonal",
        "display_name": "Cívico Talleres Diagonal",
        "category": "Movilidad y automoción",
        "subcategory": "Concesionario",
        "primary_tag": "overture=auto_dealer",
        "source": "Overture Maps Places",
        "sources": [
          "Overture Maps Places"
        ],
        "name_source": "Overture Maps Places",
        "overture_taxonomy": "auto_dealer",
        "overture_confidence": 0.998,
        "grid_id": "r3_c7"
      }
    },
    {
      "type": "Feature",
      "geometry": {
        "type": "Point",
        "coordinates": [
          1.9885603,
          41.2880356
        ]
      },
      "properties": {
        "osm_id": null,
        "overture_id": "f26bd6f1-a810-4db8-80de-93f4f8d23174",
        "name": "Confortauto Speed Boxes",
        "display_name": "Confortauto Speed Boxes",
        "category": "Movilidad y automoción",
        "subcategory": "Servicios de automoción",
        "primary_tag": "overture=automotive_service",
        "source": "Overture Maps Places",
        "sources": [
          "Overture Maps Places"
        ],
        "name_source": "Overture Maps Places",
        "overture_taxonomy": "automotive_service",
        "overture_confidence": 0.932,
        "grid_id": "r5_c8"
      }
    },
    {
      "type": "Feature",
      "geometry": {
        "type": "Point",
        "coordinates": [
          1.98669068,
          41.28675518
        ]
      },
      "properties": {
        "osm_id": null,
        "overture_id": "99ef5df3-526d-4d31-b428-d4eee56f85e1",
        "name": "Espai Bike",
        "display_name": "Espai Bike",
        "category": "Movilidad y automoción",
        "subcategory": "Bicicletas",
        "primary_tag": "overture=bike_store",
        "source": "Overture Maps Places",
        "sources": [
          "Overture Maps Places"
        ],
        "name_source": "Overture Maps Places",
        "overture_taxonomy": "bike_store",
        "overture_confidence": 0.977,
        "grid_id": "r5_c8"
      }
    },
    {
      "type": "Feature",
      "geometry": {
        "type": "Point",
        "coordinates": [
          1.9734835,
          41.2748442
        ]
      },
      "properties": {
        "osm_id": "node/1534076483",
        "name": "Estació de Servei Repsol Cred Castelldefels",
        "display_name": "Estació de Servei Repsol Cred Castelldefels",
        "category": "Movilidad y automoción",
        "subcategory": "Estación de servicio",
        "primary_tag": "amenity=fuel",
        "amenity": "fuel",
        "shop": null,
        "office": null,
        "tourism": null,
        "leisure": null,
        "wikidata": null,
        "website": null,
        "phone": null,
        "opening_hours": null,
        "addr_street": null,
        "addr_housenumber": null,
        "addr_postcode": null,
        "addr_city": null,
        "image": null,
        "wikimedia_commons": null,
        "mapillary": null,
        "source": "OpenStreetMap via Overpass API",
        "name_source": "OpenStreetMap",
        "grid_id": "r2_c6"
      }
    },
    {
      "type": "Feature",
      "geometry": {
        "type": "Point",
        "coordinates": [
          1.9891173,
          41.2771017
        ]
      },
      "properties": {
        "osm_id": "node/10203522217",
        "name": null,
        "display_name": "Estación de carga sin nombre",
        "category": "Movilidad y automoción",
        "subcategory": "Estación de carga",
        "primary_tag": "amenity=charging_station",
        "amenity": "charging_station",
        "shop": null,
        "office": null,
        "tourism": null,
        "leisure": null,
        "wikidata": null,
        "website": null,
        "phone": null,
        "opening_hours": null,
        "addr_street": null,
        "addr_housenumber": null,
        "addr_postcode": null,
        "addr_city": null,
        "image": null,
        "wikimedia_commons": null,
        "mapillary": null,
        "source": "OpenStreetMap via Overpass API",
        "name_source": "semantic-fallback",
        "grid_id": "r3_c8"
      }
    },
    {
      "type": "Feature",
      "geometry": {
        "type": "Point",
        "coordinates": [
          1.9670109,
          41.2658577
        ]
      },
      "properties": {
        "osm_id": "node/13529723401",
        "name": null,
        "display_name": "Estación de carga sin nombre",
        "category": "Movilidad y automoción",
        "subcategory": "Estación de carga",
        "primary_tag": "amenity=charging_station",
        "amenity": "charging_station",
        "shop": null,
        "office": null,
        "tourism": null,
        "leisure": null,
        "wikidata": null,
        "website": null,
        "phone": null,
        "opening_hours": null,
        "addr_street": null,
        "addr_housenumber": null,
        "addr_postcode": null,
        "addr_city": null,
        "image": null,
        "wikimedia_commons": null,
        "mapillary": null,
        "source": "OpenStreetMap via Overpass API",
        "name_source": "semantic-fallback",
        "grid_id": "r0_c4"
      }
    },
    {
      "type": "Feature",
      "geometry": {
        "type": "Point",
        "coordinates": [
          1.979947,
          41.280379
        ]
      },
      "properties": {
        "osm_id": null,
        "overture_id": "64672842-faca-475a-94ae-282a668a9eff",
        "name": "Estación de servicio Cepsa",
        "display_name": "Estación de servicio Cepsa",
        "category": "Movilidad y automoción",
        "subcategory": "Estación de servicio",
        "primary_tag": "overture=gas_station",
        "source": "Overture Maps Places",
        "sources": [
          "Overture Maps Places"
        ],
        "name_source": "Overture Maps Places",
        "overture_taxonomy": "gas_station",
        "overture_confidence": 0.966,
        "grid_id": "r3_c7"
      }
    },
    {
      "type": "Feature",
      "geometry": {
        "type": "Point",
        "coordinates": [
          1.97341887,
          41.27488276
        ]
      },
      "properties": {
        "osm_id": null,
        "overture_id": "29081cfc-1178-4ca4-8fa5-003bc50b979b",
        "name": "Estación de Servicio Repsol",
        "display_name": "Estación de Servicio Repsol",
        "category": "Movilidad y automoción",
        "subcategory": "Estación de servicio",
        "primary_tag": "overture=gas_station",
        "source": "Overture Maps Places",
        "sources": [
          "Overture Maps Places"
        ],
        "name_source": "Overture Maps Places",
        "overture_taxonomy": "gas_station",
        "overture_confidence": 0.85,
        "grid_id": "r2_c6"
      }
    },
    {
      "type": "Feature",
      "geometry": {
        "type": "Point",
        "coordinates": [
          1.9847294,
          41.2807745
        ]
      },
      "properties": {
        "osm_id": "node/4469417570",
        "name": null,
        "display_name": "Estación de servicio sin nombre",
        "category": "Movilidad y automoción",
        "subcategory": "Estación de servicio",
        "primary_tag": "amenity=fuel",
        "amenity": "fuel",
        "shop": null,
        "office": null,
        "tourism": null,
        "leisure": null,
        "wikidata": null,
        "website": null,
        "phone": null,
        "opening_hours": null,
        "addr_street": null,
        "addr_housenumber": null,
        "addr_postcode": null,
        "addr_city": null,
        "image": null,
        "wikimedia_commons": null,
        "mapillary": null,
        "source": "OpenStreetMap via Overpass API",
        "name_source": "semantic-fallback",
        "grid_id": "r3_c7"
      }
    },
    {
      "type": "Feature",
      "geometry": {
        "type": "Point",
        "coordinates": [
          1.98857688,
          41.28362367
        ]
      },
      "properties": {
        "osm_id": null,
        "overture_id": "f2302443-83c7-40e3-951f-bbfebb31274d",
        "name": "Felscar Peugeot",
        "display_name": "Felscar Peugeot",
        "category": "Movilidad y automoción",
        "subcategory": "Concesionario",
        "primary_tag": "overture=auto_dealer",
        "source": "Overture Maps Places",
        "sources": [
          "Overture Maps Places"
        ],
        "name_source": "Overture Maps Places",
        "overture_taxonomy": "auto_dealer",
        "overture_confidence": 0.983,
        "grid_id": "r4_c8"
      }
    },
    {
      "type": "Feature",
      "geometry": {
        "type": "Point",
        "coordinates": [
          1.9800114,
          41.2787811
        ]
      },
      "properties": {
        "osm_id": "node/9502166035",
        "name": "Fotolinera de Castelldefels",
        "display_name": "Fotolinera de Castelldefels",
        "category": "Movilidad y automoción",
        "subcategory": "Estación de carga",
        "primary_tag": "amenity=charging_station",
        "amenity": "charging_station",
        "shop": null,
        "office": null,
        "tourism": null,
        "leisure": null,
        "wikidata": null,
        "website": null,
        "phone": null,
        "opening_hours": "24/7",
        "addr_street": null,
        "addr_housenumber": null,
        "addr_postcode": null,
        "addr_city": null,
        "image": null,
        "wikimedia_commons": null,
        "mapillary": null,
        "source": "OpenStreetMap via Overpass API",
        "name_source": "OpenStreetMap",
        "grid_id": "r3_c7"
      }
    },
    {
      "type": "Feature",
      "geometry": {
        "type": "Point",
        "coordinates": [
          1.98635868,
          41.28164084
        ]
      },
      "properties": {
        "osm_id": null,
        "overture_id": "ddf1cce7-938c-4385-bb69-74dade618e50",
        "name": "Galp",
        "display_name": "Galp",
        "category": "Movilidad y automoción",
        "subcategory": "Estación de servicio",
        "primary_tag": "overture=gas_station",
        "source": "Overture Maps Places",
        "sources": [
          "Overture Maps Places"
        ],
        "name_source": "Overture Maps Places",
        "overture_taxonomy": "gas_station",
        "overture_confidence": 0.956,
        "grid_id": "r4_c8"
      }
    },
    {
      "type": "Feature",
      "geometry": {
        "type": "Point",
        "coordinates": [
          1.9853949,
          41.2840797
        ]
      },
      "properties": {
        "osm_id": null,
        "overture_id": "9d5a4d36-d41f-4566-9cdb-a5e2318955d1",
        "name": "Lavado La Ballena Azul",
        "display_name": "Lavado La Ballena Azul",
        "category": "Movilidad y automoción",
        "subcategory": "Lavado de vehículos",
        "primary_tag": "overture=car_wash",
        "source": "Overture Maps Places",
        "sources": [
          "Overture Maps Places"
        ],
        "name_source": "Overture Maps Places",
        "overture_taxonomy": "car_wash",
        "overture_confidence": 0.912,
        "grid_id": "r4_c8"
      }
    },
    {
      "type": "Feature",
      "geometry": {
        "type": "Point",
        "coordinates": [
          1.9810655,
          41.2708193
        ]
      },
      "properties": {
        "osm_id": "node/633408099",
        "name": "Moeve",
        "display_name": "Moeve",
        "category": "Movilidad y automoción",
        "subcategory": "Estación de servicio",
        "primary_tag": "amenity=fuel",
        "amenity": "fuel",
        "shop": null,
        "office": null,
        "tourism": null,
        "leisure": null,
        "wikidata": null,
        "website": null,
        "phone": null,
        "opening_hours": null,
        "addr_street": null,
        "addr_housenumber": null,
        "addr_postcode": null,
        "addr_city": null,
        "image": null,
        "wikimedia_commons": null,
        "mapillary": null,
        "source": "OpenStreetMap via Overpass API",
        "name_source": "OpenStreetMap",
        "grid_id": "r1_c7"
      }
    },
    {
      "type": "Feature",
      "geometry": {
        "type": "Point",
        "coordinates": [
          1.9809102,
          41.2706621
        ]
      },
      "properties": {
        "osm_id": "node/12459427595",
        "name": "Moeve",
        "display_name": "Moeve",
        "category": "Movilidad y automoción",
        "subcategory": "Estación de carga",
        "primary_tag": "amenity=charging_station",
        "amenity": "charging_station",
        "shop": null,
        "office": null,
        "tourism": null,
        "leisure": null,
        "wikidata": null,
        "website": null,
        "phone": null,
        "opening_hours": null,
        "addr_street": null,
        "addr_housenumber": null,
        "addr_postcode": null,
        "addr_city": null,
        "image": null,
        "wikimedia_commons": null,
        "mapillary": null,
        "source": "OpenStreetMap via Overpass API",
        "name_source": "OpenStreetMap",
        "grid_id": "r1_c7"
      }
    },
    {
      "type": "Feature",
      "geometry": {
        "type": "Point",
        "coordinates": [
          1.97520907,
          41.2761122
        ]
      },
      "properties": {
        "osm_id": null,
        "overture_id": "b2ee79bd-eb40-48e7-b3aa-2a80e1c6095e",
        "name": "Moto 86",
        "display_name": "Moto 86",
        "category": "Movilidad y automoción",
        "subcategory": "Automoción y movilidad",
        "primary_tag": "overture=motorcycle_dealer",
        "source": "Overture Maps Places",
        "sources": [
          "Overture Maps Places"
        ],
        "name_source": "Overture Maps Places",
        "overture_taxonomy": "motorcycle_dealer",
        "overture_confidence": 0.997,
        "grid_id": "r2_c6"
      }
    },
    {
      "type": "Feature",
      "geometry": {
        "type": "Point",
        "coordinates": [
          1.98043057,
          41.28017564
        ]
      },
      "properties": {
        "osm_id": null,
        "overture_id": "2e71abac-8a03-4530-b3c4-9c4e1808d847",
        "name": "Motos Carbó",
        "display_name": "Motos Carbó",
        "category": "Movilidad y automoción",
        "subcategory": "Automoción y movilidad",
        "primary_tag": "overture=motorcycle_dealer",
        "source": "Overture Maps Places",
        "sources": [
          "Overture Maps Places"
        ],
        "name_source": "Overture Maps Places",
        "overture_taxonomy": "motorcycle_dealer",
        "overture_confidence": 0.997,
        "grid_id": "r3_c7"
      }
    },
    {
      "type": "Feature",
      "geometry": {
        "type": "Point",
        "coordinates": [
          1.98008414,
          41.28794635
        ]
      },
      "properties": {
        "osm_id": null,
        "overture_id": "ee67678e-1737-430b-9dbd-47cb754521aa",
        "name": "Motos Cerpa Castelldefels",
        "display_name": "Motos Cerpa Castelldefels",
        "category": "Movilidad y automoción",
        "subcategory": "Automoción y movilidad",
        "primary_tag": "overture=auto_parts_store",
        "source": "Overture Maps Places",
        "sources": [
          "Overture Maps Places"
        ],
        "name_source": "Overture Maps Places",
        "overture_taxonomy": "auto_parts_store",
        "overture_confidence": 0.85,
        "grid_id": "r5_c7"
      }
    },
    {
      "type": "Feature",
      "geometry": {
        "type": "Point",
        "coordinates": [
          1.983264796006683,
          41.28388569820678
        ]
      },
      "properties": {
        "osm_id": null,
        "overture_id": "164fa00e-c946-441d-a62e-4077248c7435",
        "name": "Pneumàtics A. Perez",
        "display_name": "Pneumàtics A. Perez",
        "category": "Movilidad y automoción",
        "subcategory": "Servicios de automoción",
        "primary_tag": "overture=automotive_service",
        "source": "Overture Maps Places",
        "sources": [
          "Overture Maps Places"
        ],
        "name_source": "Overture Maps Places",
        "overture_taxonomy": "automotive_service",
        "overture_confidence": 0.85,
        "grid_id": "r4_c7"
      }
    },
    {
      "type": "Feature",
      "geometry": {
        "type": "Point",
        "coordinates": [
          1.9884852,
          41.2868865
        ]
      },
      "properties": {
        "osm_id": "way/918846521",
        "name": "Premium Energy",
        "display_name": "Premium Energy",
        "category": "Movilidad y automoción",
        "subcategory": "Estación de servicio",
        "primary_tag": "amenity=fuel",
        "amenity": "fuel",
        "shop": null,
        "office": null,
        "tourism": null,
        "leisure": null,
        "wikidata": null,
        "website": null,
        "phone": null,
        "opening_hours": "Mo-Su,PH 00:00+",
        "addr_street": null,
        "addr_housenumber": null,
        "addr_postcode": null,
        "addr_city": null,
        "image": null,
        "wikimedia_commons": null,
        "mapillary": null,
        "source": "OpenStreetMap via Overpass API",
        "name_source": "OpenStreetMap",
        "grid_id": "r5_c8"
      }
    },
    {
      "type": "Feature",
      "geometry": {
        "type": "Point",
        "coordinates": [
          1.97949829,
          41.26978621
        ]
      },
      "properties": {
        "osm_id": null,
        "overture_id": "599cc5df-5716-4de0-a923-0fc72fea7ad7",
        "name": "Rent a Car Castelldefels",
        "display_name": "Rent a Car Castelldefels",
        "category": "Movilidad y automoción",
        "subcategory": "Alquiler de vehículos",
        "primary_tag": "overture=car_rental_service",
        "source": "Overture Maps Places",
        "sources": [
          "Overture Maps Places"
        ],
        "name_source": "Overture Maps Places",
        "overture_taxonomy": "car_rental_service",
        "overture_confidence": 0.993,
        "grid_id": "r1_c7"
      }
    },
    {
      "type": "Feature",
      "geometry": {
        "type": "Point",
        "coordinates": [
          1.98585816,
          41.28273214
        ]
      },
      "properties": {
        "osm_id": null,
        "overture_id": "51e1a809-16f0-4d37-8174-86967b71734f",
        "name": "Samu CarWash",
        "display_name": "Samu CarWash",
        "category": "Movilidad y automoción",
        "subcategory": "Lavado de vehículos",
        "primary_tag": "overture=car_wash",
        "source": "Overture Maps Places",
        "sources": [
          "Overture Maps Places"
        ],
        "name_source": "Overture Maps Places",
        "overture_taxonomy": "car_wash",
        "overture_confidence": 0.951,
        "grid_id": "r4_c8"
      }
    },
    {
      "type": "Feature",
      "geometry": {
        "type": "Point",
        "coordinates": [
          1.98205845,
          41.28140473
        ]
      },
      "properties": {
        "osm_id": null,
        "overture_id": "e51bca63-218c-4cd2-ba9c-61f95de64bb5",
        "name": "Taller JTorres",
        "display_name": "Taller JTorres",
        "category": "Movilidad y automoción",
        "subcategory": "Taller de automoción",
        "primary_tag": "overture=automotive_repair",
        "source": "Overture Maps Places",
        "sources": [
          "Overture Maps Places"
        ],
        "name_source": "Overture Maps Places",
        "overture_taxonomy": "automotive_repair",
        "overture_confidence": 0.972,
        "grid_id": "r3_c7"
      }
    },
    {
      "type": "Feature",
      "geometry": {
        "type": "Point",
        "coordinates": [
          1.9809318,
          41.2804716
        ]
      },
      "properties": {
        "osm_id": "node/13449628886",
        "name": "Taller la Unión IRM",
        "display_name": "Taller la Unión IRM",
        "category": "Movilidad y automoción",
        "subcategory": "Taller de automoción",
        "primary_tag": "shop=car_repair",
        "amenity": null,
        "shop": "car_repair",
        "office": null,
        "tourism": null,
        "leisure": null,
        "wikidata": null,
        "website": "https://talleresirm.com/",
        "phone": "+34 936 64 39 01",
        "opening_hours": "Mo-Fr 08:00-14:00,15:00-19:00",
        "addr_street": null,
        "addr_housenumber": null,
        "addr_postcode": null,
        "addr_city": null,
        "image": null,
        "wikimedia_commons": null,
        "mapillary": null,
        "source": "OpenStreetMap via Overpass API",
        "name_source": "OpenStreetMap",
        "grid_id": "r3_c7"
      }
    },
    {
      "type": "Feature",
      "geometry": {
        "type": "Point",
        "coordinates": [
          1.97515594959259,
          41.2777290344238
        ]
      },
      "properties": {
        "osm_id": null,
        "overture_id": "cdb3811e-a7ca-4b58-91ea-2d71c004740e",
        "name": "Talleres Condal",
        "display_name": "Talleres Condal",
        "category": "Movilidad y automoción",
        "subcategory": "Servicios de automoción",
        "primary_tag": "overture=automotive_service",
        "source": "Overture Maps Places",
        "sources": [
          "Overture Maps Places"
        ],
        "name_source": "Overture Maps Places",
        "overture_taxonomy": "automotive_service",
        "overture_confidence": 0.85,
        "grid_id": "r3_c6"
      }
    },
    {
      "type": "Feature",
      "geometry": {
        "type": "Point",
        "coordinates": [
          1.98608148,
          41.28570727
        ]
      },
      "properties": {
        "osm_id": null,
        "overture_id": "4729ba37-5dbf-4f15-b8c3-cfd56a7ea2ed",
        "name": "Trek Bicycle Castelldefels",
        "display_name": "Trek Bicycle Castelldefels",
        "category": "Movilidad y automoción",
        "subcategory": "Tienda de bicicletas",
        "primary_tag": "overture=bike_store",
        "source": "Overture Maps Places",
        "sources": [
          "Overture Maps Places"
        ],
        "name_source": "Overture Maps Places",
        "overture_taxonomy": "bike_store",
        "overture_confidence": 1,
        "grid_id": "r4_c8"
      }
    },
    {
      "type": "Feature",
      "geometry": {
        "type": "Point",
        "coordinates": [
          1.97519121,
          41.27777449
        ]
      },
      "properties": {
        "osm_id": null,
        "overture_id": "73f30dad-7044-44f8-a807-a236f83df5ab",
        "name": "Alquiler GAME READY",
        "display_name": "Alquiler GAME READY",
        "category": "Ocio, cultura y deporte",
        "subcategory": "Gimnasio",
        "primary_tag": "overture=gym",
        "source": "Overture Maps Places",
        "sources": [
          "Overture Maps Places"
        ],
        "name_source": "Overture Maps Places",
        "overture_taxonomy": "gym",
        "overture_confidence": 0.85,
        "grid_id": "r3_c6"
      }
    },
    {
      "type": "Feature",
      "geometry": {
        "type": "Point",
        "coordinates": [
          1.98636538,
          41.28519775
        ]
      },
      "properties": {
        "osm_id": null,
        "overture_id": "bf1d27f9-f2ca-4525-b20d-d106f11efe16",
        "name": "Animal Cross",
        "display_name": "Animal Cross",
        "category": "Ocio, cultura y deporte",
        "subcategory": "Gimnasio",
        "primary_tag": "overture=gym",
        "source": "Overture Maps Places",
        "sources": [
          "Overture Maps Places"
        ],
        "name_source": "Overture Maps Places",
        "overture_taxonomy": "gym",
        "overture_confidence": 0.964,
        "grid_id": "r4_c8"
      }
    },
    {
      "type": "Feature",
      "geometry": {
        "type": "Point",
        "coordinates": [
          1.982083,
          41.2845499
        ]
      },
      "properties": {
        "osm_id": null,
        "overture_id": "5b364832-9a4e-4c09-8059-375b9ae34790",
        "name": "Anytime Fitness Castelldefels",
        "display_name": "Anytime Fitness Castelldefels",
        "category": "Ocio, cultura y deporte",
        "subcategory": "Gimnasio",
        "primary_tag": "overture=gym",
        "source": "Overture Maps Places",
        "sources": [
          "Overture Maps Places"
        ],
        "name_source": "Overture Maps Places",
        "overture_taxonomy": "gym",
        "overture_confidence": 0.989,
        "grid_id": "r4_c7"
      }
    },
    {
      "type": "Feature",
      "geometry": {
        "type": "Point",
        "coordinates": [
          1.97851,
          41.27938
        ]
      },
      "properties": {
        "osm_id": null,
        "overture_id": "149f9ef8-6ed9-44ac-96d6-9d9fe5b81ea0",
        "name": "Artes Marciales Do-Zen-Do Castelldefels",
        "display_name": "Artes Marciales Do-Zen-Do Castelldefels",
        "category": "Ocio, cultura y deporte",
        "subcategory": "Artes marciales",
        "primary_tag": "overture=martial_arts_club",
        "source": "Overture Maps Places",
        "sources": [
          "Overture Maps Places"
        ],
        "name_source": "Overture Maps Places",
        "overture_taxonomy": "martial_arts_club",
        "overture_confidence": 0.91,
        "grid_id": "r3_c6"
      }
    },
    {
      "type": "Feature",
      "geometry": {
        "type": "Point",
        "coordinates": [
          1.97898479,
          41.28120543
        ]
      },
      "properties": {
        "osm_id": null,
        "overture_id": "f31b75f2-545b-4f3d-9358-b3e1a48b5096",
        "name": "Atope Sports",
        "display_name": "Atope Sports",
        "category": "Ocio, cultura y deporte",
        "subcategory": "Tienda de deporte",
        "primary_tag": "overture=sporting_goods_store",
        "source": "Overture Maps Places",
        "sources": [
          "Overture Maps Places"
        ],
        "name_source": "Overture Maps Places",
        "overture_taxonomy": "sporting_goods_store",
        "overture_confidence": 0.89,
        "grid_id": "r3_c6"
      }
    },
    {
      "type": "Feature",
      "geometry": {
        "type": "Point",
        "coordinates": [
          1.978984,
          41.276004
        ]
      },
      "properties": {
        "osm_id": null,
        "overture_id": "af99e409-b65c-4007-98e0-006d17dcf07b",
        "name": "AUrun Store",
        "display_name": "AUrun Store",
        "category": "Ocio, cultura y deporte",
        "subcategory": "Tienda de deporte",
        "primary_tag": "overture=sporting_goods_store",
        "source": "Overture Maps Places",
        "sources": [
          "Overture Maps Places"
        ],
        "name_source": "Overture Maps Places",
        "overture_taxonomy": "sporting_goods_store",
        "overture_confidence": 0.935,
        "grid_id": "r2_c6"
      }
    },
    {
      "type": "Feature",
      "geometry": {
        "type": "Point",
        "coordinates": [
          1.98780346,
          41.28402667
        ]
      },
      "properties": {
        "osm_id": null,
        "overture_id": "4adacd4d-5a58-434b-9df5-c9cafec2a073",
        "name": "Cbc Fitness Club",
        "display_name": "Cbc Fitness Club",
        "category": "Ocio, cultura y deporte",
        "subcategory": "Gimnasio",
        "primary_tag": "overture=gym",
        "source": "Overture Maps Places",
        "sources": [
          "Overture Maps Places"
        ],
        "name_source": "Overture Maps Places",
        "overture_taxonomy": "gym",
        "overture_confidence": 0.952,
        "grid_id": "r4_c8"
      }
    },
    {
      "type": "Feature",
      "geometry": {
        "type": "Point",
        "coordinates": [
          1.985780276028404,
          41.282343874503894
        ]
      },
      "properties": {
        "osm_id": null,
        "overture_id": "08a55e83-67b8-4ce3-9386-34a250ad7fbc",
        "name": "Cinépolis",
        "display_name": "Cinépolis",
        "category": "Ocio, cultura y deporte",
        "subcategory": "Cine",
        "primary_tag": "overture=movie_theater",
        "source": "Overture Maps Places",
        "sources": [
          "Overture Maps Places"
        ],
        "name_source": "Overture Maps Places",
        "overture_taxonomy": "movie_theater",
        "overture_confidence": 0.959,
        "grid_id": "r4_c8"
      }
    },
    {
      "type": "Feature",
      "geometry": {
        "type": "Point",
        "coordinates": [
          1.9879460334778,
          41.28404687837
        ]
      },
      "properties": {
        "osm_id": null,
        "overture_id": "4547a564-f4d3-4de0-863d-ea254933c0a5",
        "name": "CrossFit Box Castelldefels",
        "display_name": "CrossFit Box Castelldefels",
        "category": "Ocio, cultura y deporte",
        "subcategory": "Gimnasio",
        "primary_tag": "overture=gym",
        "source": "Overture Maps Places",
        "sources": [
          "Overture Maps Places"
        ],
        "name_source": "Overture Maps Places",
        "overture_taxonomy": "gym",
        "overture_confidence": 0.999,
        "grid_id": "r4_c8"
      }
    },
    {
      "type": "Feature",
      "geometry": {
        "type": "Point",
        "coordinates": [
          1.97693,
          41.28215
        ]
      },
      "properties": {
        "osm_id": null,
        "overture_id": "9632b3c6-428b-4e41-97a9-c62bb2431de1",
        "name": "Ctc",
        "display_name": "Ctc",
        "category": "Ocio, cultura y deporte",
        "subcategory": "Gimnasio",
        "primary_tag": "overture=gym",
        "source": "Overture Maps Places",
        "sources": [
          "Overture Maps Places"
        ],
        "name_source": "Overture Maps Places",
        "overture_taxonomy": "gym",
        "overture_confidence": 0.945,
        "grid_id": "r4_c6"
      }
    },
    {
      "type": "Feature",
      "geometry": {
        "type": "Point",
        "coordinates": [
          1.982609629,
          41.286770618
        ]
      },
      "properties": {
        "osm_id": null,
        "overture_id": "c57da0cc-fe4e-41c7-94b8-a7071fd74df9",
        "name": "Danes Gym",
        "display_name": "Danes Gym",
        "category": "Ocio, cultura y deporte",
        "subcategory": "Gimnasio",
        "primary_tag": "overture=gym",
        "source": "Overture Maps Places",
        "sources": [
          "Overture Maps Places"
        ],
        "name_source": "Overture Maps Places",
        "overture_taxonomy": "gym",
        "overture_confidence": 0.955,
        "grid_id": "r5_c7"
      }
    },
    {
      "type": "Feature",
      "geometry": {
        "type": "Point",
        "coordinates": [
          1.98110322,
          41.28688682
        ]
      },
      "properties": {
        "osm_id": null,
        "overture_id": "1b4f1a53-8e45-497a-a5cc-7f47b61f5241",
        "name": "Danzarte Asociacion Cultural Sueño Andaluz",
        "display_name": "Danzarte Asociacion Cultural Sueño Andaluz",
        "category": "Ocio, cultura y deporte",
        "subcategory": "Academia de danza",
        "primary_tag": "overture=dance_studio",
        "source": "Overture Maps Places",
        "sources": [
          "Overture Maps Places"
        ],
        "name_source": "Overture Maps Places",
        "overture_taxonomy": "dance_studio",
        "overture_confidence": 0.975,
        "grid_id": "r5_c7"
      }
    },
    {
      "type": "Feature",
      "geometry": {
        "type": "Point",
        "coordinates": [
          1.982143,
          41.28308
        ]
      },
      "properties": {
        "osm_id": null,
        "overture_id": "7da1b85c-2edb-4b09-a957-82592b807f7a",
        "name": "DHL Express Service Point (SPORTSWEAR OUTDOOR BCNCASSUB)",
        "display_name": "DHL Express Service Point (SPORTSWEAR OUTDOOR BCNCASSUB)",
        "category": "Ocio, cultura y deporte",
        "subcategory": "Ropa deportiva",
        "primary_tag": "overture=sportswear_store",
        "source": "Overture Maps Places",
        "sources": [
          "Overture Maps Places"
        ],
        "name_source": "Overture Maps Places",
        "overture_taxonomy": "sportswear_store",
        "overture_confidence": 0.85,
        "grid_id": "r4_c7"
      }
    },
    {
      "type": "Feature",
      "geometry": {
        "type": "Point",
        "coordinates": [
          1.97989716,
          41.28334214
        ]
      },
      "properties": {
        "osm_id": null,
        "overture_id": "4230fb23-ed1d-46bb-a589-24074ca95e8d",
        "name": "El Malecon de la Salsa y Bachata",
        "display_name": "El Malecon de la Salsa y Bachata",
        "category": "Ocio, cultura y deporte",
        "subcategory": "Academia de danza",
        "primary_tag": "overture=dance_studio",
        "source": "Overture Maps Places",
        "sources": [
          "Overture Maps Places"
        ],
        "name_source": "Overture Maps Places",
        "overture_taxonomy": "dance_studio",
        "overture_confidence": 0.907,
        "grid_id": "r4_c7"
      }
    },
    {
      "type": "Feature",
      "geometry": {
        "type": "Point",
        "coordinates": [
          1.9738125,
          41.2760972
        ]
      },
      "properties": {
        "osm_id": null,
        "overture_id": "22aa043e-fc56-4965-83fb-e008baf49ea4",
        "name": "Elite Sports",
        "display_name": "Elite Sports",
        "category": "Ocio, cultura y deporte",
        "subcategory": "Deporte y recreación",
        "primary_tag": "overture=sports_and_recreation",
        "source": "Overture Maps Places",
        "sources": [
          "Overture Maps Places"
        ],
        "name_source": "Overture Maps Places",
        "overture_taxonomy": "sports_and_recreation",
        "overture_confidence": 0.85,
        "grid_id": "r2_c6"
      }
    },
    {
      "type": "Feature",
      "geometry": {
        "type": "Point",
        "coordinates": [
          1.9727325439453,
          41.279838294611
        ]
      },
      "properties": {
        "osm_id": null,
        "overture_id": "16f49ca5-8700-479e-9626-6721e01f0ffb",
        "name": "Espacio AUM YogaStudio Castelldefels",
        "display_name": "Espacio AUM YogaStudio Castelldefels",
        "category": "Ocio, cultura y deporte",
        "subcategory": "Gimnasio",
        "primary_tag": "overture=gym",
        "source": "Overture Maps Places",
        "sources": [
          "Overture Maps Places"
        ],
        "name_source": "Overture Maps Places",
        "overture_taxonomy": "gym",
        "overture_confidence": 0.981,
        "grid_id": "r3_c5"
      }
    },
    {
      "type": "Feature",
      "geometry": {
        "type": "Point",
        "coordinates": [
          2.00001,
          41.26925
        ]
      },
      "properties": {
        "osm_id": null,
        "overture_id": "68b7c05e-8495-4a3b-a548-3ce803ba809f",
        "name": "Flow",
        "display_name": "Flow",
        "category": "Ocio, cultura y deporte",
        "subcategory": "Instalación deportiva / fitness",
        "primary_tag": "overture=sport_or_fitness_facility",
        "source": "Overture Maps Places",
        "sources": [
          "Overture Maps Places"
        ],
        "name_source": "Overture Maps Places",
        "overture_taxonomy": "sport_or_fitness_facility",
        "overture_confidence": 0.913,
        "grid_id": "r1_c10"
      }
    },
    {
      "type": "Feature",
      "geometry": {
        "type": "Point",
        "coordinates": [
          1.98165416,
          41.28510265
        ]
      },
      "properties": {
        "osm_id": null,
        "overture_id": "e3e6aea8-51e8-4568-b324-8aee2446ca74",
        "name": "Gimnàs Alto Impacto",
        "display_name": "Gimnàs Alto Impacto",
        "category": "Ocio, cultura y deporte",
        "subcategory": "Gimnasio",
        "primary_tag": "overture=gym",
        "source": "Overture Maps Places",
        "sources": [
          "Overture Maps Places"
        ],
        "name_source": "Overture Maps Places",
        "overture_taxonomy": "gym",
        "overture_confidence": 0.962,
        "grid_id": "r4_c7"
      }
    },
    {
      "type": "Feature",
      "geometry": {
        "type": "Point",
        "coordinates": [
          1.9638335,
          41.2651533
        ]
      },
      "properties": {
        "osm_id": "node/9938269868",
        "name": null,
        "display_name": "Gimnasio / centro fitness sin nombre",
        "category": "Ocio, cultura y deporte",
        "subcategory": "Gimnasio / centro fitness",
        "primary_tag": "leisure=fitness_centre",
        "amenity": null,
        "shop": null,
        "office": null,
        "tourism": null,
        "leisure": "fitness_centre",
        "wikidata": null,
        "website": null,
        "phone": null,
        "opening_hours": null,
        "addr_street": null,
        "addr_housenumber": null,
        "addr_postcode": null,
        "addr_city": null,
        "image": null,
        "wikimedia_commons": null,
        "mapillary": null,
        "source": "OpenStreetMap via Overpass API",
        "name_source": "semantic-fallback",
        "grid_id": "r0_c4"
      }
    },
    {
      "type": "Feature",
      "geometry": {
        "type": "Point",
        "coordinates": [
          1.9862025,
          41.2852767
        ]
      },
      "properties": {
        "osm_id": "node/13994264735",
        "name": "Gimnasio Fitness19 Castelldefels",
        "display_name": "Gimnasio Fitness19 Castelldefels",
        "category": "Ocio, cultura y deporte",
        "subcategory": "Gimnasio / centro fitness",
        "primary_tag": "leisure=fitness_centre",
        "amenity": null,
        "shop": null,
        "office": null,
        "tourism": null,
        "leisure": "fitness_centre",
        "wikidata": null,
        "website": null,
        "phone": null,
        "opening_hours": null,
        "addr_street": null,
        "addr_housenumber": null,
        "addr_postcode": null,
        "addr_city": null,
        "image": null,
        "wikimedia_commons": null,
        "mapillary": null,
        "source": "OpenStreetMap via Overpass API",
        "name_source": "OpenStreetMap",
        "sources": [
          "OpenStreetMap via Overpass API",
          "Overture Maps Places"
        ],
        "overture_id": "be9b5fcf-fa27-4514-b0b1-f112e6de7c9d",
        "overture_confidence": 0.985,
        "grid_id": "r4_c8"
      }
    },
    {
      "type": "Feature",
      "geometry": {
        "type": "Point",
        "coordinates": [
          1.97641872,
          41.27891365
        ]
      },
      "properties": {
        "osm_id": null,
        "overture_id": "89cd19ff-7eed-43f9-a0b7-4e96cb22ce56",
        "name": "Gimnasio Yin-Fels",
        "display_name": "Gimnasio Yin-Fels",
        "category": "Ocio, cultura y deporte",
        "subcategory": "Gimnasio",
        "primary_tag": "overture=gym",
        "source": "Overture Maps Places",
        "sources": [
          "Overture Maps Places"
        ],
        "name_source": "Overture Maps Places",
        "overture_taxonomy": "gym",
        "overture_confidence": 0.942,
        "grid_id": "r3_c6"
      }
    },
    {
      "type": "Feature",
      "geometry": {
        "type": "Point",
        "coordinates": [
          1.9787763,
          41.28061504
        ]
      },
      "properties": {
        "osm_id": null,
        "overture_id": "0f90411c-456e-4faa-9841-757f178a848d",
        "name": "Gracie Barra Castelldefels",
        "display_name": "Gracie Barra Castelldefels",
        "category": "Ocio, cultura y deporte",
        "subcategory": "Artes marciales",
        "primary_tag": "overture=martial_arts_club",
        "source": "Overture Maps Places",
        "sources": [
          "Overture Maps Places"
        ],
        "name_source": "Overture Maps Places",
        "overture_taxonomy": "martial_arts_club",
        "overture_confidence": 0.992,
        "grid_id": "r3_c6"
      }
    },
    {
      "type": "Feature",
      "geometry": {
        "type": "Point",
        "coordinates": [
          1.97374234,
          41.28498605
        ]
      },
      "properties": {
        "osm_id": null,
        "overture_id": "5bca0e95-8962-4e1d-aced-def7a28bc529",
        "name": "Jara Dansa",
        "display_name": "Jara Dansa",
        "category": "Ocio, cultura y deporte",
        "subcategory": "Academia de danza",
        "primary_tag": "overture=dance_studio",
        "source": "Overture Maps Places",
        "sources": [
          "Overture Maps Places"
        ],
        "name_source": "Overture Maps Places",
        "overture_taxonomy": "dance_studio",
        "overture_confidence": 0.988,
        "grid_id": "r4_c6"
      }
    },
    {
      "type": "Feature",
      "geometry": {
        "type": "Point",
        "coordinates": [
          1.97849356,
          41.28018198
        ]
      },
      "properties": {
        "osm_id": null,
        "overture_id": "17088196-cc0e-47c5-93ac-71b9f34475b0",
        "name": "Lligams Activitats",
        "display_name": "Lligams Activitats",
        "category": "Ocio, cultura y deporte",
        "subcategory": "Arte y entretenimiento",
        "primary_tag": "overture=arts_and_entertainment",
        "source": "Overture Maps Places",
        "sources": [
          "Overture Maps Places"
        ],
        "name_source": "Overture Maps Places",
        "overture_taxonomy": "arts_and_entertainment",
        "overture_confidence": 0.963,
        "grid_id": "r3_c6"
      }
    },
    {
      "type": "Feature",
      "geometry": {
        "type": "Point",
        "coordinates": [
          1.9775329,
          41.2803048
        ]
      },
      "properties": {
        "osm_id": "node/4464835910",
        "name": null,
        "display_name": "Loterías sin nombre",
        "category": "Ocio, cultura y deporte",
        "subcategory": "Loterías",
        "primary_tag": "shop=lottery",
        "amenity": null,
        "shop": "lottery",
        "office": null,
        "tourism": null,
        "leisure": null,
        "wikidata": null,
        "website": null,
        "phone": null,
        "opening_hours": null,
        "addr_street": null,
        "addr_housenumber": null,
        "addr_postcode": null,
        "addr_city": null,
        "image": null,
        "wikimedia_commons": null,
        "mapillary": null,
        "source": "OpenStreetMap via Overpass API",
        "name_source": "semantic-fallback",
        "grid_id": "r3_c6"
      }
    },
    {
      "type": "Feature",
      "geometry": {
        "type": "Point",
        "coordinates": [
          1.9778037,
          41.2801009
        ]
      },
      "properties": {
        "osm_id": "node/12278447881",
        "name": "luckia",
        "display_name": "luckia",
        "category": "Ocio, cultura y deporte",
        "subcategory": "Casa de apuestas",
        "primary_tag": "shop=bookmaker",
        "amenity": null,
        "shop": "bookmaker",
        "office": null,
        "tourism": null,
        "leisure": null,
        "wikidata": null,
        "website": null,
        "phone": null,
        "opening_hours": null,
        "addr_street": null,
        "addr_housenumber": null,
        "addr_postcode": null,
        "addr_city": null,
        "image": null,
        "wikimedia_commons": null,
        "mapillary": null,
        "source": "OpenStreetMap via Overpass API",
        "name_source": "OpenStreetMap",
        "grid_id": "r3_c6"
      }
    },
    {
      "type": "Feature",
      "geometry": {
        "type": "Point",
        "coordinates": [
          1.9815815,
          41.2860988
        ]
      },
      "properties": {
        "osm_id": null,
        "overture_id": "43d1e7a7-53b3-4d5d-81e2-03dd570091a2",
        "name": "Luckia Slots Apuestas",
        "display_name": "Luckia Slots Apuestas",
        "category": "Ocio, cultura y deporte",
        "subcategory": "Casino",
        "primary_tag": "overture=casino",
        "source": "Overture Maps Places",
        "sources": [
          "Overture Maps Places"
        ],
        "name_source": "Overture Maps Places",
        "overture_taxonomy": "casino",
        "overture_confidence": 0.966,
        "grid_id": "r5_c7"
      }
    },
    {
      "type": "Feature",
      "geometry": {
        "type": "Point",
        "coordinates": [
          1.97565709,
          41.28071037
        ]
      },
      "properties": {
        "osm_id": null,
        "overture_id": "0fcb8f42-f0a5-474d-8a6e-1b3388d8128d",
        "name": "Martial Arts Castelldefels",
        "display_name": "Martial Arts Castelldefels",
        "category": "Ocio, cultura y deporte",
        "subcategory": "Artes marciales",
        "primary_tag": "overture=martial_arts_club",
        "source": "Overture Maps Places",
        "sources": [
          "Overture Maps Places"
        ],
        "name_source": "Overture Maps Places",
        "overture_taxonomy": "martial_arts_club",
        "overture_confidence": 0.966,
        "grid_id": "r3_c6"
      }
    },
    {
      "type": "Feature",
      "geometry": {
        "type": "Point",
        "coordinates": [
          1.97862278,
          41.28702913
        ]
      },
      "properties": {
        "osm_id": null,
        "overture_id": "88d680e2-ee8c-4145-9831-81d1a4e3e38a",
        "name": "Minerva Esports",
        "display_name": "Minerva Esports",
        "category": "Ocio, cultura y deporte",
        "subcategory": "Tienda de deporte",
        "primary_tag": "overture=sporting_goods_store",
        "source": "Overture Maps Places",
        "sources": [
          "Overture Maps Places"
        ],
        "name_source": "Overture Maps Places",
        "overture_taxonomy": "sporting_goods_store",
        "overture_confidence": 0.987,
        "grid_id": "r5_c6"
      }
    },
    {
      "type": "Feature",
      "geometry": {
        "type": "Point",
        "coordinates": [
          1.99047386,
          41.26982369
        ]
      },
      "properties": {
        "osm_id": null,
        "overture_id": "6814d817-bc84-49ef-8210-fdc6b2d7081a",
        "name": "Minou Sports",
        "display_name": "Minou Sports",
        "category": "Ocio, cultura y deporte",
        "subcategory": "Tienda de deporte",
        "primary_tag": "overture=sporting_goods_store",
        "source": "Overture Maps Places",
        "sources": [
          "Overture Maps Places"
        ],
        "name_source": "Overture Maps Places",
        "overture_taxonomy": "sporting_goods_store",
        "overture_confidence": 0.915,
        "grid_id": "r1_c8"
      }
    },
    {
      "type": "Feature",
      "geometry": {
        "type": "Point",
        "coordinates": [
          1.98117,
          41.28651
        ]
      },
      "properties": {
        "osm_id": null,
        "overture_id": "72521b56-21a3-4acb-af03-5582d1f860a1",
        "name": "Mugendo Castelldefels",
        "display_name": "Mugendo Castelldefels",
        "category": "Ocio, cultura y deporte",
        "subcategory": "Artes marciales",
        "primary_tag": "overture=martial_arts_club",
        "source": "Overture Maps Places",
        "sources": [
          "Overture Maps Places"
        ],
        "name_source": "Overture Maps Places",
        "overture_taxonomy": "martial_arts_club",
        "overture_confidence": 0.954,
        "grid_id": "r5_c7"
      }
    },
    {
      "type": "Feature",
      "geometry": {
        "type": "Point",
        "coordinates": [
          1.98622728,
          41.28693373
        ]
      },
      "properties": {
        "osm_id": null,
        "overture_id": "1c495d05-f2a1-435d-b7ee-d1a3dbdf8c3a",
        "name": "Olimpia Training Lab",
        "display_name": "Olimpia Training Lab",
        "category": "Ocio, cultura y deporte",
        "subcategory": "Entrenador personal",
        "primary_tag": "overture=fitness_trainer",
        "source": "Overture Maps Places",
        "sources": [
          "Overture Maps Places"
        ],
        "name_source": "Overture Maps Places",
        "overture_taxonomy": "fitness_trainer",
        "overture_confidence": 0.914,
        "grid_id": "r5_c8"
      }
    },
    {
      "type": "Feature",
      "geometry": {
        "type": "Point",
        "coordinates": [
          1.98327358,
          41.28471327
        ]
      },
      "properties": {
        "osm_id": null,
        "overture_id": "4fc7116a-dcc1-4ee5-8ff8-dfcbf2d01b14",
        "name": "Padel One Castelldefels",
        "display_name": "Padel One Castelldefels",
        "category": "Ocio, cultura y deporte",
        "subcategory": "Tienda de deporte",
        "primary_tag": "overture=sporting_goods_store",
        "source": "Overture Maps Places",
        "sources": [
          "Overture Maps Places"
        ],
        "name_source": "Overture Maps Places",
        "overture_taxonomy": "sporting_goods_store",
        "overture_confidence": 0.96,
        "grid_id": "r4_c7"
      }
    },
    {
      "type": "Feature",
      "geometry": {
        "type": "Point",
        "coordinates": [
          1.970557,
          41.282719
        ]
      },
      "properties": {
        "osm_id": null,
        "overture_id": "00f9de0b-952f-4514-96ba-cf287583378d",
        "name": "Polideportivo Can Roca",
        "display_name": "Polideportivo Can Roca",
        "category": "Ocio, cultura y deporte",
        "subcategory": "Gimnasio",
        "primary_tag": "overture=gym",
        "source": "Overture Maps Places",
        "sources": [
          "Overture Maps Places"
        ],
        "name_source": "Overture Maps Places",
        "overture_taxonomy": "gym",
        "overture_confidence": 0.99,
        "grid_id": "r4_c5"
      }
    },
    {
      "type": "Feature",
      "geometry": {
        "type": "Point",
        "coordinates": [
          1.97555,
          41.27771
        ]
      },
      "properties": {
        "osm_id": null,
        "overture_id": "0a74cd2c-c039-47a7-8b90-4a33c965c96c",
        "name": "Somoscuidat",
        "display_name": "Somoscuidat",
        "category": "Ocio, cultura y deporte",
        "subcategory": "Gimnasio",
        "primary_tag": "overture=gym",
        "source": "Overture Maps Places",
        "sources": [
          "Overture Maps Places"
        ],
        "name_source": "Overture Maps Places",
        "overture_taxonomy": "gym",
        "overture_confidence": 0.959,
        "grid_id": "r3_c6"
      }
    },
    {
      "type": "Feature",
      "geometry": {
        "type": "Point",
        "coordinates": [
          1.98666656,
          41.2865799
        ]
      },
      "properties": {
        "osm_id": null,
        "overture_id": "5a267e5b-979e-47e6-bcbd-7f19d418ee3c",
        "name": "Sparta & Tizona Fight Club",
        "display_name": "Sparta & Tizona Fight Club",
        "category": "Ocio, cultura y deporte",
        "subcategory": "Artes marciales",
        "primary_tag": "overture=martial_arts_club",
        "source": "Overture Maps Places",
        "sources": [
          "Overture Maps Places"
        ],
        "name_source": "Overture Maps Places",
        "overture_taxonomy": "martial_arts_club",
        "overture_confidence": 0.975,
        "grid_id": "r5_c8"
      }
    },
    {
      "type": "Feature",
      "geometry": {
        "type": "Point",
        "coordinates": [
          1.98609147,
          41.2873029
        ]
      },
      "properties": {
        "osm_id": null,
        "overture_id": "e3a4492c-fbcd-454d-987e-f7011811c580",
        "name": "Team Villeroy BCN",
        "display_name": "Team Villeroy BCN",
        "category": "Ocio, cultura y deporte",
        "subcategory": "Centro de gimnasia",
        "primary_tag": "overture=gymnastics_center",
        "source": "Overture Maps Places",
        "sources": [
          "Overture Maps Places"
        ],
        "name_source": "Overture Maps Places",
        "overture_taxonomy": "gymnastics_center",
        "overture_confidence": 0.997,
        "grid_id": "r5_c8"
      }
    },
    {
      "type": "Feature",
      "geometry": {
        "type": "Point",
        "coordinates": [
          1.9793704,
          41.2791698
        ]
      },
      "properties": {
        "osm_id": "node/12278224642",
        "name": "Teatre Plaza Castelldefels",
        "display_name": "Teatre Plaza Castelldefels",
        "category": "Ocio, cultura y deporte",
        "subcategory": "Teatro",
        "primary_tag": "amenity=theatre",
        "amenity": "theatre",
        "shop": null,
        "office": null,
        "tourism": null,
        "leisure": null,
        "wikidata": null,
        "website": null,
        "phone": null,
        "opening_hours": null,
        "addr_street": null,
        "addr_housenumber": null,
        "addr_postcode": null,
        "addr_city": null,
        "image": null,
        "wikimedia_commons": null,
        "mapillary": null,
        "source": "OpenStreetMap via Overpass API",
        "name_source": "OpenStreetMap",
        "grid_id": "r3_c7"
      }
    },
    {
      "type": "Feature",
      "geometry": {
        "type": "Point",
        "coordinates": [
          1.97114845,
          41.26744827
        ]
      },
      "properties": {
        "osm_id": null,
        "overture_id": "9df1dfba-e6ab-4137-bc76-57face541576",
        "name": "Uno Castelldefels",
        "display_name": "Uno Castelldefels",
        "category": "Ocio, cultura y deporte",
        "subcategory": "Club de baile",
        "primary_tag": "overture=dance_club",
        "source": "Overture Maps Places",
        "sources": [
          "Overture Maps Places"
        ],
        "name_source": "Overture Maps Places",
        "overture_taxonomy": "dance_club",
        "overture_confidence": 0.997,
        "grid_id": "r0_c5"
      }
    },
    {
      "type": "Feature",
      "geometry": {
        "type": "Point",
        "coordinates": [
          1.9858022,
          41.2820671
        ]
      },
      "properties": {
        "osm_id": "node/904962713",
        "name": "Yelmo Cines Castelldefels (Anec blau)",
        "display_name": "Yelmo Cines Castelldefels (Anec blau)",
        "category": "Ocio, cultura y deporte",
        "subcategory": "Cine",
        "primary_tag": "amenity=cinema",
        "amenity": "cinema",
        "shop": null,
        "office": null,
        "tourism": null,
        "leisure": null,
        "wikidata": null,
        "website": null,
        "phone": null,
        "opening_hours": null,
        "addr_street": null,
        "addr_housenumber": null,
        "addr_postcode": null,
        "addr_city": null,
        "image": null,
        "wikimedia_commons": null,
        "mapillary": null,
        "source": "OpenStreetMap via Overpass API",
        "name_source": "OpenStreetMap",
        "grid_id": "r4_c8"
      }
    },
    {
      "type": "Feature",
      "geometry": {
        "type": "Point",
        "coordinates": [
          1.985676,
          41.282296
        ]
      },
      "properties": {
        "osm_id": null,
        "overture_id": "efb644fb-5157-4954-ab89-555f8fa7616d",
        "name": "Yelmo Cines Castelldefels 3D",
        "display_name": "Yelmo Cines Castelldefels 3D",
        "category": "Ocio, cultura y deporte",
        "subcategory": "Cine",
        "primary_tag": "overture=movie_theater",
        "source": "Overture Maps Places",
        "sources": [
          "Overture Maps Places"
        ],
        "name_source": "Overture Maps Places",
        "overture_taxonomy": "movie_theater",
        "overture_confidence": 0.995,
        "grid_id": "r4_c8"
      }
    },
    {
      "type": "Feature",
      "geometry": {
        "type": "Point",
        "coordinates": [
          1.97639,
          41.27894
        ]
      },
      "properties": {
        "osm_id": null,
        "overture_id": "6e6ca508-27e0-4650-9c0f-565d33df0e60",
        "name": "Yinfels Gimnasio",
        "display_name": "Yinfels Gimnasio",
        "category": "Ocio, cultura y deporte",
        "subcategory": "Gimnasio",
        "primary_tag": "overture=gym",
        "source": "Overture Maps Places",
        "sources": [
          "Overture Maps Places"
        ],
        "name_source": "Overture Maps Places",
        "overture_taxonomy": "gym",
        "overture_confidence": 0.905,
        "grid_id": "r3_c6"
      }
    },
    {
      "type": "Feature",
      "geometry": {
        "type": "Point",
        "coordinates": [
          1.98199849,
          41.26903977
        ]
      },
      "properties": {
        "osm_id": null,
        "overture_id": "4f55969a-99cd-4ce3-b699-246a9b19fe1b",
        "name": "Ziba Club",
        "display_name": "Ziba Club",
        "category": "Ocio, cultura y deporte",
        "subcategory": "Club de baile",
        "primary_tag": "overture=dance_club",
        "source": "Overture Maps Places",
        "sources": [
          "Overture Maps Places"
        ],
        "name_source": "Overture Maps Places",
        "overture_taxonomy": "dance_club",
        "overture_confidence": 0.905,
        "grid_id": "r1_c7"
      }
    },
    {
      "type": "Feature",
      "geometry": {
        "type": "Point",
        "coordinates": [
          1.97896328,
          41.28069708
        ]
      },
      "properties": {
        "osm_id": null,
        "overture_id": "04431518-7d1c-4a5f-969b-696a297d1654",
        "name": "Amate",
        "display_name": "Amate",
        "category": "Servicios personales",
        "subcategory": "Centro de estética",
        "primary_tag": "overture=beauty_salon",
        "source": "Overture Maps Places",
        "sources": [
          "Overture Maps Places"
        ],
        "name_source": "Overture Maps Places",
        "overture_taxonomy": "beauty_salon",
        "overture_confidence": 0.962,
        "grid_id": "r3_c6"
      }
    },
    {
      "type": "Feature",
      "geometry": {
        "type": "Point",
        "coordinates": [
          1.9837441,
          41.2893638
        ]
      },
      "properties": {
        "osm_id": "node/4469874236",
        "name": "Arenas",
        "display_name": "Arenas",
        "category": "Servicios personales",
        "subcategory": "Peluquería",
        "primary_tag": "shop=hairdresser",
        "amenity": null,
        "shop": "hairdresser",
        "office": null,
        "tourism": null,
        "leisure": null,
        "wikidata": null,
        "website": null,
        "phone": null,
        "opening_hours": null,
        "addr_street": null,
        "addr_housenumber": null,
        "addr_postcode": null,
        "addr_city": null,
        "image": null,
        "wikimedia_commons": null,
        "mapillary": null,
        "source": "OpenStreetMap via Overpass API",
        "name_source": "OpenStreetMap",
        "grid_id": "r5_c7"
      }
    },
    {
      "type": "Feature",
      "geometry": {
        "type": "Point",
        "coordinates": [
          1.98236895,
          41.28387627
        ]
      },
      "properties": {
        "osm_id": null,
        "overture_id": "f2974a6c-78f3-4790-aeed-d432ee7ae745",
        "name": "Barberia",
        "display_name": "Barberia",
        "category": "Servicios personales",
        "subcategory": "Barbería",
        "primary_tag": "overture=barber",
        "source": "Overture Maps Places",
        "sources": [
          "Overture Maps Places"
        ],
        "name_source": "Overture Maps Places",
        "overture_taxonomy": "barber",
        "overture_confidence": 0.861,
        "grid_id": "r4_c7"
      }
    },
    {
      "type": "Feature",
      "geometry": {
        "type": "Point",
        "coordinates": [
          1.97733349,
          41.27917531
        ]
      },
      "properties": {
        "osm_id": null,
        "overture_id": "c90eea46-2421-4869-ab12-8ac62c0cf943",
        "name": "Barbería La Plaza",
        "display_name": "Barbería La Plaza",
        "category": "Servicios personales",
        "subcategory": "Barbería",
        "primary_tag": "overture=barber",
        "source": "Overture Maps Places",
        "sources": [
          "Overture Maps Places"
        ],
        "name_source": "Overture Maps Places",
        "overture_taxonomy": "barber",
        "overture_confidence": 0.992,
        "grid_id": "r3_c6"
      }
    },
    {
      "type": "Feature",
      "geometry": {
        "type": "Point",
        "coordinates": [
          1.97656097,
          41.27784381
        ]
      },
      "properties": {
        "osm_id": null,
        "overture_id": "158508b9-e1d1-4ce6-995b-d40431c19450",
        "name": "Beauty Corner Sl.",
        "display_name": "Beauty Corner Sl.",
        "category": "Servicios personales",
        "subcategory": "Centro de estética",
        "primary_tag": "overture=hair_salon",
        "source": "Overture Maps Places",
        "sources": [
          "Overture Maps Places"
        ],
        "name_source": "Overture Maps Places",
        "overture_taxonomy": "hair_salon",
        "overture_confidence": 0.945,
        "grid_id": "r3_c6"
      }
    },
    {
      "type": "Feature",
      "geometry": {
        "type": "Point",
        "coordinates": [
          1.9789889,
          41.2794191
        ]
      },
      "properties": {
        "osm_id": "node/12278224641",
        "name": "Bella Luna Nails",
        "display_name": "Bella Luna Nails",
        "category": "Servicios personales",
        "subcategory": "Belleza y estética",
        "primary_tag": "shop=beauty",
        "amenity": null,
        "shop": "beauty",
        "office": null,
        "tourism": null,
        "leisure": null,
        "wikidata": null,
        "website": null,
        "phone": null,
        "opening_hours": null,
        "addr_street": null,
        "addr_housenumber": null,
        "addr_postcode": null,
        "addr_city": null,
        "image": null,
        "wikimedia_commons": null,
        "mapillary": null,
        "source": "OpenStreetMap via Overpass API",
        "name_source": "OpenStreetMap",
        "grid_id": "r3_c6"
      }
    },
    {
      "type": "Feature",
      "geometry": {
        "type": "Point",
        "coordinates": [
          1.97691102,
          41.27948204
        ]
      },
      "properties": {
        "osm_id": null,
        "overture_id": "88cb01fe-7e0f-4364-87eb-19c28f95db21",
        "name": "Black Inkside Tattoo Studio",
        "display_name": "Black Inkside Tattoo Studio",
        "category": "Servicios personales",
        "subcategory": "Tatuajes",
        "primary_tag": "overture=tattoo_and_piercing",
        "source": "Overture Maps Places",
        "sources": [
          "Overture Maps Places"
        ],
        "name_source": "Overture Maps Places",
        "overture_taxonomy": "tattoo_and_piercing",
        "overture_confidence": 0.946,
        "grid_id": "r3_c6"
      }
    },
    {
      "type": "Feature",
      "geometry": {
        "type": "Point",
        "coordinates": [
          1.97657744,
          41.27781341
        ]
      },
      "properties": {
        "osm_id": null,
        "overture_id": "9c42acec-cbf1-4542-850b-ee08fad9eba2",
        "name": "Blue 01 Castelldefels",
        "display_name": "Blue 01 Castelldefels",
        "category": "Servicios personales",
        "subcategory": "Centro de estética",
        "primary_tag": "overture=beauty_salon",
        "source": "Overture Maps Places",
        "sources": [
          "Overture Maps Places"
        ],
        "name_source": "Overture Maps Places",
        "overture_taxonomy": "beauty_salon",
        "overture_confidence": 0.964,
        "grid_id": "r3_c6"
      }
    },
    {
      "type": "Feature",
      "geometry": {
        "type": "Point",
        "coordinates": [
          1.98143533,
          41.28349669
        ]
      },
      "properties": {
        "osm_id": null,
        "overture_id": "ca45b177-092e-4ba4-9b86-4bc3dfbea2e1",
        "name": "Carolinacaraballo",
        "display_name": "Carolinacaraballo",
        "category": "Servicios personales",
        "subcategory": "Peluquería",
        "primary_tag": "overture=hair_salon",
        "source": "Overture Maps Places",
        "sources": [
          "Overture Maps Places"
        ],
        "name_source": "Overture Maps Places",
        "overture_taxonomy": "hair_salon",
        "overture_confidence": 0.934,
        "grid_id": "r4_c7"
      }
    },
    {
      "type": "Feature",
      "geometry": {
        "type": "Point",
        "coordinates": [
          1.9868063,
          41.28803697
        ]
      },
      "properties": {
        "osm_id": null,
        "overture_id": "14ae4573-341a-48ee-b628-0d5afb0d2313",
        "name": "Carvan Medicina Estética",
        "display_name": "Carvan Medicina Estética",
        "category": "Servicios personales",
        "subcategory": "Centro de estética",
        "primary_tag": "overture=medical_spa",
        "source": "Overture Maps Places",
        "sources": [
          "Overture Maps Places"
        ],
        "name_source": "Overture Maps Places",
        "overture_taxonomy": "medical_spa",
        "overture_confidence": 0.885,
        "grid_id": "r5_c8"
      }
    },
    {
      "type": "Feature",
      "geometry": {
        "type": "Point",
        "coordinates": [
          1.98227833,
          41.28650169
        ]
      },
      "properties": {
        "osm_id": null,
        "overture_id": "4f5cdf33-6894-45db-b50e-98986dea5ccf",
        "name": "Centre d'Estètica Eva Garín",
        "display_name": "Centre d'Estètica Eva Garín",
        "category": "Servicios personales",
        "subcategory": "Centro de estética",
        "primary_tag": "overture=beauty_salon",
        "source": "Overture Maps Places",
        "sources": [
          "Overture Maps Places"
        ],
        "name_source": "Overture Maps Places",
        "overture_taxonomy": "beauty_salon",
        "overture_confidence": 0.976,
        "grid_id": "r5_c7"
      }
    },
    {
      "type": "Feature",
      "geometry": {
        "type": "Point",
        "coordinates": [
          1.96307,
          41.28062
        ]
      },
      "properties": {
        "osm_id": null,
        "overture_id": "6803998e-e689-4ed7-ab95-4765b76cb620",
        "name": "Centre d'Estètica i Imatge Pepi Díaz",
        "display_name": "Centre d'Estètica i Imatge Pepi Díaz",
        "category": "Servicios personales",
        "subcategory": "Centro de estética",
        "primary_tag": "overture=beauty_salon",
        "source": "Overture Maps Places",
        "sources": [
          "Overture Maps Places"
        ],
        "name_source": "Overture Maps Places",
        "overture_taxonomy": "beauty_salon",
        "overture_confidence": 0.956,
        "grid_id": "r3_c4"
      }
    },
    {
      "type": "Feature",
      "geometry": {
        "type": "Point",
        "coordinates": [
          1.97872,
          41.2692
        ]
      },
      "properties": {
        "osm_id": null,
        "overture_id": "bf73b1cf-8dae-4033-9c30-0baf392d54d3",
        "name": "Centro de estética  Juliana Vieira",
        "display_name": "Centro de estética  Juliana Vieira",
        "category": "Servicios personales",
        "subcategory": "Centro de estética",
        "primary_tag": "overture=professional_service",
        "source": "Overture Maps Places",
        "sources": [
          "Overture Maps Places"
        ],
        "name_source": "Overture Maps Places",
        "overture_taxonomy": "professional_service",
        "overture_confidence": 0.908,
        "grid_id": "r1_c6"
      }
    },
    {
      "type": "Feature",
      "geometry": {
        "type": "Point",
        "coordinates": [
          1.97836482,
          41.28156572
        ]
      },
      "properties": {
        "osm_id": null,
        "overture_id": "5d3c59b1-f478-40dc-af7e-82586d7fec25",
        "name": "Centro de Estética Milos",
        "display_name": "Centro de Estética Milos",
        "category": "Servicios personales",
        "subcategory": "Centro de estética",
        "primary_tag": "overture=beauty_salon",
        "source": "Overture Maps Places",
        "sources": [
          "Overture Maps Places"
        ],
        "name_source": "Overture Maps Places",
        "overture_taxonomy": "beauty_salon",
        "overture_confidence": 0.976,
        "grid_id": "r4_c6"
      }
    },
    {
      "type": "Feature",
      "geometry": {
        "type": "Point",
        "coordinates": [
          1.976811,
          41.277876
        ]
      },
      "properties": {
        "osm_id": null,
        "overture_id": "080057da-964f-4f10-9c2a-c96a04ca5935",
        "name": "Doctora Yusimy",
        "display_name": "Doctora Yusimy",
        "category": "Servicios personales",
        "subcategory": "Spa / bienestar",
        "primary_tag": "overture=spa",
        "source": "Overture Maps Places",
        "sources": [
          "Overture Maps Places"
        ],
        "name_source": "Overture Maps Places",
        "overture_taxonomy": "spa",
        "overture_confidence": 0.876,
        "grid_id": "r3_c6"
      }
    },
    {
      "type": "Feature",
      "geometry": {
        "type": "Point",
        "coordinates": [
          1.97696082,
          41.27891544
        ]
      },
      "properties": {
        "osm_id": null,
        "overture_id": "86c64704-f3b9-4b39-a999-0faf4f84170f",
        "name": "E2 Estilistes",
        "display_name": "E2 Estilistes",
        "category": "Servicios personales",
        "subcategory": "Peluquería",
        "primary_tag": "overture=hair_salon",
        "source": "Overture Maps Places",
        "sources": [
          "Overture Maps Places"
        ],
        "name_source": "Overture Maps Places",
        "overture_taxonomy": "hair_salon",
        "overture_confidence": 0.981,
        "grid_id": "r3_c6"
      }
    },
    {
      "type": "Feature",
      "geometry": {
        "type": "Point",
        "coordinates": [
          1.97698326,
          41.27783891
        ]
      },
      "properties": {
        "osm_id": null,
        "overture_id": "d6e37b3a-2336-4ea7-ac9a-7296dca29f22",
        "name": "Elya Therapies",
        "display_name": "Elya Therapies",
        "category": "Servicios personales",
        "subcategory": "Masajes terapéuticos",
        "primary_tag": "overture=massage_therapy",
        "source": "Overture Maps Places",
        "sources": [
          "Overture Maps Places"
        ],
        "name_source": "Overture Maps Places",
        "overture_taxonomy": "massage_therapy",
        "overture_confidence": 0.935,
        "grid_id": "r3_c6"
      }
    },
    {
      "type": "Feature",
      "geometry": {
        "type": "Point",
        "coordinates": [
          1.9740312,
          41.27705722
        ]
      },
      "properties": {
        "osm_id": null,
        "overture_id": "66eda719-cb1e-4f88-9d4f-861b80cdb069",
        "name": "Estètica París",
        "display_name": "Estètica París",
        "category": "Servicios personales",
        "subcategory": "Centro de estética",
        "primary_tag": "overture=hair_salon",
        "source": "Overture Maps Places",
        "sources": [
          "Overture Maps Places"
        ],
        "name_source": "Overture Maps Places",
        "overture_taxonomy": "hair_salon",
        "overture_confidence": 0.978,
        "grid_id": "r3_c6"
      }
    },
    {
      "type": "Feature",
      "geometry": {
        "type": "Point",
        "coordinates": [
          1.98613417,
          41.28758305
        ]
      },
      "properties": {
        "osm_id": null,
        "overture_id": "ce93ad58-5b1e-40ca-b131-a1713010d843",
        "name": "Estética Teresa Buera",
        "display_name": "Estética Teresa Buera",
        "category": "Servicios personales",
        "subcategory": "Centro de estética",
        "primary_tag": "overture=beauty_salon",
        "source": "Overture Maps Places",
        "sources": [
          "Overture Maps Places"
        ],
        "name_source": "Overture Maps Places",
        "overture_taxonomy": "beauty_salon",
        "overture_confidence": 0.941,
        "grid_id": "r5_c8"
      }
    },
    {
      "type": "Feature",
      "geometry": {
        "type": "Point",
        "coordinates": [
          1.97920875,
          41.27992892
        ]
      },
      "properties": {
        "osm_id": null,
        "overture_id": "ebeeed8f-3380-45c9-a735-8fae37f7be6a",
        "name": "Flame Salon",
        "display_name": "Flame Salon",
        "category": "Servicios personales",
        "subcategory": "Peluquería",
        "primary_tag": "overture=hair_salon",
        "source": "Overture Maps Places",
        "sources": [
          "Overture Maps Places"
        ],
        "name_source": "Overture Maps Places",
        "overture_taxonomy": "hair_salon",
        "overture_confidence": 0.949,
        "grid_id": "r3_c7"
      }
    },
    {
      "type": "Feature",
      "geometry": {
        "type": "Point",
        "coordinates": [
          1.97628759,
          41.27911696
        ]
      },
      "properties": {
        "osm_id": null,
        "overture_id": "484b0041-0981-4cb9-9725-a9f9ae606eb2",
        "name": "Flamingo Nails Castelldefels",
        "display_name": "Flamingo Nails Castelldefels",
        "category": "Servicios personales",
        "subcategory": "Manicura / uñas",
        "primary_tag": "overture=nail_salon",
        "source": "Overture Maps Places",
        "sources": [
          "Overture Maps Places"
        ],
        "name_source": "Overture Maps Places",
        "overture_taxonomy": "nail_salon",
        "overture_confidence": 0.954,
        "grid_id": "r3_c6"
      }
    },
    {
      "type": "Feature",
      "geometry": {
        "type": "Point",
        "coordinates": [
          1.97770164,
          41.27871981
        ]
      },
      "properties": {
        "osm_id": null,
        "overture_id": "b09f813d-6a41-4c7f-a37f-07a3005026f8",
        "name": "Formas Estilistas",
        "display_name": "Formas Estilistas",
        "category": "Servicios personales",
        "subcategory": "Centro de estética",
        "primary_tag": "overture=beauty_salon",
        "source": "Overture Maps Places",
        "sources": [
          "Overture Maps Places"
        ],
        "name_source": "Overture Maps Places",
        "overture_taxonomy": "beauty_salon",
        "overture_confidence": 0.921,
        "grid_id": "r3_c6"
      }
    },
    {
      "type": "Feature",
      "geometry": {
        "type": "Point",
        "coordinates": [
          1.97792588,
          41.28173015
        ]
      },
      "properties": {
        "osm_id": null,
        "overture_id": "aa35e350-3447-4f4b-9c91-6917518adedc",
        "name": "G&P Wellness & Beauty",
        "display_name": "G&P Wellness & Beauty",
        "category": "Servicios personales",
        "subcategory": "Centro de estética",
        "primary_tag": "overture=beauty_salon",
        "source": "Overture Maps Places",
        "sources": [
          "Overture Maps Places"
        ],
        "name_source": "Overture Maps Places",
        "overture_taxonomy": "beauty_salon",
        "overture_confidence": 0.962,
        "grid_id": "r4_c6"
      }
    },
    {
      "type": "Feature",
      "geometry": {
        "type": "Point",
        "coordinates": [
          1.977105,
          41.277857
        ]
      },
      "properties": {
        "osm_id": null,
        "overture_id": "d613e8a3-880f-47d7-bc77-09c60476be05",
        "name": "Galino Wellness Center",
        "display_name": "Galino Wellness Center",
        "category": "Servicios personales",
        "subcategory": "Spa / bienestar",
        "primary_tag": "overture=spa",
        "source": "Overture Maps Places",
        "sources": [
          "Overture Maps Places"
        ],
        "name_source": "Overture Maps Places",
        "overture_taxonomy": "spa",
        "overture_confidence": 0.977,
        "grid_id": "r3_c6"
      }
    },
    {
      "type": "Feature",
      "geometry": {
        "type": "Point",
        "coordinates": [
          1.98071924,
          41.28642235
        ]
      },
      "properties": {
        "osm_id": null,
        "overture_id": "cfc8ab5f-3dfc-4217-a5cc-1b4f94b7f54b",
        "name": "Geminis Saló peluquería",
        "display_name": "Geminis Saló peluquería",
        "category": "Servicios personales",
        "subcategory": "Peluquería",
        "primary_tag": "overture=hair_salon",
        "source": "Overture Maps Places",
        "sources": [
          "Overture Maps Places"
        ],
        "name_source": "Overture Maps Places",
        "overture_taxonomy": "hair_salon",
        "overture_confidence": 0.975,
        "grid_id": "r5_c7"
      }
    },
    {
      "type": "Feature",
      "geometry": {
        "type": "Point",
        "coordinates": [
          1.97852,
          41.27938
        ]
      },
      "properties": {
        "osm_id": null,
        "overture_id": "6727af82-8471-47f9-bb2a-b3cb9c7389f9",
        "name": "Gentleman H&S",
        "display_name": "Gentleman H&S",
        "category": "Servicios personales",
        "subcategory": "Barbería",
        "primary_tag": "overture=barber",
        "source": "Overture Maps Places",
        "sources": [
          "Overture Maps Places"
        ],
        "name_source": "Overture Maps Places",
        "overture_taxonomy": "barber",
        "overture_confidence": 0.914,
        "grid_id": "r3_c6"
      }
    },
    {
      "type": "Feature",
      "geometry": {
        "type": "Point",
        "coordinates": [
          1.97767506,
          41.27951315
        ]
      },
      "properties": {
        "osm_id": null,
        "overture_id": "f7648cb5-b853-40d1-8f69-1673e0abacdf",
        "name": "H2O Perruquers",
        "display_name": "H2O Perruquers",
        "category": "Servicios personales",
        "subcategory": "Peluquería",
        "primary_tag": "overture=hair_salon",
        "source": "Overture Maps Places",
        "sources": [
          "Overture Maps Places"
        ],
        "name_source": "Overture Maps Places",
        "overture_taxonomy": "hair_salon",
        "overture_confidence": 0.94,
        "grid_id": "r3_c6"
      }
    },
    {
      "type": "Feature",
      "geometry": {
        "type": "Point",
        "coordinates": [
          1.97809699,
          41.28084052
        ]
      },
      "properties": {
        "osm_id": null,
        "overture_id": "b1666db7-4fac-4d1d-a09f-b5a209c27928",
        "name": "Ida nails",
        "display_name": "Ida nails",
        "category": "Servicios personales",
        "subcategory": "Manicura / uñas",
        "primary_tag": "overture=nail_salon",
        "source": "Overture Maps Places",
        "sources": [
          "Overture Maps Places"
        ],
        "name_source": "Overture Maps Places",
        "overture_taxonomy": "nail_salon",
        "overture_confidence": 0.945,
        "grid_id": "r3_c6"
      }
    },
    {
      "type": "Feature",
      "geometry": {
        "type": "Point",
        "coordinates": [
          1.9759101,
          41.27971898
        ]
      },
      "properties": {
        "osm_id": null,
        "overture_id": "4fd19cee-3c67-427d-9e39-ae3b74c92126",
        "name": "Innova10 unisex",
        "display_name": "Innova10 unisex",
        "category": "Servicios personales",
        "subcategory": "Peluquería",
        "primary_tag": "overture=hair_salon",
        "source": "Overture Maps Places",
        "sources": [
          "Overture Maps Places"
        ],
        "name_source": "Overture Maps Places",
        "overture_taxonomy": "hair_salon",
        "overture_confidence": 0.936,
        "grid_id": "r3_c6"
      }
    },
    {
      "type": "Feature",
      "geometry": {
        "type": "Point",
        "coordinates": [
          1.97386,
          41.28215
        ]
      },
      "properties": {
        "osm_id": null,
        "overture_id": "55a68b0f-1c1b-4252-ae5f-15c59b4f4280",
        "name": "Institut Line Barcelona",
        "display_name": "Institut Line Barcelona",
        "category": "Servicios personales",
        "subcategory": "Centro de estética",
        "primary_tag": "overture=beauty_salon",
        "source": "Overture Maps Places",
        "sources": [
          "Overture Maps Places"
        ],
        "name_source": "Overture Maps Places",
        "overture_taxonomy": "beauty_salon",
        "overture_confidence": 0.909,
        "grid_id": "r4_c6"
      }
    },
    {
      "type": "Feature",
      "geometry": {
        "type": "Point",
        "coordinates": [
          1.9780522,
          41.2796678
        ]
      },
      "properties": {
        "osm_id": "node/12278203614",
        "name": "J. Perez",
        "display_name": "J. Perez",
        "category": "Servicios personales",
        "subcategory": "Peluquería",
        "primary_tag": "shop=hairdresser",
        "amenity": null,
        "shop": "hairdresser",
        "office": null,
        "tourism": null,
        "leisure": null,
        "wikidata": null,
        "website": null,
        "phone": null,
        "opening_hours": null,
        "addr_street": null,
        "addr_housenumber": null,
        "addr_postcode": null,
        "addr_city": null,
        "image": null,
        "wikimedia_commons": null,
        "mapillary": null,
        "source": "OpenStreetMap via Overpass API",
        "name_source": "OpenStreetMap",
        "grid_id": "r3_c6"
      }
    },
    {
      "type": "Feature",
      "geometry": {
        "type": "Point",
        "coordinates": [
          1.979939516432377,
          41.28365190086444
        ]
      },
      "properties": {
        "osm_id": null,
        "overture_id": "f6481084-18c7-4e32-af1a-42417c420cac",
        "name": "JZ Beauty Studio",
        "display_name": "JZ Beauty Studio",
        "category": "Servicios personales",
        "subcategory": "Centro de estética",
        "primary_tag": "overture=beauty_salon",
        "source": "Overture Maps Places",
        "sources": [
          "Overture Maps Places"
        ],
        "name_source": "Overture Maps Places",
        "overture_taxonomy": "beauty_salon",
        "overture_confidence": 0.958,
        "grid_id": "r4_c7"
      }
    },
    {
      "type": "Feature",
      "geometry": {
        "type": "Point",
        "coordinates": [
          1.9784898,
          41.2795977
        ]
      },
      "properties": {
        "osm_id": "node/7343698499",
        "name": "kukot",
        "display_name": "kukot",
        "category": "Servicios personales",
        "subcategory": "Peluquería",
        "primary_tag": "shop=hairdresser",
        "amenity": null,
        "shop": "hairdresser",
        "office": null,
        "tourism": null,
        "leisure": null,
        "wikidata": null,
        "website": null,
        "phone": null,
        "opening_hours": null,
        "addr_street": null,
        "addr_housenumber": null,
        "addr_postcode": null,
        "addr_city": null,
        "image": null,
        "wikimedia_commons": null,
        "mapillary": null,
        "source": "OpenStreetMap via Overpass API",
        "name_source": "OpenStreetMap",
        "grid_id": "r3_c6"
      }
    },
    {
      "type": "Feature",
      "geometry": {
        "type": "Point",
        "coordinates": [
          1.97909872,
          41.28112855
        ]
      },
      "properties": {
        "osm_id": null,
        "overture_id": "00a33847-b715-4145-b7a7-dcef91050e50",
        "name": "La Boutique de la Belleza by Nuria Pascual",
        "display_name": "La Boutique de la Belleza by Nuria Pascual",
        "category": "Servicios personales",
        "subcategory": "Centro de estética",
        "primary_tag": "overture=beauty_salon",
        "source": "Overture Maps Places",
        "sources": [
          "Overture Maps Places"
        ],
        "name_source": "Overture Maps Places",
        "overture_taxonomy": "beauty_salon",
        "overture_confidence": 0.96,
        "grid_id": "r3_c7"
      }
    },
    {
      "type": "Feature",
      "geometry": {
        "type": "Point",
        "coordinates": [
          1.98134112,
          41.28648163
        ]
      },
      "properties": {
        "osm_id": null,
        "overture_id": "98a07388-0e28-4a8e-af0a-16955fbb7758",
        "name": "La Coquette salon",
        "display_name": "La Coquette salon",
        "category": "Servicios personales",
        "subcategory": "Peluquería",
        "primary_tag": "overture=hair_salon",
        "source": "Overture Maps Places",
        "sources": [
          "Overture Maps Places"
        ],
        "name_source": "Overture Maps Places",
        "overture_taxonomy": "hair_salon",
        "overture_confidence": 0.99,
        "grid_id": "r5_c7"
      }
    },
    {
      "type": "Feature",
      "geometry": {
        "type": "Point",
        "coordinates": [
          1.9738835,
          41.28288856
        ]
      },
      "properties": {
        "osm_id": null,
        "overture_id": "07e51319-804d-45d4-9433-c0d467745923",
        "name": "Lau Nails",
        "display_name": "Lau Nails",
        "category": "Servicios personales",
        "subcategory": "Manicura / uñas",
        "primary_tag": "overture=nail_salon",
        "source": "Overture Maps Places",
        "sources": [
          "Overture Maps Places"
        ],
        "name_source": "Overture Maps Places",
        "overture_taxonomy": "nail_salon",
        "overture_confidence": 0.969,
        "grid_id": "r4_c6"
      }
    },
    {
      "type": "Feature",
      "geometry": {
        "type": "Point",
        "coordinates": [
          1.97506528,
          41.27760519
        ]
      },
      "properties": {
        "osm_id": null,
        "overture_id": "6d3a0797-ff33-463f-922b-ec970bc6b241",
        "name": "Llenas Hair Studio",
        "display_name": "Llenas Hair Studio",
        "category": "Servicios personales",
        "subcategory": "Peluquería / barbería",
        "primary_tag": "overture=hair_salon",
        "source": "Overture Maps Places",
        "sources": [
          "Overture Maps Places"
        ],
        "name_source": "Overture Maps Places",
        "overture_taxonomy": "hair_salon",
        "overture_confidence": 0.988,
        "grid_id": "r3_c6"
      }
    },
    {
      "type": "Feature",
      "geometry": {
        "type": "Point",
        "coordinates": [
          1.97946,
          41.28158
        ]
      },
      "properties": {
        "osm_id": null,
        "overture_id": "5a9f763a-6a6b-45a0-b96a-1cd3927a61a9",
        "name": "Loyalbarbershop",
        "display_name": "Loyalbarbershop",
        "category": "Servicios personales",
        "subcategory": "Barbería",
        "primary_tag": "overture=barber",
        "source": "Overture Maps Places",
        "sources": [
          "Overture Maps Places"
        ],
        "name_source": "Overture Maps Places",
        "overture_taxonomy": "barber",
        "overture_confidence": 0.966,
        "grid_id": "r4_c7"
      }
    },
    {
      "type": "Feature",
      "geometry": {
        "type": "Point",
        "coordinates": [
          1.97813891,
          41.28178313
        ]
      },
      "properties": {
        "osm_id": null,
        "overture_id": "3759fda4-cd9c-4001-a2fe-86686457a67c",
        "name": "Mi Barberia",
        "display_name": "Mi Barberia",
        "category": "Servicios personales",
        "subcategory": "Barbería",
        "primary_tag": "overture=barber",
        "source": "Overture Maps Places",
        "sources": [
          "Overture Maps Places"
        ],
        "name_source": "Overture Maps Places",
        "overture_taxonomy": "barber",
        "overture_confidence": 0.964,
        "grid_id": "r4_c6"
      }
    },
    {
      "type": "Feature",
      "geometry": {
        "type": "Point",
        "coordinates": [
          1.9775423,
          41.2789425
        ]
      },
      "properties": {
        "osm_id": null,
        "overture_id": "aefe0947-69cb-4101-b416-68777fc4f3ac",
        "name": "Mi Salón Castelldefels Peluquería",
        "display_name": "Mi Salón Castelldefels Peluquería",
        "category": "Servicios personales",
        "subcategory": "Centro de estética",
        "primary_tag": "overture=beauty_salon",
        "source": "Overture Maps Places",
        "sources": [
          "Overture Maps Places"
        ],
        "name_source": "Overture Maps Places",
        "overture_taxonomy": "beauty_salon",
        "overture_confidence": 0.962,
        "grid_id": "r3_c6"
      }
    },
    {
      "type": "Feature",
      "geometry": {
        "type": "Point",
        "coordinates": [
          1.97540278,
          41.28130492
        ]
      },
      "properties": {
        "osm_id": null,
        "overture_id": "618fc73f-f367-4ce1-bb1b-d0ee5910233b",
        "name": "Mi-Ma-Te Beauty Studio",
        "display_name": "Mi-Ma-Te Beauty Studio",
        "category": "Servicios personales",
        "subcategory": "Centro de estética",
        "primary_tag": "overture=beauty_salon",
        "source": "Overture Maps Places",
        "sources": [
          "Overture Maps Places"
        ],
        "name_source": "Overture Maps Places",
        "overture_taxonomy": "beauty_salon",
        "overture_confidence": 0.948,
        "grid_id": "r3_c6"
      }
    },
    {
      "type": "Feature",
      "geometry": {
        "type": "Point",
        "coordinates": [
          1.97435414,
          41.27911336
        ]
      },
      "properties": {
        "osm_id": null,
        "overture_id": "7c40cbd1-ad78-4508-b92b-02e03050fefb",
        "name": "Mira'm Espai de Bellesa",
        "display_name": "Mira'm Espai de Bellesa",
        "category": "Servicios personales",
        "subcategory": "Peluquería",
        "primary_tag": "overture=hair_salon",
        "source": "Overture Maps Places",
        "sources": [
          "Overture Maps Places"
        ],
        "name_source": "Overture Maps Places",
        "overture_taxonomy": "hair_salon",
        "overture_confidence": 0.985,
        "grid_id": "r3_c6"
      }
    },
    {
      "type": "Feature",
      "geometry": {
        "type": "Point",
        "coordinates": [
          1.97807,
          41.2816199
        ]
      },
      "properties": {
        "osm_id": null,
        "overture_id": "05007524-cc95-42f4-ad79-2470d3e5df28",
        "name": "Nails Factory Castelldefels",
        "display_name": "Nails Factory Castelldefels",
        "category": "Servicios personales",
        "subcategory": "Manicura / uñas",
        "primary_tag": "overture=spa",
        "source": "Overture Maps Places",
        "sources": [
          "Overture Maps Places"
        ],
        "name_source": "Overture Maps Places",
        "overture_taxonomy": "spa",
        "overture_confidence": 0.908,
        "grid_id": "r4_c6"
      }
    },
    {
      "type": "Feature",
      "geometry": {
        "type": "Point",
        "coordinates": [
          1.9791235,
          41.27981894
        ]
      },
      "properties": {
        "osm_id": null,
        "overture_id": "f41bdf8b-cb55-454a-b3ea-b58360469f83",
        "name": "Nuria Alemán by Comercial Layne",
        "display_name": "Nuria Alemán by Comercial Layne",
        "category": "Servicios personales",
        "subcategory": "Peluquería",
        "primary_tag": "overture=hair_salon",
        "source": "Overture Maps Places",
        "sources": [
          "Overture Maps Places"
        ],
        "name_source": "Overture Maps Places",
        "overture_taxonomy": "hair_salon",
        "overture_confidence": 0.968,
        "grid_id": "r3_c7"
      }
    },
    {
      "type": "Feature",
      "geometry": {
        "type": "Point",
        "coordinates": [
          1.98632165,
          41.2832343
        ]
      },
      "properties": {
        "osm_id": null,
        "overture_id": "9d740557-27d4-4aed-883b-c14d02666888",
        "name": "Nuria Pascual",
        "display_name": "Nuria Pascual",
        "category": "Servicios personales",
        "subcategory": "Spa / bienestar",
        "primary_tag": "overture=spa",
        "source": "Overture Maps Places",
        "sources": [
          "Overture Maps Places"
        ],
        "name_source": "Overture Maps Places",
        "overture_taxonomy": "spa",
        "overture_confidence": 0.964,
        "grid_id": "r4_c8"
      }
    },
    {
      "type": "Feature",
      "geometry": {
        "type": "Point",
        "coordinates": [
          1.9771028,
          41.2802397
        ]
      },
      "properties": {
        "osm_id": "node/12058686266",
        "name": "OD Beauty Salon",
        "display_name": "OD Beauty Salon",
        "category": "Servicios personales",
        "subcategory": "Peluquería",
        "primary_tag": "shop=hairdresser",
        "amenity": null,
        "shop": "hairdresser",
        "office": null,
        "tourism": null,
        "leisure": null,
        "wikidata": null,
        "website": null,
        "phone": null,
        "opening_hours": null,
        "addr_street": null,
        "addr_housenumber": null,
        "addr_postcode": null,
        "addr_city": null,
        "image": null,
        "wikimedia_commons": null,
        "mapillary": null,
        "source": "OpenStreetMap via Overpass API",
        "name_source": "OpenStreetMap",
        "grid_id": "r3_c6"
      }
    },
    {
      "type": "Feature",
      "geometry": {
        "type": "Point",
        "coordinates": [
          1.976493769291424,
          41.27800832890883
        ]
      },
      "properties": {
        "osm_id": null,
        "overture_id": "f3ebfd8f-fdbc-493c-9483-a5addd3cd167",
        "name": "Olafur salon",
        "display_name": "Olafur salon",
        "category": "Servicios personales",
        "subcategory": "Centro de estética",
        "primary_tag": "overture=beauty_salon",
        "source": "Overture Maps Places",
        "sources": [
          "Overture Maps Places"
        ],
        "name_source": "Overture Maps Places",
        "overture_taxonomy": "beauty_salon",
        "overture_confidence": 0.959,
        "grid_id": "r3_c6"
      }
    },
    {
      "type": "Feature",
      "geometry": {
        "type": "Point",
        "coordinates": [
          1.97335031,
          41.2824948
        ]
      },
      "properties": {
        "osm_id": null,
        "overture_id": "2aba0e34-c6cf-448a-8576-b7fe5ef8f6ee",
        "name": "Peluqueria Aguilar",
        "display_name": "Peluqueria Aguilar",
        "category": "Servicios personales",
        "subcategory": "Peluquería",
        "primary_tag": "overture=hair_salon",
        "source": "Overture Maps Places",
        "sources": [
          "Overture Maps Places"
        ],
        "name_source": "Overture Maps Places",
        "overture_taxonomy": "hair_salon",
        "overture_confidence": 0.984,
        "grid_id": "r4_c6"
      }
    },
    {
      "type": "Feature",
      "geometry": {
        "type": "Point",
        "coordinates": [
          1.979338,
          41.283125
        ]
      },
      "properties": {
        "osm_id": null,
        "overture_id": "28f14947-6ecf-4b34-926d-e1ad87459c18",
        "name": "Peluquería Alcaraz",
        "display_name": "Peluquería Alcaraz",
        "category": "Servicios personales",
        "subcategory": "Centro de estética",
        "primary_tag": "overture=beauty_salon",
        "source": "Overture Maps Places",
        "sources": [
          "Overture Maps Places"
        ],
        "name_source": "Overture Maps Places",
        "overture_taxonomy": "beauty_salon",
        "overture_confidence": 0.879,
        "grid_id": "r4_c7"
      }
    },
    {
      "type": "Feature",
      "geometry": {
        "type": "Point",
        "coordinates": [
          1.98179033,
          41.28503982
        ]
      },
      "properties": {
        "osm_id": null,
        "overture_id": "a9294c2c-290f-493a-83f0-d73aa0081132",
        "name": "Peluqueria Angel",
        "display_name": "Peluqueria Angel",
        "category": "Servicios personales",
        "subcategory": "Peluquería",
        "primary_tag": "overture=hair_salon",
        "source": "Overture Maps Places",
        "sources": [
          "Overture Maps Places"
        ],
        "name_source": "Overture Maps Places",
        "overture_taxonomy": "hair_salon",
        "overture_confidence": 0.939,
        "grid_id": "r4_c7"
      }
    },
    {
      "type": "Feature",
      "geometry": {
        "type": "Point",
        "coordinates": [
          1.97892882,
          41.28229739
        ]
      },
      "properties": {
        "osm_id": null,
        "overture_id": "570578b2-4327-4b23-927b-7eb4e12d77df",
        "name": "Peluquería Charles da Silva Fernandes",
        "display_name": "Peluquería Charles da Silva Fernandes",
        "category": "Servicios personales",
        "subcategory": "Peluquería",
        "primary_tag": "overture=hair_salon",
        "source": "Overture Maps Places",
        "sources": [
          "Overture Maps Places"
        ],
        "name_source": "Overture Maps Places",
        "overture_taxonomy": "hair_salon",
        "overture_confidence": 0.976,
        "grid_id": "r4_c6"
      }
    },
    {
      "type": "Feature",
      "geometry": {
        "type": "Point",
        "coordinates": [
          1.97586327,
          41.2784001
        ]
      },
      "properties": {
        "osm_id": null,
        "overture_id": "1b496a98-dbd3-484e-abde-ce08f882d34e",
        "name": "Peluqueria Flor & V",
        "display_name": "Peluqueria Flor & V",
        "category": "Servicios personales",
        "subcategory": "Peluquería",
        "primary_tag": "overture=hair_salon",
        "source": "Overture Maps Places",
        "sources": [
          "Overture Maps Places"
        ],
        "name_source": "Overture Maps Places",
        "overture_taxonomy": "hair_salon",
        "overture_confidence": 0.914,
        "grid_id": "r3_c6"
      }
    },
    {
      "type": "Feature",
      "geometry": {
        "type": "Point",
        "coordinates": [
          1.9813508,
          41.2859617
        ]
      },
      "properties": {
        "osm_id": "node/13532176081",
        "name": "Peluquería Masculina Manuel Perez",
        "display_name": "Peluquería Masculina Manuel Perez",
        "category": "Servicios personales",
        "subcategory": "Peluquería",
        "primary_tag": "shop=hairdresser",
        "amenity": null,
        "shop": "hairdresser",
        "office": null,
        "tourism": null,
        "leisure": null,
        "wikidata": null,
        "website": null,
        "phone": "+34 936 36 22 90",
        "opening_hours": "Mo-Sa 09:00-13:30,16:00-20:00",
        "addr_street": null,
        "addr_housenumber": null,
        "addr_postcode": null,
        "addr_city": null,
        "image": null,
        "wikimedia_commons": null,
        "mapillary": null,
        "source": "OpenStreetMap via Overpass API",
        "name_source": "OpenStreetMap",
        "grid_id": "r5_c7"
      }
    },
    {
      "type": "Feature",
      "geometry": {
        "type": "Point",
        "coordinates": [
          1.97654505,
          41.28742803
        ]
      },
      "properties": {
        "osm_id": null,
        "overture_id": "29e7cf6a-ed84-44d4-af4f-109638f930a6",
        "name": "Peluqueria Rafi Lizana",
        "display_name": "Peluqueria Rafi Lizana",
        "category": "Servicios personales",
        "subcategory": "Peluquería",
        "primary_tag": "overture=hair_salon",
        "source": "Overture Maps Places",
        "sources": [
          "Overture Maps Places"
        ],
        "name_source": "Overture Maps Places",
        "overture_taxonomy": "hair_salon",
        "overture_confidence": 0.916,
        "grid_id": "r5_c6"
      }
    },
    {
      "type": "Feature",
      "geometry": {
        "type": "Point",
        "coordinates": [
          1.9710328,
          41.2673897
        ]
      },
      "properties": {
        "osm_id": "node/2246307101",
        "name": null,
        "display_name": "Peluquería sin nombre",
        "category": "Servicios personales",
        "subcategory": "Peluquería",
        "primary_tag": "shop=hairdresser",
        "amenity": null,
        "shop": "hairdresser",
        "office": null,
        "tourism": null,
        "leisure": null,
        "wikidata": null,
        "website": null,
        "phone": null,
        "opening_hours": null,
        "addr_street": null,
        "addr_housenumber": null,
        "addr_postcode": null,
        "addr_city": null,
        "image": null,
        "wikimedia_commons": null,
        "mapillary": null,
        "source": "OpenStreetMap via Overpass API",
        "name_source": "semantic-fallback",
        "sources": [
          "OpenStreetMap via Overpass API",
          "Overture Maps Places"
        ],
        "overture_id": "55417128-4ceb-465f-b014-cbed2abfc5a6",
        "overture_confidence": 0.89,
        "grid_id": "r0_c5"
      }
    },
    {
      "type": "Feature",
      "geometry": {
        "type": "Point",
        "coordinates": [
          1.9770562,
          41.278548
        ]
      },
      "properties": {
        "osm_id": "node/8808373372",
        "name": null,
        "display_name": "Peluquería sin nombre",
        "category": "Servicios personales",
        "subcategory": "Peluquería",
        "primary_tag": "shop=hairdresser",
        "amenity": null,
        "shop": "hairdresser",
        "office": null,
        "tourism": null,
        "leisure": null,
        "wikidata": null,
        "website": null,
        "phone": null,
        "opening_hours": null,
        "addr_street": null,
        "addr_housenumber": null,
        "addr_postcode": null,
        "addr_city": null,
        "image": null,
        "wikimedia_commons": null,
        "mapillary": null,
        "source": "OpenStreetMap via Overpass API",
        "name_source": "semantic-fallback",
        "grid_id": "r3_c6"
      }
    },
    {
      "type": "Feature",
      "geometry": {
        "type": "Point",
        "coordinates": [
          1.95623019,
          41.26743465
        ]
      },
      "properties": {
        "osm_id": null,
        "overture_id": "45a4d1e1-c16a-4848-a68c-93a9e125273f",
        "name": "Peluquería Sixto",
        "display_name": "Peluquería Sixto",
        "category": "Servicios personales",
        "subcategory": "Barbería",
        "primary_tag": "overture=barber",
        "source": "Overture Maps Places",
        "sources": [
          "Overture Maps Places"
        ],
        "name_source": "Overture Maps Places",
        "overture_taxonomy": "barber",
        "overture_confidence": 0.927,
        "panoramax_id": "547d16fa-afc6-4996-9d60-5884fc1308ec",
        "panoramax_thumbnail_url": "https://panoramax.openstreetmap.fr/derivates/54/7d/16/fa/afc6-4996-9d60-5884fc1308ec/thumb.jpg",
        "panoramax_visual_url": "https://panoramax.openstreetmap.fr/derivates/54/7d/16/fa/afc6-4996-9d60-5884fc1308ec/sd.jpg",
        "panoramax_captured_at": "2020-07-08T14:59:39.900000",
        "panoramax_distance_m": 21,
        "panoramax_license": "CC-BY-SA-4.0",
        "panoramax_providers": [
          "yopaseopor"
        ],
        "panoramax_instance_name": "osm-fr",
        "panoramax_instance_url": "https://panoramax.openstreetmap.fr",
        "grid_id": "r0_c3"
      }
    },
    {
      "type": "Feature",
      "geometry": {
        "type": "Point",
        "coordinates": [
          1.98039781,
          41.27320447
        ]
      },
      "properties": {
        "osm_id": null,
        "overture_id": "f177be87-5b34-471d-884e-491ff2b6989f",
        "name": "Pepi's Centro de Estetica y Terapias Naturales",
        "display_name": "Pepi's Centro de Estetica y Terapias Naturales",
        "category": "Servicios personales",
        "subcategory": "Centro de estética",
        "primary_tag": "overture=spa",
        "source": "Overture Maps Places",
        "sources": [
          "Overture Maps Places"
        ],
        "name_source": "Overture Maps Places",
        "overture_taxonomy": "spa",
        "overture_confidence": 0.928,
        "grid_id": "r2_c7"
      }
    },
    {
      "type": "Feature",
      "geometry": {
        "type": "Point",
        "coordinates": [
          1.97993714,
          41.28367175
        ]
      },
      "properties": {
        "osm_id": null,
        "overture_id": "93f1da78-2083-42a7-970c-4aa392c9f246",
        "name": "Perfect Woman",
        "display_name": "Perfect Woman",
        "category": "Servicios personales",
        "subcategory": "Centro de estética",
        "primary_tag": "overture=beauty_salon",
        "source": "Overture Maps Places",
        "sources": [
          "Overture Maps Places"
        ],
        "name_source": "Overture Maps Places",
        "overture_taxonomy": "beauty_salon",
        "overture_confidence": 0.995,
        "grid_id": "r4_c7"
      }
    },
    {
      "type": "Feature",
      "geometry": {
        "type": "Point",
        "coordinates": [
          1.97659775,
          41.27852985
        ]
      },
      "properties": {
        "osm_id": null,
        "overture_id": "0e401335-dfe0-4e7a-a7db-f4f6dbee3835",
        "name": "Perruqueria",
        "display_name": "Perruqueria",
        "category": "Servicios personales",
        "subcategory": "Peluquería",
        "primary_tag": "overture=hair_salon",
        "source": "Overture Maps Places",
        "sources": [
          "Overture Maps Places"
        ],
        "name_source": "Overture Maps Places",
        "overture_taxonomy": "hair_salon",
        "overture_confidence": 0.897,
        "grid_id": "r3_c6"
      }
    },
    {
      "type": "Feature",
      "geometry": {
        "type": "Point",
        "coordinates": [
          1.97973165,
          41.2857355
        ]
      },
      "properties": {
        "osm_id": null,
        "overture_id": "21812941-825a-4c62-830f-e1974630ba57",
        "name": "Perruqueria 52",
        "display_name": "Perruqueria 52",
        "category": "Servicios personales",
        "subcategory": "Peluquería",
        "primary_tag": "overture=hair_salon",
        "source": "Overture Maps Places",
        "sources": [
          "Overture Maps Places"
        ],
        "name_source": "Overture Maps Places",
        "overture_taxonomy": "hair_salon",
        "overture_confidence": 0.969,
        "grid_id": "r4_c7"
      }
    },
    {
      "type": "Feature",
      "geometry": {
        "type": "Point",
        "coordinates": [
          1.98569012,
          41.28551505
        ]
      },
      "properties": {
        "osm_id": null,
        "overture_id": "24d79d1a-4cf8-4049-948f-8b5a4ab69757",
        "name": "Polished Car Wash Spa",
        "display_name": "Polished Car Wash Spa",
        "category": "Servicios personales",
        "subcategory": "Spa / masajes",
        "primary_tag": "overture=car_wash",
        "source": "Overture Maps Places",
        "sources": [
          "Overture Maps Places"
        ],
        "name_source": "Overture Maps Places",
        "overture_taxonomy": "car_wash",
        "overture_confidence": 0.898,
        "grid_id": "r4_c8"
      }
    },
    {
      "type": "Feature",
      "geometry": {
        "type": "Point",
        "coordinates": [
          1.974055,
          41.276948
        ]
      },
      "properties": {
        "osm_id": null,
        "overture_id": "4bdc6989-7804-4663-9271-324d613f9fa4",
        "name": "Rafols Perruquers",
        "display_name": "Rafols Perruquers",
        "category": "Servicios personales",
        "subcategory": "Spa / bienestar",
        "primary_tag": "overture=spa",
        "source": "Overture Maps Places",
        "sources": [
          "Overture Maps Places"
        ],
        "name_source": "Overture Maps Places",
        "overture_taxonomy": "spa",
        "overture_confidence": 0.906,
        "grid_id": "r3_c6"
      }
    },
    {
      "type": "Feature",
      "geometry": {
        "type": "Point",
        "coordinates": [
          1.9745783,
          41.282447
        ]
      },
      "properties": {
        "osm_id": null,
        "overture_id": "bf5d7c3a-d11d-4d19-99ed-a6a576684e47",
        "name": "Riff Raff Barbers",
        "display_name": "Riff Raff Barbers",
        "category": "Servicios personales",
        "subcategory": "Barbería",
        "primary_tag": "overture=barber",
        "source": "Overture Maps Places",
        "sources": [
          "Overture Maps Places"
        ],
        "name_source": "Overture Maps Places",
        "overture_taxonomy": "barber",
        "overture_confidence": 0.969,
        "grid_id": "r4_c6"
      }
    },
    {
      "type": "Feature",
      "geometry": {
        "type": "Point",
        "coordinates": [
          1.98581579,
          41.27891632
        ]
      },
      "properties": {
        "osm_id": null,
        "overture_id": "43a955e3-8077-4257-b641-d9ba9e3ab348",
        "name": "Ros's Estetica",
        "display_name": "Ros's Estetica",
        "category": "Servicios personales",
        "subcategory": "Centro de estética",
        "primary_tag": "overture=medical_research_institute",
        "source": "Overture Maps Places",
        "sources": [
          "Overture Maps Places"
        ],
        "name_source": "Overture Maps Places",
        "overture_taxonomy": "medical_research_institute",
        "overture_confidence": 0.996,
        "grid_id": "r3_c8"
      }
    },
    {
      "type": "Feature",
      "geometry": {
        "type": "Point",
        "coordinates": [
          1.97870762,
          41.28263625
        ]
      },
      "properties": {
        "osm_id": null,
        "overture_id": "b655ef9f-85af-4811-a195-c5e80f051c5e",
        "name": "Rosario Romano Estilistas",
        "display_name": "Rosario Romano Estilistas",
        "category": "Servicios personales",
        "subcategory": "Peluquería",
        "primary_tag": "overture=hair_salon",
        "source": "Overture Maps Places",
        "sources": [
          "Overture Maps Places"
        ],
        "name_source": "Overture Maps Places",
        "overture_taxonomy": "hair_salon",
        "overture_confidence": 0.889,
        "grid_id": "r4_c6"
      }
    },
    {
      "type": "Feature",
      "geometry": {
        "type": "Point",
        "coordinates": [
          1.97765625,
          41.27954991
        ]
      },
      "properties": {
        "osm_id": null,
        "overture_id": "3c118552-6112-41a4-8d3a-c70d397f8198",
        "name": "Salón Begoña Gómez",
        "display_name": "Salón Begoña Gómez",
        "category": "Servicios personales",
        "subcategory": "Peluquería",
        "primary_tag": "overture=hair_salon",
        "source": "Overture Maps Places",
        "sources": [
          "Overture Maps Places"
        ],
        "name_source": "Overture Maps Places",
        "overture_taxonomy": "hair_salon",
        "overture_confidence": 0.959,
        "grid_id": "r3_c6"
      }
    },
    {
      "type": "Feature",
      "geometry": {
        "type": "Point",
        "coordinates": [
          1.9789357850037,
          41.286369485004
        ]
      },
      "properties": {
        "osm_id": null,
        "overture_id": "852922b5-6075-4801-a110-3eb93237d128",
        "name": "Salón de belleza Mechas Barcelona",
        "display_name": "Salón de belleza Mechas Barcelona",
        "category": "Servicios personales",
        "subcategory": "Centro de estética",
        "primary_tag": "overture=beauty_salon",
        "source": "Overture Maps Places",
        "sources": [
          "Overture Maps Places"
        ],
        "name_source": "Overture Maps Places",
        "overture_taxonomy": "beauty_salon",
        "overture_confidence": 0.914,
        "grid_id": "r5_c6"
      }
    },
    {
      "type": "Feature",
      "geometry": {
        "type": "Point",
        "coordinates": [
          1.98029776,
          41.28321129
        ]
      },
      "properties": {
        "osm_id": null,
        "overture_id": "92aae2be-dd36-4b13-b611-80ec7748cb1a",
        "name": "Sandra Segura Estilistas",
        "display_name": "Sandra Segura Estilistas",
        "category": "Servicios personales",
        "subcategory": "Centro de estética",
        "primary_tag": "overture=beauty_salon",
        "source": "Overture Maps Places",
        "sources": [
          "Overture Maps Places"
        ],
        "name_source": "Overture Maps Places",
        "overture_taxonomy": "beauty_salon",
        "overture_confidence": 0.98,
        "grid_id": "r4_c7"
      }
    },
    {
      "type": "Feature",
      "geometry": {
        "type": "Point",
        "coordinates": [
          1.98094705,
          41.28186813
        ]
      },
      "properties": {
        "osm_id": null,
        "overture_id": "d9045b4d-e005-4d6b-bc1d-3f1d9f1609fc",
        "name": "Sidartha Estilistes",
        "display_name": "Sidartha Estilistes",
        "category": "Servicios personales",
        "subcategory": "Peluquería",
        "primary_tag": "overture=hair_salon",
        "source": "Overture Maps Places",
        "sources": [
          "Overture Maps Places"
        ],
        "name_source": "Overture Maps Places",
        "overture_taxonomy": "hair_salon",
        "overture_confidence": 0.984,
        "grid_id": "r4_c7"
      }
    },
    {
      "type": "Feature",
      "geometry": {
        "type": "Point",
        "coordinates": [
          1.97413522,
          41.27680498
        ]
      },
      "properties": {
        "osm_id": null,
        "overture_id": "b3227e6d-3040-4310-9c76-04fef3e64b6f",
        "name": "Simple Cero Residuo",
        "display_name": "Simple Cero Residuo",
        "category": "Servicios personales",
        "subcategory": "Spa / bienestar",
        "primary_tag": "overture=spa",
        "source": "Overture Maps Places",
        "sources": [
          "Overture Maps Places"
        ],
        "name_source": "Overture Maps Places",
        "overture_taxonomy": "spa",
        "overture_confidence": 0.958,
        "grid_id": "r2_c6"
      }
    },
    {
      "type": "Feature",
      "geometry": {
        "type": "Point",
        "coordinates": [
          1.97553724,
          41.2801811
        ]
      },
      "properties": {
        "osm_id": null,
        "overture_id": "2ed8a398-e2a8-407b-9ed3-01617a2fd742",
        "name": "Sonia Ruano",
        "display_name": "Sonia Ruano",
        "category": "Servicios personales",
        "subcategory": "Masajes terapéuticos",
        "primary_tag": "overture=massage_therapy",
        "source": "Overture Maps Places",
        "sources": [
          "Overture Maps Places"
        ],
        "name_source": "Overture Maps Places",
        "overture_taxonomy": "massage_therapy",
        "overture_confidence": 0.98,
        "grid_id": "r3_c6"
      }
    },
    {
      "type": "Feature",
      "geometry": {
        "type": "Point",
        "coordinates": [
          1.97644451,
          41.27751203
        ]
      },
      "properties": {
        "osm_id": null,
        "overture_id": "103a535d-729d-42f6-8ec3-b54d1cb97e4c",
        "name": "SUVi beauty loft space",
        "display_name": "SUVi beauty loft space",
        "category": "Servicios personales",
        "subcategory": "Spa / masajes",
        "primary_tag": "overture=beauty_salon",
        "source": "Overture Maps Places",
        "sources": [
          "Overture Maps Places"
        ],
        "name_source": "Overture Maps Places",
        "overture_taxonomy": "beauty_salon",
        "overture_confidence": 0.868,
        "grid_id": "r3_c6"
      }
    },
    {
      "type": "Feature",
      "geometry": {
        "type": "Point",
        "coordinates": [
          1.97971338,
          41.28619801
        ]
      },
      "properties": {
        "osm_id": null,
        "overture_id": "e5b3b17c-02b1-46ef-85dd-408777679b18",
        "name": "Tot Styl",
        "display_name": "Tot Styl",
        "category": "Servicios personales",
        "subcategory": "Centro de estética",
        "primary_tag": "overture=beauty_salon",
        "source": "Overture Maps Places",
        "sources": [
          "Overture Maps Places"
        ],
        "name_source": "Overture Maps Places",
        "overture_taxonomy": "beauty_salon",
        "overture_confidence": 0.904,
        "grid_id": "r5_c7"
      }
    },
    {
      "type": "Feature",
      "geometry": {
        "type": "Point",
        "coordinates": [
          1.98040544,
          41.28259921
        ]
      },
      "properties": {
        "osm_id": null,
        "overture_id": "8af632f5-6f1d-44b2-956a-81514c99f4d0",
        "name": "Ungles i estetica Imatge",
        "display_name": "Ungles i estetica Imatge",
        "category": "Servicios personales",
        "subcategory": "Centro de estética",
        "primary_tag": "overture=beauty_salon",
        "source": "Overture Maps Places",
        "sources": [
          "Overture Maps Places"
        ],
        "name_source": "Overture Maps Places",
        "overture_taxonomy": "beauty_salon",
        "overture_confidence": 0.928,
        "panoramax_id": "05bbaf81-5660-492a-959c-907dc946fd84",
        "panoramax_thumbnail_url": "https://panoramax.openstreetmap.fr/derivates/05/bb/af/81/5660-492a-959c-907dc946fd84/thumb.jpg",
        "panoramax_visual_url": "https://panoramax.openstreetmap.fr/derivates/05/bb/af/81/5660-492a-959c-907dc946fd84/sd.jpg",
        "panoramax_captured_at": "2024-11-08T11:00:00",
        "panoramax_distance_m": 23.6,
        "panoramax_license": "CC-BY-SA-4.0",
        "panoramax_providers": [
          "p4n-pics"
        ],
        "panoramax_instance_name": "osm-fr",
        "panoramax_instance_url": "https://panoramax.openstreetmap.fr",
        "grid_id": "r4_c7"
      }
    },
    {
      "type": "Feature",
      "geometry": {
        "type": "Point",
        "coordinates": [
          1.977300552158926,
          41.281753806874235
        ]
      },
      "properties": {
        "osm_id": null,
        "overture_id": "6c343f62-073c-4207-9112-694b30629c45",
        "name": "Agencia Generali Seguros",
        "display_name": "Agencia Generali Seguros",
        "category": "Servicios profesionales y empresariales",
        "subcategory": "Seguros",
        "primary_tag": "overture=auto_insurance",
        "source": "Overture Maps Places",
        "sources": [
          "Overture Maps Places"
        ],
        "name_source": "Overture Maps Places",
        "overture_taxonomy": "auto_insurance",
        "overture_confidence": 0.9,
        "grid_id": "r4_c6"
      }
    },
    {
      "type": "Feature",
      "geometry": {
        "type": "Point",
        "coordinates": [
          1.9824088,
          41.2663527
        ]
      },
      "properties": {
        "osm_id": "node/13529659192",
        "name": null,
        "display_name": "Agencia inmobiliaria sin nombre",
        "category": "Servicios profesionales y empresariales",
        "subcategory": "Agencia inmobiliaria",
        "primary_tag": "office=estate_agent",
        "amenity": null,
        "shop": null,
        "office": "estate_agent",
        "tourism": null,
        "leisure": null,
        "wikidata": null,
        "website": null,
        "phone": null,
        "opening_hours": null,
        "addr_street": null,
        "addr_housenumber": null,
        "addr_postcode": null,
        "addr_city": null,
        "image": null,
        "wikimedia_commons": null,
        "mapillary": null,
        "source": "OpenStreetMap via Overpass API",
        "name_source": "semantic-fallback",
        "grid_id": "r0_c7"
      }
    },
    {
      "type": "Feature",
      "geometry": {
        "type": "Point",
        "coordinates": [
          1.97281421,
          41.27435511
        ]
      },
      "properties": {
        "osm_id": null,
        "overture_id": "560e4cc8-d07b-4d10-8d1d-c15382306439",
        "name": "Amsa Arquitectura",
        "display_name": "Amsa Arquitectura",
        "category": "Servicios profesionales y empresariales",
        "subcategory": "Diseño arquitectónico",
        "primary_tag": "overture=architectural_designer",
        "source": "Overture Maps Places",
        "sources": [
          "Overture Maps Places"
        ],
        "name_source": "Overture Maps Places",
        "overture_taxonomy": "architectural_designer",
        "overture_confidence": 0.995,
        "grid_id": "r2_c5"
      }
    },
    {
      "type": "Feature",
      "geometry": {
        "type": "Point",
        "coordinates": [
          1.98627336,
          41.28695192
        ]
      },
      "properties": {
        "osm_id": null,
        "overture_id": "df43718d-39b0-45df-8251-2288b407167d",
        "name": "Armari Solucio",
        "display_name": "Armari Solucio",
        "category": "Servicios profesionales y empresariales",
        "subcategory": "Contratista",
        "primary_tag": "overture=contractor",
        "source": "Overture Maps Places",
        "sources": [
          "Overture Maps Places"
        ],
        "name_source": "Overture Maps Places",
        "overture_taxonomy": "contractor",
        "overture_confidence": 0.942,
        "grid_id": "r5_c8"
      }
    },
    {
      "type": "Feature",
      "geometry": {
        "type": "Point",
        "coordinates": [
          1.979998,
          41.270113
        ]
      },
      "properties": {
        "osm_id": null,
        "overture_id": "bba6e01f-f6b5-4c7e-9568-3b8fcfd999bf",
        "name": "ATIPIKA Lifestyle Properties Inmobiliaria en Castelldefels",
        "display_name": "ATIPIKA Lifestyle Properties Inmobiliaria en Castelldefels",
        "category": "Servicios profesionales y empresariales",
        "subcategory": "Servicios inmobiliarios",
        "primary_tag": "overture=real_estate_agent",
        "source": "Overture Maps Places",
        "sources": [
          "Overture Maps Places"
        ],
        "name_source": "Overture Maps Places",
        "overture_taxonomy": "real_estate_agent",
        "overture_confidence": 0.85,
        "grid_id": "r1_c7"
      }
    },
    {
      "type": "Feature",
      "geometry": {
        "type": "Point",
        "coordinates": [
          1.98084229,
          41.28360193
        ]
      },
      "properties": {
        "osm_id": null,
        "overture_id": "ed9e3c3c-216c-40fd-bb3e-4876a6fab462",
        "name": "azulmarino",
        "display_name": "azulmarino",
        "category": "Servicios profesionales y empresariales",
        "subcategory": "Agencia / servicio de viajes",
        "primary_tag": "overture=travel_service",
        "source": "Overture Maps Places",
        "sources": [
          "Overture Maps Places"
        ],
        "name_source": "Overture Maps Places",
        "overture_taxonomy": "travel_service",
        "overture_confidence": 0.986,
        "grid_id": "r4_c7"
      }
    },
    {
      "type": "Feature",
      "geometry": {
        "type": "Point",
        "coordinates": [
          1.98140418,
          41.28588187
        ]
      },
      "properties": {
        "osm_id": null,
        "overture_id": "eff49386-8415-44f7-9507-675f7168e90c",
        "name": "B travel",
        "display_name": "B travel",
        "category": "Servicios profesionales y empresariales",
        "subcategory": "Agencia / servicio de viajes",
        "primary_tag": "overture=travel_service",
        "source": "Overture Maps Places",
        "sources": [
          "Overture Maps Places"
        ],
        "name_source": "Overture Maps Places",
        "overture_taxonomy": "travel_service",
        "overture_confidence": 0.908,
        "grid_id": "r4_c7"
      }
    },
    {
      "type": "Feature",
      "geometry": {
        "type": "Point",
        "coordinates": [
          1.984139,
          41.2809659
        ]
      },
      "properties": {
        "osm_id": null,
        "overture_id": "c6ebeb00-3f79-48d1-a2fb-b5b298a667c0",
        "name": "Bencoa - Asesores Inmobiliarios",
        "display_name": "Bencoa - Asesores Inmobiliarios",
        "category": "Servicios profesionales y empresariales",
        "subcategory": "Agencia inmobiliaria",
        "primary_tag": "overture=real_estate_agent",
        "source": "Overture Maps Places",
        "sources": [
          "Overture Maps Places"
        ],
        "name_source": "Overture Maps Places",
        "overture_taxonomy": "real_estate_agent",
        "overture_confidence": 0.85,
        "grid_id": "r3_c7"
      }
    },
    {
      "type": "Feature",
      "geometry": {
        "type": "Point",
        "coordinates": [
          1.9873846,
          41.2793368
        ]
      },
      "properties": {
        "osm_id": "node/1182545991",
        "name": "BOREAL-IT",
        "display_name": "BOREAL-IT",
        "category": "Servicios profesionales y empresariales",
        "subcategory": "Servicios informáticos",
        "primary_tag": "office=it",
        "amenity": null,
        "shop": null,
        "office": "it",
        "tourism": null,
        "leisure": null,
        "wikidata": null,
        "website": null,
        "phone": null,
        "opening_hours": null,
        "addr_street": null,
        "addr_housenumber": null,
        "addr_postcode": null,
        "addr_city": null,
        "image": null,
        "wikimedia_commons": null,
        "mapillary": null,
        "source": "OpenStreetMap via Overpass API",
        "name_source": "OpenStreetMap",
        "grid_id": "r3_c8"
      }
    },
    {
      "type": "Feature",
      "geometry": {
        "type": "Point",
        "coordinates": [
          1.97993473,
          41.28518655
        ]
      },
      "properties": {
        "osm_id": null,
        "overture_id": "9f67e4e4-2393-41e8-ac9c-f9a836ef5b6e",
        "name": "Centre Cívic Frederic Mompou",
        "display_name": "Centre Cívic Frederic Mompou",
        "category": "Servicios profesionales y empresariales",
        "subcategory": "Imprenta / servicios de impresión",
        "primary_tag": "overture=printing_service",
        "source": "Overture Maps Places",
        "sources": [
          "Overture Maps Places"
        ],
        "name_source": "Overture Maps Places",
        "overture_taxonomy": "printing_service",
        "overture_confidence": 0.975,
        "grid_id": "r4_c7"
      }
    },
    {
      "type": "Feature",
      "geometry": {
        "type": "Point",
        "coordinates": [
          1.9877285,
          41.2749248
        ]
      },
      "properties": {
        "osm_id": "way/86305713",
        "name": "Centre Tecnològic de Telecomunicacions de Catalunya",
        "display_name": "Centre Tecnològic de Telecomunicacions de Catalunya",
        "category": "Servicios profesionales y empresariales",
        "subcategory": "Investigación",
        "primary_tag": "office=research",
        "amenity": null,
        "shop": null,
        "office": "research",
        "tourism": null,
        "leisure": null,
        "wikidata": null,
        "website": null,
        "phone": null,
        "opening_hours": null,
        "addr_street": null,
        "addr_housenumber": null,
        "addr_postcode": null,
        "addr_city": null,
        "image": null,
        "wikimedia_commons": null,
        "mapillary": null,
        "source": "OpenStreetMap via Overpass API",
        "name_source": "OpenStreetMap",
        "grid_id": "r2_c8"
      }
    },
    {
      "type": "Feature",
      "geometry": {
        "type": "Point",
        "coordinates": [
          1.97656131,
          41.27963056
        ]
      },
      "properties": {
        "osm_id": null,
        "overture_id": "657730bc-f867-408e-8afd-2c07c85af722",
        "name": "Copifoto",
        "display_name": "Copifoto",
        "category": "Servicios profesionales y empresariales",
        "subcategory": "Imprenta / servicios de impresión",
        "primary_tag": "overture=printing_service",
        "source": "Overture Maps Places",
        "sources": [
          "Overture Maps Places"
        ],
        "name_source": "Overture Maps Places",
        "overture_taxonomy": "printing_service",
        "overture_confidence": 0.941,
        "grid_id": "r3_c6"
      }
    },
    {
      "type": "Feature",
      "geometry": {
        "type": "Point",
        "coordinates": [
          1.98228657,
          41.284862
        ]
      },
      "properties": {
        "osm_id": null,
        "overture_id": "14f357b1-168a-4395-aa1b-852776831b8e",
        "name": "Copyfels",
        "display_name": "Copyfels",
        "category": "Servicios profesionales y empresariales",
        "subcategory": "Imprenta / servicios de impresión",
        "primary_tag": "overture=printing_service",
        "source": "Overture Maps Places",
        "sources": [
          "Overture Maps Places"
        ],
        "name_source": "Overture Maps Places",
        "overture_taxonomy": "printing_service",
        "overture_confidence": 0.975,
        "grid_id": "r4_c7"
      }
    },
    {
      "type": "Feature",
      "geometry": {
        "type": "Point",
        "coordinates": [
          1.97595307,
          41.28236046
        ]
      },
      "properties": {
        "osm_id": null,
        "overture_id": "cbe7e9f9-a086-4c02-872e-3e35c05ee0fa",
        "name": "Coworking Castelldefels Centro",
        "display_name": "Coworking Castelldefels Centro",
        "category": "Servicios profesionales y empresariales",
        "subcategory": "Organización de eventos",
        "primary_tag": "overture=party_and_event_planning",
        "source": "Overture Maps Places",
        "sources": [
          "Overture Maps Places"
        ],
        "name_source": "Overture Maps Places",
        "overture_taxonomy": "party_and_event_planning",
        "overture_confidence": 0.964,
        "grid_id": "r4_c6"
      }
    },
    {
      "type": "Feature",
      "geometry": {
        "type": "Point",
        "coordinates": [
          1.9807375,
          41.2726005
        ]
      },
      "properties": {
        "osm_id": null,
        "overture_id": "d40d60f2-81bc-409d-82b0-3e82d09a5ec5",
        "name": "Dolmen Adventures- Excursiones en Canoa y Kayak",
        "display_name": "Dolmen Adventures- Excursiones en Canoa y Kayak",
        "category": "Servicios profesionales y empresariales",
        "subcategory": "Agencia / servicio de viajes",
        "primary_tag": "overture=travel_service",
        "source": "Overture Maps Places",
        "sources": [
          "Overture Maps Places"
        ],
        "name_source": "Overture Maps Places",
        "overture_taxonomy": "travel_service",
        "overture_confidence": 0.85,
        "grid_id": "r2_c7"
      }
    },
    {
      "type": "Feature",
      "geometry": {
        "type": "Point",
        "coordinates": [
          1.979011865081772,
          41.27602782633662
        ]
      },
      "properties": {
        "osm_id": null,
        "overture_id": "81ef58c4-b91e-4c40-8361-8a42fb24ec36",
        "name": "Dpuntos - Regalo Promocional, Regalos de empresa y Merchandising",
        "display_name": "Dpuntos - Regalo Promocional, Regalos de empresa y Merchandising",
        "category": "Servicios profesionales y empresariales",
        "subcategory": "Consultoría de marketing B2B",
        "primary_tag": "overture=b2b_marketing_consultant",
        "source": "Overture Maps Places",
        "sources": [
          "Overture Maps Places"
        ],
        "name_source": "Overture Maps Places",
        "overture_taxonomy": "b2b_marketing_consultant",
        "overture_confidence": 0.974,
        "grid_id": "r2_c6"
      }
    },
    {
      "type": "Feature",
      "geometry": {
        "type": "Point",
        "coordinates": [
          1.98161325,
          41.2879043
        ]
      },
      "properties": {
        "osm_id": null,
        "overture_id": "d4ccf5e3-29fe-484d-9dd0-8beaabd5619f",
        "name": "Eximia Studio - Agencia Marketing Digital Excepcional",
        "display_name": "Eximia Studio - Agencia Marketing Digital Excepcional",
        "category": "Servicios profesionales y empresariales",
        "subcategory": "Servicios profesionales",
        "primary_tag": "overture=marketing_agency",
        "source": "Overture Maps Places",
        "sources": [
          "Overture Maps Places"
        ],
        "name_source": "Overture Maps Places",
        "overture_taxonomy": "marketing_agency",
        "overture_confidence": 0.985,
        "grid_id": "r5_c7"
      }
    },
    {
      "type": "Feature",
      "geometry": {
        "type": "Point",
        "coordinates": [
          1.9750955,
          41.265789
        ]
      },
      "properties": {
        "osm_id": "node/13529701298",
        "name": "Fincas Bellamar",
        "display_name": "Fincas Bellamar",
        "category": "Servicios profesionales y empresariales",
        "subcategory": "Agencia inmobiliaria",
        "primary_tag": "office=estate_agent",
        "amenity": null,
        "shop": null,
        "office": "estate_agent",
        "tourism": null,
        "leisure": null,
        "wikidata": null,
        "website": null,
        "phone": null,
        "opening_hours": null,
        "addr_street": null,
        "addr_housenumber": null,
        "addr_postcode": null,
        "addr_city": null,
        "image": null,
        "wikimedia_commons": null,
        "mapillary": null,
        "source": "OpenStreetMap via Overpass API",
        "name_source": "Overture Maps Places",
        "sources": [
          "OpenStreetMap via Overpass API",
          "Overture Maps Places"
        ],
        "overture_id": "72c86b7b-753d-439a-99fd-6c33f50e6548",
        "overture_confidence": 0.912,
        "grid_id": "r0_c6"
      }
    },
    {
      "type": "Feature",
      "geometry": {
        "type": "Point",
        "coordinates": [
          1.97415909,
          41.27935485
        ]
      },
      "properties": {
        "osm_id": null,
        "overture_id": "5b05ebdc-eae0-482f-8e20-50b51c2a2e99",
        "name": "Fincas Defels Real Estate",
        "display_name": "Fincas Defels Real Estate",
        "category": "Servicios profesionales y empresariales",
        "subcategory": "Servicios inmobiliarios",
        "primary_tag": "overture=real_estate_agent",
        "source": "Overture Maps Places",
        "sources": [
          "Overture Maps Places"
        ],
        "name_source": "Overture Maps Places",
        "overture_taxonomy": "real_estate_agent",
        "overture_confidence": 0.961,
        "grid_id": "r3_c6"
      }
    },
    {
      "type": "Feature",
      "geometry": {
        "type": "Point",
        "coordinates": [
          1.96780262,
          41.26566437
        ]
      },
      "properties": {
        "osm_id": null,
        "overture_id": "bb5ec3f2-aae4-4591-865a-51642bbde12e",
        "name": "Fincas Llopart",
        "display_name": "Fincas Llopart",
        "category": "Servicios profesionales y empresariales",
        "subcategory": "Servicios inmobiliarios",
        "primary_tag": "overture=real_estate_service",
        "source": "Overture Maps Places",
        "sources": [
          "Overture Maps Places"
        ],
        "name_source": "Overture Maps Places",
        "overture_taxonomy": "real_estate_service",
        "overture_confidence": 0.898,
        "grid_id": "r0_c5"
      }
    },
    {
      "type": "Feature",
      "geometry": {
        "type": "Point",
        "coordinates": [
          1.97452222,
          41.27671538
        ]
      },
      "properties": {
        "osm_id": null,
        "overture_id": "5a26ae13-8b81-4310-b7b8-5974d16f05fd",
        "name": "Fincas Voramar",
        "display_name": "Fincas Voramar",
        "category": "Servicios profesionales y empresariales",
        "subcategory": "Servicios inmobiliarios",
        "primary_tag": "overture=real_estate_agent",
        "source": "Overture Maps Places",
        "sources": [
          "Overture Maps Places"
        ],
        "name_source": "Overture Maps Places",
        "overture_taxonomy": "real_estate_agent",
        "overture_confidence": 0.891,
        "grid_id": "r2_c6"
      }
    },
    {
      "type": "Feature",
      "geometry": {
        "type": "Point",
        "coordinates": [
          1.95878601,
          41.26602466
        ]
      },
      "properties": {
        "osm_id": null,
        "overture_id": "bd2b6398-3e98-4f88-b1e2-391cc0e5c232",
        "name": "Finques Baixador",
        "display_name": "Finques Baixador",
        "category": "Servicios profesionales y empresariales",
        "subcategory": "Servicios inmobiliarios",
        "primary_tag": "overture=real_estate_service",
        "source": "Overture Maps Places",
        "sources": [
          "Overture Maps Places"
        ],
        "name_source": "Overture Maps Places",
        "overture_taxonomy": "real_estate_service",
        "overture_confidence": 0.939,
        "grid_id": "r0_c3"
      }
    },
    {
      "type": "Feature",
      "geometry": {
        "type": "Point",
        "coordinates": [
          1.9779434,
          41.28172556
        ]
      },
      "properties": {
        "osm_id": null,
        "overture_id": "92291dad-2281-4fb0-b0b3-02542fc0cc9d",
        "name": "Grocasa Grup Immobiliari",
        "display_name": "Grocasa Grup Immobiliari",
        "category": "Servicios profesionales y empresariales",
        "subcategory": "Servicios inmobiliarios",
        "primary_tag": "overture=real_estate_service",
        "source": "Overture Maps Places",
        "sources": [
          "Overture Maps Places"
        ],
        "name_source": "Overture Maps Places",
        "overture_taxonomy": "real_estate_service",
        "overture_confidence": 0.968,
        "grid_id": "r4_c6"
      }
    },
    {
      "type": "Feature",
      "geometry": {
        "type": "Point",
        "coordinates": [
          1.98375928,
          41.289429
        ]
      },
      "properties": {
        "osm_id": null,
        "overture_id": "df792ea4-b596-4402-a203-dbf7285d2d5d",
        "name": "Hiperfincas Castelldefels",
        "display_name": "Hiperfincas Castelldefels",
        "category": "Servicios profesionales y empresariales",
        "subcategory": "Servicios inmobiliarios",
        "primary_tag": "overture=real_estate_service",
        "source": "Overture Maps Places",
        "sources": [
          "Overture Maps Places"
        ],
        "name_source": "Overture Maps Places",
        "overture_taxonomy": "real_estate_service",
        "overture_confidence": 0.894,
        "grid_id": "r5_c7"
      }
    },
    {
      "type": "Feature",
      "geometry": {
        "type": "Point",
        "coordinates": [
          1.988247,
          41.2750439
        ]
      },
      "properties": {
        "osm_id": "way/86305715",
        "name": "IN3 Universitat Oberta de Catalunya",
        "display_name": "IN3 Universitat Oberta de Catalunya",
        "category": "Servicios profesionales y empresariales",
        "subcategory": "Investigación",
        "primary_tag": "office=research",
        "amenity": null,
        "shop": null,
        "office": "research",
        "tourism": null,
        "leisure": null,
        "wikidata": null,
        "website": "https://www.uoc.edu/portal/ca/in3/index.html",
        "phone": null,
        "opening_hours": null,
        "addr_street": null,
        "addr_housenumber": null,
        "addr_postcode": null,
        "addr_city": null,
        "image": null,
        "wikimedia_commons": null,
        "mapillary": null,
        "source": "OpenStreetMap via Overpass API",
        "name_source": "OpenStreetMap",
        "grid_id": "r2_c8"
      }
    },
    {
      "type": "Feature",
      "geometry": {
        "type": "Point",
        "coordinates": [
          1.9826289,
          41.2841686
        ]
      },
      "properties": {
        "osm_id": null,
        "overture_id": "45078087-8cf5-4fd9-a859-751db849f2cc",
        "name": "Inmobiliaria Castelldefels y Reformas | Maria Narváez",
        "display_name": "Inmobiliaria Castelldefels y Reformas | Maria Narváez",
        "category": "Servicios profesionales y empresariales",
        "subcategory": "Servicios inmobiliarios",
        "primary_tag": "overture=apartment_agent",
        "source": "Overture Maps Places",
        "sources": [
          "Overture Maps Places"
        ],
        "name_source": "Overture Maps Places",
        "overture_taxonomy": "apartment_agent",
        "overture_confidence": 0.85,
        "grid_id": "r4_c7"
      }
    },
    {
      "type": "Feature",
      "geometry": {
        "type": "Point",
        "coordinates": [
          1.98007785,
          41.27365444
        ]
      },
      "properties": {
        "osm_id": null,
        "overture_id": "6575b2b6-8db6-4fb9-8484-6235b73feeb1",
        "name": "Inmogat",
        "display_name": "Inmogat",
        "category": "Servicios profesionales y empresariales",
        "subcategory": "Servicios inmobiliarios",
        "primary_tag": "overture=real_estate_service",
        "source": "Overture Maps Places",
        "sources": [
          "Overture Maps Places"
        ],
        "name_source": "Overture Maps Places",
        "overture_taxonomy": "real_estate_service",
        "overture_confidence": 0.962,
        "grid_id": "r2_c7"
      }
    },
    {
      "type": "Feature",
      "geometry": {
        "type": "Point",
        "coordinates": [
          1.9891443,
          41.2752498
        ]
      },
      "properties": {
        "osm_id": "way/86305712",
        "name": "Institut de Ciències Fotòniques",
        "display_name": "Institut de Ciències Fotòniques",
        "category": "Servicios profesionales y empresariales",
        "subcategory": "Investigación",
        "primary_tag": "office=research",
        "amenity": null,
        "shop": null,
        "office": "research",
        "tourism": null,
        "leisure": null,
        "wikidata": "Q3775506",
        "website": "https://www.icfo.eu/",
        "phone": "+34 93 553 4002",
        "opening_hours": null,
        "addr_street": null,
        "addr_housenumber": null,
        "addr_postcode": null,
        "addr_city": null,
        "image": null,
        "wikimedia_commons": "Category:ICFO (The Institute of Photonic Sciences)",
        "mapillary": null,
        "source": "OpenStreetMap via Overpass API",
        "name_source": "OpenStreetMap",
        "grid_id": "r2_c8"
      }
    },
    {
      "type": "Feature",
      "geometry": {
        "type": "Point",
        "coordinates": [
          1.9866561,
          41.274726
        ]
      },
      "properties": {
        "osm_id": "way/86305714",
        "name": "Institut de Geomàtica",
        "display_name": "Institut de Geomàtica",
        "category": "Servicios profesionales y empresariales",
        "subcategory": "Investigación",
        "primary_tag": "office=research",
        "amenity": null,
        "shop": null,
        "office": "research",
        "tourism": null,
        "leisure": null,
        "wikidata": "Q15631576",
        "website": null,
        "phone": null,
        "opening_hours": null,
        "addr_street": null,
        "addr_housenumber": null,
        "addr_postcode": null,
        "addr_city": null,
        "image": null,
        "wikimedia_commons": null,
        "mapillary": null,
        "source": "OpenStreetMap via Overpass API",
        "name_source": "OpenStreetMap",
        "grid_id": "r2_c8"
      }
    },
    {
      "type": "Feature",
      "geometry": {
        "type": "Point",
        "coordinates": [
          1.9832146,
          41.2808355
        ]
      },
      "properties": {
        "osm_id": "node/8227154743",
        "name": "Kurbin Lane",
        "display_name": "Kurbin Lane",
        "category": "Servicios profesionales y empresariales",
        "subcategory": "Empresa",
        "primary_tag": "office=company",
        "amenity": null,
        "shop": null,
        "office": "company",
        "tourism": null,
        "leisure": null,
        "wikidata": null,
        "website": null,
        "phone": null,
        "opening_hours": null,
        "addr_street": null,
        "addr_housenumber": null,
        "addr_postcode": null,
        "addr_city": null,
        "image": null,
        "wikimedia_commons": null,
        "mapillary": null,
        "source": "OpenStreetMap via Overpass API",
        "name_source": "OpenStreetMap",
        "grid_id": "r3_c7"
      }
    },
    {
      "type": "Feature",
      "geometry": {
        "type": "Point",
        "coordinates": [
          1.97760319,
          41.27892532
        ]
      },
      "properties": {
        "osm_id": null,
        "overture_id": "d74067a4-09c7-4ec5-869f-752800dac52e",
        "name": "La Casa Agency - Castelldefels",
        "display_name": "La Casa Agency - Castelldefels",
        "category": "Servicios profesionales y empresariales",
        "subcategory": "Agencia inmobiliaria",
        "primary_tag": "overture=real_estate_agent",
        "source": "Overture Maps Places",
        "sources": [
          "Overture Maps Places"
        ],
        "name_source": "Overture Maps Places",
        "overture_taxonomy": "real_estate_agent",
        "overture_confidence": 0.995,
        "grid_id": "r3_c6"
      }
    },
    {
      "type": "Feature",
      "geometry": {
        "type": "Point",
        "coordinates": [
          1.98203306,
          41.27030217
        ]
      },
      "properties": {
        "osm_id": null,
        "overture_id": "e12ae146-42ab-4cd4-8bc5-663a95401406",
        "name": "La Factory Coworking Castelldefels",
        "display_name": "La Factory Coworking Castelldefels",
        "category": "Servicios profesionales y empresariales",
        "subcategory": "Organización de eventos",
        "primary_tag": "overture=party_and_event_planning",
        "source": "Overture Maps Places",
        "sources": [
          "Overture Maps Places"
        ],
        "name_source": "Overture Maps Places",
        "overture_taxonomy": "party_and_event_planning",
        "overture_confidence": 0.911,
        "grid_id": "r1_c7"
      }
    },
    {
      "type": "Feature",
      "geometry": {
        "type": "Point",
        "coordinates": [
          1.97565283,
          41.28225733
        ]
      },
      "properties": {
        "osm_id": null,
        "overture_id": "9fa24be9-5248-4cbd-ae66-280a0a621b86",
        "name": "Lunallar Inmobiliaria",
        "display_name": "Lunallar Inmobiliaria",
        "category": "Servicios profesionales y empresariales",
        "subcategory": "Servicios inmobiliarios",
        "primary_tag": "overture=real_estate_service",
        "source": "Overture Maps Places",
        "sources": [
          "Overture Maps Places"
        ],
        "name_source": "Overture Maps Places",
        "overture_taxonomy": "real_estate_service",
        "overture_confidence": 0.968,
        "grid_id": "r4_c6"
      }
    },
    {
      "type": "Feature",
      "geometry": {
        "type": "Point",
        "coordinates": [
          1.99737799167633,
          41.2650108337402
        ]
      },
      "properties": {
        "osm_id": null,
        "overture_id": "9feab14b-6861-4d76-b6f3-dc06d1631de1",
        "name": "Mandomando",
        "display_name": "Mandomando",
        "category": "Servicios profesionales y empresariales",
        "subcategory": "Consultoría de marketing B2B",
        "primary_tag": "overture=b2b_marketing_consultant",
        "source": "Overture Maps Places",
        "sources": [
          "Overture Maps Places"
        ],
        "name_source": "Overture Maps Places",
        "overture_taxonomy": "b2b_marketing_consultant",
        "overture_confidence": 0.85,
        "grid_id": "r0_c10"
      }
    },
    {
      "type": "Feature",
      "geometry": {
        "type": "Point",
        "coordinates": [
          1.9763851,
          41.27899709
        ]
      },
      "properties": {
        "osm_id": null,
        "overture_id": "ddeafb7d-6adf-4ddd-aeef-16df16acb2ed",
        "name": "Mediterranea Real Estate",
        "display_name": "Mediterranea Real Estate",
        "category": "Servicios profesionales y empresariales",
        "subcategory": "Servicios inmobiliarios",
        "primary_tag": "overture=real_estate_service",
        "source": "Overture Maps Places",
        "sources": [
          "Overture Maps Places"
        ],
        "name_source": "Overture Maps Places",
        "overture_taxonomy": "real_estate_service",
        "overture_confidence": 0.969,
        "grid_id": "r3_c6"
      }
    },
    {
      "type": "Feature",
      "geometry": {
        "type": "Point",
        "coordinates": [
          1.98210155,
          41.28608543
        ]
      },
      "properties": {
        "osm_id": null,
        "overture_id": "f15ba89f-e7d7-4462-82c8-872b95f9e365",
        "name": "Mundopiso Castelldefels",
        "display_name": "Mundopiso Castelldefels",
        "category": "Servicios profesionales y empresariales",
        "subcategory": "Servicios inmobiliarios",
        "primary_tag": "overture=real_estate_service",
        "source": "Overture Maps Places",
        "sources": [
          "Overture Maps Places"
        ],
        "name_source": "Overture Maps Places",
        "overture_taxonomy": "real_estate_service",
        "overture_confidence": 0.996,
        "grid_id": "r5_c7"
      }
    },
    {
      "type": "Feature",
      "geometry": {
        "type": "Point",
        "coordinates": [
          1.97634293,
          41.28068998
        ]
      },
      "properties": {
        "osm_id": null,
        "overture_id": "cdfec21e-0698-4fb2-80c5-44d0d4b7ac45",
        "name": "Oficina de Turismo de Castelldefels",
        "display_name": "Oficina de Turismo de Castelldefels",
        "category": "Servicios profesionales y empresariales",
        "subcategory": "Agencia / servicio de viajes",
        "primary_tag": "overture=travel_service",
        "source": "Overture Maps Places",
        "sources": [
          "Overture Maps Places"
        ],
        "name_source": "Overture Maps Places",
        "overture_taxonomy": "travel_service",
        "overture_confidence": 0.889,
        "grid_id": "r3_c6"
      }
    },
    {
      "type": "Feature",
      "geometry": {
        "type": "Point",
        "coordinates": [
          1.97569,
          41.28233
        ]
      },
      "properties": {
        "osm_id": null,
        "overture_id": "5593076c-8f7b-4d0b-b68d-8659f868d2ee",
        "name": "Perito Judicial Barcelona",
        "display_name": "Perito Judicial Barcelona",
        "category": "Servicios profesionales y empresariales",
        "subcategory": "Servicios jurídicos auxiliares",
        "primary_tag": "overture=paralegal_service",
        "source": "Overture Maps Places",
        "sources": [
          "Overture Maps Places"
        ],
        "name_source": "Overture Maps Places",
        "overture_taxonomy": "paralegal_service",
        "overture_confidence": 0.85,
        "grid_id": "r4_c6"
      }
    },
    {
      "type": "Feature",
      "geometry": {
        "type": "Point",
        "coordinates": [
          1.98008339,
          41.27033348
        ]
      },
      "properties": {
        "osm_id": null,
        "overture_id": "9ddd98a5-0eb0-4e4b-8995-9e1cb76b58e3",
        "name": "QUINO HOUSE Real Estate",
        "display_name": "QUINO HOUSE Real Estate",
        "category": "Servicios profesionales y empresariales",
        "subcategory": "Servicios inmobiliarios",
        "primary_tag": "overture=real_estate_agent",
        "source": "Overture Maps Places",
        "sources": [
          "Overture Maps Places"
        ],
        "name_source": "Overture Maps Places",
        "overture_taxonomy": "real_estate_agent",
        "overture_confidence": 0.851,
        "grid_id": "r1_c7"
      }
    },
    {
      "type": "Feature",
      "geometry": {
        "type": "Point",
        "coordinates": [
          1.97511643,
          41.27728786
        ]
      },
      "properties": {
        "osm_id": null,
        "overture_id": "434c2a0e-77dc-4fe3-a430-4ec0395160c5",
        "name": "RB Inmobiliaria",
        "display_name": "RB Inmobiliaria",
        "category": "Servicios profesionales y empresariales",
        "subcategory": "Servicios inmobiliarios",
        "primary_tag": "overture=real_estate_agent",
        "source": "Overture Maps Places",
        "sources": [
          "Overture Maps Places"
        ],
        "name_source": "Overture Maps Places",
        "overture_taxonomy": "real_estate_agent",
        "overture_confidence": 0.933,
        "grid_id": "r3_c6"
      }
    },
    {
      "type": "Feature",
      "geometry": {
        "type": "Point",
        "coordinates": [
          1.97729056,
          41.29009598
        ]
      },
      "properties": {
        "osm_id": null,
        "overture_id": "67bf7c8a-8e4d-4edd-a6bf-f40c198ea581",
        "name": "Reforfels",
        "display_name": "Reforfels",
        "category": "Servicios profesionales y empresariales",
        "subcategory": "Empresa de albañilería",
        "primary_tag": "overture=masonry_contractor",
        "source": "Overture Maps Places",
        "sources": [
          "Overture Maps Places"
        ],
        "name_source": "Overture Maps Places",
        "overture_taxonomy": "masonry_contractor",
        "overture_confidence": 0.966,
        "grid_id": "r5_c6"
      }
    },
    {
      "type": "Feature",
      "geometry": {
        "type": "Point",
        "coordinates": [
          1.9851319,
          41.2861889
        ]
      },
      "properties": {
        "osm_id": null,
        "overture_id": "79e56545-4094-4d6d-b23f-d7b4a30adf3b",
        "name": "Seguros Ocaso",
        "display_name": "Seguros Ocaso",
        "category": "Servicios profesionales y empresariales",
        "subcategory": "Seguros",
        "primary_tag": "overture=b2b_service",
        "source": "Overture Maps Places",
        "sources": [
          "Overture Maps Places"
        ],
        "name_source": "Overture Maps Places",
        "overture_taxonomy": "b2b_service",
        "overture_confidence": 0.85,
        "grid_id": "r5_c8"
      }
    },
    {
      "type": "Feature",
      "geometry": {
        "type": "Point",
        "coordinates": [
          1.9825904,
          41.2862928
        ]
      },
      "properties": {
        "osm_id": null,
        "overture_id": "f133e0d3-30ee-4824-9096-059e445142c6",
        "name": "SUALA Arquitectura",
        "display_name": "SUALA Arquitectura",
        "category": "Servicios profesionales y empresariales",
        "subcategory": "Arquitecto / estudio de arquitectura",
        "primary_tag": "overture=architect",
        "source": "Overture Maps Places",
        "sources": [
          "Overture Maps Places"
        ],
        "name_source": "Overture Maps Places",
        "overture_taxonomy": "architect",
        "overture_confidence": 0.85,
        "grid_id": "r5_c7"
      }
    },
    {
      "type": "Feature",
      "geometry": {
        "type": "Point",
        "coordinates": [
          1.98243866,
          41.28642567
        ]
      },
      "properties": {
        "osm_id": null,
        "overture_id": "a9ec9cc9-fbeb-40b9-8675-155d0944db4b",
        "name": "SuperPulsera",
        "display_name": "SuperPulsera",
        "category": "Servicios profesionales y empresariales",
        "subcategory": "Impresión de camisetas",
        "primary_tag": "overture=t_shirt_printing_service",
        "source": "Overture Maps Places",
        "sources": [
          "Overture Maps Places"
        ],
        "name_source": "Overture Maps Places",
        "overture_taxonomy": "t_shirt_printing_service",
        "overture_confidence": 0.909,
        "grid_id": "r5_c7"
      }
    },
    {
      "type": "Feature",
      "geometry": {
        "type": "Point",
        "coordinates": [
          1.97959511,
          41.28275406
        ]
      },
      "properties": {
        "osm_id": null,
        "overture_id": "fcfb78c5-4668-449a-8351-222bbe7ca372",
        "name": "Tecnocasa Agencia Inmobiliaria",
        "display_name": "Tecnocasa Agencia Inmobiliaria",
        "category": "Servicios profesionales y empresariales",
        "subcategory": "Servicios inmobiliarios",
        "primary_tag": "overture=real_estate_agent",
        "source": "Overture Maps Places",
        "sources": [
          "Overture Maps Places"
        ],
        "name_source": "Overture Maps Places",
        "overture_taxonomy": "real_estate_agent",
        "overture_confidence": 0.998,
        "grid_id": "r4_c7"
      }
    },
    {
      "type": "Feature",
      "geometry": {
        "type": "Point",
        "coordinates": [
          1.98466986,
          41.28863594
        ]
      },
      "properties": {
        "osm_id": null,
        "overture_id": "5e241778-dd6c-453e-8c90-9a916a82084a",
        "name": "TERRAMAR - Agencia Inmobiliaria en Castelldefels",
        "display_name": "TERRAMAR - Agencia Inmobiliaria en Castelldefels",
        "category": "Servicios profesionales y empresariales",
        "subcategory": "Servicios inmobiliarios",
        "primary_tag": "overture=real_estate_service",
        "source": "Overture Maps Places",
        "sources": [
          "Overture Maps Places"
        ],
        "name_source": "Overture Maps Places",
        "overture_taxonomy": "real_estate_service",
        "overture_confidence": 0.962,
        "grid_id": "r5_c7"
      }
    },
    {
      "type": "Feature",
      "geometry": {
        "type": "Point",
        "coordinates": [
          1.9588074,
          41.2661022
        ]
      },
      "properties": {
        "osm_id": "node/6456233249",
        "name": "The Beach Factory",
        "display_name": "The Beach Factory",
        "category": "Servicios profesionales y empresariales",
        "subcategory": "Coworking",
        "primary_tag": "office=coworking",
        "amenity": null,
        "shop": null,
        "office": "coworking",
        "tourism": null,
        "leisure": null,
        "wikidata": null,
        "website": null,
        "phone": null,
        "opening_hours": null,
        "addr_street": null,
        "addr_housenumber": null,
        "addr_postcode": null,
        "addr_city": null,
        "image": null,
        "wikimedia_commons": null,
        "mapillary": null,
        "source": "OpenStreetMap via Overpass API",
        "name_source": "OpenStreetMap",
        "grid_id": "r0_c3"
      }
    },
    {
      "type": "Feature",
      "geometry": {
        "type": "Point",
        "coordinates": [
          1.9887619,
          41.2760501
        ]
      },
      "properties": {
        "osm_id": null,
        "overture_id": "8aa91efc-4469-4a5d-83f0-cb050a59f364",
        "name": "Unimedia Technology",
        "display_name": "Unimedia Technology",
        "category": "Servicios profesionales y empresariales",
        "subcategory": "Informática y reparación de ordenadores",
        "primary_tag": "overture=it_service_and_computer_repair",
        "source": "Overture Maps Places",
        "sources": [
          "Overture Maps Places"
        ],
        "name_source": "Overture Maps Places",
        "overture_taxonomy": "it_service_and_computer_repair",
        "overture_confidence": 0.906,
        "grid_id": "r2_c8"
      }
    },
    {
      "type": "Feature",
      "geometry": {
        "type": "Point",
        "coordinates": [
          1.97962733,
          41.28198712
        ]
      },
      "properties": {
        "osm_id": null,
        "overture_id": "887e14ad-7998-43b2-bbc4-f2e60ab79933",
        "name": "Viatges El Corte Inglés",
        "display_name": "Viatges El Corte Inglés",
        "category": "Servicios profesionales y empresariales",
        "subcategory": "Agencia / servicio de viajes",
        "primary_tag": "overture=travel_service",
        "source": "Overture Maps Places",
        "sources": [
          "Overture Maps Places"
        ],
        "name_source": "Overture Maps Places",
        "overture_taxonomy": "travel_service",
        "overture_confidence": 0.935,
        "grid_id": "r4_c7"
      }
    },
    {
      "type": "Feature",
      "geometry": {
        "type": "Point",
        "coordinates": [
          1.9831875,
          41.2809873
        ]
      },
      "properties": {
        "osm_id": "node/12818682533",
        "name": "Visalia",
        "display_name": "Visalia",
        "category": "Servicios profesionales y empresariales",
        "subcategory": "Proveedor energético",
        "primary_tag": "office=energy_supplier",
        "amenity": null,
        "shop": null,
        "office": "energy_supplier",
        "tourism": null,
        "leisure": null,
        "wikidata": null,
        "website": "https://grupovisalia.com",
        "phone": "+34 900 264 688",
        "opening_hours": null,
        "addr_street": null,
        "addr_housenumber": null,
        "addr_postcode": null,
        "addr_city": null,
        "image": null,
        "wikimedia_commons": null,
        "mapillary": null,
        "source": "OpenStreetMap via Overpass API",
        "name_source": "OpenStreetMap",
        "grid_id": "r3_c7"
      }
    },
    {
      "type": "Feature",
      "geometry": {
        "type": "Point",
        "coordinates": [
          1.97697974,
          41.27980626
        ]
      },
      "properties": {
        "osm_id": null,
        "overture_id": "47effa19-d75a-43ae-be9e-532abbd0ee3a",
        "name": "Visualsign Barcelona",
        "display_name": "Visualsign Barcelona",
        "category": "Servicios profesionales y empresariales",
        "subcategory": "Imprenta / servicios de impresión",
        "primary_tag": "overture=printing_service",
        "source": "Overture Maps Places",
        "sources": [
          "Overture Maps Places"
        ],
        "name_source": "Overture Maps Places",
        "overture_taxonomy": "printing_service",
        "overture_confidence": 0.881,
        "grid_id": "r3_c6"
      }
    },
    {
      "type": "Feature",
      "geometry": {
        "type": "Point",
        "coordinates": [
          1.97689843,
          41.28036499
        ]
      },
      "properties": {
        "osm_id": null,
        "overture_id": "de3cd7c5-a604-451e-bfac-d184f1f98fbc",
        "name": "Citypaq de Correos",
        "display_name": "Citypaq de Correos",
        "category": "Otros servicios",
        "subcategory": "Mensajería y reparto",
        "primary_tag": "overture=courier_and_delivery_service",
        "source": "Overture Maps Places",
        "sources": [
          "Overture Maps Places"
        ],
        "name_source": "Overture Maps Places",
        "overture_taxonomy": "courier_and_delivery_service",
        "overture_confidence": 0.85,
        "grid_id": "r3_c6"
      }
    },
    {
      "type": "Feature",
      "geometry": {
        "type": "Point",
        "coordinates": [
          1.9864697,
          41.2816216
        ]
      },
      "properties": {
        "osm_id": null,
        "overture_id": "c78ac87f-d2f3-4665-9fa0-777648b64efb",
        "name": "Citypaq de Correos",
        "display_name": "Citypaq de Correos",
        "category": "Otros servicios",
        "subcategory": "Mensajería y reparto",
        "primary_tag": "overture=courier_and_delivery_service",
        "source": "Overture Maps Places",
        "sources": [
          "Overture Maps Places"
        ],
        "name_source": "Overture Maps Places",
        "overture_taxonomy": "courier_and_delivery_service",
        "overture_confidence": 0.85,
        "grid_id": "r4_c8"
      }
    },
    {
      "type": "Feature",
      "geometry": {
        "type": "Point",
        "coordinates": [
          1.980183,
          41.2830185
        ]
      },
      "properties": {
        "osm_id": "node/6751274116",
        "name": "Coreos",
        "display_name": "Coreos",
        "category": "Otros servicios",
        "subcategory": "Servicios postales",
        "primary_tag": "amenity=post_office",
        "amenity": "post_office",
        "shop": null,
        "office": null,
        "tourism": null,
        "leisure": null,
        "wikidata": null,
        "website": null,
        "phone": null,
        "opening_hours": "Mo-Fr 08:30-20:30+",
        "addr_street": null,
        "addr_housenumber": null,
        "addr_postcode": null,
        "addr_city": null,
        "image": null,
        "wikimedia_commons": null,
        "mapillary": null,
        "source": "OpenStreetMap via Overpass API",
        "name_source": "OpenStreetMap",
        "panoramax_id": "05bbaf81-5660-492a-959c-907dc946fd84",
        "panoramax_thumbnail_url": "https://panoramax.openstreetmap.fr/derivates/05/bb/af/81/5660-492a-959c-907dc946fd84/thumb.jpg",
        "panoramax_visual_url": "https://panoramax.openstreetmap.fr/derivates/05/bb/af/81/5660-492a-959c-907dc946fd84/sd.jpg",
        "panoramax_captured_at": "2024-11-08T11:00:00",
        "panoramax_distance_m": 31.3,
        "panoramax_license": "CC-BY-SA-4.0",
        "panoramax_providers": [
          "p4n-pics"
        ],
        "panoramax_instance_name": "osm-fr",
        "panoramax_instance_url": "https://panoramax.openstreetmap.fr",
        "grid_id": "r4_c7"
      }
    },
    {
      "type": "Feature",
      "geometry": {
        "type": "Point",
        "coordinates": [
          1.98019113,
          41.28307261
        ]
      },
      "properties": {
        "osm_id": null,
        "overture_id": "ff7b5487-6bf5-4bcf-88e7-fcfaab92f7f5",
        "name": "Oficina de Correos",
        "display_name": "Oficina de Correos",
        "category": "Otros servicios",
        "subcategory": "Oficina de correos",
        "primary_tag": "overture=post_office",
        "source": "Overture Maps Places",
        "sources": [
          "Overture Maps Places"
        ],
        "name_source": "Overture Maps Places",
        "overture_taxonomy": "post_office",
        "overture_confidence": 0.989,
        "panoramax_id": "05bbaf81-5660-492a-959c-907dc946fd84",
        "panoramax_thumbnail_url": "https://panoramax.openstreetmap.fr/derivates/05/bb/af/81/5660-492a-959c-907dc946fd84/thumb.jpg",
        "panoramax_visual_url": "https://panoramax.openstreetmap.fr/derivates/05/bb/af/81/5660-492a-959c-907dc946fd84/sd.jpg",
        "panoramax_captured_at": "2024-11-08T11:00:00",
        "panoramax_distance_m": 35.6,
        "panoramax_license": "CC-BY-SA-4.0",
        "panoramax_providers": [
          "p4n-pics"
        ],
        "panoramax_instance_name": "osm-fr",
        "panoramax_instance_url": "https://panoramax.openstreetmap.fr",
        "grid_id": "r4_c7"
      }
    },
    {
      "type": "Feature",
      "geometry": {
        "type": "Point",
        "coordinates": [
          1.979382,
          41.282748
        ]
      },
      "properties": {
        "osm_id": null,
        "overture_id": "fd64b9b0-2e60-4994-87e3-e763aae91cc9",
        "name": "UPS Access Point",
        "display_name": "UPS Access Point",
        "category": "Otros servicios",
        "subcategory": "Mensajería y reparto",
        "primary_tag": "overture=courier_and_delivery_service",
        "source": "Overture Maps Places",
        "sources": [
          "Overture Maps Places"
        ],
        "name_source": "Overture Maps Places",
        "overture_taxonomy": "courier_and_delivery_service",
        "overture_confidence": 0.85,
        "grid_id": "r4_c7"
      }
    },
    {
      "type": "Feature",
      "geometry": {
        "type": "Point",
        "coordinates": [
          1.9856308,
          41.2797181
        ]
      },
      "properties": {
        "osm_id": null,
        "overture_id": "2c1f00a4-d9c0-4eb9-b4a2-7fa62e544929",
        "name": "Vinted Go Locker",
        "display_name": "Vinted Go Locker",
        "category": "Otros servicios",
        "subcategory": "Mensajería / paquetería",
        "primary_tag": "overture=shipping_or_delivery_service",
        "source": "Overture Maps Places",
        "sources": [
          "Overture Maps Places"
        ],
        "name_source": "Overture Maps Places",
        "overture_taxonomy": "shipping_or_delivery_service",
        "overture_confidence": 1,
        "grid_id": "r3_c8"
      }
    },
    {
      "type": "Feature",
      "geometry": {
        "type": "Point",
        "coordinates": [
          1.990307522,
          41.28222867
        ]
      },
      "properties": {
        "osm_id": null,
        "overture_id": "b6b95b7d-cb9d-44da-876f-65d9829a7bdd",
        "name": "Vinted Go Parcel Shop",
        "display_name": "Vinted Go Parcel Shop",
        "category": "Otros servicios",
        "subcategory": "Mensajería / paquetería",
        "primary_tag": "overture=shipping_or_delivery_service",
        "source": "Overture Maps Places",
        "sources": [
          "Overture Maps Places"
        ],
        "name_source": "Overture Maps Places",
        "overture_taxonomy": "shipping_or_delivery_service",
        "overture_confidence": 1,
        "grid_id": "r4_c8"
      }
    },
    {
      "type": "Feature",
      "geometry": {
        "type": "Point",
        "coordinates": [
          1.978606953,
          41.28219391
        ]
      },
      "properties": {
        "osm_id": null,
        "overture_id": "96d2fa2b-f339-4401-87ef-40d359ef31fa",
        "name": "Vinted Go Parcel Shop",
        "display_name": "Vinted Go Parcel Shop",
        "category": "Otros servicios",
        "subcategory": "Mensajería / paquetería",
        "primary_tag": "overture=shipping_or_delivery_service",
        "source": "Overture Maps Places",
        "sources": [
          "Overture Maps Places"
        ],
        "name_source": "Overture Maps Places",
        "overture_taxonomy": "shipping_or_delivery_service",
        "overture_confidence": 1,
        "grid_id": "r4_c6"
      }
    },
    {
      "type": "Feature",
      "geometry": {
        "type": "Point",
        "coordinates": [
          1.9812988,
          41.2843537
        ]
      },
      "properties": {
        "osm_id": null,
        "overture_id": "222e71c6-fb43-472c-9ba7-9d8821246e9d",
        "name": "Vinted Go Parcel Shop",
        "display_name": "Vinted Go Parcel Shop",
        "category": "Otros servicios",
        "subcategory": "Mensajería / paquetería",
        "primary_tag": "overture=shipping_or_delivery_service",
        "source": "Overture Maps Places",
        "sources": [
          "Overture Maps Places"
        ],
        "name_source": "Overture Maps Places",
        "overture_taxonomy": "shipping_or_delivery_service",
        "overture_confidence": 1,
        "grid_id": "r4_c7"
      }
    }
  ]
}
