{
  "type": "FeatureCollection",
  "features": [
    {
      "type": "Feature",
      "geometry": {
        "type": "Point",
        "coordinates": [
          1.9870376,
          41.2833366
        ]
      },
      "properties": {
        "osm_id": "node/3128173014",
        "name": "Adidas",
        "category": "Comercio",
        "primary_tag": "shop=sports",
        "amenity": null,
        "shop": "sports",
        "office": null,
        "tourism": null,
        "leisure": null,
        "source": "OpenStreetMap via Overpass API",
        "grid_id": "r4_c8"
      }
    },
    {
      "type": "Feature",
      "geometry": {
        "type": "Point",
        "coordinates": [
          1.9862837,
          41.2791089
        ]
      },
      "properties": {
        "osm_id": "way/398971884",
        "name": "ALDI",
        "category": "Comercio",
        "primary_tag": "shop=supermarket",
        "amenity": null,
        "shop": "supermarket",
        "office": null,
        "tourism": null,
        "leisure": null,
        "source": "OpenStreetMap via Overpass API",
        "grid_id": "r3_c8"
      }
    },
    {
      "type": "Feature",
      "geometry": {
        "type": "Point",
        "coordinates": [
          1.9863974,
          41.2790335
        ]
      },
      "properties": {
        "osm_id": "way/450023801",
        "name": "ALDI",
        "category": "Comercio",
        "primary_tag": "amenity=parking",
        "amenity": "parking",
        "shop": "supermarket",
        "office": null,
        "tourism": null,
        "leisure": null,
        "source": "OpenStreetMap via Overpass API",
        "grid_id": "r3_c8"
      }
    },
    {
      "type": "Feature",
      "geometry": {
        "type": "Point",
        "coordinates": [
          1.9837441,
          41.2893638
        ]
      },
      "properties": {
        "osm_id": "node/4469874236",
        "name": "Arenas",
        "category": "Comercio",
        "primary_tag": "shop=hairdresser",
        "amenity": null,
        "shop": "hairdresser",
        "office": null,
        "tourism": null,
        "leisure": null,
        "source": "OpenStreetMap via Overpass API",
        "grid_id": "r5_c7"
      }
    },
    {
      "type": "Feature",
      "geometry": {
        "type": "Point",
        "coordinates": [
          1.9833711,
          41.2853897
        ]
      },
      "properties": {
        "osm_id": "node/8736820262",
        "name": "Artbike",
        "category": "Comercio",
        "primary_tag": "shop=bicycle",
        "amenity": null,
        "shop": "bicycle",
        "office": null,
        "tourism": null,
        "leisure": null,
        "source": "OpenStreetMap via Overpass API",
        "grid_id": "r4_c7"
      }
    },
    {
      "type": "Feature",
      "geometry": {
        "type": "Point",
        "coordinates": [
          1.9733314,
          41.2846864
        ]
      },
      "properties": {
        "osm_id": "node/12551029335",
        "name": "Azada Shop",
        "category": "Comercio",
        "primary_tag": "shop=nuts",
        "amenity": null,
        "shop": "nuts",
        "office": null,
        "tourism": null,
        "leisure": null,
        "source": "OpenStreetMap via Overpass API",
        "grid_id": "r4_c6"
      }
    },
    {
      "type": "Feature",
      "geometry": {
        "type": "Point",
        "coordinates": [
          1.9682533,
          41.2660315
        ]
      },
      "properties": {
        "osm_id": "node/12093256602",
        "name": "Basar Sol",
        "category": "Comercio",
        "primary_tag": "shop=variety_store",
        "amenity": null,
        "shop": "variety_store",
        "office": null,
        "tourism": null,
        "leisure": null,
        "source": "OpenStreetMap via Overpass API",
        "grid_id": "r0_c5"
      }
    },
    {
      "type": "Feature",
      "geometry": {
        "type": "Point",
        "coordinates": [
          1.9789889,
          41.2794191
        ]
      },
      "properties": {
        "osm_id": "node/12278224641",
        "name": "Bella Luna Nails",
        "category": "Comercio",
        "primary_tag": "shop=beauty",
        "amenity": null,
        "shop": "beauty",
        "office": null,
        "tourism": null,
        "leisure": null,
        "source": "OpenStreetMap via Overpass API",
        "grid_id": "r3_c6"
      }
    },
    {
      "type": "Feature",
      "geometry": {
        "type": "Point",
        "coordinates": [
          1.9867372,
          41.2833688
        ]
      },
      "properties": {
        "osm_id": "node/3128165530",
        "name": "Bershka",
        "category": "Comercio",
        "primary_tag": "shop=clothes",
        "amenity": null,
        "shop": "clothes",
        "office": null,
        "tourism": null,
        "leisure": null,
        "source": "OpenStreetMap via Overpass API",
        "grid_id": "r4_c8"
      }
    },
    {
      "type": "Feature",
      "geometry": {
        "type": "Point",
        "coordinates": [
          1.9758829,
          41.2795375
        ]
      },
      "properties": {
        "osm_id": "node/4680552289",
        "name": "Beta System",
        "category": "Comercio",
        "primary_tag": "shop=computer",
        "amenity": null,
        "shop": "computer",
        "office": null,
        "tourism": null,
        "leisure": null,
        "source": "OpenStreetMap via Overpass API",
        "grid_id": "r3_c6"
      }
    },
    {
      "type": "Feature",
      "geometry": {
        "type": "Point",
        "coordinates": [
          1.9586652,
          41.2661536
        ]
      },
      "properties": {
        "osm_id": "node/6456233248",
        "name": "Bicifels",
        "category": "Comercio",
        "primary_tag": "amenity=bicycle_rental",
        "amenity": "bicycle_rental",
        "shop": "bicycle",
        "office": null,
        "tourism": null,
        "leisure": null,
        "source": "OpenStreetMap via Overpass API",
        "grid_id": "r0_c3"
      }
    },
    {
      "type": "Feature",
      "geometry": {
        "type": "Point",
        "coordinates": [
          1.9797957,
          41.2799661
        ]
      },
      "properties": {
        "osm_id": "node/4017129075",
        "name": "Caprabo",
        "category": "Comercio",
        "primary_tag": "shop=supermarket",
        "amenity": null,
        "shop": "supermarket",
        "office": null,
        "tourism": null,
        "leisure": null,
        "source": "OpenStreetMap via Overpass API",
        "grid_id": "r3_c7"
      }
    },
    {
      "type": "Feature",
      "geometry": {
        "type": "Point",
        "coordinates": [
          1.9852045,
          41.2807258
        ]
      },
      "properties": {
        "osm_id": "way/224092663",
        "name": "Caprabo",
        "category": "Comercio",
        "primary_tag": "shop=supermarket",
        "amenity": null,
        "shop": "supermarket",
        "office": null,
        "tourism": null,
        "leisure": null,
        "source": "OpenStreetMap via Overpass API",
        "grid_id": "r3_c8"
      }
    },
    {
      "type": "Feature",
      "geometry": {
        "type": "Point",
        "coordinates": [
          1.9737312,
          41.2788751
        ]
      },
      "properties": {
        "osm_id": "node/5128327165",
        "name": "Caremi",
        "category": "Comercio",
        "primary_tag": "shop=bakery",
        "amenity": null,
        "shop": "bakery",
        "office": null,
        "tourism": null,
        "leisure": null,
        "source": "OpenStreetMap via Overpass API",
        "grid_id": "r3_c6"
      }
    },
    {
      "type": "Feature",
      "geometry": {
        "type": "Point",
        "coordinates": [
          1.9802899,
          41.2833609
        ]
      },
      "properties": {
        "osm_id": "node/7051429689",
        "name": "Carniceria Caminito",
        "category": "Comercio",
        "primary_tag": "shop=butcher",
        "amenity": null,
        "shop": "butcher",
        "office": null,
        "tourism": null,
        "leisure": null,
        "source": "OpenStreetMap via Overpass API",
        "grid_id": "r4_c7"
      }
    },
    {
      "type": "Feature",
      "geometry": {
        "type": "Point",
        "coordinates": [
          1.9809842,
          41.2706699
        ]
      },
      "properties": {
        "osm_id": "node/5948445348",
        "name": "Carrefour Express",
        "category": "Comercio",
        "primary_tag": "shop=convenience",
        "amenity": null,
        "shop": "convenience",
        "office": null,
        "tourism": null,
        "leisure": null,
        "source": "OpenStreetMap via Overpass API",
        "grid_id": "r1_c7"
      }
    },
    {
      "type": "Feature",
      "geometry": {
        "type": "Point",
        "coordinates": [
          1.9839278,
          41.2803571
        ]
      },
      "properties": {
        "osm_id": "way/224092662",
        "name": "Carrefour Express",
        "category": "Comercio",
        "primary_tag": "shop=convenience",
        "amenity": null,
        "shop": "convenience",
        "office": null,
        "tourism": null,
        "leisure": null,
        "source": "OpenStreetMap via Overpass API",
        "grid_id": "r3_c7"
      }
    },
    {
      "type": "Feature",
      "geometry": {
        "type": "Point",
        "coordinates": [
          1.9873783,
          41.2829941
        ]
      },
      "properties": {
        "osm_id": "node/2246485222",
        "name": "CC Anec Blau",
        "category": "Comercio",
        "primary_tag": "shop=supermarket",
        "amenity": null,
        "shop": "supermarket",
        "office": null,
        "tourism": null,
        "leisure": null,
        "source": "OpenStreetMap via Overpass API",
        "grid_id": "r4_c8"
      }
    },
    {
      "type": "Feature",
      "geometry": {
        "type": "Point",
        "coordinates": [
          1.978087,
          41.2796416
        ]
      },
      "properties": {
        "osm_id": "node/12278203618",
        "name": "Centre Fuji",
        "category": "Comercio",
        "primary_tag": "shop=photo",
        "amenity": null,
        "shop": "photo",
        "office": null,
        "tourism": null,
        "leisure": null,
        "source": "OpenStreetMap via Overpass API",
        "grid_id": "r3_c6"
      }
    },
    {
      "type": "Feature",
      "geometry": {
        "type": "Point",
        "coordinates": [
          1.9776958,
          41.2799329
        ]
      },
      "properties": {
        "osm_id": "node/12278447875",
        "name": "Chela",
        "category": "Comercio",
        "primary_tag": "shop=clothes",
        "amenity": null,
        "shop": "clothes",
        "office": null,
        "tourism": null,
        "leisure": null,
        "source": "OpenStreetMap via Overpass API",
        "grid_id": "r3_c6"
      }
    },
    {
      "type": "Feature",
      "geometry": {
        "type": "Point",
        "coordinates": [
          1.9710099,
          41.2662727
        ]
      },
      "properties": {
        "osm_id": "node/1866261038",
        "name": "Coaliment",
        "category": "Comercio",
        "primary_tag": "shop=supermarket",
        "amenity": null,
        "shop": "supermarket",
        "office": null,
        "tourism": null,
        "leisure": null,
        "source": "OpenStreetMap via Overpass API",
        "grid_id": "r0_c5"
      }
    },
    {
      "type": "Feature",
      "geometry": {
        "type": "Point",
        "coordinates": [
          1.9779365,
          41.2873063
        ]
      },
      "properties": {
        "osm_id": "node/11363841269",
        "name": "Condis",
        "category": "Comercio",
        "primary_tag": "shop=supermarket",
        "amenity": null,
        "shop": "supermarket",
        "office": null,
        "tourism": null,
        "leisure": null,
        "source": "OpenStreetMap via Overpass API",
        "grid_id": "r5_c6"
      }
    },
    {
      "type": "Feature",
      "geometry": {
        "type": "Point",
        "coordinates": [
          1.9903238,
          41.2829605
        ]
      },
      "properties": {
        "osm_id": "node/8158307441",
        "name": "Crianza Natural",
        "category": "Comercio",
        "primary_tag": "shop=baby_goods",
        "amenity": null,
        "shop": "baby_goods",
        "office": null,
        "tourism": null,
        "leisure": null,
        "source": "OpenStreetMap via Overpass API",
        "grid_id": "r4_c8"
      }
    },
    {
      "type": "Feature",
      "geometry": {
        "type": "Point",
        "coordinates": [
          1.9774301,
          41.2805364
        ]
      },
      "properties": {
        "osm_id": "node/12058722470",
        "name": "Duldi",
        "category": "Comercio",
        "primary_tag": "shop=confectionery",
        "amenity": null,
        "shop": "confectionery",
        "office": null,
        "tourism": null,
        "leisure": null,
        "source": "OpenStreetMap via Overpass API",
        "grid_id": "r3_c6"
      }
    },
    {
      "type": "Feature",
      "geometry": {
        "type": "Point",
        "coordinates": [
          1.96359,
          41.2659386
        ]
      },
      "properties": {
        "osm_id": "node/2246381308",
        "name": "Estanco Nou",
        "category": "Comercio",
        "primary_tag": "shop=kiosk",
        "amenity": null,
        "shop": "kiosk",
        "office": null,
        "tourism": null,
        "leisure": null,
        "source": "OpenStreetMap via Overpass API",
        "grid_id": "r0_c4"
      }
    },
    {
      "type": "Feature",
      "geometry": {
        "type": "Point",
        "coordinates": [
          1.977494,
          41.2800823
        ]
      },
      "properties": {
        "osm_id": "node/12278447885",
        "name": "Farola",
        "category": "Comercio",
        "primary_tag": "shop=clothes",
        "amenity": null,
        "shop": "clothes",
        "office": null,
        "tourism": null,
        "leisure": null,
        "source": "OpenStreetMap via Overpass API",
        "grid_id": "r3_c6"
      }
    },
    {
      "type": "Feature",
      "geometry": {
        "type": "Point",
        "coordinates": [
          1.9777785,
          41.2873525
        ]
      },
      "properties": {
        "osm_id": "node/11363832369",
        "name": "Forn de la Platja",
        "category": "Comercio",
        "primary_tag": "shop=bakery",
        "amenity": null,
        "shop": "bakery",
        "office": null,
        "tourism": null,
        "leisure": null,
        "source": "OpenStreetMap via Overpass API",
        "grid_id": "r5_c6"
      }
    },
    {
      "type": "Feature",
      "geometry": {
        "type": "Point",
        "coordinates": [
          1.9710182,
          41.2659719
        ]
      },
      "properties": {
        "osm_id": "node/2246387419",
        "name": "Granier",
        "category": "Comercio",
        "primary_tag": "shop=bakery",
        "amenity": null,
        "shop": "bakery",
        "office": null,
        "tourism": null,
        "leisure": null,
        "source": "OpenStreetMap via Overpass API",
        "grid_id": "r0_c5"
      }
    },
    {
      "type": "Feature",
      "geometry": {
        "type": "Point",
        "coordinates": [
          1.9869195,
          41.283385
        ]
      },
      "properties": {
        "osm_id": "node/3128164401",
        "name": "H&M",
        "category": "Comercio",
        "primary_tag": "shop=clothes",
        "amenity": null,
        "shop": "clothes",
        "office": null,
        "tourism": null,
        "leisure": null,
        "source": "OpenStreetMap via Overpass API",
        "grid_id": "r4_c8"
      }
    },
    {
      "type": "Feature",
      "geometry": {
        "type": "Point",
        "coordinates": [
          1.9780522,
          41.2796678
        ]
      },
      "properties": {
        "osm_id": "node/12278203614",
        "name": "J. Perez",
        "category": "Comercio",
        "primary_tag": "shop=hairdresser",
        "amenity": null,
        "shop": "hairdresser",
        "office": null,
        "tourism": null,
        "leisure": null,
        "source": "OpenStreetMap via Overpass API",
        "grid_id": "r3_c6"
      }
    },
    {
      "type": "Feature",
      "geometry": {
        "type": "Point",
        "coordinates": [
          1.9776393,
          41.2799764
        ]
      },
      "properties": {
        "osm_id": "node/12278447878",
        "name": "Juguettos",
        "category": "Comercio",
        "primary_tag": "shop=toys",
        "amenity": null,
        "shop": "toys",
        "office": null,
        "tourism": null,
        "leisure": null,
        "source": "OpenStreetMap via Overpass API",
        "grid_id": "r3_c6"
      }
    },
    {
      "type": "Feature",
      "geometry": {
        "type": "Point",
        "coordinates": [
          1.9784898,
          41.2795977
        ]
      },
      "properties": {
        "osm_id": "node/7343698499",
        "name": "kukot",
        "category": "Comercio",
        "primary_tag": "shop=hairdresser",
        "amenity": null,
        "shop": "hairdresser",
        "office": null,
        "tourism": null,
        "leisure": null,
        "source": "OpenStreetMap via Overpass API",
        "grid_id": "r3_c6"
      }
    },
    {
      "type": "Feature",
      "geometry": {
        "type": "Point",
        "coordinates": [
          1.979052,
          41.2860107
        ]
      },
      "properties": {
        "osm_id": "node/8430177285",
        "name": "La Delicia Celeste",
        "category": "Comercio",
        "primary_tag": "shop=bakery",
        "amenity": null,
        "shop": "bakery",
        "office": null,
        "tourism": null,
        "leisure": null,
        "source": "OpenStreetMap via Overpass API",
        "grid_id": "r5_c7"
      }
    },
    {
      "type": "Feature",
      "geometry": {
        "type": "Point",
        "coordinates": [
          1.9856626,
          41.2871458
        ]
      },
      "properties": {
        "osm_id": "node/4469870284",
        "name": "La Gineleta",
        "category": "Comercio",
        "primary_tag": "shop=greengrocer",
        "amenity": null,
        "shop": "greengrocer",
        "office": null,
        "tourism": null,
        "leisure": null,
        "source": "OpenStreetMap via Overpass API",
        "grid_id": "r5_c8"
      }
    },
    {
      "type": "Feature",
      "geometry": {
        "type": "Point",
        "coordinates": [
          1.9794536,
          41.2698836
        ]
      },
      "properties": {
        "osm_id": "node/5948445351",
        "name": "La Pampa",
        "category": "Comercio",
        "primary_tag": "shop=deli",
        "amenity": null,
        "shop": "deli",
        "office": null,
        "tourism": null,
        "leisure": null,
        "source": "OpenStreetMap via Overpass API",
        "grid_id": "r1_c7"
      }
    },
    {
      "type": "Feature",
      "geometry": {
        "type": "Point",
        "coordinates": [
          1.9567784,
          41.266626
        ]
      },
      "properties": {
        "osm_id": "node/2246302208",
        "name": "La Repera",
        "category": "Comercio",
        "primary_tag": "shop=greengrocer",
        "amenity": null,
        "shop": "greengrocer",
        "office": null,
        "tourism": null,
        "leisure": null,
        "source": "OpenStreetMap via Overpass API",
        "grid_id": "r0_c3"
      }
    },
    {
      "type": "Feature",
      "geometry": {
        "type": "Point",
        "coordinates": [
          1.9753765,
          41.2816921
        ]
      },
      "properties": {
        "osm_id": "node/9015049139",
        "name": "Lidl",
        "category": "Comercio",
        "primary_tag": "shop=supermarket",
        "amenity": null,
        "shop": "supermarket",
        "office": null,
        "tourism": null,
        "leisure": null,
        "source": "OpenStreetMap via Overpass API",
        "grid_id": "r4_c6"
      }
    },
    {
      "type": "Feature",
      "geometry": {
        "type": "Point",
        "coordinates": [
          1.9860486,
          41.2810995
        ]
      },
      "properties": {
        "osm_id": "way/185078579",
        "name": "Lidl",
        "category": "Comercio",
        "primary_tag": "shop=supermarket",
        "amenity": null,
        "shop": "supermarket",
        "office": null,
        "tourism": null,
        "leisure": null,
        "source": "OpenStreetMap via Overpass API",
        "grid_id": "r3_c8"
      }
    },
    {
      "type": "Feature",
      "geometry": {
        "type": "Point",
        "coordinates": [
          1.977994,
          41.2787061
        ]
      },
      "properties": {
        "osm_id": "node/14075149106",
        "name": "Llibreria Canillo",
        "category": "Comercio",
        "primary_tag": "shop=books",
        "amenity": null,
        "shop": "books",
        "office": null,
        "tourism": null,
        "leisure": null,
        "source": "OpenStreetMap via Overpass API",
        "grid_id": "r3_c6"
      }
    },
    {
      "type": "Feature",
      "geometry": {
        "type": "Point",
        "coordinates": [
          1.9778037,
          41.2801009
        ]
      },
      "properties": {
        "osm_id": "node/12278447881",
        "name": "luckia",
        "category": "Comercio",
        "primary_tag": "shop=bookmaker",
        "amenity": null,
        "shop": "bookmaker",
        "office": null,
        "tourism": null,
        "leisure": null,
        "source": "OpenStreetMap via Overpass API",
        "grid_id": "r3_c6"
      }
    },
    {
      "type": "Feature",
      "geometry": {
        "type": "Point",
        "coordinates": [
          1.9871127,
          41.2834011
        ]
      },
      "properties": {
        "osm_id": "node/3128168768",
        "name": "Mango",
        "category": "Comercio",
        "primary_tag": "shop=clothes",
        "amenity": null,
        "shop": "clothes",
        "office": null,
        "tourism": null,
        "leisure": null,
        "source": "OpenStreetMap via Overpass API",
        "grid_id": "r4_c8"
      }
    },
    {
      "type": "Feature",
      "geometry": {
        "type": "Point",
        "coordinates": [
          1.9885481,
          41.2826267
        ]
      },
      "properties": {
        "osm_id": "node/7343698500",
        "name": "Merca China",
        "category": "Comercio",
        "primary_tag": "shop=variety_store",
        "amenity": null,
        "shop": "variety_store",
        "office": null,
        "tourism": null,
        "leisure": null,
        "source": "OpenStreetMap via Overpass API",
        "grid_id": "r4_c8"
      }
    },
    {
      "type": "Feature",
      "geometry": {
        "type": "Point",
        "coordinates": [
          1.9856994,
          41.2819318
        ]
      },
      "properties": {
        "osm_id": "node/970923202",
        "name": "Mercadona",
        "category": "Comercio",
        "primary_tag": "shop=supermarket",
        "amenity": null,
        "shop": "supermarket",
        "office": null,
        "tourism": null,
        "leisure": null,
        "source": "OpenStreetMap via Overpass API",
        "grid_id": "r4_c8"
      }
    },
    {
      "type": "Feature",
      "geometry": {
        "type": "Point",
        "coordinates": [
          1.9745605,
          41.2823445
        ]
      },
      "properties": {
        "osm_id": "node/2235052546",
        "name": "Mercadona",
        "category": "Comercio",
        "primary_tag": "shop=supermarket",
        "amenity": null,
        "shop": "supermarket",
        "office": null,
        "tourism": null,
        "leisure": null,
        "source": "OpenStreetMap via Overpass API",
        "grid_id": "r4_c6"
      }
    },
    {
      "type": "Feature",
      "geometry": {
        "type": "Point",
        "coordinates": [
          1.9775713,
          41.2802693
        ]
      },
      "properties": {
        "osm_id": "node/12278447883",
        "name": "Muralla Òptica",
        "category": "Comercio",
        "primary_tag": "shop=optician",
        "amenity": null,
        "shop": "optician",
        "office": null,
        "tourism": null,
        "leisure": null,
        "source": "OpenStreetMap via Overpass API",
        "grid_id": "r3_c6"
      }
    },
    {
      "type": "Feature",
      "geometry": {
        "type": "Point",
        "coordinates": [
          1.9872307,
          41.2833608
        ]
      },
      "properties": {
        "osm_id": "node/3128159428",
        "name": "Nike",
        "category": "Comercio",
        "primary_tag": "shop=clothes",
        "amenity": null,
        "shop": "clothes",
        "office": null,
        "tourism": null,
        "leisure": null,
        "source": "OpenStreetMap via Overpass API",
        "grid_id": "r4_c8"
      }
    },
    {
      "type": "Feature",
      "geometry": {
        "type": "Point",
        "coordinates": [
          1.9771028,
          41.2802397
        ]
      },
      "properties": {
        "osm_id": "node/12058686266",
        "name": "OD Beauty Salon",
        "category": "Comercio",
        "primary_tag": "shop=hairdresser",
        "amenity": null,
        "shop": "hairdresser",
        "office": null,
        "tourism": null,
        "leisure": null,
        "source": "OpenStreetMap via Overpass API",
        "grid_id": "r3_c6"
      }
    },
    {
      "type": "Feature",
      "geometry": {
        "type": "Point",
        "coordinates": [
          1.9711133,
          41.2668131
        ]
      },
      "properties": {
        "osm_id": "node/2246310111",
        "name": "Open Market",
        "category": "Comercio",
        "primary_tag": "shop=convenience",
        "amenity": null,
        "shop": "convenience",
        "office": null,
        "tourism": null,
        "leisure": null,
        "source": "OpenStreetMap via Overpass API",
        "grid_id": "r0_c5"
      }
    },
    {
      "type": "Feature",
      "geometry": {
        "type": "Point",
        "coordinates": [
          1.9776636,
          41.2814443
        ]
      },
      "properties": {
        "osm_id": "node/4264275696",
        "name": "Optical Center",
        "category": "Comercio",
        "primary_tag": "shop=optician",
        "amenity": null,
        "shop": "optician",
        "office": null,
        "tourism": null,
        "leisure": null,
        "source": "OpenStreetMap via Overpass API",
        "grid_id": "r4_c6"
      }
    },
    {
      "type": "Feature",
      "geometry": {
        "type": "Point",
        "coordinates": [
          1.9813508,
          41.2859617
        ]
      },
      "properties": {
        "osm_id": "node/13532176081",
        "name": "Peluquería Masculina Manuel Perez",
        "category": "Comercio",
        "primary_tag": "shop=hairdresser",
        "amenity": null,
        "shop": "hairdresser",
        "office": null,
        "tourism": null,
        "leisure": null,
        "source": "OpenStreetMap via Overpass API",
        "grid_id": "r5_c7"
      }
    },
    {
      "type": "Feature",
      "geometry": {
        "type": "Point",
        "coordinates": [
          1.9887943,
          41.2877413
        ]
      },
      "properties": {
        "osm_id": "node/13432552671",
        "name": "Pic Supermercat de la Carn",
        "category": "Comercio",
        "primary_tag": "shop=convenience",
        "amenity": null,
        "shop": "convenience",
        "office": null,
        "tourism": null,
        "leisure": null,
        "source": "OpenStreetMap via Overpass API",
        "grid_id": "r5_c8"
      }
    },
    {
      "type": "Feature",
      "geometry": {
        "type": "Point",
        "coordinates": [
          1.9869195,
          41.2833285
        ]
      },
      "properties": {
        "osm_id": "node/3128173246",
        "name": "Reebok",
        "category": "Comercio",
        "primary_tag": "shop=clothes",
        "amenity": null,
        "shop": "clothes",
        "office": null,
        "tourism": null,
        "leisure": null,
        "source": "OpenStreetMap via Overpass API",
        "grid_id": "r4_c8"
      }
    },
    {
      "type": "Feature",
      "geometry": {
        "type": "Point",
        "coordinates": [
          1.9779951,
          41.2797135
        ]
      },
      "properties": {
        "osm_id": "node/12278203615",
        "name": "Santagloria",
        "category": "Comercio",
        "primary_tag": "amenity=cafe",
        "amenity": "cafe",
        "shop": "bakery",
        "office": null,
        "tourism": null,
        "leisure": null,
        "source": "OpenStreetMap via Overpass API",
        "grid_id": "r3_c6"
      }
    },
    {
      "type": "Feature",
      "geometry": {
        "type": "Point",
        "coordinates": [
          1.9646862,
          41.2659332
        ]
      },
      "properties": {
        "osm_id": "node/2246306138",
        "name": "Sin nombre",
        "category": "Comercio",
        "primary_tag": "shop=bakery",
        "amenity": null,
        "shop": "bakery",
        "office": null,
        "tourism": null,
        "leisure": null,
        "source": "OpenStreetMap via Overpass API",
        "grid_id": "r0_c4"
      }
    },
    {
      "type": "Feature",
      "geometry": {
        "type": "Point",
        "coordinates": [
          1.9710034,
          41.2674558
        ]
      },
      "properties": {
        "osm_id": "node/2246306836",
        "name": "Sin nombre",
        "category": "Comercio",
        "primary_tag": "shop=bakery",
        "amenity": null,
        "shop": "bakery",
        "office": null,
        "tourism": null,
        "leisure": null,
        "source": "OpenStreetMap via Overpass API",
        "grid_id": "r0_c5"
      }
    },
    {
      "type": "Feature",
      "geometry": {
        "type": "Point",
        "coordinates": [
          1.9710328,
          41.2673897
        ]
      },
      "properties": {
        "osm_id": "node/2246307101",
        "name": "Sin nombre",
        "category": "Comercio",
        "primary_tag": "shop=hairdresser",
        "amenity": null,
        "shop": "hairdresser",
        "office": null,
        "tourism": null,
        "leisure": null,
        "source": "OpenStreetMap via Overpass API",
        "grid_id": "r0_c5"
      }
    },
    {
      "type": "Feature",
      "geometry": {
        "type": "Point",
        "coordinates": [
          1.9709397,
          41.2674497
        ]
      },
      "properties": {
        "osm_id": "node/2246307228",
        "name": "Sin nombre",
        "category": "Comercio",
        "primary_tag": "shop=greengrocer",
        "amenity": null,
        "shop": "greengrocer",
        "office": null,
        "tourism": null,
        "leisure": null,
        "source": "OpenStreetMap via Overpass API",
        "grid_id": "r0_c5"
      }
    },
    {
      "type": "Feature",
      "geometry": {
        "type": "Point",
        "coordinates": [
          1.9710918,
          41.2671498
        ]
      },
      "properties": {
        "osm_id": "node/2246307937",
        "name": "Sin nombre",
        "category": "Comercio",
        "primary_tag": "shop=convenience",
        "amenity": null,
        "shop": "convenience",
        "office": null,
        "tourism": null,
        "leisure": null,
        "source": "OpenStreetMap via Overpass API",
        "grid_id": "r0_c5"
      }
    },
    {
      "type": "Feature",
      "geometry": {
        "type": "Point",
        "coordinates": [
          1.9711187,
          41.2660309
        ]
      },
      "properties": {
        "osm_id": "node/2246387416",
        "name": "Sin nombre",
        "category": "Comercio",
        "primary_tag": "shop=kiosk",
        "amenity": null,
        "shop": "kiosk",
        "office": null,
        "tourism": null,
        "leisure": null,
        "source": "OpenStreetMap via Overpass API",
        "grid_id": "r0_c5"
      }
    },
    {
      "type": "Feature",
      "geometry": {
        "type": "Point",
        "coordinates": [
          1.9706775,
          41.2659189
        ]
      },
      "properties": {
        "osm_id": "node/2246387765",
        "name": "Sin nombre",
        "category": "Comercio",
        "primary_tag": "shop=butcher",
        "amenity": null,
        "shop": "butcher",
        "office": null,
        "tourism": null,
        "leisure": null,
        "source": "OpenStreetMap via Overpass API",
        "grid_id": "r0_c5"
      }
    },
    {
      "type": "Feature",
      "geometry": {
        "type": "Point",
        "coordinates": [
          1.957257,
          41.2655349
        ]
      },
      "properties": {
        "osm_id": "node/2246389905",
        "name": "Sin nombre",
        "category": "Comercio",
        "primary_tag": "shop=kiosk",
        "amenity": null,
        "shop": "kiosk",
        "office": null,
        "tourism": null,
        "leisure": null,
        "source": "OpenStreetMap via Overpass API",
        "grid_id": "r0_c3"
      }
    },
    {
      "type": "Feature",
      "geometry": {
        "type": "Point",
        "coordinates": [
          1.9474449,
          41.2666586
        ]
      },
      "properties": {
        "osm_id": "node/2246643697",
        "name": "Sin nombre",
        "category": "Comercio",
        "primary_tag": "shop=kiosk",
        "amenity": null,
        "shop": "kiosk",
        "office": null,
        "tourism": null,
        "leisure": null,
        "source": "OpenStreetMap via Overpass API",
        "grid_id": "r0_c1"
      }
    },
    {
      "type": "Feature",
      "geometry": {
        "type": "Point",
        "coordinates": [
          1.9773271,
          41.2794595
        ]
      },
      "properties": {
        "osm_id": "node/4464835647",
        "name": "Sin nombre",
        "category": "Comercio",
        "primary_tag": "shop=bakery",
        "amenity": null,
        "shop": "bakery",
        "office": null,
        "tourism": null,
        "leisure": null,
        "source": "OpenStreetMap via Overpass API",
        "grid_id": "r3_c6"
      }
    },
    {
      "type": "Feature",
      "geometry": {
        "type": "Point",
        "coordinates": [
          1.9752861,
          41.27926
        ]
      },
      "properties": {
        "osm_id": "node/4464835819",
        "name": "Sin nombre",
        "category": "Comercio",
        "primary_tag": "shop=greengrocer",
        "amenity": null,
        "shop": "greengrocer",
        "office": null,
        "tourism": null,
        "leisure": null,
        "source": "OpenStreetMap via Overpass API",
        "grid_id": "r3_c6"
      }
    },
    {
      "type": "Feature",
      "geometry": {
        "type": "Point",
        "coordinates": [
          1.9786613,
          41.2793654
        ]
      },
      "properties": {
        "osm_id": "node/4464835829",
        "name": "Sin nombre",
        "category": "Comercio",
        "primary_tag": "shop=newsagent",
        "amenity": null,
        "shop": "newsagent",
        "office": null,
        "tourism": null,
        "leisure": null,
        "source": "OpenStreetMap via Overpass API",
        "grid_id": "r3_c6"
      }
    },
    {
      "type": "Feature",
      "geometry": {
        "type": "Point",
        "coordinates": [
          1.9775329,
          41.2803048
        ]
      },
      "properties": {
        "osm_id": "node/4464835910",
        "name": "Sin nombre",
        "category": "Comercio",
        "primary_tag": "shop=lottery",
        "amenity": null,
        "shop": "lottery",
        "office": null,
        "tourism": null,
        "leisure": null,
        "source": "OpenStreetMap via Overpass API",
        "grid_id": "r3_c6"
      }
    },
    {
      "type": "Feature",
      "geometry": {
        "type": "Point",
        "coordinates": [
          1.9708997,
          41.2659697
        ]
      },
      "properties": {
        "osm_id": "node/6726428183",
        "name": "Sin nombre",
        "category": "Comercio",
        "primary_tag": "shop=tobacco",
        "amenity": null,
        "shop": "tobacco",
        "office": null,
        "tourism": null,
        "leisure": null,
        "source": "OpenStreetMap via Overpass API",
        "grid_id": "r0_c5"
      }
    },
    {
      "type": "Feature",
      "geometry": {
        "type": "Point",
        "coordinates": [
          1.9770562,
          41.278548
        ]
      },
      "properties": {
        "osm_id": "node/8808373372",
        "name": "Sin nombre",
        "category": "Comercio",
        "primary_tag": "shop=hairdresser",
        "amenity": null,
        "shop": "hairdresser",
        "office": null,
        "tourism": null,
        "leisure": null,
        "source": "OpenStreetMap via Overpass API",
        "grid_id": "r3_c6"
      }
    },
    {
      "type": "Feature",
      "geometry": {
        "type": "Point",
        "coordinates": [
          1.9770194,
          41.2785695
        ]
      },
      "properties": {
        "osm_id": "node/8808373373",
        "name": "Sin nombre",
        "category": "Comercio",
        "primary_tag": "shop=seafood",
        "amenity": null,
        "shop": "seafood",
        "office": null,
        "tourism": null,
        "leisure": null,
        "source": "OpenStreetMap via Overpass API",
        "grid_id": "r3_c6"
      }
    },
    {
      "type": "Feature",
      "geometry": {
        "type": "Point",
        "coordinates": [
          1.9775078,
          41.2810326
        ]
      },
      "properties": {
        "osm_id": "node/12278425379",
        "name": "Sin nombre",
        "category": "Comercio",
        "primary_tag": "shop=tobacco",
        "amenity": null,
        "shop": "tobacco",
        "office": null,
        "tourism": null,
        "leisure": null,
        "source": "OpenStreetMap via Overpass API",
        "grid_id": "r3_c6"
      }
    },
    {
      "type": "Feature",
      "geometry": {
        "type": "Point",
        "coordinates": [
          1.9712119,
          41.2663097
        ]
      },
      "properties": {
        "osm_id": "node/13529665087",
        "name": "Sin nombre",
        "category": "Comercio",
        "primary_tag": "shop=pastry",
        "amenity": null,
        "shop": "pastry",
        "office": null,
        "tourism": null,
        "leisure": null,
        "source": "OpenStreetMap via Overpass API",
        "grid_id": "r0_c5"
      }
    },
    {
      "type": "Feature",
      "geometry": {
        "type": "Point",
        "coordinates": [
          1.9794107,
          41.2704965
        ]
      },
      "properties": {
        "osm_id": "node/5948445350",
        "name": "Sorli",
        "category": "Comercio",
        "primary_tag": "shop=supermarket",
        "amenity": null,
        "shop": "supermarket",
        "office": null,
        "tourism": null,
        "leisure": null,
        "source": "OpenStreetMap via Overpass API",
        "grid_id": "r1_c7"
      }
    },
    {
      "type": "Feature",
      "geometry": {
        "type": "Point",
        "coordinates": [
          1.9637103,
          41.2654187
        ]
      },
      "properties": {
        "osm_id": "way/221573916",
        "name": "Sorli",
        "category": "Comercio",
        "primary_tag": "shop=supermarket",
        "amenity": null,
        "shop": "supermarket",
        "office": null,
        "tourism": null,
        "leisure": null,
        "source": "OpenStreetMap via Overpass API",
        "grid_id": "r0_c4"
      }
    },
    {
      "type": "Feature",
      "geometry": {
        "type": "Point",
        "coordinates": [
          1.9447306,
          41.2666145
        ]
      },
      "properties": {
        "osm_id": "way/716955633",
        "name": "Sorli",
        "category": "Comercio",
        "primary_tag": "shop=supermarket",
        "amenity": null,
        "shop": "supermarket",
        "office": null,
        "tourism": null,
        "leisure": null,
        "source": "OpenStreetMap via Overpass API",
        "grid_id": "r0_c1"
      }
    },
    {
      "type": "Feature",
      "geometry": {
        "type": "Point",
        "coordinates": [
          1.9441716,
          41.2687794
        ]
      },
      "properties": {
        "osm_id": "node/2246641444",
        "name": "Spar",
        "category": "Comercio",
        "primary_tag": "shop=supermarket",
        "amenity": null,
        "shop": "supermarket",
        "office": null,
        "tourism": null,
        "leisure": null,
        "source": "OpenStreetMap via Overpass API",
        "grid_id": "r1_c1"
      }
    },
    {
      "type": "Feature",
      "geometry": {
        "type": "Point",
        "coordinates": [
          1.9871127,
          41.2834011
        ]
      },
      "properties": {
        "osm_id": "node/3128168982",
        "name": "Stradivarius",
        "category": "Comercio",
        "primary_tag": "shop=clothes",
        "amenity": null,
        "shop": "clothes",
        "office": null,
        "tourism": null,
        "leisure": null,
        "source": "OpenStreetMap via Overpass API",
        "grid_id": "r4_c8"
      }
    },
    {
      "type": "Feature",
      "geometry": {
        "type": "Point",
        "coordinates": [
          1.9575466,
          41.266695
        ]
      },
      "properties": {
        "osm_id": "node/6501573777",
        "name": "Super Basar",
        "category": "Comercio",
        "primary_tag": "shop=general",
        "amenity": null,
        "shop": "general",
        "office": null,
        "tourism": null,
        "leisure": null,
        "source": "OpenStreetMap via Overpass API",
        "grid_id": "r0_c3"
      }
    },
    {
      "type": "Feature",
      "geometry": {
        "type": "Point",
        "coordinates": [
          1.9575242,
          41.2668041
        ]
      },
      "properties": {
        "osm_id": "node/2303474433",
        "name": "Super Malik",
        "category": "Comercio",
        "primary_tag": "shop=convenience",
        "amenity": null,
        "shop": "convenience",
        "office": null,
        "tourism": null,
        "leisure": null,
        "source": "OpenStreetMap via Overpass API",
        "grid_id": "r0_c3"
      }
    },
    {
      "type": "Feature",
      "geometry": {
        "type": "Point",
        "coordinates": [
          1.9753953,
          41.2764627
        ]
      },
      "properties": {
        "osm_id": "node/11731193374",
        "name": "Supercor Express",
        "category": "Comercio",
        "primary_tag": "shop=convenience",
        "amenity": null,
        "shop": "convenience",
        "office": null,
        "tourism": null,
        "leisure": null,
        "source": "OpenStreetMap via Overpass API",
        "grid_id": "r2_c6"
      }
    },
    {
      "type": "Feature",
      "geometry": {
        "type": "Point",
        "coordinates": [
          1.9809318,
          41.2804716
        ]
      },
      "properties": {
        "osm_id": "node/13449628886",
        "name": "Taller la Unión IRM",
        "category": "Comercio",
        "primary_tag": "shop=car_repair",
        "amenity": null,
        "shop": "car_repair",
        "office": null,
        "tourism": null,
        "leisure": null,
        "source": "OpenStreetMap via Overpass API",
        "grid_id": "r3_c7"
      }
    },
    {
      "type": "Feature",
      "geometry": {
        "type": "Point",
        "coordinates": [
          1.9559127,
          41.2674066
        ]
      },
      "properties": {
        "osm_id": "node/2246656864",
        "name": "Tandys",
        "category": "Comercio",
        "primary_tag": "shop=convenience",
        "amenity": null,
        "shop": "convenience",
        "office": null,
        "tourism": null,
        "leisure": null,
        "source": "OpenStreetMap via Overpass API",
        "grid_id": "r0_c3"
      }
    },
    {
      "type": "Feature",
      "geometry": {
        "type": "Point",
        "coordinates": [
          1.979071,
          41.2793663
        ]
      },
      "properties": {
        "osm_id": "node/12278224645",
        "name": "trady’s",
        "category": "Comercio",
        "primary_tag": "shop=convenience",
        "amenity": null,
        "shop": "convenience",
        "office": null,
        "tourism": null,
        "leisure": null,
        "source": "OpenStreetMap via Overpass API",
        "grid_id": "r3_c7"
      }
    },
    {
      "type": "Feature",
      "geometry": {
        "type": "Point",
        "coordinates": [
          1.9773226,
          41.2802151
        ]
      },
      "properties": {
        "osm_id": "node/12278447882",
        "name": "tron’s",
        "category": "Comercio",
        "primary_tag": "shop=yes",
        "amenity": null,
        "shop": "yes",
        "office": null,
        "tourism": null,
        "leisure": null,
        "source": "OpenStreetMap via Overpass API",
        "grid_id": "r3_c6"
      }
    },
    {
      "type": "Feature",
      "geometry": {
        "type": "Point",
        "coordinates": [
          1.9865119,
          41.2833447
        ]
      },
      "properties": {
        "osm_id": "node/3128161759",
        "name": "Zara",
        "category": "Comercio",
        "primary_tag": "shop=clothes",
        "amenity": null,
        "shop": "clothes",
        "office": null,
        "tourism": null,
        "leisure": null,
        "source": "OpenStreetMap via Overpass API",
        "grid_id": "r4_c8"
      }
    },
    {
      "type": "Feature",
      "geometry": {
        "type": "Point",
        "coordinates": [
          1.9570644,
          41.266528
        ]
      },
      "properties": {
        "osm_id": "node/6497410694",
        "name": "2112",
        "category": "Restauración",
        "primary_tag": "amenity=restaurant",
        "amenity": "restaurant",
        "shop": null,
        "office": null,
        "tourism": null,
        "leisure": null,
        "source": "OpenStreetMap via Overpass API",
        "grid_id": "r0_c3"
      }
    },
    {
      "type": "Feature",
      "geometry": {
        "type": "Point",
        "coordinates": [
          1.9774763,
          41.2807688
        ]
      },
      "properties": {
        "osm_id": "node/12058722471",
        "name": "365",
        "category": "Restauración",
        "primary_tag": "amenity=cafe",
        "amenity": "cafe",
        "shop": null,
        "office": null,
        "tourism": null,
        "leisure": null,
        "source": "OpenStreetMap via Overpass API",
        "grid_id": "r3_c6"
      }
    },
    {
      "type": "Feature",
      "geometry": {
        "type": "Point",
        "coordinates": [
          1.9711816,
          41.266591
        ]
      },
      "properties": {
        "osm_id": "node/5223167021",
        "name": "Alex",
        "category": "Restauración",
        "primary_tag": "amenity=restaurant",
        "amenity": "restaurant",
        "shop": null,
        "office": null,
        "tourism": null,
        "leisure": null,
        "source": "OpenStreetMap via Overpass API",
        "grid_id": "r0_c5"
      }
    },
    {
      "type": "Feature",
      "geometry": {
        "type": "Point",
        "coordinates": [
          1.9811428,
          41.2642336
        ]
      },
      "properties": {
        "osm_id": "node/7575342685",
        "name": "Ananda",
        "category": "Restauración",
        "primary_tag": "amenity=restaurant",
        "amenity": "restaurant",
        "shop": null,
        "office": null,
        "tourism": null,
        "leisure": null,
        "source": "OpenStreetMap via Overpass API",
        "grid_id": "r0_c7"
      }
    },
    {
      "type": "Feature",
      "geometry": {
        "type": "Point",
        "coordinates": [
          1.9934375,
          41.2651268
        ]
      },
      "properties": {
        "osm_id": "way/1112724181",
        "name": "Ananda",
        "category": "Restauración",
        "primary_tag": "amenity=restaurant",
        "amenity": "restaurant",
        "shop": null,
        "office": null,
        "tourism": null,
        "leisure": null,
        "source": "OpenStreetMap via Overpass API",
        "grid_id": "r0_c9"
      }
    },
    {
      "type": "Feature",
      "geometry": {
        "type": "Point",
        "coordinates": [
          1.9597446,
          41.2643238
        ]
      },
      "properties": {
        "osm_id": "node/6454515968",
        "name": "Ancla",
        "category": "Restauración",
        "primary_tag": "amenity=restaurant",
        "amenity": "restaurant",
        "shop": null,
        "office": null,
        "tourism": null,
        "leisure": null,
        "source": "OpenStreetMap via Overpass API",
        "grid_id": "r0_c3"
      }
    },
    {
      "type": "Feature",
      "geometry": {
        "type": "Point",
        "coordinates": [
          1.9556136,
          41.2653906
        ]
      },
      "properties": {
        "osm_id": "node/7734815985",
        "name": "Aroma de Mar",
        "category": "Restauración",
        "primary_tag": "amenity=restaurant",
        "amenity": "restaurant",
        "shop": null,
        "office": null,
        "tourism": null,
        "leisure": null,
        "source": "OpenStreetMap via Overpass API",
        "grid_id": "r0_c3"
      }
    },
    {
      "type": "Feature",
      "geometry": {
        "type": "Point",
        "coordinates": [
          1.9782542,
          41.2795148
        ]
      },
      "properties": {
        "osm_id": "node/12278203611",
        "name": "ATR",
        "category": "Restauración",
        "primary_tag": "amenity=fast_food",
        "amenity": "fast_food",
        "shop": null,
        "office": null,
        "tourism": null,
        "leisure": null,
        "source": "OpenStreetMap via Overpass API",
        "grid_id": "r3_c6"
      }
    },
    {
      "type": "Feature",
      "geometry": {
        "type": "Point",
        "coordinates": [
          1.9811703,
          41.2668471
        ]
      },
      "properties": {
        "osm_id": "node/9580911176",
        "name": "Banks General",
        "category": "Restauración",
        "primary_tag": "amenity=cafe",
        "amenity": "cafe",
        "shop": null,
        "office": null,
        "tourism": null,
        "leisure": null,
        "source": "OpenStreetMap via Overpass API",
        "grid_id": "r0_c7"
      }
    },
    {
      "type": "Feature",
      "geometry": {
        "type": "Point",
        "coordinates": [
          1.9843762,
          41.2887096
        ]
      },
      "properties": {
        "osm_id": "node/11361651469",
        "name": "Bar Churreria Ronda",
        "category": "Restauración",
        "primary_tag": "amenity=restaurant",
        "amenity": "restaurant",
        "shop": null,
        "office": null,
        "tourism": null,
        "leisure": null,
        "source": "OpenStreetMap via Overpass API",
        "grid_id": "r5_c7"
      }
    },
    {
      "type": "Feature",
      "geometry": {
        "type": "Point",
        "coordinates": [
          1.9759824,
          41.2807084
        ]
      },
      "properties": {
        "osm_id": "node/9580971971",
        "name": "Berri Gastrobar",
        "category": "Restauración",
        "primary_tag": "amenity=restaurant",
        "amenity": "restaurant",
        "shop": null,
        "office": null,
        "tourism": null,
        "leisure": null,
        "source": "OpenStreetMap via Overpass API",
        "grid_id": "r3_c6"
      }
    },
    {
      "type": "Feature",
      "geometry": {
        "type": "Point",
        "coordinates": [
          1.9543445,
          41.2653586
        ]
      },
      "properties": {
        "osm_id": "node/2246301529",
        "name": "Bocata's",
        "category": "Restauración",
        "primary_tag": "amenity=restaurant",
        "amenity": "restaurant",
        "shop": null,
        "office": null,
        "tourism": null,
        "leisure": null,
        "source": "OpenStreetMap via Overpass API",
        "grid_id": "r0_c2"
      }
    },
    {
      "type": "Feature",
      "geometry": {
        "type": "Point",
        "coordinates": [
          1.9791999,
          41.2792906
        ]
      },
      "properties": {
        "osm_id": "node/12278224643",
        "name": "Boga",
        "category": "Restauración",
        "primary_tag": "amenity=pub",
        "amenity": "pub",
        "shop": null,
        "office": null,
        "tourism": null,
        "leisure": null,
        "source": "OpenStreetMap via Overpass API",
        "grid_id": "r3_c7"
      }
    },
    {
      "type": "Feature",
      "geometry": {
        "type": "Point",
        "coordinates": [
          1.9725939,
          41.2662405
        ]
      },
      "properties": {
        "osm_id": "node/2246256510",
        "name": "Botànic",
        "category": "Restauración",
        "primary_tag": "amenity=restaurant",
        "amenity": "restaurant",
        "shop": null,
        "office": null,
        "tourism": null,
        "leisure": null,
        "source": "OpenStreetMap via Overpass API",
        "grid_id": "r0_c5"
      }
    },
    {
      "type": "Feature",
      "geometry": {
        "type": "Point",
        "coordinates": [
          1.9893072,
          41.2819849
        ]
      },
      "properties": {
        "osm_id": "way/630377788",
        "name": "Burger King",
        "category": "Restauración",
        "primary_tag": "amenity=fast_food",
        "amenity": "fast_food",
        "shop": null,
        "office": null,
        "tourism": null,
        "leisure": null,
        "source": "OpenStreetMap via Overpass API",
        "grid_id": "r4_c8"
      }
    },
    {
      "type": "Feature",
      "geometry": {
        "type": "Point",
        "coordinates": [
          1.9761862,
          41.2816783
        ]
      },
      "properties": {
        "osm_id": "node/9015049138",
        "name": "Cafe De Finca",
        "category": "Restauración",
        "primary_tag": "amenity=cafe",
        "amenity": "cafe",
        "shop": null,
        "office": null,
        "tourism": null,
        "leisure": null,
        "source": "OpenStreetMap via Overpass API",
        "grid_id": "r4_c6"
      }
    },
    {
      "type": "Feature",
      "geometry": {
        "type": "Point",
        "coordinates": [
          1.9742387,
          41.2783203
        ]
      },
      "properties": {
        "osm_id": "node/7005776709",
        "name": "Cafetería Anna Valls",
        "category": "Restauración",
        "primary_tag": "amenity=cafe",
        "amenity": "cafe",
        "shop": null,
        "office": null,
        "tourism": null,
        "leisure": null,
        "source": "OpenStreetMap via Overpass API",
        "grid_id": "r3_c6"
      }
    },
    {
      "type": "Feature",
      "geometry": {
        "type": "Point",
        "coordinates": [
          1.9747459,
          41.2769774
        ]
      },
      "properties": {
        "osm_id": "node/9580905617",
        "name": "Cafetería Jukebox",
        "category": "Restauración",
        "primary_tag": "amenity=cafe",
        "amenity": "cafe",
        "shop": null,
        "office": null,
        "tourism": null,
        "leisure": null,
        "source": "OpenStreetMap via Overpass API",
        "grid_id": "r3_c6"
      }
    },
    {
      "type": "Feature",
      "geometry": {
        "type": "Point",
        "coordinates": [
          1.9809452,
          41.2721083
        ]
      },
      "properties": {
        "osm_id": "node/4978204271",
        "name": "Cal Pepet",
        "category": "Restauración",
        "primary_tag": "amenity=restaurant",
        "amenity": "restaurant",
        "shop": null,
        "office": null,
        "tourism": null,
        "leisure": null,
        "source": "OpenStreetMap via Overpass API",
        "grid_id": "r1_c7"
      }
    },
    {
      "type": "Feature",
      "geometry": {
        "type": "Point",
        "coordinates": [
          1.975672,
          41.2657274
        ]
      },
      "properties": {
        "osm_id": "node/2246316668",
        "name": "Camarote",
        "category": "Restauración",
        "primary_tag": "amenity=pub",
        "amenity": "pub",
        "shop": null,
        "office": null,
        "tourism": null,
        "leisure": null,
        "source": "OpenStreetMap via Overpass API",
        "grid_id": "r0_c6"
      }
    },
    {
      "type": "Feature",
      "geometry": {
        "type": "Point",
        "coordinates": [
          1.9779753,
          41.2786683
        ]
      },
      "properties": {
        "osm_id": "node/5801216453",
        "name": "Can Massis",
        "category": "Restauración",
        "primary_tag": "amenity=restaurant",
        "amenity": "restaurant",
        "shop": null,
        "office": null,
        "tourism": null,
        "leisure": null,
        "source": "OpenStreetMap via Overpass API",
        "grid_id": "r3_c6"
      }
    },
    {
      "type": "Feature",
      "geometry": {
        "type": "Point",
        "coordinates": [
          1.9666733,
          41.2664547
        ]
      },
      "properties": {
        "osm_id": "node/9580994931",
        "name": "Can Moyas",
        "category": "Restauración",
        "primary_tag": "amenity=restaurant",
        "amenity": "restaurant",
        "shop": null,
        "office": null,
        "tourism": null,
        "leisure": null,
        "source": "OpenStreetMap via Overpass API",
        "grid_id": "r0_c4"
      }
    },
    {
      "type": "Feature",
      "geometry": {
        "type": "Point",
        "coordinates": [
          1.9776179,
          41.2802274
        ]
      },
      "properties": {
        "osm_id": "node/12278447884",
        "name": "Can Tapes",
        "category": "Restauración",
        "primary_tag": "amenity=pub",
        "amenity": "pub",
        "shop": null,
        "office": null,
        "tourism": null,
        "leisure": null,
        "source": "OpenStreetMap via Overpass API",
        "grid_id": "r3_c6"
      }
    },
    {
      "type": "Feature",
      "geometry": {
        "type": "Point",
        "coordinates": [
          1.9532992,
          41.2671827
        ]
      },
      "properties": {
        "osm_id": "node/2246645077",
        "name": "Casa Diego",
        "category": "Restauración",
        "primary_tag": "amenity=bar",
        "amenity": "bar",
        "shop": null,
        "office": null,
        "tourism": null,
        "leisure": null,
        "source": "OpenStreetMap via Overpass API",
        "grid_id": "r0_c2"
      }
    },
    {
      "type": "Feature",
      "geometry": {
        "type": "Point",
        "coordinates": [
          1.971482,
          41.2663075
        ]
      },
      "properties": {
        "osm_id": "node/9010150263",
        "name": "Casa Gallega",
        "category": "Restauración",
        "primary_tag": "amenity=restaurant",
        "amenity": "restaurant",
        "shop": null,
        "office": null,
        "tourism": null,
        "leisure": null,
        "source": "OpenStreetMap via Overpass API",
        "grid_id": "r0_c5"
      }
    },
    {
      "type": "Feature",
      "geometry": {
        "type": "Point",
        "coordinates": [
          1.9611565,
          41.2659043
        ]
      },
      "properties": {
        "osm_id": "node/2326847462",
        "name": "Casanova",
        "category": "Restauración",
        "primary_tag": "amenity=restaurant",
        "amenity": "restaurant",
        "shop": null,
        "office": null,
        "tourism": null,
        "leisure": null,
        "source": "OpenStreetMap via Overpass API",
        "grid_id": "r0_c3"
      }
    },
    {
      "type": "Feature",
      "geometry": {
        "type": "Point",
        "coordinates": [
          1.9594703,
          41.2653984
        ]
      },
      "properties": {
        "osm_id": "node/2246390964",
        "name": "Casanova Beach Club",
        "category": "Restauración",
        "primary_tag": "amenity=restaurant",
        "amenity": "restaurant",
        "shop": null,
        "office": null,
        "tourism": null,
        "leisure": null,
        "source": "OpenStreetMap via Overpass API",
        "grid_id": "r0_c3"
      }
    },
    {
      "type": "Feature",
      "geometry": {
        "type": "Point",
        "coordinates": [
          1.9716986,
          41.2663585
        ]
      },
      "properties": {
        "osm_id": "node/2246259368",
        "name": "Celeste",
        "category": "Restauración",
        "primary_tag": "amenity=restaurant",
        "amenity": "restaurant",
        "shop": null,
        "office": null,
        "tourism": null,
        "leisure": null,
        "source": "OpenStreetMap via Overpass API",
        "grid_id": "r0_c5"
      }
    },
    {
      "type": "Feature",
      "geometry": {
        "type": "Point",
        "coordinates": [
          1.9766408,
          41.2796328
        ]
      },
      "properties": {
        "osm_id": "node/2246673238",
        "name": "Cervezeria Internacional",
        "category": "Restauración",
        "primary_tag": "amenity=bar",
        "amenity": "bar",
        "shop": null,
        "office": null,
        "tourism": null,
        "leisure": null,
        "source": "OpenStreetMap via Overpass API",
        "grid_id": "r3_c6"
      }
    },
    {
      "type": "Feature",
      "geometry": {
        "type": "Point",
        "coordinates": [
          1.974968,
          41.2657941
        ]
      },
      "properties": {
        "osm_id": "node/7619828485",
        "name": "Chalo",
        "category": "Restauración",
        "primary_tag": "amenity=restaurant",
        "amenity": "restaurant",
        "shop": null,
        "office": null,
        "tourism": null,
        "leisure": null,
        "source": "OpenStreetMap via Overpass API",
        "grid_id": "r0_c6"
      }
    },
    {
      "type": "Feature",
      "geometry": {
        "type": "Point",
        "coordinates": [
          1.9784232,
          41.2871121
        ]
      },
      "properties": {
        "osm_id": "node/11363824470",
        "name": "Churrería La Deliciosa",
        "category": "Restauración",
        "primary_tag": "amenity=restaurant",
        "amenity": "restaurant",
        "shop": null,
        "office": null,
        "tourism": null,
        "leisure": null,
        "source": "OpenStreetMap via Overpass API",
        "grid_id": "r5_c6"
      }
    },
    {
      "type": "Feature",
      "geometry": {
        "type": "Point",
        "coordinates": [
          1.9573158,
          41.2643278
        ]
      },
      "properties": {
        "osm_id": "way/722994889",
        "name": "Cocody",
        "category": "Restauración",
        "primary_tag": "amenity=bar",
        "amenity": "bar",
        "shop": null,
        "office": null,
        "tourism": null,
        "leisure": null,
        "source": "OpenStreetMap via Overpass API",
        "grid_id": "r0_c3"
      }
    },
    {
      "type": "Feature",
      "geometry": {
        "type": "Point",
        "coordinates": [
          1.9568182,
          41.2667259
        ]
      },
      "properties": {
        "osm_id": "node/6497296739",
        "name": "D'Herber",
        "category": "Restauración",
        "primary_tag": "amenity=restaurant",
        "amenity": "restaurant",
        "shop": null,
        "office": null,
        "tourism": null,
        "leisure": null,
        "source": "OpenStreetMap via Overpass API",
        "grid_id": "r0_c3"
      }
    },
    {
      "type": "Feature",
      "geometry": {
        "type": "Point",
        "coordinates": [
          1.9800973,
          41.2703352
        ]
      },
      "properties": {
        "osm_id": "node/5948446961",
        "name": "Dani's Center",
        "category": "Restauración",
        "primary_tag": "amenity=cafe",
        "amenity": "cafe",
        "shop": null,
        "office": null,
        "tourism": null,
        "leisure": null,
        "source": "OpenStreetMap via Overpass API",
        "grid_id": "r1_c7"
      }
    },
    {
      "type": "Feature",
      "geometry": {
        "type": "Point",
        "coordinates": [
          1.9707512,
          41.2675904
        ]
      },
      "properties": {
        "osm_id": "node/4934428021",
        "name": "Descaro",
        "category": "Restauración",
        "primary_tag": "amenity=pub",
        "amenity": "pub",
        "shop": null,
        "office": null,
        "tourism": null,
        "leisure": null,
        "source": "OpenStreetMap via Overpass API",
        "grid_id": "r0_c5"
      }
    },
    {
      "type": "Feature",
      "geometry": {
        "type": "Point",
        "coordinates": [
          1.9897387,
          41.2704985
        ]
      },
      "properties": {
        "osm_id": "node/4236988390",
        "name": "Distinto Restaurant",
        "category": "Restauración",
        "primary_tag": "amenity=restaurant",
        "amenity": "restaurant",
        "shop": null,
        "office": null,
        "tourism": null,
        "leisure": null,
        "source": "OpenStreetMap via Overpass API",
        "grid_id": "r1_c8"
      }
    },
    {
      "type": "Feature",
      "geometry": {
        "type": "Point",
        "coordinates": [
          1.9761735,
          41.2769767
        ]
      },
      "properties": {
        "osm_id": "node/4351003013",
        "name": "Domino's",
        "category": "Restauración",
        "primary_tag": "amenity=fast_food",
        "amenity": "fast_food",
        "shop": null,
        "office": null,
        "tourism": null,
        "leisure": null,
        "source": "OpenStreetMap via Overpass API",
        "grid_id": "r3_c6"
      }
    },
    {
      "type": "Feature",
      "geometry": {
        "type": "Point",
        "coordinates": [
          1.9778726,
          41.2800477
        ]
      },
      "properties": {
        "osm_id": "node/12278447877",
        "name": "Efsane Istanbul",
        "category": "Restauración",
        "primary_tag": "amenity=fast_food",
        "amenity": "fast_food",
        "shop": null,
        "office": null,
        "tourism": null,
        "leisure": null,
        "source": "OpenStreetMap via Overpass API",
        "grid_id": "r3_c6"
      }
    },
    {
      "type": "Feature",
      "geometry": {
        "type": "Point",
        "coordinates": [
          1.9519847,
          41.2705307
        ]
      },
      "properties": {
        "osm_id": "node/6461425689",
        "name": "El Elefante",
        "category": "Restauración",
        "primary_tag": "amenity=restaurant",
        "amenity": "restaurant",
        "shop": null,
        "office": null,
        "tourism": null,
        "leisure": null,
        "source": "OpenStreetMap via Overpass API",
        "grid_id": "r1_c2"
      }
    },
    {
      "type": "Feature",
      "geometry": {
        "type": "Point",
        "coordinates": [
          1.9812111,
          41.2838904
        ]
      },
      "properties": {
        "osm_id": "node/9939980117",
        "name": "El Empedrado",
        "category": "Restauración",
        "primary_tag": "amenity=cafe",
        "amenity": "cafe",
        "shop": null,
        "office": null,
        "tourism": null,
        "leisure": null,
        "source": "OpenStreetMap via Overpass API",
        "grid_id": "r4_c7"
      }
    },
    {
      "type": "Feature",
      "geometry": {
        "type": "Point",
        "coordinates": [
          1.9972845,
          41.2650269
        ]
      },
      "properties": {
        "osm_id": "node/5879045660",
        "name": "El Marítimo",
        "category": "Restauración",
        "primary_tag": "amenity=restaurant",
        "amenity": "restaurant",
        "shop": null,
        "office": null,
        "tourism": null,
        "leisure": null,
        "source": "OpenStreetMap via Overpass API",
        "grid_id": "r0_c10"
      }
    },
    {
      "type": "Feature",
      "geometry": {
        "type": "Point",
        "coordinates": [
          1.9797322,
          41.2794854
        ]
      },
      "properties": {
        "osm_id": "node/11622305090",
        "name": "El parxis de Molleda",
        "category": "Restauración",
        "primary_tag": "amenity=restaurant",
        "amenity": "restaurant",
        "shop": null,
        "office": null,
        "tourism": null,
        "leisure": null,
        "source": "OpenStreetMap via Overpass API",
        "grid_id": "r3_c7"
      }
    },
    {
      "type": "Feature",
      "geometry": {
        "type": "Point",
        "coordinates": [
          1.9713386,
          41.2652002
        ]
      },
      "properties": {
        "osm_id": "node/2246317116",
        "name": "El Pendulo",
        "category": "Restauración",
        "primary_tag": "amenity=restaurant",
        "amenity": "restaurant",
        "shop": null,
        "office": null,
        "tourism": null,
        "leisure": null,
        "source": "OpenStreetMap via Overpass API",
        "grid_id": "r0_c5"
      }
    },
    {
      "type": "Feature",
      "geometry": {
        "type": "Point",
        "coordinates": [
          1.9791634,
          41.274448
        ]
      },
      "properties": {
        "osm_id": "node/5223065123",
        "name": "El Petit",
        "category": "Restauración",
        "primary_tag": "amenity=cafe",
        "amenity": "cafe",
        "shop": null,
        "office": null,
        "tourism": null,
        "leisure": null,
        "source": "OpenStreetMap via Overpass API",
        "grid_id": "r2_c7"
      }
    },
    {
      "type": "Feature",
      "geometry": {
        "type": "Point",
        "coordinates": [
          1.97144,
          41.2651955
        ]
      },
      "properties": {
        "osm_id": "node/9010136312",
        "name": "El Rincon De Lola",
        "category": "Restauración",
        "primary_tag": "amenity=restaurant",
        "amenity": "restaurant",
        "shop": null,
        "office": null,
        "tourism": null,
        "leisure": null,
        "source": "OpenStreetMap via Overpass API",
        "grid_id": "r0_c5"
      }
    },
    {
      "type": "Feature",
      "geometry": {
        "type": "Point",
        "coordinates": [
          1.9719391,
          41.2659816
        ]
      },
      "properties": {
        "osm_id": "node/1845175408",
        "name": "El Sidra d'Eva",
        "category": "Restauración",
        "primary_tag": "amenity=restaurant",
        "amenity": "restaurant",
        "shop": null,
        "office": null,
        "tourism": null,
        "leisure": null,
        "source": "OpenStreetMap via Overpass API",
        "grid_id": "r0_c5"
      }
    },
    {
      "type": "Feature",
      "geometry": {
        "type": "Point",
        "coordinates": [
          1.9713333,
          41.2728792
        ]
      },
      "properties": {
        "osm_id": "node/2246438828",
        "name": "El Sitio",
        "category": "Restauración",
        "primary_tag": "amenity=restaurant",
        "amenity": "restaurant",
        "shop": null,
        "office": null,
        "tourism": null,
        "leisure": null,
        "source": "OpenStreetMap via Overpass API",
        "grid_id": "r2_c5"
      }
    },
    {
      "type": "Feature",
      "geometry": {
        "type": "Point",
        "coordinates": [
          1.9576808,
          41.2653897
        ]
      },
      "properties": {
        "osm_id": "node/2246383635",
        "name": "Fosbury Cafe",
        "category": "Restauración",
        "primary_tag": "amenity=restaurant",
        "amenity": "restaurant",
        "shop": null,
        "office": null,
        "tourism": null,
        "leisure": null,
        "source": "OpenStreetMap via Overpass API",
        "grid_id": "r0_c3"
      }
    },
    {
      "type": "Feature",
      "geometry": {
        "type": "Point",
        "coordinates": [
          1.9553404,
          41.2653532
        ]
      },
      "properties": {
        "osm_id": "node/2326851355",
        "name": "Frankfurt's",
        "category": "Restauración",
        "primary_tag": "amenity=cafe",
        "amenity": "cafe",
        "shop": null,
        "office": null,
        "tourism": null,
        "leisure": null,
        "source": "OpenStreetMap via Overpass API",
        "grid_id": "r0_c2"
      }
    },
    {
      "type": "Feature",
      "geometry": {
        "type": "Point",
        "coordinates": [
          1.9772565,
          41.2802618
        ]
      },
      "properties": {
        "osm_id": "node/4469874234",
        "name": "Frankfurt’s Mailo’s",
        "category": "Restauración",
        "primary_tag": "amenity=fast_food",
        "amenity": "fast_food",
        "shop": null,
        "office": null,
        "tourism": null,
        "leisure": null,
        "source": "OpenStreetMap via Overpass API",
        "grid_id": "r3_c6"
      }
    },
    {
      "type": "Feature",
      "geometry": {
        "type": "Point",
        "coordinates": [
          1.9773954,
          41.2803986
        ]
      },
      "properties": {
        "osm_id": "node/12058722472",
        "name": "Frankfurt’s Mailo’s",
        "category": "Restauración",
        "primary_tag": "amenity=fast_food",
        "amenity": "fast_food",
        "shop": null,
        "office": null,
        "tourism": null,
        "leisure": null,
        "source": "OpenStreetMap via Overpass API",
        "grid_id": "r3_c6"
      }
    },
    {
      "type": "Feature",
      "geometry": {
        "type": "Point",
        "coordinates": [
          1.9779996,
          41.2799594
        ]
      },
      "properties": {
        "osm_id": "node/12278203613",
        "name": "Gomfi",
        "category": "Restauración",
        "primary_tag": "amenity=pub",
        "amenity": "pub",
        "shop": null,
        "office": null,
        "tourism": null,
        "leisure": null,
        "source": "OpenStreetMap via Overpass API",
        "grid_id": "r3_c6"
      }
    },
    {
      "type": "Feature",
      "geometry": {
        "type": "Point",
        "coordinates": [
          1.9774123,
          41.2804895
        ]
      },
      "properties": {
        "osm_id": "node/12058722469",
        "name": "Guarinó",
        "category": "Restauración",
        "primary_tag": "amenity=fast_food",
        "amenity": "fast_food",
        "shop": null,
        "office": null,
        "tourism": null,
        "leisure": null,
        "source": "OpenStreetMap via Overpass API",
        "grid_id": "r3_c6"
      }
    },
    {
      "type": "Feature",
      "geometry": {
        "type": "Point",
        "coordinates": [
          1.96776,
          41.2671815
        ]
      },
      "properties": {
        "osm_id": "way/1040615485",
        "name": "Hisako Umi",
        "category": "Restauración",
        "primary_tag": "amenity=restaurant",
        "amenity": "restaurant",
        "shop": null,
        "office": null,
        "tourism": null,
        "leisure": null,
        "source": "OpenStreetMap via Overpass API",
        "grid_id": "r0_c5"
      }
    },
    {
      "type": "Feature",
      "geometry": {
        "type": "Point",
        "coordinates": [
          1.9693657,
          41.2659966
        ]
      },
      "properties": {
        "osm_id": "node/9010093186",
        "name": "Honaku",
        "category": "Restauración",
        "primary_tag": "amenity=restaurant",
        "amenity": "restaurant",
        "shop": null,
        "office": null,
        "tourism": null,
        "leisure": null,
        "source": "OpenStreetMap via Overpass API",
        "grid_id": "r0_c5"
      }
    },
    {
      "type": "Feature",
      "geometry": {
        "type": "Point",
        "coordinates": [
          1.9508186,
          41.2641232
        ]
      },
      "properties": {
        "osm_id": "node/14201352802",
        "name": "Iguana",
        "category": "Restauración",
        "primary_tag": "amenity=restaurant",
        "amenity": "restaurant",
        "shop": null,
        "office": null,
        "tourism": null,
        "leisure": null,
        "source": "OpenStreetMap via Overpass API",
        "grid_id": "r0_c2"
      }
    },
    {
      "type": "Feature",
      "geometry": {
        "type": "Point",
        "coordinates": [
          1.9680487,
          41.2659863
        ]
      },
      "properties": {
        "osm_id": "node/9010095070",
        "name": "il Piccolo Biondo",
        "category": "Restauración",
        "primary_tag": "amenity=restaurant",
        "amenity": "restaurant",
        "shop": null,
        "office": null,
        "tourism": null,
        "leisure": null,
        "source": "OpenStreetMap via Overpass API",
        "grid_id": "r0_c5"
      }
    },
    {
      "type": "Feature",
      "geometry": {
        "type": "Point",
        "coordinates": [
          1.9878035,
          41.2891857
        ]
      },
      "properties": {
        "osm_id": "node/5801216353",
        "name": "imperfect cafe restaurant solidari",
        "category": "Restauración",
        "primary_tag": "amenity=restaurant",
        "amenity": "restaurant",
        "shop": null,
        "office": null,
        "tourism": null,
        "leisure": null,
        "source": "OpenStreetMap via Overpass API",
        "grid_id": "r5_c8"
      }
    },
    {
      "type": "Feature",
      "geometry": {
        "type": "Point",
        "coordinates": [
          1.9802693,
          41.2859076
        ]
      },
      "properties": {
        "osm_id": "node/5223065143",
        "name": "Kamarana",
        "category": "Restauración",
        "primary_tag": "amenity=bar",
        "amenity": "bar",
        "shop": null,
        "office": null,
        "tourism": null,
        "leisure": null,
        "source": "OpenStreetMap via Overpass API",
        "grid_id": "r4_c7"
      }
    },
    {
      "type": "Feature",
      "geometry": {
        "type": "Point",
        "coordinates": [
          1.9784289,
          41.279631
        ]
      },
      "properties": {
        "osm_id": "node/12278203616",
        "name": "Kapadokya",
        "category": "Restauración",
        "primary_tag": "amenity=restaurant",
        "amenity": "restaurant",
        "shop": null,
        "office": null,
        "tourism": null,
        "leisure": null,
        "source": "OpenStreetMap via Overpass API",
        "grid_id": "r3_c6"
      }
    },
    {
      "type": "Feature",
      "geometry": {
        "type": "Point",
        "coordinates": [
          1.9575093,
          41.2667423
        ]
      },
      "properties": {
        "osm_id": "node/6501573778",
        "name": "Kebabish",
        "category": "Restauración",
        "primary_tag": "amenity=fast_food",
        "amenity": "fast_food",
        "shop": null,
        "office": null,
        "tourism": null,
        "leisure": null,
        "source": "OpenStreetMap via Overpass API",
        "grid_id": "r0_c3"
      }
    },
    {
      "type": "Feature",
      "geometry": {
        "type": "Point",
        "coordinates": [
          1.9781634,
          41.2798266
        ]
      },
      "properties": {
        "osm_id": "node/6357787085",
        "name": "Ketterer",
        "category": "Restauración",
        "primary_tag": "amenity=cafe",
        "amenity": "cafe",
        "shop": null,
        "office": null,
        "tourism": null,
        "leisure": null,
        "source": "OpenStreetMap via Overpass API",
        "grid_id": "r3_c6"
      }
    },
    {
      "type": "Feature",
      "geometry": {
        "type": "Point",
        "coordinates": [
          1.9887705,
          41.2815982
        ]
      },
      "properties": {
        "osm_id": "way/630377791",
        "name": "KFC",
        "category": "Restauración",
        "primary_tag": "amenity=fast_food",
        "amenity": "fast_food",
        "shop": null,
        "office": null,
        "tourism": null,
        "leisure": null,
        "source": "OpenStreetMap via Overpass API",
        "grid_id": "r4_c8"
      }
    },
    {
      "type": "Feature",
      "geometry": {
        "type": "Point",
        "coordinates": [
          1.9715694,
          41.2659675
        ]
      },
      "properties": {
        "osm_id": "node/1866261036",
        "name": "Kilometro Cero",
        "category": "Restauración",
        "primary_tag": "amenity=bar",
        "amenity": "bar",
        "shop": null,
        "office": null,
        "tourism": null,
        "leisure": null,
        "source": "OpenStreetMap via Overpass API",
        "grid_id": "r0_c5"
      }
    },
    {
      "type": "Feature",
      "geometry": {
        "type": "Point",
        "coordinates": [
          1.9777446,
          41.2798929
        ]
      },
      "properties": {
        "osm_id": "node/12278447876",
        "name": "Kohsi",
        "category": "Restauración",
        "primary_tag": "amenity=cafe",
        "amenity": "cafe",
        "shop": null,
        "office": null,
        "tourism": null,
        "leisure": null,
        "source": "OpenStreetMap via Overpass API",
        "grid_id": "r3_c6"
      }
    },
    {
      "type": "Feature",
      "geometry": {
        "type": "Point",
        "coordinates": [
          1.9715848,
          41.2657811
        ]
      },
      "properties": {
        "osm_id": "node/7596338886",
        "name": "Kurtz & Gut",
        "category": "Restauración",
        "primary_tag": "amenity=fast_food",
        "amenity": "fast_food",
        "shop": null,
        "office": null,
        "tourism": null,
        "leisure": null,
        "source": "OpenStreetMap via Overpass API",
        "grid_id": "r0_c5"
      }
    },
    {
      "type": "Feature",
      "geometry": {
        "type": "Point",
        "coordinates": [
          1.9708113,
          41.2675911
        ]
      },
      "properties": {
        "osm_id": "node/4934426221",
        "name": "La Bodegueta",
        "category": "Restauración",
        "primary_tag": "amenity=pub",
        "amenity": "pub",
        "shop": null,
        "office": null,
        "tourism": null,
        "leisure": null,
        "source": "OpenStreetMap via Overpass API",
        "grid_id": "r0_c5"
      }
    },
    {
      "type": "Feature",
      "geometry": {
        "type": "Point",
        "coordinates": [
          1.9709341,
          41.2659653
        ]
      },
      "properties": {
        "osm_id": "node/6430997585",
        "name": "La Canasta",
        "category": "Restauración",
        "primary_tag": "amenity=restaurant",
        "amenity": "restaurant",
        "shop": null,
        "office": null,
        "tourism": null,
        "leisure": null,
        "source": "OpenStreetMap via Overpass API",
        "grid_id": "r0_c5"
      }
    },
    {
      "type": "Feature",
      "geometry": {
        "type": "Point",
        "coordinates": [
          1.9764369,
          41.2674051
        ]
      },
      "properties": {
        "osm_id": "node/13525010801",
        "name": "La Canasta",
        "category": "Restauración",
        "primary_tag": "amenity=restaurant",
        "amenity": "restaurant",
        "shop": null,
        "office": null,
        "tourism": null,
        "leisure": null,
        "source": "OpenStreetMap via Overpass API",
        "grid_id": "r0_c6"
      }
    },
    {
      "type": "Feature",
      "geometry": {
        "type": "Point",
        "coordinates": [
          1.97353,
          41.2657357
        ]
      },
      "properties": {
        "osm_id": "node/1865442902",
        "name": "La Gioconda",
        "category": "Restauración",
        "primary_tag": "amenity=restaurant",
        "amenity": "restaurant",
        "shop": null,
        "office": null,
        "tourism": null,
        "leisure": null,
        "source": "OpenStreetMap via Overpass API",
        "grid_id": "r0_c6"
      }
    },
    {
      "type": "Feature",
      "geometry": {
        "type": "Point",
        "coordinates": [
          1.9781783,
          41.2795676
        ]
      },
      "properties": {
        "osm_id": "node/12278203617",
        "name": "la marca",
        "category": "Restauración",
        "primary_tag": "amenity=fast_food",
        "amenity": "fast_food",
        "shop": null,
        "office": null,
        "tourism": null,
        "leisure": null,
        "source": "OpenStreetMap via Overpass API",
        "grid_id": "r3_c6"
      }
    },
    {
      "type": "Feature",
      "geometry": {
        "type": "Point",
        "coordinates": [
          1.9815249,
          41.2713207
        ]
      },
      "properties": {
        "osm_id": "node/5938571987",
        "name": "La Mesa",
        "category": "Restauración",
        "primary_tag": "amenity=restaurant",
        "amenity": "restaurant",
        "shop": null,
        "office": null,
        "tourism": null,
        "leisure": null,
        "source": "OpenStreetMap via Overpass API",
        "grid_id": "r1_c7"
      }
    },
    {
      "type": "Feature",
      "geometry": {
        "type": "Point",
        "coordinates": [
          1.983722,
          41.2699233
        ]
      },
      "properties": {
        "osm_id": "node/4685701789",
        "name": "La Pampa",
        "category": "Restauración",
        "primary_tag": "amenity=restaurant",
        "amenity": "restaurant",
        "shop": null,
        "office": null,
        "tourism": null,
        "leisure": null,
        "source": "OpenStreetMap via Overpass API",
        "grid_id": "r1_c7"
      }
    },
    {
      "type": "Feature",
      "geometry": {
        "type": "Point",
        "coordinates": [
          1.9715276,
          41.2663508
        ]
      },
      "properties": {
        "osm_id": "node/12093270701",
        "name": "La Posada Steak House",
        "category": "Restauración",
        "primary_tag": "amenity=restaurant",
        "amenity": "restaurant",
        "shop": null,
        "office": null,
        "tourism": null,
        "leisure": null,
        "source": "OpenStreetMap via Overpass API",
        "grid_id": "r0_c5"
      }
    },
    {
      "type": "Feature",
      "geometry": {
        "type": "Point",
        "coordinates": [
          1.9676895,
          41.265921
        ]
      },
      "properties": {
        "osm_id": "node/9010095069",
        "name": "La Tagliatella",
        "category": "Restauración",
        "primary_tag": "amenity=restaurant",
        "amenity": "restaurant",
        "shop": null,
        "office": null,
        "tourism": null,
        "leisure": null,
        "source": "OpenStreetMap via Overpass API",
        "grid_id": "r0_c5"
      }
    },
    {
      "type": "Feature",
      "geometry": {
        "type": "Point",
        "coordinates": [
          1.9668365,
          41.2656083
        ]
      },
      "properties": {
        "osm_id": "node/9010095067",
        "name": "La Toja",
        "category": "Restauración",
        "primary_tag": "amenity=restaurant",
        "amenity": "restaurant",
        "shop": null,
        "office": null,
        "tourism": null,
        "leisure": null,
        "source": "OpenStreetMap via Overpass API",
        "grid_id": "r0_c4"
      }
    },
    {
      "type": "Feature",
      "geometry": {
        "type": "Point",
        "coordinates": [
          1.9768807,
          41.2784524
        ]
      },
      "properties": {
        "osm_id": "node/8808373374",
        "name": "La Vespilla Centric",
        "category": "Restauración",
        "primary_tag": "amenity=restaurant",
        "amenity": "restaurant",
        "shop": null,
        "office": null,
        "tourism": null,
        "leisure": null,
        "source": "OpenStreetMap via Overpass API",
        "grid_id": "r3_c6"
      }
    },
    {
      "type": "Feature",
      "geometry": {
        "type": "Point",
        "coordinates": [
          1.9708993,
          41.2675928
        ]
      },
      "properties": {
        "osm_id": "node/4934422922",
        "name": "La Vida Sigue",
        "category": "Restauración",
        "primary_tag": "amenity=restaurant",
        "amenity": "restaurant",
        "shop": null,
        "office": null,
        "tourism": null,
        "leisure": null,
        "source": "OpenStreetMap via Overpass API",
        "grid_id": "r0_c5"
      }
    },
    {
      "type": "Feature",
      "geometry": {
        "type": "Point",
        "coordinates": [
          1.978887,
          41.2794859
        ]
      },
      "properties": {
        "osm_id": "node/12278224644",
        "name": "La yaya Clara",
        "category": "Restauración",
        "primary_tag": "amenity=cafe",
        "amenity": "cafe",
        "shop": null,
        "office": null,
        "tourism": null,
        "leisure": null,
        "source": "OpenStreetMap via Overpass API",
        "grid_id": "r3_c6"
      }
    },
    {
      "type": "Feature",
      "geometry": {
        "type": "Point",
        "coordinates": [
          1.9586985,
          41.2677123
        ]
      },
      "properties": {
        "osm_id": "node/8396880217",
        "name": "Las Botas",
        "category": "Restauración",
        "primary_tag": "amenity=restaurant",
        "amenity": "restaurant",
        "shop": null,
        "office": null,
        "tourism": null,
        "leisure": null,
        "source": "OpenStreetMap via Overpass API",
        "grid_id": "r0_c3"
      }
    },
    {
      "type": "Feature",
      "geometry": {
        "type": "Point",
        "coordinates": [
          1.9780316,
          41.2796895
        ]
      },
      "properties": {
        "osm_id": "node/12278203620",
        "name": "las muns",
        "category": "Restauración",
        "primary_tag": "amenity=pub",
        "amenity": "pub",
        "shop": null,
        "office": null,
        "tourism": null,
        "leisure": null,
        "source": "OpenStreetMap via Overpass API",
        "grid_id": "r3_c6"
      }
    },
    {
      "type": "Feature",
      "geometry": {
        "type": "Point",
        "coordinates": [
          1.9443741,
          41.266478
        ]
      },
      "properties": {
        "osm_id": "node/2306110302",
        "name": "Lloret",
        "category": "Restauración",
        "primary_tag": "amenity=restaurant",
        "amenity": "restaurant",
        "shop": null,
        "office": null,
        "tourism": null,
        "leisure": null,
        "source": "OpenStreetMap via Overpass API",
        "grid_id": "r0_c1"
      }
    },
    {
      "type": "Feature",
      "geometry": {
        "type": "Point",
        "coordinates": [
          1.9873231,
          41.2654743
        ]
      },
      "properties": {
        "osm_id": "node/11656051006",
        "name": "Mambo Beach",
        "category": "Restauración",
        "primary_tag": "amenity=restaurant",
        "amenity": "restaurant",
        "shop": null,
        "office": null,
        "tourism": null,
        "leisure": null,
        "source": "OpenStreetMap via Overpass API",
        "grid_id": "r0_c8"
      }
    },
    {
      "type": "Feature",
      "geometry": {
        "type": "Point",
        "coordinates": [
          1.9867109,
          41.2651383
        ]
      },
      "properties": {
        "osm_id": "node/11656051004",
        "name": "Marae",
        "category": "Restauración",
        "primary_tag": "amenity=restaurant",
        "amenity": "restaurant",
        "shop": null,
        "office": null,
        "tourism": null,
        "leisure": null,
        "source": "OpenStreetMap via Overpass API",
        "grid_id": "r0_c8"
      }
    },
    {
      "type": "Feature",
      "geometry": {
        "type": "Point",
        "coordinates": [
          1.9904352,
          41.2651122
        ]
      },
      "properties": {
        "osm_id": "node/11656051020",
        "name": "Marchalo",
        "category": "Restauración",
        "primary_tag": "amenity=restaurant",
        "amenity": "restaurant",
        "shop": null,
        "office": null,
        "tourism": null,
        "leisure": null,
        "source": "OpenStreetMap via Overpass API",
        "grid_id": "r0_c8"
      }
    },
    {
      "type": "Feature",
      "geometry": {
        "type": "Point",
        "coordinates": [
          1.9713017,
          41.2667925
        ]
      },
      "properties": {
        "osm_id": "node/4934423021",
        "name": "Mare Nostrum",
        "category": "Restauración",
        "primary_tag": "amenity=bar",
        "amenity": "bar",
        "shop": null,
        "office": null,
        "tourism": null,
        "leisure": null,
        "source": "OpenStreetMap via Overpass API",
        "grid_id": "r0_c5"
      }
    },
    {
      "type": "Feature",
      "geometry": {
        "type": "Point",
        "coordinates": [
          1.9890454,
          41.2654251
        ]
      },
      "properties": {
        "osm_id": "node/8586568070",
        "name": "Marevento",
        "category": "Restauración",
        "primary_tag": "amenity=restaurant",
        "amenity": "restaurant",
        "shop": null,
        "office": null,
        "tourism": null,
        "leisure": null,
        "source": "OpenStreetMap via Overpass API",
        "grid_id": "r0_c8"
      }
    },
    {
      "type": "Feature",
      "geometry": {
        "type": "Point",
        "coordinates": [
          1.9775428,
          41.2816982
        ]
      },
      "properties": {
        "osm_id": "node/5938638303",
        "name": "Masala Indie",
        "category": "Restauración",
        "primary_tag": "amenity=restaurant",
        "amenity": "restaurant",
        "shop": null,
        "office": null,
        "tourism": null,
        "leisure": null,
        "source": "OpenStreetMap via Overpass API",
        "grid_id": "r4_c6"
      }
    },
    {
      "type": "Feature",
      "geometry": {
        "type": "Point",
        "coordinates": [
          1.9854999,
          41.2824507
        ]
      },
      "properties": {
        "osm_id": "node/7343698501",
        "name": "McDonald's",
        "category": "Restauración",
        "primary_tag": "amenity=fast_food",
        "amenity": "fast_food",
        "shop": null,
        "office": null,
        "tourism": null,
        "leisure": null,
        "source": "OpenStreetMap via Overpass API",
        "grid_id": "r4_c8"
      }
    },
    {
      "type": "Feature",
      "geometry": {
        "type": "Point",
        "coordinates": [
          1.9713923,
          41.2657184
        ]
      },
      "properties": {
        "osm_id": "node/2246289325",
        "name": "Mex y Cana",
        "category": "Restauración",
        "primary_tag": "amenity=restaurant",
        "amenity": "restaurant",
        "shop": null,
        "office": null,
        "tourism": null,
        "leisure": null,
        "source": "OpenStreetMap via Overpass API",
        "grid_id": "r0_c5"
      }
    },
    {
      "type": "Feature",
      "geometry": {
        "type": "Point",
        "coordinates": [
          1.9811476,
          41.2720239
        ]
      },
      "properties": {
        "osm_id": "node/8196029529",
        "name": "Mincho Bar Pineda",
        "category": "Restauración",
        "primary_tag": "amenity=restaurant",
        "amenity": "restaurant",
        "shop": null,
        "office": null,
        "tourism": null,
        "leisure": null,
        "source": "OpenStreetMap via Overpass API",
        "grid_id": "r1_c7"
      }
    },
    {
      "type": "Feature",
      "geometry": {
        "type": "Point",
        "coordinates": [
          1.9878589,
          41.2871487
        ]
      },
      "properties": {
        "osm_id": "node/11739804008",
        "name": "Montevideo",
        "category": "Restauración",
        "primary_tag": "amenity=restaurant",
        "amenity": "restaurant",
        "shop": null,
        "office": null,
        "tourism": null,
        "leisure": null,
        "source": "OpenStreetMap via Overpass API",
        "grid_id": "r5_c8"
      }
    },
    {
      "type": "Feature",
      "geometry": {
        "type": "Point",
        "coordinates": [
          1.9848434,
          41.2884839
        ]
      },
      "properties": {
        "osm_id": "node/9580915788",
        "name": "Moopis & Coffee",
        "category": "Restauración",
        "primary_tag": "amenity=cafe",
        "amenity": "cafe",
        "shop": null,
        "office": null,
        "tourism": null,
        "leisure": null,
        "source": "OpenStreetMap via Overpass API",
        "grid_id": "r5_c7"
      }
    },
    {
      "type": "Feature",
      "geometry": {
        "type": "Point",
        "coordinates": [
          1.9474211,
          41.266596
        ]
      },
      "properties": {
        "osm_id": "node/2306110275",
        "name": "N'IDEA",
        "category": "Restauración",
        "primary_tag": "amenity=bar",
        "amenity": "bar",
        "shop": null,
        "office": null,
        "tourism": null,
        "leisure": null,
        "source": "OpenStreetMap via Overpass API",
        "grid_id": "r0_c1"
      }
    },
    {
      "type": "Feature",
      "geometry": {
        "type": "Point",
        "coordinates": [
          1.9714319,
          41.2662972
        ]
      },
      "properties": {
        "osm_id": "node/9010136314",
        "name": "Nuovo Frankfurt",
        "category": "Restauración",
        "primary_tag": "amenity=fast_food",
        "amenity": "fast_food",
        "shop": null,
        "office": null,
        "tourism": null,
        "leisure": null,
        "source": "OpenStreetMap via Overpass API",
        "grid_id": "r0_c5"
      }
    },
    {
      "type": "Feature",
      "geometry": {
        "type": "Point",
        "coordinates": [
          1.9770254,
          41.2801878
        ]
      },
      "properties": {
        "osm_id": "node/12058686268",
        "name": "Olave",
        "category": "Restauración",
        "primary_tag": "amenity=pub",
        "amenity": "pub",
        "shop": null,
        "office": null,
        "tourism": null,
        "leisure": null,
        "source": "OpenStreetMap via Overpass API",
        "grid_id": "r3_c6"
      }
    },
    {
      "type": "Feature",
      "geometry": {
        "type": "Point",
        "coordinates": [
          1.9782805,
          41.2797385
        ]
      },
      "properties": {
        "osm_id": "node/12278203612",
        "name": "Oliva Garden",
        "category": "Restauración",
        "primary_tag": "amenity=restaurant",
        "amenity": "restaurant",
        "shop": null,
        "office": null,
        "tourism": null,
        "leisure": null,
        "source": "OpenStreetMap via Overpass API",
        "grid_id": "r3_c6"
      }
    },
    {
      "type": "Feature",
      "geometry": {
        "type": "Point",
        "coordinates": [
          1.9770759,
          41.2799873
        ]
      },
      "properties": {
        "osm_id": "node/3873714630",
        "name": "Oslo",
        "category": "Restauración",
        "primary_tag": "amenity=bar",
        "amenity": "bar",
        "shop": null,
        "office": null,
        "tourism": null,
        "leisure": null,
        "source": "OpenStreetMap via Overpass API",
        "grid_id": "r3_c6"
      }
    },
    {
      "type": "Feature",
      "geometry": {
        "type": "Point",
        "coordinates": [
          1.9997778,
          41.2652173
        ]
      },
      "properties": {
        "osm_id": "way/1112725476",
        "name": "Paravos",
        "category": "Restauración",
        "primary_tag": "amenity=restaurant",
        "amenity": "restaurant",
        "shop": null,
        "office": null,
        "tourism": null,
        "leisure": null,
        "source": "OpenStreetMap via Overpass API",
        "grid_id": "r0_c10"
      }
    },
    {
      "type": "Feature",
      "geometry": {
        "type": "Point",
        "coordinates": [
          1.984247,
          41.2889698
        ]
      },
      "properties": {
        "osm_id": "node/4469877489",
        "name": "Pedrillo",
        "category": "Restauración",
        "primary_tag": "amenity=restaurant",
        "amenity": "restaurant",
        "shop": null,
        "office": null,
        "tourism": null,
        "leisure": null,
        "source": "OpenStreetMap via Overpass API",
        "grid_id": "r5_c7"
      }
    },
    {
      "type": "Feature",
      "geometry": {
        "type": "Point",
        "coordinates": [
          1.9607955,
          41.2655435
        ]
      },
      "properties": {
        "osm_id": "node/2326847451",
        "name": "Pere Marti",
        "category": "Restauración",
        "primary_tag": "amenity=restaurant",
        "amenity": "restaurant",
        "shop": null,
        "office": null,
        "tourism": null,
        "leisure": null,
        "source": "OpenStreetMap via Overpass API",
        "grid_id": "r0_c3"
      }
    },
    {
      "type": "Feature",
      "geometry": {
        "type": "Point",
        "coordinates": [
          1.9572382,
          41.2653998
        ]
      },
      "properties": {
        "osm_id": "node/2246302895",
        "name": "Pizza Sur",
        "category": "Restauración",
        "primary_tag": "amenity=restaurant",
        "amenity": "restaurant",
        "shop": null,
        "office": null,
        "tourism": null,
        "leisure": null,
        "source": "OpenStreetMap via Overpass API",
        "grid_id": "r0_c3"
      }
    },
    {
      "type": "Feature",
      "geometry": {
        "type": "Point",
        "coordinates": [
          1.9713592,
          41.2668077
        ]
      },
      "properties": {
        "osm_id": "node/2246291955",
        "name": "PorFiRio",
        "category": "Restauración",
        "primary_tag": "amenity=bar",
        "amenity": "bar",
        "shop": null,
        "office": null,
        "tourism": null,
        "leisure": null,
        "source": "OpenStreetMap via Overpass API",
        "grid_id": "r0_c5"
      }
    },
    {
      "type": "Feature",
      "geometry": {
        "type": "Point",
        "coordinates": [
          1.9864802,
          41.2877776
        ]
      },
      "properties": {
        "osm_id": "node/4469877492",
        "name": "Punt de Trobada",
        "category": "Restauración",
        "primary_tag": "amenity=bar",
        "amenity": "bar",
        "shop": null,
        "office": null,
        "tourism": null,
        "leisure": null,
        "source": "OpenStreetMap via Overpass API",
        "grid_id": "r5_c8"
      }
    },
    {
      "type": "Feature",
      "geometry": {
        "type": "Point",
        "coordinates": [
          1.9763358,
          41.2656739
        ]
      },
      "properties": {
        "osm_id": "node/5223073021",
        "name": "Punto Uy",
        "category": "Restauración",
        "primary_tag": "amenity=restaurant",
        "amenity": "restaurant",
        "shop": null,
        "office": null,
        "tourism": null,
        "leisure": null,
        "source": "OpenStreetMap via Overpass API",
        "grid_id": "r0_c6"
      }
    },
    {
      "type": "Feature",
      "geometry": {
        "type": "Point",
        "coordinates": [
          1.971936,
          41.2663787
        ]
      },
      "properties": {
        "osm_id": "node/9017884957",
        "name": "Punto Uy",
        "category": "Restauración",
        "primary_tag": "amenity=restaurant",
        "amenity": "restaurant",
        "shop": null,
        "office": null,
        "tourism": null,
        "leisure": null,
        "source": "OpenStreetMap via Overpass API",
        "grid_id": "r0_c5"
      }
    },
    {
      "type": "Feature",
      "geometry": {
        "type": "Point",
        "coordinates": [
          1.971784,
          41.2659755
        ]
      },
      "properties": {
        "osm_id": "node/1866261035",
        "name": "Rangel",
        "category": "Restauración",
        "primary_tag": "amenity=restaurant",
        "amenity": "restaurant",
        "shop": null,
        "office": null,
        "tourism": null,
        "leisure": null,
        "source": "OpenStreetMap via Overpass API",
        "grid_id": "r0_c5"
      }
    },
    {
      "type": "Feature",
      "geometry": {
        "type": "Point",
        "coordinates": [
          1.9812356,
          41.268134
        ]
      },
      "properties": {
        "osm_id": "node/9580956470",
        "name": "Rayuela Resto&Gril",
        "category": "Restauración",
        "primary_tag": "amenity=restaurant",
        "amenity": "restaurant",
        "shop": null,
        "office": null,
        "tourism": null,
        "leisure": null,
        "source": "OpenStreetMap via Overpass API",
        "grid_id": "r1_c7"
      }
    },
    {
      "type": "Feature",
      "geometry": {
        "type": "Point",
        "coordinates": [
          1.9721996,
          41.2662829
        ]
      },
      "properties": {
        "osm_id": "node/2246395334",
        "name": "Restaurante a Casa Gallega",
        "category": "Restauración",
        "primary_tag": "amenity=restaurant",
        "amenity": "restaurant",
        "shop": null,
        "office": null,
        "tourism": null,
        "leisure": null,
        "source": "OpenStreetMap via Overpass API",
        "grid_id": "r0_c5"
      }
    },
    {
      "type": "Feature",
      "geometry": {
        "type": "Point",
        "coordinates": [
          1.9749545,
          41.2659185
        ]
      },
      "properties": {
        "osm_id": "node/5017799121",
        "name": "Restaurante Amar",
        "category": "Restauración",
        "primary_tag": "amenity=restaurant",
        "amenity": "restaurant",
        "shop": null,
        "office": null,
        "tourism": null,
        "leisure": null,
        "source": "OpenStreetMap via Overpass API",
        "grid_id": "r0_c6"
      }
    },
    {
      "type": "Feature",
      "geometry": {
        "type": "Point",
        "coordinates": [
          1.9568766,
          41.265865
        ]
      },
      "properties": {
        "osm_id": "node/4248633293",
        "name": "Restaurante El Avión",
        "category": "Restauración",
        "primary_tag": "amenity=restaurant",
        "amenity": "restaurant",
        "shop": null,
        "office": null,
        "tourism": null,
        "leisure": null,
        "source": "OpenStreetMap via Overpass API",
        "grid_id": "r0_c3"
      }
    },
    {
      "type": "Feature",
      "geometry": {
        "type": "Point",
        "coordinates": [
          1.9639437,
          41.2650194
        ]
      },
      "properties": {
        "osm_id": "node/9938269866",
        "name": "Restoran Club Nàutic",
        "category": "Restauración",
        "primary_tag": "amenity=restaurant",
        "amenity": "restaurant",
        "shop": null,
        "office": null,
        "tourism": null,
        "leisure": null,
        "source": "OpenStreetMap via Overpass API",
        "grid_id": "r0_c4"
      }
    },
    {
      "type": "Feature",
      "geometry": {
        "type": "Point",
        "coordinates": [
          1.9724803,
          41.2662669
        ]
      },
      "properties": {
        "osm_id": "node/9017894921",
        "name": "Rincon Marítimo",
        "category": "Restauración",
        "primary_tag": "amenity=restaurant",
        "amenity": "restaurant",
        "shop": null,
        "office": null,
        "tourism": null,
        "leisure": null,
        "source": "OpenStreetMap via Overpass API",
        "grid_id": "r0_c5"
      }
    },
    {
      "type": "Feature",
      "geometry": {
        "type": "Point",
        "coordinates": [
          1.9691166,
          41.2659664
        ]
      },
      "properties": {
        "osm_id": "node/2246306187",
        "name": "Rober's",
        "category": "Restauración",
        "primary_tag": "amenity=restaurant",
        "amenity": "restaurant",
        "shop": null,
        "office": null,
        "tourism": null,
        "leisure": null,
        "source": "OpenStreetMap via Overpass API",
        "grid_id": "r0_c5"
      }
    },
    {
      "type": "Feature",
      "geometry": {
        "type": "Point",
        "coordinates": [
          1.9705737,
          41.2662359
        ]
      },
      "properties": {
        "osm_id": "node/9010136311",
        "name": "Rober's",
        "category": "Restauración",
        "primary_tag": "amenity=fast_food",
        "amenity": "fast_food",
        "shop": null,
        "office": null,
        "tourism": null,
        "leisure": null,
        "source": "OpenStreetMap via Overpass API",
        "grid_id": "r0_c5"
      }
    },
    {
      "type": "Feature",
      "geometry": {
        "type": "Point",
        "coordinates": [
          1.9737276,
          41.2656771
        ]
      },
      "properties": {
        "osm_id": "node/5223160026",
        "name": "Rocxi Beach",
        "category": "Restauración",
        "primary_tag": "amenity=restaurant",
        "amenity": "restaurant",
        "shop": null,
        "office": null,
        "tourism": null,
        "leisure": null,
        "source": "OpenStreetMap via Overpass API",
        "grid_id": "r0_c6"
      }
    },
    {
      "type": "Feature",
      "geometry": {
        "type": "Point",
        "coordinates": [
          1.9574535,
          41.2676205
        ]
      },
      "properties": {
        "osm_id": "way/1040617737",
        "name": "Route Bar",
        "category": "Restauración",
        "primary_tag": "amenity=restaurant",
        "amenity": "restaurant",
        "shop": null,
        "office": null,
        "tourism": null,
        "leisure": null,
        "source": "OpenStreetMap via Overpass API",
        "grid_id": "r0_c3"
      }
    },
    {
      "type": "Feature",
      "geometry": {
        "type": "Point",
        "coordinates": [
          1.9831189,
          41.2835876
        ]
      },
      "properties": {
        "osm_id": "node/9580975753",
        "name": "Sawadee Thai Castelldefels",
        "category": "Restauración",
        "primary_tag": "amenity=restaurant",
        "amenity": "restaurant",
        "shop": null,
        "office": null,
        "tourism": null,
        "leisure": null,
        "source": "OpenStreetMap via Overpass API",
        "grid_id": "r4_c7"
      }
    },
    {
      "type": "Feature",
      "geometry": {
        "type": "Point",
        "coordinates": [
          1.9855458,
          41.2755171
        ]
      },
      "properties": {
        "osm_id": "node/1003829407",
        "name": "Sin nombre",
        "category": "Restauración",
        "primary_tag": "amenity=restaurant",
        "amenity": "restaurant",
        "shop": null,
        "office": null,
        "tourism": null,
        "leisure": null,
        "source": "OpenStreetMap via Overpass API",
        "grid_id": "r2_c8"
      }
    },
    {
      "type": "Feature",
      "geometry": {
        "type": "Point",
        "coordinates": [
          1.9620743,
          41.2697561
        ]
      },
      "properties": {
        "osm_id": "node/1335739222",
        "name": "Sin nombre",
        "category": "Restauración",
        "primary_tag": "amenity=restaurant",
        "amenity": "restaurant",
        "shop": null,
        "office": null,
        "tourism": null,
        "leisure": null,
        "source": "OpenStreetMap via Overpass API",
        "grid_id": "r1_c4"
      }
    },
    {
      "type": "Feature",
      "geometry": {
        "type": "Point",
        "coordinates": [
          1.9814799,
          41.2663029
        ]
      },
      "properties": {
        "osm_id": "node/2246312234",
        "name": "Sin nombre",
        "category": "Restauración",
        "primary_tag": "amenity=cafe",
        "amenity": "cafe",
        "shop": null,
        "office": null,
        "tourism": null,
        "leisure": null,
        "source": "OpenStreetMap via Overpass API",
        "grid_id": "r0_c7"
      }
    },
    {
      "type": "Feature",
      "geometry": {
        "type": "Point",
        "coordinates": [
          1.9581314,
          41.2654381
        ]
      },
      "properties": {
        "osm_id": "node/2246390003",
        "name": "Sin nombre",
        "category": "Restauración",
        "primary_tag": "amenity=fast_food",
        "amenity": "fast_food",
        "shop": null,
        "office": null,
        "tourism": null,
        "leisure": null,
        "source": "OpenStreetMap via Overpass API",
        "grid_id": "r0_c3"
      }
    },
    {
      "type": "Feature",
      "geometry": {
        "type": "Point",
        "coordinates": [
          1.964411,
          41.2659329
        ]
      },
      "properties": {
        "osm_id": "node/2246391136",
        "name": "Sin nombre",
        "category": "Restauración",
        "primary_tag": "amenity=restaurant",
        "amenity": "restaurant",
        "shop": null,
        "office": null,
        "tourism": null,
        "leisure": null,
        "source": "OpenStreetMap via Overpass API",
        "grid_id": "r0_c4"
      }
    },
    {
      "type": "Feature",
      "geometry": {
        "type": "Point",
        "coordinates": [
          1.9817859,
          41.2708008
        ]
      },
      "properties": {
        "osm_id": "node/2246426445",
        "name": "Sin nombre",
        "category": "Restauración",
        "primary_tag": "amenity=fast_food",
        "amenity": "fast_food",
        "shop": null,
        "office": null,
        "tourism": null,
        "leisure": null,
        "source": "OpenStreetMap via Overpass API",
        "grid_id": "r1_c7"
      }
    },
    {
      "type": "Feature",
      "geometry": {
        "type": "Point",
        "coordinates": [
          1.944465,
          41.2682593
        ]
      },
      "properties": {
        "osm_id": "node/2246642749",
        "name": "Sin nombre",
        "category": "Restauración",
        "primary_tag": "amenity=restaurant",
        "amenity": "restaurant",
        "shop": null,
        "office": null,
        "tourism": null,
        "leisure": null,
        "source": "OpenStreetMap via Overpass API",
        "grid_id": "r1_c1"
      }
    },
    {
      "type": "Feature",
      "geometry": {
        "type": "Point",
        "coordinates": [
          1.9794533,
          41.2790328
        ]
      },
      "properties": {
        "osm_id": "node/5938645870",
        "name": "Sin nombre",
        "category": "Restauración",
        "primary_tag": "amenity=cafe",
        "amenity": "cafe",
        "shop": null,
        "office": null,
        "tourism": null,
        "leisure": null,
        "source": "OpenStreetMap via Overpass API",
        "grid_id": "r3_c7"
      }
    },
    {
      "type": "Feature",
      "geometry": {
        "type": "Point",
        "coordinates": [
          1.9890866,
          41.2731176
        ]
      },
      "properties": {
        "osm_id": "node/7656890785",
        "name": "Sin nombre",
        "category": "Restauración",
        "primary_tag": "amenity=restaurant",
        "amenity": "restaurant",
        "shop": null,
        "office": null,
        "tourism": null,
        "leisure": null,
        "source": "OpenStreetMap via Overpass API",
        "grid_id": "r2_c8"
      }
    },
    {
      "type": "Feature",
      "geometry": {
        "type": "Point",
        "coordinates": [
          1.9783652,
          41.2754615
        ]
      },
      "properties": {
        "osm_id": "node/10204192183",
        "name": "Sin nombre",
        "category": "Restauración",
        "primary_tag": "amenity=restaurant",
        "amenity": "restaurant",
        "shop": null,
        "office": null,
        "tourism": null,
        "leisure": null,
        "source": "OpenStreetMap via Overpass API",
        "grid_id": "r2_c6"
      }
    },
    {
      "type": "Feature",
      "geometry": {
        "type": "Point",
        "coordinates": [
          1.9786102,
          41.2755004
        ]
      },
      "properties": {
        "osm_id": "node/10204192184",
        "name": "Sin nombre",
        "category": "Restauración",
        "primary_tag": "amenity=restaurant",
        "amenity": "restaurant",
        "shop": null,
        "office": null,
        "tourism": null,
        "leisure": null,
        "source": "OpenStreetMap via Overpass API",
        "grid_id": "r2_c6"
      }
    },
    {
      "type": "Feature",
      "geometry": {
        "type": "Point",
        "coordinates": [
          1.9707371,
          41.2663271
        ]
      },
      "properties": {
        "osm_id": "node/13529659191",
        "name": "Sin nombre",
        "category": "Restauración",
        "primary_tag": "amenity=restaurant",
        "amenity": "restaurant",
        "shop": null,
        "office": null,
        "tourism": null,
        "leisure": null,
        "source": "OpenStreetMap via Overpass API",
        "grid_id": "r0_c5"
      }
    },
    {
      "type": "Feature",
      "geometry": {
        "type": "Point",
        "coordinates": [
          1.9929476,
          41.2656679
        ]
      },
      "properties": {
        "osm_id": "node/13529669799",
        "name": "Sin nombre",
        "category": "Restauración",
        "primary_tag": "amenity=restaurant",
        "amenity": "restaurant",
        "shop": null,
        "office": null,
        "tourism": null,
        "leisure": null,
        "source": "OpenStreetMap via Overpass API",
        "grid_id": "r0_c9"
      }
    },
    {
      "type": "Feature",
      "geometry": {
        "type": "Point",
        "coordinates": [
          1.9654573,
          41.2659674
        ]
      },
      "properties": {
        "osm_id": "node/13529678044",
        "name": "Sin nombre",
        "category": "Restauración",
        "primary_tag": "amenity=cafe",
        "amenity": "cafe",
        "shop": null,
        "office": null,
        "tourism": null,
        "leisure": null,
        "source": "OpenStreetMap via Overpass API",
        "grid_id": "r0_c4"
      }
    },
    {
      "type": "Feature",
      "geometry": {
        "type": "Point",
        "coordinates": [
          1.9753649,
          41.2658144
        ]
      },
      "properties": {
        "osm_id": "node/13529687448",
        "name": "Sin nombre",
        "category": "Restauración",
        "primary_tag": "amenity=cafe",
        "amenity": "cafe",
        "shop": null,
        "office": null,
        "tourism": null,
        "leisure": null,
        "source": "OpenStreetMap via Overpass API",
        "grid_id": "r0_c6"
      }
    },
    {
      "type": "Feature",
      "geometry": {
        "type": "Point",
        "coordinates": [
          1.971125,
          41.266303
        ]
      },
      "properties": {
        "osm_id": "node/13529699947",
        "name": "Sin nombre",
        "category": "Restauración",
        "primary_tag": "amenity=fast_food",
        "amenity": "fast_food",
        "shop": null,
        "office": null,
        "tourism": null,
        "leisure": null,
        "source": "OpenStreetMap via Overpass API",
        "grid_id": "r0_c5"
      }
    },
    {
      "type": "Feature",
      "geometry": {
        "type": "Point",
        "coordinates": [
          1.9694495,
          41.2657017
        ]
      },
      "properties": {
        "osm_id": "node/13529713178",
        "name": "Sin nombre",
        "category": "Restauración",
        "primary_tag": "amenity=restaurant",
        "amenity": "restaurant",
        "shop": null,
        "office": null,
        "tourism": null,
        "leisure": null,
        "source": "OpenStreetMap via Overpass API",
        "grid_id": "r0_c5"
      }
    },
    {
      "type": "Feature",
      "geometry": {
        "type": "Point",
        "coordinates": [
          1.983047,
          41.2662671
        ]
      },
      "properties": {
        "osm_id": "node/13529723745",
        "name": "Sin nombre",
        "category": "Restauración",
        "primary_tag": "amenity=restaurant",
        "amenity": "restaurant",
        "shop": null,
        "office": null,
        "tourism": null,
        "leisure": null,
        "source": "OpenStreetMap via Overpass API",
        "grid_id": "r0_c7"
      }
    },
    {
      "type": "Feature",
      "geometry": {
        "type": "Point",
        "coordinates": [
          1.9730853,
          41.2808803
        ]
      },
      "properties": {
        "osm_id": "way/400199284",
        "name": "Sin nombre",
        "category": "Restauración",
        "primary_tag": "amenity=cafe",
        "amenity": "cafe",
        "shop": null,
        "office": null,
        "tourism": null,
        "leisure": null,
        "source": "OpenStreetMap via Overpass API",
        "grid_id": "r3_c6"
      }
    },
    {
      "type": "Feature",
      "geometry": {
        "type": "Point",
        "coordinates": [
          1.9891233,
          41.2818471
        ]
      },
      "properties": {
        "osm_id": "way/630377789",
        "name": "Sin nombre",
        "category": "Restauración",
        "primary_tag": "amenity=restaurant",
        "amenity": "restaurant",
        "shop": null,
        "office": null,
        "tourism": null,
        "leisure": null,
        "source": "OpenStreetMap via Overpass API",
        "grid_id": "r4_c8"
      }
    },
    {
      "type": "Feature",
      "geometry": {
        "type": "Point",
        "coordinates": [
          1.9715482,
          41.2643579
        ]
      },
      "properties": {
        "osm_id": "way/722961009",
        "name": "Sin nombre",
        "category": "Restauración",
        "primary_tag": "amenity=bar",
        "amenity": "bar",
        "shop": null,
        "office": null,
        "tourism": null,
        "leisure": null,
        "source": "OpenStreetMap via Overpass API",
        "grid_id": "r0_c5"
      }
    },
    {
      "type": "Feature",
      "geometry": {
        "type": "Point",
        "coordinates": [
          1.9947555,
          41.2654859
        ]
      },
      "properties": {
        "osm_id": "node/8806651273",
        "name": "Soli",
        "category": "Restauración",
        "primary_tag": "amenity=restaurant",
        "amenity": "restaurant",
        "shop": null,
        "office": null,
        "tourism": null,
        "leisure": null,
        "source": "OpenStreetMap via Overpass API",
        "grid_id": "r0_c9"
      }
    },
    {
      "type": "Feature",
      "geometry": {
        "type": "Point",
        "coordinates": [
          1.9763496,
          41.2651377
        ]
      },
      "properties": {
        "osm_id": "node/7575347685",
        "name": "Solraig",
        "category": "Restauración",
        "primary_tag": "amenity=restaurant",
        "amenity": "restaurant",
        "shop": null,
        "office": null,
        "tourism": null,
        "leisure": null,
        "source": "OpenStreetMap via Overpass API",
        "grid_id": "r0_c6"
      }
    },
    {
      "type": "Feature",
      "geometry": {
        "type": "Point",
        "coordinates": [
          1.9557146,
          41.267384
        ]
      },
      "properties": {
        "osm_id": "node/5223167122",
        "name": "Stop",
        "category": "Restauración",
        "primary_tag": "amenity=bar",
        "amenity": "bar",
        "shop": null,
        "office": null,
        "tourism": null,
        "leisure": null,
        "source": "OpenStreetMap via Overpass API",
        "grid_id": "r0_c3"
      }
    },
    {
      "type": "Feature",
      "geometry": {
        "type": "Point",
        "coordinates": [
          1.9734186,
          41.2789184
        ]
      },
      "properties": {
        "osm_id": "node/5801177554",
        "name": "sukha",
        "category": "Restauración",
        "primary_tag": "amenity=restaurant",
        "amenity": "restaurant",
        "shop": null,
        "office": null,
        "tourism": null,
        "leisure": null,
        "source": "OpenStreetMap via Overpass API",
        "grid_id": "r3_c6"
      }
    },
    {
      "type": "Feature",
      "geometry": {
        "type": "Point",
        "coordinates": [
          1.9773716,
          41.2801775
        ]
      },
      "properties": {
        "osm_id": "node/5941029919",
        "name": "Sushi Chef",
        "category": "Restauración",
        "primary_tag": "amenity=restaurant",
        "amenity": "restaurant",
        "shop": null,
        "office": null,
        "tourism": null,
        "leisure": null,
        "source": "OpenStreetMap via Overpass API",
        "grid_id": "r3_c6"
      }
    },
    {
      "type": "Feature",
      "geometry": {
        "type": "Point",
        "coordinates": [
          1.9685357,
          41.2660571
        ]
      },
      "properties": {
        "osm_id": "node/2246284370",
        "name": "Taberna",
        "category": "Restauración",
        "primary_tag": "amenity=restaurant",
        "amenity": "restaurant",
        "shop": null,
        "office": null,
        "tourism": null,
        "leisure": null,
        "source": "OpenStreetMap via Overpass API",
        "grid_id": "r0_c5"
      }
    },
    {
      "type": "Feature",
      "geometry": {
        "type": "Point",
        "coordinates": [
          1.9695433,
          41.2660171
        ]
      },
      "properties": {
        "osm_id": "node/9010093187",
        "name": "Takua",
        "category": "Restauración",
        "primary_tag": "amenity=restaurant",
        "amenity": "restaurant",
        "shop": null,
        "office": null,
        "tourism": null,
        "leisure": null,
        "source": "OpenStreetMap via Overpass API",
        "grid_id": "r0_c5"
      }
    },
    {
      "type": "Feature",
      "geometry": {
        "type": "Point",
        "coordinates": [
          1.9711579,
          41.266953
        ]
      },
      "properties": {
        "osm_id": "node/2246308671",
        "name": "Tangaworld",
        "category": "Restauración",
        "primary_tag": "amenity=bar",
        "amenity": "bar",
        "shop": null,
        "office": null,
        "tourism": null,
        "leisure": null,
        "source": "OpenStreetMap via Overpass API",
        "grid_id": "r0_c5"
      }
    },
    {
      "type": "Feature",
      "geometry": {
        "type": "Point",
        "coordinates": [
          1.9811653,
          41.2830002
        ]
      },
      "properties": {
        "osm_id": "node/9580982658",
        "name": "Tast",
        "category": "Restauración",
        "primary_tag": "amenity=restaurant",
        "amenity": "restaurant",
        "shop": null,
        "office": null,
        "tourism": null,
        "leisure": null,
        "source": "OpenStreetMap via Overpass API",
        "grid_id": "r4_c7"
      }
    },
    {
      "type": "Feature",
      "geometry": {
        "type": "Point",
        "coordinates": [
          1.9820177,
          41.2663555
        ]
      },
      "properties": {
        "osm_id": "node/2246250275",
        "name": "Tiburon",
        "category": "Restauración",
        "primary_tag": "amenity=cafe",
        "amenity": "cafe",
        "shop": null,
        "office": null,
        "tourism": null,
        "leisure": null,
        "source": "OpenStreetMap via Overpass API",
        "grid_id": "r0_c7"
      }
    },
    {
      "type": "Feature",
      "geometry": {
        "type": "Point",
        "coordinates": [
          1.9807002,
          41.2811557
        ]
      },
      "properties": {
        "osm_id": "node/11400815815",
        "name": "Todo Bien",
        "category": "Restauración",
        "primary_tag": "amenity=restaurant",
        "amenity": "restaurant",
        "shop": null,
        "office": null,
        "tourism": null,
        "leisure": null,
        "source": "OpenStreetMap via Overpass API",
        "grid_id": "r3_c7"
      }
    },
    {
      "type": "Feature",
      "geometry": {
        "type": "Point",
        "coordinates": [
          1.9852638,
          41.2656265
        ]
      },
      "properties": {
        "osm_id": "node/5223167022",
        "name": "Topanga Club",
        "category": "Restauración",
        "primary_tag": "amenity=bar",
        "amenity": "bar",
        "shop": null,
        "office": null,
        "tourism": null,
        "leisure": null,
        "source": "OpenStreetMap via Overpass API",
        "grid_id": "r0_c8"
      }
    },
    {
      "type": "Feature",
      "geometry": {
        "type": "Point",
        "coordinates": [
          1.9783953,
          41.2656845
        ]
      },
      "properties": {
        "osm_id": "node/6458330471",
        "name": "Txoko",
        "category": "Restauración",
        "primary_tag": "amenity=restaurant",
        "amenity": "restaurant",
        "shop": null,
        "office": null,
        "tourism": null,
        "leisure": null,
        "source": "OpenStreetMap via Overpass API",
        "grid_id": "r0_c6"
      }
    },
    {
      "type": "Feature",
      "geometry": {
        "type": "Point",
        "coordinates": [
          1.9783553,
          41.279684
        ]
      },
      "properties": {
        "osm_id": "node/12278203609",
        "name": "Urartu",
        "category": "Restauración",
        "primary_tag": "amenity=restaurant",
        "amenity": "restaurant",
        "shop": null,
        "office": null,
        "tourism": null,
        "leisure": null,
        "source": "OpenStreetMap via Overpass API",
        "grid_id": "r3_c6"
      }
    },
    {
      "type": "Feature",
      "geometry": {
        "type": "Point",
        "coordinates": [
          1.9683012,
          41.265634
        ]
      },
      "properties": {
        "osm_id": "node/9010095068",
        "name": "Ushuaia",
        "category": "Restauración",
        "primary_tag": "amenity=restaurant",
        "amenity": "restaurant",
        "shop": null,
        "office": null,
        "tourism": null,
        "leisure": null,
        "source": "OpenStreetMap via Overpass API",
        "grid_id": "r0_c5"
      }
    },
    {
      "type": "Feature",
      "geometry": {
        "type": "Point",
        "coordinates": [
          1.9774272,
          41.2801362
        ]
      },
      "properties": {
        "osm_id": "node/5941022561",
        "name": "Wok Chef",
        "category": "Restauración",
        "primary_tag": "amenity=restaurant",
        "amenity": "restaurant",
        "shop": null,
        "office": null,
        "tourism": null,
        "leisure": null,
        "source": "OpenStreetMap via Overpass API",
        "grid_id": "r3_c6"
      }
    },
    {
      "type": "Feature",
      "geometry": {
        "type": "Point",
        "coordinates": [
          1.9774901,
          41.2805888
        ]
      },
      "properties": {
        "osm_id": "node/5941029920",
        "name": "Wu Sushi",
        "category": "Restauración",
        "primary_tag": "amenity=restaurant",
        "amenity": "restaurant",
        "shop": null,
        "office": null,
        "tourism": null,
        "leisure": null,
        "source": "OpenStreetMap via Overpass API",
        "grid_id": "r3_c6"
      }
    },
    {
      "type": "Feature",
      "geometry": {
        "type": "Point",
        "coordinates": [
          1.970843,
          41.2663397
        ]
      },
      "properties": {
        "osm_id": "node/9010136313",
        "name": "Yamasato",
        "category": "Restauración",
        "primary_tag": "amenity=restaurant",
        "amenity": "restaurant",
        "shop": null,
        "office": null,
        "tourism": null,
        "leisure": null,
        "source": "OpenStreetMap via Overpass API",
        "grid_id": "r0_c5"
      }
    },
    {
      "type": "Feature",
      "geometry": {
        "type": "Point",
        "coordinates": [
          1.9871491,
          41.2865485
        ]
      },
      "properties": {
        "osm_id": "node/9999780100",
        "name": "Zitarrosa",
        "category": "Restauración",
        "primary_tag": "amenity=cafe",
        "amenity": "cafe",
        "shop": null,
        "office": null,
        "tourism": null,
        "leisure": null,
        "source": "OpenStreetMap via Overpass API",
        "grid_id": "r5_c8"
      }
    },
    {
      "type": "Feature",
      "geometry": {
        "type": "Point",
        "coordinates": [
          1.9769337,
          41.268266
        ]
      },
      "properties": {
        "osm_id": "node/13760852001",
        "name": "6 Bis Hotel",
        "category": "Alojamiento",
        "primary_tag": "tourism=hotel",
        "amenity": null,
        "shop": null,
        "office": null,
        "tourism": "hotel",
        "leisure": null,
        "source": "OpenStreetMap via Overpass API",
        "grid_id": "r1_c6"
      }
    },
    {
      "type": "Feature",
      "geometry": {
        "type": "Point",
        "coordinates": [
          1.9831899,
          41.270083
        ]
      },
      "properties": {
        "osm_id": "node/5938628073",
        "name": "Aparatamentos Turísticos Marsol",
        "category": "Alojamiento",
        "primary_tag": "tourism=hotel",
        "amenity": null,
        "shop": null,
        "office": null,
        "tourism": "hotel",
        "leisure": null,
        "source": "OpenStreetMap via Overpass API",
        "grid_id": "r1_c7"
      }
    },
    {
      "type": "Feature",
      "geometry": {
        "type": "Point",
        "coordinates": [
          1.9769384,
          41.2784161
        ]
      },
      "properties": {
        "osm_id": "node/8808373371",
        "name": "ApartHotel Centric",
        "category": "Alojamiento",
        "primary_tag": "tourism=apartment",
        "amenity": null,
        "shop": null,
        "office": null,
        "tourism": "apartment",
        "leisure": null,
        "source": "OpenStreetMap via Overpass API",
        "grid_id": "r3_c6"
      }
    },
    {
      "type": "Feature",
      "geometry": {
        "type": "Point",
        "coordinates": [
          1.9942705,
          41.2655704
        ]
      },
      "properties": {
        "osm_id": "way/951433185",
        "name": "Aparthotel Solifemar",
        "category": "Alojamiento",
        "primary_tag": "tourism=hotel",
        "amenity": null,
        "shop": null,
        "office": null,
        "tourism": "hotel",
        "leisure": null,
        "source": "OpenStreetMap via Overpass API",
        "grid_id": "r0_c9"
      }
    },
    {
      "type": "Feature",
      "geometry": {
        "type": "Point",
        "coordinates": [
          1.9896732,
          41.2813296
        ]
      },
      "properties": {
        "osm_id": "way/181460569",
        "name": "BCN Events",
        "category": "Alojamiento",
        "primary_tag": "tourism=hotel",
        "amenity": null,
        "shop": null,
        "office": null,
        "tourism": "hotel",
        "leisure": null,
        "source": "OpenStreetMap via Overpass API",
        "grid_id": "r3_c8"
      }
    },
    {
      "type": "Feature",
      "geometry": {
        "type": "Point",
        "coordinates": [
          1.9666831,
          41.2675898
        ]
      },
      "properties": {
        "osm_id": "relation/13107913",
        "name": "Ciudad de Castelldefels",
        "category": "Alojamiento",
        "primary_tag": "tourism=hotel",
        "amenity": null,
        "shop": null,
        "office": null,
        "tourism": "hotel",
        "leisure": null,
        "source": "OpenStreetMap via Overpass API",
        "grid_id": "r0_c4"
      }
    },
    {
      "type": "Feature",
      "geometry": {
        "type": "Point",
        "coordinates": [
          1.9618041,
          41.2703663
        ]
      },
      "properties": {
        "osm_id": "way/40103698",
        "name": "Gran Hotel Rey Don Jaime",
        "category": "Alojamiento",
        "primary_tag": "tourism=hotel",
        "amenity": null,
        "shop": null,
        "office": null,
        "tourism": "hotel",
        "leisure": null,
        "source": "OpenStreetMap via Overpass API",
        "grid_id": "r1_c4"
      }
    },
    {
      "type": "Feature",
      "geometry": {
        "type": "Point",
        "coordinates": [
          1.9756961,
          41.267521
        ]
      },
      "properties": {
        "osm_id": "node/8808609174",
        "name": "Hotel 139",
        "category": "Alojamiento",
        "primary_tag": "tourism=hotel",
        "amenity": null,
        "shop": null,
        "office": null,
        "tourism": "hotel",
        "leisure": null,
        "source": "OpenStreetMap via Overpass API",
        "grid_id": "r0_c6"
      }
    },
    {
      "type": "Feature",
      "geometry": {
        "type": "Point",
        "coordinates": [
          1.9765042,
          41.2653431
        ]
      },
      "properties": {
        "osm_id": "node/2246313620",
        "name": "Hotel Bel Air",
        "category": "Alojamiento",
        "primary_tag": "tourism=hotel",
        "amenity": null,
        "shop": null,
        "office": null,
        "tourism": "hotel",
        "leisure": null,
        "source": "OpenStreetMap via Overpass API",
        "grid_id": "r0_c6"
      }
    },
    {
      "type": "Feature",
      "geometry": {
        "type": "Point",
        "coordinates": [
          1.9623854,
          41.2660147
        ]
      },
      "properties": {
        "osm_id": "node/2246382939",
        "name": "Hotel Best Western",
        "category": "Alojamiento",
        "primary_tag": "tourism=hotel",
        "amenity": null,
        "shop": null,
        "office": null,
        "tourism": "hotel",
        "leisure": null,
        "source": "OpenStreetMap via Overpass API",
        "grid_id": "r0_c4"
      }
    },
    {
      "type": "Feature",
      "geometry": {
        "type": "Point",
        "coordinates": [
          1.9885844,
          41.2707721
        ]
      },
      "properties": {
        "osm_id": "node/13175852614",
        "name": "Hotel Canal Olimpic",
        "category": "Alojamiento",
        "primary_tag": "tourism=hotel",
        "amenity": null,
        "shop": null,
        "office": null,
        "tourism": "hotel",
        "leisure": null,
        "source": "OpenStreetMap via Overpass API",
        "grid_id": "r1_c8"
      }
    },
    {
      "type": "Feature",
      "geometry": {
        "type": "Point",
        "coordinates": [
          1.9862384,
          41.2859767
        ]
      },
      "properties": {
        "osm_id": "node/3058142148",
        "name": "Hotel Flora Parc",
        "category": "Alojamiento",
        "primary_tag": "tourism=hotel",
        "amenity": null,
        "shop": null,
        "office": null,
        "tourism": "hotel",
        "leisure": null,
        "source": "OpenStreetMap via Overpass API",
        "grid_id": "r4_c8"
      }
    },
    {
      "type": "Feature",
      "geometry": {
        "type": "Point",
        "coordinates": [
          1.9746906,
          41.268761
        ]
      },
      "properties": {
        "osm_id": "node/6819087005",
        "name": "Hotel HP",
        "category": "Alojamiento",
        "primary_tag": "tourism=hotel",
        "amenity": null,
        "shop": null,
        "office": null,
        "tourism": "hotel",
        "leisure": null,
        "source": "OpenStreetMap via Overpass API",
        "grid_id": "r1_c6"
      }
    },
    {
      "type": "Feature",
      "geometry": {
        "type": "Point",
        "coordinates": [
          1.9859211,
          41.281452
        ]
      },
      "properties": {
        "osm_id": "way/185078578",
        "name": "Hotel ibis Barcelona Castelldefels",
        "category": "Alojamiento",
        "primary_tag": "tourism=hotel",
        "amenity": null,
        "shop": null,
        "office": null,
        "tourism": "hotel",
        "leisure": null,
        "source": "OpenStreetMap via Overpass API",
        "grid_id": "r3_c8"
      }
    },
    {
      "type": "Feature",
      "geometry": {
        "type": "Point",
        "coordinates": [
          1.9733483,
          41.2674529
        ]
      },
      "properties": {
        "osm_id": "node/1845175424",
        "name": "Hotel Luna",
        "category": "Alojamiento",
        "primary_tag": "tourism=hotel",
        "amenity": null,
        "shop": null,
        "office": null,
        "tourism": "hotel",
        "leisure": null,
        "source": "OpenStreetMap via Overpass API",
        "grid_id": "r0_c6"
      }
    },
    {
      "type": "Feature",
      "geometry": {
        "type": "Point",
        "coordinates": [
          1.9857355,
          41.2726976
        ]
      },
      "properties": {
        "osm_id": "node/825340773",
        "name": "Hotel Pitort",
        "category": "Alojamiento",
        "primary_tag": "tourism=hotel",
        "amenity": null,
        "shop": null,
        "office": null,
        "tourism": "hotel",
        "leisure": null,
        "source": "OpenStreetMap via Overpass API",
        "grid_id": "r2_c8"
      }
    },
    {
      "type": "Feature",
      "geometry": {
        "type": "Point",
        "coordinates": [
          1.9696412,
          41.2653232
        ]
      },
      "properties": {
        "osm_id": "node/2246392444",
        "name": "Hotel Playafels",
        "category": "Alojamiento",
        "primary_tag": "tourism=hotel",
        "amenity": null,
        "shop": null,
        "office": null,
        "tourism": "hotel",
        "leisure": null,
        "source": "OpenStreetMap via Overpass API",
        "grid_id": "r0_c5"
      }
    },
    {
      "type": "Feature",
      "geometry": {
        "type": "Point",
        "coordinates": [
          1.9830538,
          41.2663324
        ]
      },
      "properties": {
        "osm_id": "way/254055530",
        "name": "Hotel Rodsan Suizo",
        "category": "Alojamiento",
        "primary_tag": "tourism=hotel",
        "amenity": null,
        "shop": null,
        "office": null,
        "tourism": "hotel",
        "leisure": null,
        "source": "OpenStreetMap via Overpass API",
        "grid_id": "r0_c7"
      }
    },
    {
      "type": "Feature",
      "geometry": {
        "type": "Point",
        "coordinates": [
          1.9569075,
          41.2653836
        ]
      },
      "properties": {
        "osm_id": "node/8808492078",
        "name": "Lydia",
        "category": "Alojamiento",
        "primary_tag": "tourism=apartment",
        "amenity": null,
        "shop": null,
        "office": null,
        "tourism": "apartment",
        "leisure": null,
        "source": "OpenStreetMap via Overpass API",
        "grid_id": "r0_c3"
      }
    },
    {
      "type": "Feature",
      "geometry": {
        "type": "Point",
        "coordinates": [
          1.9601017,
          41.2654573
        ]
      },
      "properties": {
        "osm_id": "node/6454515957",
        "name": "Marplana 104",
        "category": "Alojamiento",
        "primary_tag": "tourism=apartment",
        "amenity": null,
        "shop": null,
        "office": null,
        "tourism": "apartment",
        "leisure": null,
        "source": "OpenStreetMap via Overpass API",
        "grid_id": "r0_c3"
      }
    },
    {
      "type": "Feature",
      "geometry": {
        "type": "Point",
        "coordinates": [
          1.9712231,
          41.2663472
        ]
      },
      "properties": {
        "osm_id": "node/2246393817",
        "name": "Sin nombre",
        "category": "Alojamiento",
        "primary_tag": "tourism=hostel",
        "amenity": null,
        "shop": null,
        "office": null,
        "tourism": "hostel",
        "leisure": null,
        "source": "OpenStreetMap via Overpass API",
        "grid_id": "r0_c5"
      }
    },
    {
      "type": "Feature",
      "geometry": {
        "type": "Point",
        "coordinates": [
          1.9759243,
          41.2792786
        ]
      },
      "properties": {
        "osm_id": "node/2246670368",
        "name": "Sin nombre",
        "category": "Alojamiento",
        "primary_tag": "tourism=hostel",
        "amenity": null,
        "shop": null,
        "office": null,
        "tourism": "hostel",
        "leisure": null,
        "source": "OpenStreetMap via Overpass API",
        "grid_id": "r3_c6"
      }
    },
    {
      "type": "Feature",
      "geometry": {
        "type": "Point",
        "coordinates": [
          1.9674397,
          41.2794784
        ]
      },
      "properties": {
        "osm_id": "node/8666310019",
        "name": "Sin nombre",
        "category": "Alojamiento",
        "primary_tag": "tourism=guest_house",
        "amenity": null,
        "shop": null,
        "office": null,
        "tourism": "guest_house",
        "leisure": null,
        "source": "OpenStreetMap via Overpass API",
        "grid_id": "r3_c5"
      }
    },
    {
      "type": "Feature",
      "geometry": {
        "type": "Point",
        "coordinates": [
          1.9818988,
          41.2663624
        ]
      },
      "properties": {
        "osm_id": "node/13529723447",
        "name": "Sin nombre",
        "category": "Alojamiento",
        "primary_tag": "tourism=hotel",
        "amenity": null,
        "shop": null,
        "office": null,
        "tourism": "hotel",
        "leisure": null,
        "source": "OpenStreetMap via Overpass API",
        "grid_id": "r0_c7"
      }
    },
    {
      "type": "Feature",
      "geometry": {
        "type": "Point",
        "coordinates": [
          1.9895684,
          41.2815252
        ]
      },
      "properties": {
        "osm_id": "node/5322572422",
        "name": "Сб нотел",
        "category": "Alojamiento",
        "primary_tag": "tourism=hotel",
        "amenity": null,
        "shop": null,
        "office": null,
        "tourism": "hotel",
        "leisure": null,
        "source": "OpenStreetMap via Overpass API",
        "grid_id": "r4_c8"
      }
    },
    {
      "type": "Feature",
      "geometry": {
        "type": "Point",
        "coordinates": [
          1.9771101,
          41.2793673
        ]
      },
      "properties": {
        "osm_id": "node/2349080943",
        "name": "Bancaja",
        "category": "Servicios financieros",
        "primary_tag": "amenity=bank",
        "amenity": "bank",
        "shop": null,
        "office": null,
        "tourism": null,
        "leisure": null,
        "source": "OpenStreetMap via Overpass API",
        "grid_id": "r3_c6"
      }
    },
    {
      "type": "Feature",
      "geometry": {
        "type": "Point",
        "coordinates": [
          1.9771938,
          41.2782389
        ]
      },
      "properties": {
        "osm_id": "node/2349080940",
        "name": "Banco Sabadell",
        "category": "Servicios financieros",
        "primary_tag": "amenity=bank",
        "amenity": "bank",
        "shop": null,
        "office": null,
        "tourism": null,
        "leisure": null,
        "source": "OpenStreetMap via Overpass API",
        "grid_id": "r3_c6"
      }
    },
    {
      "type": "Feature",
      "geometry": {
        "type": "Point",
        "coordinates": [
          1.9776861,
          41.280193
        ]
      },
      "properties": {
        "osm_id": "node/2349080942",
        "name": "Banco Sabadell",
        "category": "Servicios financieros",
        "primary_tag": "amenity=bank",
        "amenity": "bank",
        "shop": null,
        "office": null,
        "tourism": null,
        "leisure": null,
        "source": "OpenStreetMap via Overpass API",
        "grid_id": "r3_c6"
      }
    },
    {
      "type": "Feature",
      "geometry": {
        "type": "Point",
        "coordinates": [
          1.9774032,
          41.2793674
        ]
      },
      "properties": {
        "osm_id": "node/2349080941",
        "name": "Banco Santander",
        "category": "Servicios financieros",
        "primary_tag": "amenity=bank",
        "amenity": "bank",
        "shop": null,
        "office": null,
        "tourism": null,
        "leisure": null,
        "source": "OpenStreetMap via Overpass API",
        "grid_id": "r3_c6"
      }
    },
    {
      "type": "Feature",
      "geometry": {
        "type": "Point",
        "coordinates": [
          1.9712357,
          41.2665064
        ]
      },
      "properties": {
        "osm_id": "node/2246244669",
        "name": "BBVA",
        "category": "Servicios financieros",
        "primary_tag": "amenity=bank",
        "amenity": "bank",
        "shop": null,
        "office": null,
        "tourism": null,
        "leisure": null,
        "source": "OpenStreetMap via Overpass API",
        "grid_id": "r0_c5"
      }
    },
    {
      "type": "Feature",
      "geometry": {
        "type": "Point",
        "coordinates": [
          1.9775767,
          41.2806309
        ]
      },
      "properties": {
        "osm_id": "node/2246675132",
        "name": "BBVA",
        "category": "Servicios financieros",
        "primary_tag": "amenity=bank",
        "amenity": "bank",
        "shop": null,
        "office": null,
        "tourism": null,
        "leisure": null,
        "source": "OpenStreetMap via Overpass API",
        "grid_id": "r3_c6"
      }
    },
    {
      "type": "Feature",
      "geometry": {
        "type": "Point",
        "coordinates": [
          1.9680713,
          41.265656
        ]
      },
      "properties": {
        "osm_id": "node/2246281989",
        "name": "Caixabank",
        "category": "Servicios financieros",
        "primary_tag": "amenity=bank",
        "amenity": "bank",
        "shop": null,
        "office": null,
        "tourism": null,
        "leisure": null,
        "source": "OpenStreetMap via Overpass API",
        "grid_id": "r0_c5"
      }
    },
    {
      "type": "Feature",
      "geometry": {
        "type": "Point",
        "coordinates": [
          1.9773609,
          41.2809026
        ]
      },
      "properties": {
        "osm_id": "node/2246675329",
        "name": "Caixabank",
        "category": "Servicios financieros",
        "primary_tag": "amenity=bank",
        "amenity": "bank",
        "shop": null,
        "office": null,
        "tourism": null,
        "leisure": null,
        "source": "OpenStreetMap via Overpass API",
        "grid_id": "r3_c6"
      }
    },
    {
      "type": "Feature",
      "geometry": {
        "type": "Point",
        "coordinates": [
          1.9635204,
          41.2658846
        ]
      },
      "properties": {
        "osm_id": "node/13529712138",
        "name": "ING",
        "category": "Servicios financieros",
        "primary_tag": "amenity=atm",
        "amenity": "atm",
        "shop": null,
        "office": null,
        "tourism": null,
        "leisure": null,
        "source": "OpenStreetMap via Overpass API",
        "grid_id": "r0_c4"
      }
    },
    {
      "type": "Feature",
      "geometry": {
        "type": "Point",
        "coordinates": [
          1.9783013,
          41.2790451
        ]
      },
      "properties": {
        "osm_id": "node/2349080939",
        "name": "Sin nombre",
        "category": "Servicios financieros",
        "primary_tag": "amenity=bank",
        "amenity": "bank",
        "shop": null,
        "office": null,
        "tourism": null,
        "leisure": null,
        "source": "OpenStreetMap via Overpass API",
        "grid_id": "r3_c6"
      }
    },
    {
      "type": "Feature",
      "geometry": {
        "type": "Point",
        "coordinates": [
          1.971416,
          41.2660413
        ]
      },
      "properties": {
        "osm_id": "node/6726461089",
        "name": "Sin nombre",
        "category": "Servicios financieros",
        "primary_tag": "amenity=atm",
        "amenity": "atm",
        "shop": null,
        "office": null,
        "tourism": null,
        "leisure": null,
        "source": "OpenStreetMap via Overpass API",
        "grid_id": "r0_c5"
      }
    },
    {
      "type": "Feature",
      "geometry": {
        "type": "Point",
        "coordinates": [
          1.9990329,
          41.2700253
        ]
      },
      "properties": {
        "osm_id": "node/10853495581",
        "name": "Sin nombre",
        "category": "Servicios financieros",
        "primary_tag": "amenity=atm",
        "amenity": "atm",
        "shop": null,
        "office": null,
        "tourism": null,
        "leisure": null,
        "source": "OpenStreetMap via Overpass API",
        "grid_id": "r1_c10"
      }
    },
    {
      "type": "Feature",
      "geometry": {
        "type": "Point",
        "coordinates": [
          1.975822,
          41.2720909
        ]
      },
      "properties": {
        "osm_id": "node/2246275521",
        "name": "Centre d'Atenció Primària Can Bou",
        "category": "Salud",
        "primary_tag": "amenity=clinic",
        "amenity": "clinic",
        "shop": null,
        "office": null,
        "tourism": null,
        "leisure": null,
        "source": "OpenStreetMap via Overpass API",
        "grid_id": "r1_c6"
      }
    },
    {
      "type": "Feature",
      "geometry": {
        "type": "Point",
        "coordinates": [
          1.9749483,
          41.2763681
        ]
      },
      "properties": {
        "osm_id": "node/4351730047",
        "name": "Centre Dental Montmar",
        "category": "Salud",
        "primary_tag": "amenity=dentist",
        "amenity": "dentist",
        "shop": null,
        "office": null,
        "tourism": null,
        "leisure": null,
        "source": "OpenStreetMap via Overpass API",
        "grid_id": "r2_c6"
      }
    },
    {
      "type": "Feature",
      "geometry": {
        "type": "Point",
        "coordinates": [
          1.9756787,
          41.2765139
        ]
      },
      "properties": {
        "osm_id": "node/6728919666",
        "name": "Centre Mèdic Castelldefels",
        "category": "Salud",
        "primary_tag": "amenity=clinic",
        "amenity": "clinic",
        "shop": null,
        "office": null,
        "tourism": null,
        "leisure": null,
        "source": "OpenStreetMap via Overpass API",
        "grid_id": "r2_c6"
      }
    },
    {
      "type": "Feature",
      "geometry": {
        "type": "Point",
        "coordinates": [
          1.9808889,
          41.2844689
        ]
      },
      "properties": {
        "osm_id": "way/223713715",
        "name": "CUAP Castelldefels",
        "category": "Salud",
        "primary_tag": "amenity=clinic",
        "amenity": "clinic",
        "shop": null,
        "office": null,
        "tourism": null,
        "leisure": null,
        "source": "OpenStreetMap via Overpass API",
        "grid_id": "r4_c7"
      }
    },
    {
      "type": "Feature",
      "geometry": {
        "type": "Point",
        "coordinates": [
          1.9835736,
          41.2895032
        ]
      },
      "properties": {
        "osm_id": "node/4469877491",
        "name": "Farmàcia Albalà Hurtado, Soledad",
        "category": "Salud",
        "primary_tag": "amenity=pharmacy",
        "amenity": "pharmacy",
        "shop": null,
        "office": null,
        "tourism": null,
        "leisure": null,
        "source": "OpenStreetMap via Overpass API",
        "grid_id": "r5_c7"
      }
    },
    {
      "type": "Feature",
      "geometry": {
        "type": "Point",
        "coordinates": [
          1.9726855,
          41.2786868
        ]
      },
      "properties": {
        "osm_id": "node/7326393020",
        "name": "Farmàcia Chacón Puig, Roberto Dario",
        "category": "Salud",
        "primary_tag": "amenity=pharmacy",
        "amenity": "pharmacy",
        "shop": null,
        "office": null,
        "tourism": null,
        "leisure": null,
        "source": "OpenStreetMap via Overpass API",
        "grid_id": "r3_c5"
      }
    },
    {
      "type": "Feature",
      "geometry": {
        "type": "Point",
        "coordinates": [
          1.981173,
          41.2825627
        ]
      },
      "properties": {
        "osm_id": "node/7326393031",
        "name": "Farmàcia Chalmeta Alonso, E - Cherta Chalmeta, S",
        "category": "Salud",
        "primary_tag": "amenity=pharmacy",
        "amenity": "pharmacy",
        "shop": null,
        "office": null,
        "tourism": null,
        "leisure": null,
        "source": "OpenStreetMap via Overpass API",
        "grid_id": "r4_c7"
      }
    },
    {
      "type": "Feature",
      "geometry": {
        "type": "Point",
        "coordinates": [
          1.9756795,
          41.2795772
        ]
      },
      "properties": {
        "osm_id": "node/2349080938",
        "name": "Farmàcia García López, Bertomeu - Corres Orué, JJ",
        "category": "Salud",
        "primary_tag": "amenity=pharmacy",
        "amenity": "pharmacy",
        "shop": null,
        "office": null,
        "tourism": null,
        "leisure": null,
        "source": "OpenStreetMap via Overpass API",
        "grid_id": "r3_c6"
      }
    },
    {
      "type": "Feature",
      "geometry": {
        "type": "Point",
        "coordinates": [
          1.9704877,
          41.2688337
        ]
      },
      "properties": {
        "osm_id": "node/2246295400",
        "name": "Farmàcia Gordo",
        "category": "Salud",
        "primary_tag": "amenity=pharmacy",
        "amenity": "pharmacy",
        "shop": null,
        "office": null,
        "tourism": null,
        "leisure": null,
        "source": "OpenStreetMap via Overpass API",
        "grid_id": "r1_c5"
      }
    },
    {
      "type": "Feature",
      "geometry": {
        "type": "Point",
        "coordinates": [
          1.9812044,
          41.2718203
        ]
      },
      "properties": {
        "osm_id": "node/2246431994",
        "name": "Farmàcia Itarte Casanova, M.D/Belencoso Itarte,C.",
        "category": "Salud",
        "primary_tag": "amenity=pharmacy",
        "amenity": "pharmacy",
        "shop": null,
        "office": null,
        "tourism": null,
        "leisure": null,
        "source": "OpenStreetMap via Overpass API",
        "grid_id": "r1_c7"
      }
    },
    {
      "type": "Feature",
      "geometry": {
        "type": "Point",
        "coordinates": [
          1.9526823,
          41.2671443
        ]
      },
      "properties": {
        "osm_id": "node/2246298735",
        "name": "Farmàcia Llados Tirado, Joan Ramon",
        "category": "Salud",
        "primary_tag": "amenity=pharmacy",
        "amenity": "pharmacy",
        "shop": null,
        "office": null,
        "tourism": null,
        "leisure": null,
        "source": "OpenStreetMap via Overpass API",
        "grid_id": "r0_c2"
      }
    },
    {
      "type": "Feature",
      "geometry": {
        "type": "Point",
        "coordinates": [
          1.9799756,
          41.2879615
        ]
      },
      "properties": {
        "osm_id": "node/7326393043",
        "name": "Farmàcia Llorens Bernat, M. Teresa",
        "category": "Salud",
        "primary_tag": "amenity=pharmacy",
        "amenity": "pharmacy",
        "shop": null,
        "office": null,
        "tourism": null,
        "leisure": null,
        "source": "OpenStreetMap via Overpass API",
        "grid_id": "r5_c7"
      }
    },
    {
      "type": "Feature",
      "geometry": {
        "type": "Point",
        "coordinates": [
          1.9850236,
          41.2855269
        ]
      },
      "properties": {
        "osm_id": "node/7326393030",
        "name": "Farmàcia Mallasen Zinsser, Isabel",
        "category": "Salud",
        "primary_tag": "amenity=pharmacy",
        "amenity": "pharmacy",
        "shop": null,
        "office": null,
        "tourism": null,
        "leisure": null,
        "source": "OpenStreetMap via Overpass API",
        "grid_id": "r4_c8"
      }
    },
    {
      "type": "Feature",
      "geometry": {
        "type": "Point",
        "coordinates": [
          1.9792644,
          41.2856869
        ]
      },
      "properties": {
        "osm_id": "node/7326393025",
        "name": "Farmàcia Martínez Valencia, Pau",
        "category": "Salud",
        "primary_tag": "amenity=pharmacy",
        "amenity": "pharmacy",
        "shop": null,
        "office": null,
        "tourism": null,
        "leisure": null,
        "source": "OpenStreetMap via Overpass API",
        "grid_id": "r4_c7"
      }
    },
    {
      "type": "Feature",
      "geometry": {
        "type": "Point",
        "coordinates": [
          1.9669677,
          41.2656578
        ]
      },
      "properties": {
        "osm_id": "node/2246238403",
        "name": "Farmàcia Mònica Galcerà Piñol",
        "category": "Salud",
        "primary_tag": "amenity=pharmacy",
        "amenity": "pharmacy",
        "shop": null,
        "office": null,
        "tourism": null,
        "leisure": null,
        "source": "OpenStreetMap via Overpass API",
        "grid_id": "r0_c4"
      }
    },
    {
      "type": "Feature",
      "geometry": {
        "type": "Point",
        "coordinates": [
          1.9748813,
          41.2813777
        ]
      },
      "properties": {
        "osm_id": "node/2235052541",
        "name": "Farmàcia Muntanyeta",
        "category": "Salud",
        "primary_tag": "amenity=pharmacy",
        "amenity": "pharmacy",
        "shop": null,
        "office": null,
        "tourism": null,
        "leisure": null,
        "source": "OpenStreetMap via Overpass API",
        "grid_id": "r4_c6"
      }
    },
    {
      "type": "Feature",
      "geometry": {
        "type": "Point",
        "coordinates": [
          1.9781987,
          41.2789452
        ]
      },
      "properties": {
        "osm_id": "node/5943283523",
        "name": "Farmàcia Orrit Mackenzie, Jorge",
        "category": "Salud",
        "primary_tag": "amenity=pharmacy",
        "amenity": "pharmacy",
        "shop": null,
        "office": null,
        "tourism": null,
        "leisure": null,
        "source": "OpenStreetMap via Overpass API",
        "grid_id": "r3_c6"
      }
    },
    {
      "type": "Feature",
      "geometry": {
        "type": "Point",
        "coordinates": [
          1.9758252,
          41.2769207
        ]
      },
      "properties": {
        "osm_id": "node/7326393021",
        "name": "Farmàcia Sancho Cejas, Maria José",
        "category": "Salud",
        "primary_tag": "amenity=pharmacy",
        "amenity": "pharmacy",
        "shop": null,
        "office": null,
        "tourism": null,
        "leisure": null,
        "source": "OpenStreetMap via Overpass API",
        "grid_id": "r3_c6"
      }
    },
    {
      "type": "Feature",
      "geometry": {
        "type": "Point",
        "coordinates": [
          1.9866513,
          41.2833769
        ]
      },
      "properties": {
        "osm_id": "node/3128171233",
        "name": "Sin nombre",
        "category": "Salud",
        "primary_tag": "amenity=pharmacy",
        "amenity": "pharmacy",
        "shop": null,
        "office": null,
        "tourism": null,
        "leisure": null,
        "source": "OpenStreetMap via Overpass API",
        "grid_id": "r4_c8"
      }
    },
    {
      "type": "Feature",
      "geometry": {
        "type": "Point",
        "coordinates": [
          1.9778148,
          41.2798342
        ]
      },
      "properties": {
        "osm_id": "node/12278203619",
        "name": "Vitaldent",
        "category": "Salud",
        "primary_tag": "amenity=dentist",
        "amenity": "dentist",
        "shop": null,
        "office": null,
        "tourism": null,
        "leisure": null,
        "source": "OpenStreetMap via Overpass API",
        "grid_id": "r3_c6"
      }
    },
    {
      "type": "Feature",
      "geometry": {
        "type": "Point",
        "coordinates": [
          1.9895993,
          41.272075
        ]
      },
      "properties": {
        "osm_id": "way/221946545",
        "name": "British School Barcelona",
        "category": "Educación",
        "primary_tag": "amenity=school",
        "amenity": "school",
        "shop": null,
        "office": null,
        "tourism": null,
        "leisure": null,
        "source": "OpenStreetMap via Overpass API",
        "grid_id": "r1_c8"
      }
    },
    {
      "type": "Feature",
      "geometry": {
        "type": "Point",
        "coordinates": [
          1.9653116,
          41.2708071
        ]
      },
      "properties": {
        "osm_id": "way/221440934",
        "name": "Centre d'Educació Infantil i Primària Josep Guinovart",
        "category": "Educación",
        "primary_tag": "amenity=school",
        "amenity": "school",
        "shop": null,
        "office": null,
        "tourism": null,
        "leisure": null,
        "source": "OpenStreetMap via Overpass API",
        "grid_id": "r1_c4"
      }
    },
    {
      "type": "Feature",
      "geometry": {
        "type": "Point",
        "coordinates": [
          1.9842278,
          41.288314
        ]
      },
      "properties": {
        "osm_id": "way/1499160189",
        "name": "Col·legi Frangoal",
        "category": "Educación",
        "primary_tag": "amenity=school",
        "amenity": "school",
        "shop": null,
        "office": null,
        "tourism": null,
        "leisure": null,
        "source": "OpenStreetMap via Overpass API",
        "grid_id": "r5_c7"
      }
    },
    {
      "type": "Feature",
      "geometry": {
        "type": "Point",
        "coordinates": [
          1.9508592,
          41.2686844
        ]
      },
      "properties": {
        "osm_id": "way/265569284",
        "name": "Escola Antoni Gaudí",
        "category": "Educación",
        "primary_tag": "amenity=school",
        "amenity": "school",
        "shop": null,
        "office": null,
        "tourism": null,
        "leisure": null,
        "source": "OpenStreetMap via Overpass API",
        "grid_id": "r1_c2"
      }
    },
    {
      "type": "Feature",
      "geometry": {
        "type": "Point",
        "coordinates": [
          1.9638944,
          41.2723014
        ]
      },
      "properties": {
        "osm_id": "way/1290909917",
        "name": "Escola Bressol Casa dels Infants Ca'n Aimeric",
        "category": "Educación",
        "primary_tag": "amenity=kindergarten",
        "amenity": "kindergarten",
        "shop": null,
        "office": null,
        "tourism": null,
        "leisure": null,
        "source": "OpenStreetMap via Overpass API",
        "grid_id": "r2_c4"
      }
    },
    {
      "type": "Feature",
      "geometry": {
        "type": "Point",
        "coordinates": [
          1.9713136,
          41.2815177
        ]
      },
      "properties": {
        "osm_id": "way/213391418",
        "name": "Escola Bressol Casa dels Infants de la Muntanyeta",
        "category": "Educación",
        "primary_tag": "amenity=school",
        "amenity": "school",
        "shop": null,
        "office": null,
        "tourism": null,
        "leisure": null,
        "source": "OpenStreetMap via Overpass API",
        "grid_id": "r4_c5"
      }
    },
    {
      "type": "Feature",
      "geometry": {
        "type": "Point",
        "coordinates": [
          1.9895401,
          41.2712387
        ]
      },
      "properties": {
        "osm_id": "way/1290909915",
        "name": "Escola Bressol Casa dels Infants Granvia Mar",
        "category": "Educación",
        "primary_tag": "amenity=kindergarten",
        "amenity": "kindergarten",
        "shop": null,
        "office": null,
        "tourism": null,
        "leisure": null,
        "source": "OpenStreetMap via Overpass API",
        "grid_id": "r1_c8"
      }
    },
    {
      "type": "Feature",
      "geometry": {
        "type": "Point",
        "coordinates": [
          1.9779244,
          41.2876394
        ]
      },
      "properties": {
        "osm_id": "way/1290909918",
        "name": "Escola Bressol La Casa dels Infants de Can Vinader",
        "category": "Educación",
        "primary_tag": "amenity=kindergarten",
        "amenity": "kindergarten",
        "shop": null,
        "office": null,
        "tourism": null,
        "leisure": null,
        "source": "OpenStreetMap via Overpass API",
        "grid_id": "r5_c6"
      }
    },
    {
      "type": "Feature",
      "geometry": {
        "type": "Point",
        "coordinates": [
          1.9724782,
          41.2832863
        ]
      },
      "properties": {
        "osm_id": "way/1355143670",
        "name": "Escola Can Roca",
        "category": "Educación",
        "primary_tag": "amenity=school",
        "amenity": "school",
        "shop": null,
        "office": null,
        "tourism": null,
        "leisure": null,
        "source": "OpenStreetMap via Overpass API",
        "grid_id": "r4_c5"
      }
    },
    {
      "type": "Feature",
      "geometry": {
        "type": "Point",
        "coordinates": [
          1.9783432,
          41.2703439
        ]
      },
      "properties": {
        "osm_id": "way/691374892",
        "name": "Escola Edumar",
        "category": "Educación",
        "primary_tag": "amenity=school",
        "amenity": "school",
        "shop": null,
        "office": null,
        "tourism": null,
        "leisure": null,
        "source": "OpenStreetMap via Overpass API",
        "grid_id": "r1_c6"
      }
    },
    {
      "type": "Feature",
      "geometry": {
        "type": "Point",
        "coordinates": [
          1.990703,
          41.2720272
        ]
      },
      "properties": {
        "osm_id": "way/396070633",
        "name": "Escola Garigot",
        "category": "Educación",
        "primary_tag": "amenity=school",
        "amenity": "school",
        "shop": null,
        "office": null,
        "tourism": null,
        "leisure": null,
        "source": "OpenStreetMap via Overpass API",
        "grid_id": "r1_c8"
      }
    },
    {
      "type": "Feature",
      "geometry": {
        "type": "Point",
        "coordinates": [
          1.9763818,
          41.2756612
        ]
      },
      "properties": {
        "osm_id": "way/398984840",
        "name": "Escola Lluís Vives",
        "category": "Educación",
        "primary_tag": "amenity=school",
        "amenity": "school",
        "shop": null,
        "office": null,
        "tourism": null,
        "leisure": null,
        "source": "OpenStreetMap via Overpass API",
        "grid_id": "r2_c6"
      }
    },
    {
      "type": "Feature",
      "geometry": {
        "type": "Point",
        "coordinates": [
          1.9732783,
          41.2837213
        ]
      },
      "properties": {
        "osm_id": "way/1355143669",
        "name": "Escola Torre Barona",
        "category": "Educación",
        "primary_tag": "amenity=school",
        "amenity": "school",
        "shop": null,
        "office": null,
        "tourism": null,
        "leisure": null,
        "source": "OpenStreetMap via Overpass API",
        "grid_id": "r4_c6"
      }
    },
    {
      "type": "Feature",
      "geometry": {
        "type": "Point",
        "coordinates": [
          1.982254,
          41.2783797
        ]
      },
      "properties": {
        "osm_id": "way/399112336",
        "name": "Institut Les Marines",
        "category": "Educación",
        "primary_tag": "amenity=school",
        "amenity": "school",
        "shop": null,
        "office": null,
        "tourism": null,
        "leisure": null,
        "source": "OpenStreetMap via Overpass API",
        "grid_id": "r3_c7"
      }
    },
    {
      "type": "Feature",
      "geometry": {
        "type": "Point",
        "coordinates": [
          1.9649864,
          41.2713033
        ]
      },
      "properties": {
        "osm_id": "way/1290909916",
        "name": "Institut Valèria Haliné",
        "category": "Educación",
        "primary_tag": "amenity=school",
        "amenity": "school",
        "shop": null,
        "office": null,
        "tourism": null,
        "leisure": null,
        "source": "OpenStreetMap via Overpass API",
        "grid_id": "r1_c4"
      }
    },
    {
      "type": "Feature",
      "geometry": {
        "type": "Point",
        "coordinates": [
          1.9715159,
          41.2780755
        ]
      },
      "properties": {
        "osm_id": "way/221714758",
        "name": "Sant Ferran",
        "category": "Educación",
        "primary_tag": "amenity=school",
        "amenity": "school",
        "shop": null,
        "office": null,
        "tourism": null,
        "leisure": null,
        "source": "OpenStreetMap via Overpass API",
        "grid_id": "r3_c5"
      }
    },
    {
      "type": "Feature",
      "geometry": {
        "type": "Point",
        "coordinates": [
          1.9799893,
          41.2803439
        ]
      },
      "properties": {
        "osm_id": "node/633408100",
        "name": "Ballenoil",
        "category": "Automoción y movilidad",
        "primary_tag": "amenity=fuel",
        "amenity": "fuel",
        "shop": null,
        "office": null,
        "tourism": null,
        "leisure": null,
        "source": "OpenStreetMap via Overpass API",
        "grid_id": "r3_c7"
      }
    },
    {
      "type": "Feature",
      "geometry": {
        "type": "Point",
        "coordinates": [
          1.9855034,
          41.284178
        ]
      },
      "properties": {
        "osm_id": "way/918846519",
        "name": "Ballenoil",
        "category": "Automoción y movilidad",
        "primary_tag": "amenity=fuel",
        "amenity": "fuel",
        "shop": null,
        "office": null,
        "tourism": null,
        "leisure": null,
        "source": "OpenStreetMap via Overpass API",
        "grid_id": "r4_c8"
      }
    },
    {
      "type": "Feature",
      "geometry": {
        "type": "Point",
        "coordinates": [
          1.9537991,
          41.2671566
        ]
      },
      "properties": {
        "osm_id": "node/2246652686",
        "name": "BP",
        "category": "Automoción y movilidad",
        "primary_tag": "amenity=fuel",
        "amenity": "fuel",
        "shop": null,
        "office": null,
        "tourism": null,
        "leisure": null,
        "source": "OpenStreetMap via Overpass API",
        "grid_id": "r0_c2"
      }
    },
    {
      "type": "Feature",
      "geometry": {
        "type": "Point",
        "coordinates": [
          1.9863891,
          41.2816806
        ]
      },
      "properties": {
        "osm_id": "node/633408101",
        "name": "Castelldefells - Canal Olimpico",
        "category": "Automoción y movilidad",
        "primary_tag": "amenity=fuel",
        "amenity": "fuel",
        "shop": null,
        "office": null,
        "tourism": null,
        "leisure": null,
        "source": "OpenStreetMap via Overpass API",
        "grid_id": "r4_c8"
      }
    },
    {
      "type": "Feature",
      "geometry": {
        "type": "Point",
        "coordinates": [
          1.9734835,
          41.2748442
        ]
      },
      "properties": {
        "osm_id": "node/1534076483",
        "name": "Estació de Servei Repsol Cred Castelldefels",
        "category": "Automoción y movilidad",
        "primary_tag": "amenity=fuel",
        "amenity": "fuel",
        "shop": null,
        "office": null,
        "tourism": null,
        "leisure": null,
        "source": "OpenStreetMap via Overpass API",
        "grid_id": "r2_c6"
      }
    },
    {
      "type": "Feature",
      "geometry": {
        "type": "Point",
        "coordinates": [
          1.9800114,
          41.2787811
        ]
      },
      "properties": {
        "osm_id": "node/9502166035",
        "name": "Fotolinera de Castelldefels",
        "category": "Automoción y movilidad",
        "primary_tag": "amenity=charging_station",
        "amenity": "charging_station",
        "shop": null,
        "office": null,
        "tourism": null,
        "leisure": null,
        "source": "OpenStreetMap via Overpass API",
        "grid_id": "r3_c7"
      }
    },
    {
      "type": "Feature",
      "geometry": {
        "type": "Point",
        "coordinates": [
          1.9810655,
          41.2708193
        ]
      },
      "properties": {
        "osm_id": "node/633408099",
        "name": "Moeve",
        "category": "Automoción y movilidad",
        "primary_tag": "amenity=fuel",
        "amenity": "fuel",
        "shop": null,
        "office": null,
        "tourism": null,
        "leisure": null,
        "source": "OpenStreetMap via Overpass API",
        "grid_id": "r1_c7"
      }
    },
    {
      "type": "Feature",
      "geometry": {
        "type": "Point",
        "coordinates": [
          1.9809102,
          41.2706621
        ]
      },
      "properties": {
        "osm_id": "node/12459427595",
        "name": "Moeve",
        "category": "Automoción y movilidad",
        "primary_tag": "amenity=charging_station",
        "amenity": "charging_station",
        "shop": null,
        "office": null,
        "tourism": null,
        "leisure": null,
        "source": "OpenStreetMap via Overpass API",
        "grid_id": "r1_c7"
      }
    },
    {
      "type": "Feature",
      "geometry": {
        "type": "Point",
        "coordinates": [
          1.9884852,
          41.2868865
        ]
      },
      "properties": {
        "osm_id": "way/918846521",
        "name": "Premium Energy",
        "category": "Automoción y movilidad",
        "primary_tag": "amenity=fuel",
        "amenity": "fuel",
        "shop": null,
        "office": null,
        "tourism": null,
        "leisure": null,
        "source": "OpenStreetMap via Overpass API",
        "grid_id": "r5_c8"
      }
    },
    {
      "type": "Feature",
      "geometry": {
        "type": "Point",
        "coordinates": [
          1.9847294,
          41.2807745
        ]
      },
      "properties": {
        "osm_id": "node/4469417570",
        "name": "Sin nombre",
        "category": "Automoción y movilidad",
        "primary_tag": "amenity=fuel",
        "amenity": "fuel",
        "shop": null,
        "office": null,
        "tourism": null,
        "leisure": null,
        "source": "OpenStreetMap via Overpass API",
        "grid_id": "r3_c7"
      }
    },
    {
      "type": "Feature",
      "geometry": {
        "type": "Point",
        "coordinates": [
          1.9891173,
          41.2771017
        ]
      },
      "properties": {
        "osm_id": "node/10203522217",
        "name": "Sin nombre",
        "category": "Automoción y movilidad",
        "primary_tag": "amenity=charging_station",
        "amenity": "charging_station",
        "shop": null,
        "office": null,
        "tourism": null,
        "leisure": null,
        "source": "OpenStreetMap via Overpass API",
        "grid_id": "r3_c8"
      }
    },
    {
      "type": "Feature",
      "geometry": {
        "type": "Point",
        "coordinates": [
          1.9670109,
          41.2658577
        ]
      },
      "properties": {
        "osm_id": "node/13529723401",
        "name": "Sin nombre",
        "category": "Automoción y movilidad",
        "primary_tag": "amenity=charging_station",
        "amenity": "charging_station",
        "shop": null,
        "office": null,
        "tourism": null,
        "leisure": null,
        "source": "OpenStreetMap via Overpass API",
        "grid_id": "r0_c4"
      }
    },
    {
      "type": "Feature",
      "geometry": {
        "type": "Point",
        "coordinates": [
          1.9862025,
          41.2852767
        ]
      },
      "properties": {
        "osm_id": "node/13994264735",
        "name": "Gimnasio Fitness19 Castelldefels",
        "category": "Ocio",
        "primary_tag": "leisure=fitness_centre",
        "amenity": null,
        "shop": null,
        "office": null,
        "tourism": null,
        "leisure": "fitness_centre",
        "source": "OpenStreetMap via Overpass API",
        "grid_id": "r4_c8"
      }
    },
    {
      "type": "Feature",
      "geometry": {
        "type": "Point",
        "coordinates": [
          1.9638335,
          41.2651533
        ]
      },
      "properties": {
        "osm_id": "node/9938269868",
        "name": "Sin nombre",
        "category": "Ocio",
        "primary_tag": "leisure=fitness_centre",
        "amenity": null,
        "shop": null,
        "office": null,
        "tourism": null,
        "leisure": "fitness_centre",
        "source": "OpenStreetMap via Overpass API",
        "grid_id": "r0_c4"
      }
    },
    {
      "type": "Feature",
      "geometry": {
        "type": "Point",
        "coordinates": [
          1.9793704,
          41.2791698
        ]
      },
      "properties": {
        "osm_id": "node/12278224642",
        "name": "Teatre Plaza Castelldefels",
        "category": "Ocio",
        "primary_tag": "amenity=theatre",
        "amenity": "theatre",
        "shop": null,
        "office": null,
        "tourism": null,
        "leisure": null,
        "source": "OpenStreetMap via Overpass API",
        "grid_id": "r3_c7"
      }
    },
    {
      "type": "Feature",
      "geometry": {
        "type": "Point",
        "coordinates": [
          1.9858022,
          41.2820671
        ]
      },
      "properties": {
        "osm_id": "node/904962713",
        "name": "Yelmo Cines Castelldefels (Anec blau)",
        "category": "Ocio",
        "primary_tag": "amenity=cinema",
        "amenity": "cinema",
        "shop": null,
        "office": null,
        "tourism": null,
        "leisure": null,
        "source": "OpenStreetMap via Overpass API",
        "grid_id": "r4_c8"
      }
    },
    {
      "type": "Feature",
      "geometry": {
        "type": "Point",
        "coordinates": [
          1.9873846,
          41.2793368
        ]
      },
      "properties": {
        "osm_id": "node/1182545991",
        "name": "BOREAL-IT",
        "category": "Oficinas",
        "primary_tag": "office=it",
        "amenity": null,
        "shop": null,
        "office": "it",
        "tourism": null,
        "leisure": null,
        "source": "OpenStreetMap via Overpass API",
        "grid_id": "r3_c8"
      }
    },
    {
      "type": "Feature",
      "geometry": {
        "type": "Point",
        "coordinates": [
          1.9877285,
          41.2749248
        ]
      },
      "properties": {
        "osm_id": "way/86305713",
        "name": "Centre Tecnològic de Telecomunicacions de Catalunya",
        "category": "Oficinas",
        "primary_tag": "office=research",
        "amenity": null,
        "shop": null,
        "office": "research",
        "tourism": null,
        "leisure": null,
        "source": "OpenStreetMap via Overpass API",
        "grid_id": "r2_c8"
      }
    },
    {
      "type": "Feature",
      "geometry": {
        "type": "Point",
        "coordinates": [
          1.988247,
          41.2750439
        ]
      },
      "properties": {
        "osm_id": "way/86305715",
        "name": "IN3 Universitat Oberta de Catalunya",
        "category": "Oficinas",
        "primary_tag": "office=research",
        "amenity": null,
        "shop": null,
        "office": "research",
        "tourism": null,
        "leisure": null,
        "source": "OpenStreetMap via Overpass API",
        "grid_id": "r2_c8"
      }
    },
    {
      "type": "Feature",
      "geometry": {
        "type": "Point",
        "coordinates": [
          1.9891443,
          41.2752498
        ]
      },
      "properties": {
        "osm_id": "way/86305712",
        "name": "Institut de Ciències Fotòniques",
        "category": "Oficinas",
        "primary_tag": "office=research",
        "amenity": null,
        "shop": null,
        "office": "research",
        "tourism": null,
        "leisure": null,
        "source": "OpenStreetMap via Overpass API",
        "grid_id": "r2_c8"
      }
    },
    {
      "type": "Feature",
      "geometry": {
        "type": "Point",
        "coordinates": [
          1.9866561,
          41.274726
        ]
      },
      "properties": {
        "osm_id": "way/86305714",
        "name": "Institut de Geomàtica",
        "category": "Oficinas",
        "primary_tag": "office=research",
        "amenity": null,
        "shop": null,
        "office": "research",
        "tourism": null,
        "leisure": null,
        "source": "OpenStreetMap via Overpass API",
        "grid_id": "r2_c8"
      }
    },
    {
      "type": "Feature",
      "geometry": {
        "type": "Point",
        "coordinates": [
          1.9832146,
          41.2808355
        ]
      },
      "properties": {
        "osm_id": "node/8227154743",
        "name": "Kurbin Lane",
        "category": "Oficinas",
        "primary_tag": "office=company",
        "amenity": null,
        "shop": null,
        "office": "company",
        "tourism": null,
        "leisure": null,
        "source": "OpenStreetMap via Overpass API",
        "grid_id": "r3_c7"
      }
    },
    {
      "type": "Feature",
      "geometry": {
        "type": "Point",
        "coordinates": [
          1.9824088,
          41.2663527
        ]
      },
      "properties": {
        "osm_id": "node/13529659192",
        "name": "Sin nombre",
        "category": "Oficinas",
        "primary_tag": "office=estate_agent",
        "amenity": null,
        "shop": null,
        "office": "estate_agent",
        "tourism": null,
        "leisure": null,
        "source": "OpenStreetMap via Overpass API",
        "grid_id": "r0_c7"
      }
    },
    {
      "type": "Feature",
      "geometry": {
        "type": "Point",
        "coordinates": [
          1.9750955,
          41.265789
        ]
      },
      "properties": {
        "osm_id": "node/13529701298",
        "name": "Sin nombre",
        "category": "Oficinas",
        "primary_tag": "office=estate_agent",
        "amenity": null,
        "shop": null,
        "office": "estate_agent",
        "tourism": null,
        "leisure": null,
        "source": "OpenStreetMap via Overpass API",
        "grid_id": "r0_c6"
      }
    },
    {
      "type": "Feature",
      "geometry": {
        "type": "Point",
        "coordinates": [
          1.9588074,
          41.2661022
        ]
      },
      "properties": {
        "osm_id": "node/6456233249",
        "name": "The Beach Factory",
        "category": "Oficinas",
        "primary_tag": "office=coworking",
        "amenity": null,
        "shop": null,
        "office": "coworking",
        "tourism": null,
        "leisure": null,
        "source": "OpenStreetMap via Overpass API",
        "grid_id": "r0_c3"
      }
    },
    {
      "type": "Feature",
      "geometry": {
        "type": "Point",
        "coordinates": [
          1.9831875,
          41.2809873
        ]
      },
      "properties": {
        "osm_id": "node/12818682533",
        "name": "Visalia",
        "category": "Oficinas",
        "primary_tag": "office=energy_supplier",
        "amenity": null,
        "shop": null,
        "office": "energy_supplier",
        "tourism": null,
        "leisure": null,
        "source": "OpenStreetMap via Overpass API",
        "grid_id": "r3_c7"
      }
    },
    {
      "type": "Feature",
      "geometry": {
        "type": "Point",
        "coordinates": [
          1.980183,
          41.2830185
        ]
      },
      "properties": {
        "osm_id": "node/6751274116",
        "name": "Coreos",
        "category": "Otros servicios",
        "primary_tag": "amenity=post_office",
        "amenity": "post_office",
        "shop": null,
        "office": null,
        "tourism": null,
        "leisure": null,
        "source": "OpenStreetMap via Overpass API",
        "grid_id": "r4_c7"
      }
    },
    {
      "type": "Feature",
      "geometry": {
        "type": "Point",
        "coordinates": [
          1.9810132,
          41.286343
        ]
      },
      "properties": {
        "osm_id": "node/13339034298",
        "name": "Mercat de Castelldefels",
        "category": "Otros servicios",
        "primary_tag": "amenity=marketplace",
        "amenity": "marketplace",
        "shop": null,
        "office": null,
        "tourism": null,
        "leisure": null,
        "source": "OpenStreetMap via Overpass API",
        "grid_id": "r5_c7"
      }
    }
  ]
}
