{
"type": "FeatureCollection",
"name": "overture_places_castelldefels",
"crs": { "type": "name", "properties": { "name": "urn:ogc:def:crs:OGC:1.3:CRS84" } },
"features": [
{ "type": "Feature", "properties": { "id": "71acee2b-7b57-4fd3-86b5-c52ed90a7b69", "name": "BAUHAUS", "taxonomy": "hardware_store", "confidence": 1.0, "operating_status": null }, "geometry": { "type": "Point", "coordinates": [ 2.00851418, 41.29411426 ] } },
{ "type": "Feature", "properties": { "id": "61b3cf02-ea5b-456a-b85d-822e76b05f75", "name": "McDonald's", "taxonomy": "fast_food_restaurant", "confidence": 1.0, "operating_status": null }, "geometry": { "type": "Point", "coordinates": [ 2.00768764, 41.29432685 ] } },
{ "type": "Feature", "properties": { "id": "34c70673-6e00-4eae-9953-13991cb489d8", "name": "McCafé", "taxonomy": "coffee_shop", "confidence": 0.8, "operating_status": null }, "geometry": { "type": "Point", "coordinates": [ 2.00782, 41.2944 ] } },
{ "type": "Feature", "properties": { "id": "53b15146-6322-4716-989e-61ffbb8aa0b0", "name": "McDonald's", "taxonomy": "fast_food_restaurant", "confidence": 0.983, "operating_status": null }, "geometry": { "type": "Point", "coordinates": [ 2.007946395303105, 41.294480849086248 ] } },
{ "type": "Feature", "properties": { "id": "d924e373-8c59-4575-aa09-941cf14fac58", "name": "MediaMarkt", "taxonomy": "electronics_store", "confidence": 0.954, "operating_status": null }, "geometry": { "type": "Point", "coordinates": [ 2.007284, 41.294639 ] } },
{ "type": "Feature", "properties": { "id": "a6127bf8-56bb-4312-a44b-2b88682212e0", "name": "Cinesa Luxe Barnasud", "taxonomy": "movie_theater", "confidence": 0.995, "operating_status": null }, "geometry": { "type": "Point", "coordinates": [ 2.00760657, 41.29501574 ] } },
{ "type": "Feature", "properties": { "id": "1eef2d8d-9310-48c4-b427-0bc2d0e11ccc", "name": "United Colors of Benetton", "taxonomy": "clothing_store", "confidence": 0.77, "operating_status": null }, "geometry": { "type": "Point", "coordinates": [ 2.008091963236661, 41.295210878937674 ] } },
{ "type": "Feature", "properties": { "id": "7c0c6420-981b-4a98-b261-5248b74d8b0b", "name": "La Tagliatella", "taxonomy": "italian_restaurant", "confidence": 1.0, "operating_status": null }, "geometry": { "type": "Point", "coordinates": [ 2.00821699, 41.29518257 ] } },
{ "type": "Feature", "properties": { "id": "655885fe-0314-4483-afd5-a541c4003973", "name": "Foster's Hollywood", "taxonomy": "american_restaurant", "confidence": 0.999, "operating_status": null }, "geometry": { "type": "Point", "coordinates": [ 2.00828075, 41.2951103 ] } },
{ "type": "Feature", "properties": { "id": "3cc509e2-3497-4a8f-b7a1-1b2c10d7af2a", "name": "Party Fiesta Barnasud", "taxonomy": "gift_shop", "confidence": 0.77, "operating_status": null }, "geometry": { "type": "Point", "coordinates": [ 2.008085, 41.295049 ] } },
{ "type": "Feature", "properties": { "id": "f38ee709-8d61-49ed-96cd-68e906e1211f", "name": "Il Nuovo Italiano", "taxonomy": "italian_restaurant", "confidence": 0.987, "operating_status": null }, "geometry": { "type": "Point", "coordinates": [ 2.00826075, 41.2949865 ] } },
{ "type": "Feature", "properties": { "id": "da73bf4c-6acd-4f59-82dd-a353bdba0aba", "name": "Jean Louis David Gava", "taxonomy": "hair_salon", "confidence": 0.999, "operating_status": null }, "geometry": { "type": "Point", "coordinates": [ 2.00808713, 41.29492666 ] } },
{ "type": "Feature", "properties": { "id": "010d4a88-53fa-461e-bcc2-4293b768148f", "name": "Mango", "taxonomy": "clothing_store", "confidence": 0.997, "operating_status": null }, "geometry": { "type": "Point", "coordinates": [ 2.00802429, 41.29499104 ] } },
{ "type": "Feature", "properties": { "id": "f966ef5a-3c8b-4a21-8506-e48168a448e6", "name": "Mirador El Mur Begues", "taxonomy": "mountain", "confidence": 0.708, "operating_status": null }, "geometry": { "type": "Point", "coordinates": [ 2.008114, 41.2948544 ] } },
{ "type": "Feature", "properties": { "id": "de45d5dd-b2e0-4392-b09c-9838fbd99107", "name": "Dormity", "taxonomy": "mattress_store", "confidence": 0.793, "operating_status": null }, "geometry": { "type": "Point", "coordinates": [ 2.00834986, 41.29506561 ] } },
{ "type": "Feature", "properties": { "id": "58155642-c599-4e30-b55c-543f3afb3d3d", "name": "Aurgi", "taxonomy": "automotive_service", "confidence": 0.85, "operating_status": null }, "geometry": { "type": "Point", "coordinates": [ 2.0091463, 41.294522 ] } },
{ "type": "Feature", "properties": { "id": "13f61137-3e14-4688-bd89-51dcdc9200b2", "name": "Club Escola de Futbol Gava", "taxonomy": "sport_league", "confidence": 0.811, "operating_status": null }, "geometry": { "type": "Point", "coordinates": [ 2.012949, 41.294982 ] } },
{ "type": "Feature", "properties": { "id": "d6df67bb-81ea-47cf-9fa6-d765dab1605b", "name": "Saltoki", "taxonomy": "electrical_supply_store", "confidence": 0.914, "operating_status": null }, "geometry": { "type": "Point", "coordinates": [ 2.012076, 41.29618 ] } },
{ "type": "Feature", "properties": { "id": "f76c1bf7-606e-44ad-b338-3adc597db8fb", "name": "Vet24 Hospital Veterinario", "taxonomy": "animal_hospital", "confidence": 1.0, "operating_status": "open" }, "geometry": { "type": "Point", "coordinates": [ 2.011147927, 41.29576796 ] } },
{ "type": "Feature", "properties": { "id": "15088f65-0542-4005-becb-1ee9bfa40f49", "name": "Caravaning City", "taxonomy": "mobile_home_dealer", "confidence": 0.804, "operating_status": null }, "geometry": { "type": "Point", "coordinates": [ 2.01021806, 41.29602763 ] } },
{ "type": "Feature", "properties": { "id": "0a48f88b-4e2d-42b6-bcc1-b46d5a93ea05", "name": "Yves Rocher España", "taxonomy": "beauty_supply_store", "confidence": 0.734, "operating_status": null }, "geometry": { "type": "Point", "coordinates": [ 2.008341, 41.295836 ] } },
{ "type": "Feature", "properties": { "id": "277f14aa-60a4-4ccc-a606-8bade29757a1", "name": "Orange", "taxonomy": "mobile_phone_store", "confidence": 0.77, "operating_status": null }, "geometry": { "type": "Point", "coordinates": [ 2.008368418498666, 41.295759860167379 ] } },
{ "type": "Feature", "properties": { "id": "9635a1f7-8ac6-4a01-bf26-46695a1d9bd2", "name": "Burger King", "taxonomy": "fast_food_restaurant", "confidence": 0.999, "operating_status": null }, "geometry": { "type": "Point", "coordinates": [ 2.00877677, 41.29539036 ] } },
{ "type": "Feature", "properties": { "id": "6908f457-c589-4116-a250-5ad3bf111fb3", "name": "Pepco", "taxonomy": "clothing_store", "confidence": 1.0, "operating_status": "open" }, "geometry": { "type": "Point", "coordinates": [ 2.008084, 41.2954299 ] } },
{ "type": "Feature", "properties": { "id": "f624ae97-9087-471c-b7b0-813ff0497f2a", "name": "Vodafone", "taxonomy": "mobile_phone_store", "confidence": 0.85, "operating_status": null }, "geometry": { "type": "Point", "coordinates": [ 2.008084, 41.2954299 ] } },
{ "type": "Feature", "properties": { "id": "33e6b0c0-9b5c-4b88-92da-26c7fd4d346d", "name": "Joyería Fina García", "taxonomy": "furniture_manufacturer", "confidence": 0.85, "operating_status": null }, "geometry": { "type": "Point", "coordinates": [ 2.008091, 41.2954771 ] } },
{ "type": "Feature", "properties": { "id": "cdda89ac-90f1-4789-8d69-ff92a96516f6", "name": "Barnasud", "taxonomy": "shopping_mall", "confidence": 0.954, "operating_status": null }, "geometry": { "type": "Point", "coordinates": [ 2.00807886, 41.29547569 ] } },
{ "type": "Feature", "properties": { "id": "b92c6e4f-015b-4dd6-83b9-41cf20c39359", "name": "Tienda Orange", "taxonomy": "telecommunications_service", "confidence": 0.94, "operating_status": null }, "geometry": { "type": "Point", "coordinates": [ 2.0081942, 41.2954498 ] } },
{ "type": "Feature", "properties": { "id": "267c8924-5391-406d-97ca-2f1efa03be65", "name": "Springfield", "taxonomy": "clothing_store", "confidence": 0.77, "operating_status": null }, "geometry": { "type": "Point", "coordinates": [ 2.008265825568859, 41.295407021866694 ] } },
{ "type": "Feature", "properties": { "id": "f312da52-c8ce-4575-96d2-51d17487cc3e", "name": "GAME Barnasud", "taxonomy": "video_and_video_game_rental", "confidence": 0.966, "operating_status": null }, "geometry": { "type": "Point", "coordinates": [ 2.008101, 41.295754 ] } },
{ "type": "Feature", "properties": { "id": "c28da6f6-bd0c-43a1-bcb4-9b0e1d888bd2", "name": "Enrique Tomás", "taxonomy": "specialty_foods_store", "confidence": 0.996, "operating_status": null }, "geometry": { "type": "Point", "coordinates": [ 2.00807205, 41.2957992 ] } },
{ "type": "Feature", "properties": { "id": "f618f0c5-763a-42d1-8161-e9cd8f0249e1", "name": "Óptica 2000", "taxonomy": "eyewear_store", "confidence": 0.985, "operating_status": null }, "geometry": { "type": "Point", "coordinates": [ 2.00796873, 41.29582675 ] } },
{ "type": "Feature", "properties": { "id": "5a0aa20e-b71b-4c04-892f-e69cd21afd5b", "name": "QUEROL BARNASUD", "taxonomy": "shoe_store", "confidence": 0.8, "operating_status": null }, "geometry": { "type": "Point", "coordinates": [ 2.0077009, 41.2958329 ] } },
{ "type": "Feature", "properties": { "id": "fa36f7a5-d44d-42ea-9edb-41cc05e90da6", "name": "Ilusiona Barnasud", "taxonomy": "shopping_mall", "confidence": 0.92, "operating_status": null }, "geometry": { "type": "Point", "coordinates": [ 2.0077009, 41.2958329 ] } },
{ "type": "Feature", "properties": { "id": "b9bfe382-88c9-4b7c-a8f9-3a13bfa53dfa", "name": "Powerdot", "taxonomy": "ev_charging_station", "confidence": 0.85, "operating_status": null }, "geometry": { "type": "Point", "coordinates": [ 2.0077009, 41.2958329 ] } },
{ "type": "Feature", "properties": { "id": "41da12de-536a-4aae-b7d7-ba1236205de7", "name": "Positivo Man", "taxonomy": "mens_clothing_store", "confidence": 0.727, "operating_status": null }, "geometry": { "type": "Point", "coordinates": [ 2.00777115, 41.29586055 ] } },
{ "type": "Feature", "properties": { "id": "3f8faacd-6d9f-4c2a-a95a-325c366f24d2", "name": "Sprinter", "taxonomy": "sporting_goods_store", "confidence": 0.995, "operating_status": null }, "geometry": { "type": "Point", "coordinates": [ 2.0077752, 41.29586146 ] } },
{ "type": "Feature", "properties": { "id": "fe121fe2-b801-4f14-a8d6-3f058103eda8", "name": "Coffee & Company", "taxonomy": "coffee_shop", "confidence": 0.932, "operating_status": null }, "geometry": { "type": "Point", "coordinates": [ 2.007757, 41.2959427 ] } },
{ "type": "Feature", "properties": { "id": "be763ab0-3cb3-46f4-b3ba-8d29e2b5cd8a", "name": "Mister Minit", "taxonomy": "shopping", "confidence": 0.77, "operating_status": null }, "geometry": { "type": "Point", "coordinates": [ 2.00805, 41.295939 ] } },
{ "type": "Feature", "properties": { "id": "349e16b9-4af8-4cc5-a7a7-b8ac200ecf46", "name": "Kiwoko", "taxonomy": "pet_store", "confidence": 0.999, "operating_status": null }, "geometry": { "type": "Point", "coordinates": [ 2.00794264, 41.29596314 ] } },
{ "type": "Feature", "properties": { "id": "ec12844a-6d68-4009-ab6e-5d5f5eab0685", "name": "Carrefour", "taxonomy": "grocery_store", "confidence": 0.999, "operating_status": null }, "geometry": { "type": "Point", "coordinates": [ 2.00719796, 41.29591707 ] } },
{ "type": "Feature", "properties": { "id": "c5f3d84e-9a30-40ee-a7b4-48ae639b3616", "name": "Druni", "taxonomy": "beauty_supply_store", "confidence": 0.946, "operating_status": null }, "geometry": { "type": "Point", "coordinates": [ 2.00794022, 41.29622379 ] } },
{ "type": "Feature", "properties": { "id": "366d263a-81c0-4dad-88af-7ef4b68c892a", "name": "Oysho", "taxonomy": "womens_clothing_store", "confidence": 0.887, "operating_status": null }, "geometry": { "type": "Point", "coordinates": [ 2.00793, 41.296082 ] } },
{ "type": "Feature", "properties": { "id": "15b5e9ba-bccd-4709-a0e4-ef99b252693d", "name": "Movistar", "taxonomy": "mobile_phone_store", "confidence": 0.998, "operating_status": null }, "geometry": { "type": "Point", "coordinates": [ 2.00797697, 41.29612095 ] } },
{ "type": "Feature", "properties": { "id": "8701c2e6-9159-423b-b778-4f13212de29e", "name": "Intersport", "taxonomy": "sporting_goods_store", "confidence": 0.77, "operating_status": null }, "geometry": { "type": "Point", "coordinates": [ 2.008094378735271, 41.297005014667413 ] } },
{ "type": "Feature", "properties": { "id": "99a39fae-ec03-4ec8-8d6f-afd639f0aa56", "name": "BonLlevat", "taxonomy": "food_beverage_distributor", "confidence": 0.75, "operating_status": null }, "geometry": { "type": "Point", "coordinates": [ 2.00828, 41.29744 ] } },
{ "type": "Feature", "properties": { "id": "c83eb348-0504-438f-9343-bae0fa04a833", "name": "New GYM ARCUS", "taxonomy": "gym", "confidence": 0.736, "operating_status": null }, "geometry": { "type": "Point", "coordinates": [ 2.0109141, 41.2970848 ] } },
{ "type": "Feature", "properties": { "id": "ff0965e6-e8f0-4b94-9d93-4e157a2627a4", "name": "TOYOTA", "taxonomy": "automotive_service", "confidence": 0.85, "operating_status": null }, "geometry": { "type": "Point", "coordinates": [ 2.0096528, 41.2983978 ] } },
{ "type": "Feature", "properties": { "id": "0030490d-38cd-4b72-bc68-b5180c3dfdef", "name": "D.L. STARBAIX, S.L. (Gavá) - Exposición y Taller", "taxonomy": "automotive_repair", "confidence": 0.8, "operating_status": null }, "geometry": { "type": "Point", "coordinates": [ 2.009818, 41.298359 ] } },
{ "type": "Feature", "properties": { "id": "c7630bd2-7c57-4b2d-b0aa-9490e6e957f6", "name": "La Tribu Box", "taxonomy": "gym", "confidence": 0.942, "operating_status": null }, "geometry": { "type": "Point", "coordinates": [ 2.01016532, 41.29850278 ] } },
{ "type": "Feature", "properties": { "id": "6b53c111-4992-4e08-9275-b6b5013ab925", "name": "Amazon Locker - pilates", "taxonomy": "package_locker", "confidence": 0.8, "operating_status": null }, "geometry": { "type": "Point", "coordinates": [ 2.009235, 41.298658 ] } },
{ "type": "Feature", "properties": { "id": "62ac5f87-1ae4-4556-bdc6-15bf16ef554b", "name": "CRED GAVA", "taxonomy": "gas_station", "confidence": 0.8, "operating_status": null }, "geometry": { "type": "Point", "coordinates": [ 2.00936576, 41.29876224 ] } },
{ "type": "Feature", "properties": { "id": "cea10afb-61be-4911-9f3e-6e47a77765d5", "name": "Estación de Servicio Campsa Express", "taxonomy": null, "confidence": 0.77, "operating_status": null }, "geometry": { "type": "Point", "coordinates": [ 2.00936576, 41.29876224 ] } },
{ "type": "Feature", "properties": { "id": "deca7837-7e37-4137-adc1-d732f78d2bd3", "name": "Punto de recarga eléctrica Repsol", "taxonomy": "gas_station", "confidence": 0.85, "operating_status": null }, "geometry": { "type": "Point", "coordinates": [ 2.009362, 41.298784 ] } },
{ "type": "Feature", "properties": { "id": "d485758d-3e7f-47c8-85c9-37924037da39", "name": "BAIX MOTOR", "taxonomy": "auto_dealer", "confidence": 0.8, "operating_status": null }, "geometry": { "type": "Point", "coordinates": [ 2.008723, 41.29891 ] } },
{ "type": "Feature", "properties": { "id": "f5f29eb0-0fad-4f06-ad25-887cd472fd79", "name": "Gros Mercat", "taxonomy": "warehouse", "confidence": 0.966, "operating_status": null }, "geometry": { "type": "Point", "coordinates": [ 2.008569, 41.2991218 ] } },
{ "type": "Feature", "properties": { "id": "3bad132c-eae5-4b25-8000-5c9dcc48f9af", "name": "CARHAUS", "taxonomy": "auto_dealer", "confidence": 0.8, "operating_status": null }, "geometry": { "type": "Point", "coordinates": [ 2.0093315, 41.299202 ] } },
{ "type": "Feature", "properties": { "id": "7714ada6-a5a1-4b6e-ad74-e3be698fd4f2", "name": "Tapissats La Post", "taxonomy": "furniture_wholesaler", "confidence": 0.966, "operating_status": null }, "geometry": { "type": "Point", "coordinates": [ 2.0081264, 41.3000915 ] } },
{ "type": "Feature", "properties": { "id": "ead224c5-5fc5-41e2-ac7f-194f60a258b9", "name": "Alumark", "taxonomy": "building_supply_store", "confidence": 0.77, "operating_status": null }, "geometry": { "type": "Point", "coordinates": [ 2.0083375, 41.299847 ] } },
{ "type": "Feature", "properties": { "id": "bed10dd2-e026-4604-beae-a2356981d3f1", "name": "Bar Emilio", "taxonomy": "bar_and_grill_restaurant", "confidence": 0.965, "operating_status": null }, "geometry": { "type": "Point", "coordinates": [ 2.00860461, 41.29996562 ] } },
{ "type": "Feature", "properties": { "id": "ea626de9-79d8-4b20-a44c-0a4c832ad9bb", "name": "ROS MOBISERVICES S.L.(GAVA)", "taxonomy": "auto_dealer", "confidence": 0.8, "operating_status": null }, "geometry": { "type": "Point", "coordinates": [ 2.008559, 41.300025 ] } },
{ "type": "Feature", "properties": { "id": "beb11142-b03a-465a-b024-f7d069a7807c", "name": "Winkhaus Iberica", "taxonomy": "furniture_store", "confidence": 0.946, "operating_status": null }, "geometry": { "type": "Point", "coordinates": [ 2.008773, 41.300141 ] } },
{ "type": "Feature", "properties": { "id": "80d91649-b9e1-401b-a0d8-4c95b6b72e26", "name": "Station BONAREA", "taxonomy": "gas_station", "confidence": 0.8, "operating_status": null }, "geometry": { "type": "Point", "coordinates": [ 2.009071, 41.30004 ] } },
{ "type": "Feature", "properties": { "id": "e5ab97cb-0cd3-413a-b65d-c503daf8b00c", "name": "Flexicar Gavá | Concesionario de coches de segunda mano", "taxonomy": "used_auto_dealer", "confidence": 0.85, "operating_status": null }, "geometry": { "type": "Point", "coordinates": [ 2.009098, 41.2996464 ] } },
{ "type": "Feature", "properties": { "id": "002eecd3-3f9e-4db0-a8c3-228b271c1a98", "name": "Restaurante Gavà El Passatge", "taxonomy": "tapas_bar", "confidence": 0.999, "operating_status": null }, "geometry": { "type": "Point", "coordinates": [ 2.00961784, 41.29968784 ] } },
{ "type": "Feature", "properties": { "id": "064544ea-692d-40d5-9e57-548095884483", "name": "Superior Autos", "taxonomy": "auto_dealer", "confidence": 0.864, "operating_status": null }, "geometry": { "type": "Point", "coordinates": [ 2.00974061, 41.29990268 ] } },
{ "type": "Feature", "properties": { "id": "24af4ce3-ae23-4c6f-94dd-ae04e10e2891", "name": "Pàdel Indoor Gavà", "taxonomy": "sport_league", "confidence": 0.999, "operating_status": null }, "geometry": { "type": "Point", "coordinates": [ 2.00991237, 41.29984768 ] } },
{ "type": "Feature", "properties": { "id": "fac58eab-40d9-45c4-a1be-c50b2914a3ee", "name": "Recuperaciones Pez ", "taxonomy": "b2b_industrial_and_machine_service", "confidence": 0.85, "operating_status": null }, "geometry": { "type": "Point", "coordinates": [ 2.0118547, 41.2998174 ] } },
{ "type": "Feature", "properties": { "id": "42058589-0281-46b4-b885-5c74f72f4017", "name": "Cuines Castro S.L.", "taxonomy": "furniture_store", "confidence": 0.77, "operating_status": null }, "geometry": { "type": "Point", "coordinates": [ 2.012028998769924, 41.299151583411735 ] } },
{ "type": "Feature", "properties": { "id": "eaf68e41-4141-4df8-8d3c-3c96e744451d", "name": "Subway", "taxonomy": "fast_food_restaurant", "confidence": 0.85, "operating_status": null }, "geometry": { "type": "Point", "coordinates": [ 2.01138784, 41.29905376 ] } },
{ "type": "Feature", "properties": { "id": "bf563dca-55bd-431d-b951-379e2656e8cb", "name": "Global Nissi - Recuperadora De Metales", "taxonomy": "b2b_industrial_and_machine_service", "confidence": 0.916, "operating_status": null }, "geometry": { "type": "Point", "coordinates": [ 2.009605944, 41.298988003 ] } },
{ "type": "Feature", "properties": { "id": "9683b6db-acca-4232-b21a-ad83d0320a4b", "name": "Ebano Mobiliari", "taxonomy": "furniture_store", "confidence": 0.907, "operating_status": null }, "geometry": { "type": "Point", "coordinates": [ 2.00980985, 41.29884831 ] } },
{ "type": "Feature", "properties": { "id": "46f0e5a7-adc1-43c1-8e20-500a76820c51", "name": "Amazon Locker - adell", "taxonomy": "package_locker", "confidence": 0.8, "operating_status": null }, "geometry": { "type": "Point", "coordinates": [ 2.010483, 41.29873 ] } },
{ "type": "Feature", "properties": { "id": "34637651-8a0d-444d-90b3-8e2bc5d75893", "name": "La Tribu", "taxonomy": "gym", "confidence": 0.979, "operating_status": null }, "geometry": { "type": "Point", "coordinates": [ 2.01059124, 41.29858926 ] } },
{ "type": "Feature", "properties": { "id": "d43341ab-1c28-4b44-ace2-4c068bc4d0e8", "name": "Car-Tec Automotive", "taxonomy": "auto_customization", "confidence": 0.967, "operating_status": null }, "geometry": { "type": "Point", "coordinates": [ 2.01172716, 41.29896396 ] } },
{ "type": "Feature", "properties": { "id": "78dcc29f-9f99-41ea-b49d-f7009911bdbc", "name": "Ascensores Ramase SA", "taxonomy": "elevator_service", "confidence": 0.701, "operating_status": null }, "geometry": { "type": "Point", "coordinates": [ 2.01291281, 41.29846866 ] } },
{ "type": "Feature", "properties": { "id": "d624b0c2-61ac-4624-a302-38ce865479a5", "name": "INTERNATIONAL STORAGE AND REMOVAL  (INTERS)", "taxonomy": "motor_freight_trucking", "confidence": 0.85, "operating_status": null }, "geometry": { "type": "Point", "coordinates": [ 2.0125375, 41.2984562 ] } },
{ "type": "Feature", "properties": { "id": "28a37414-4c59-45cc-8287-e7d337e6dc33", "name": "Semikron Danfoss U.", "taxonomy": "appliance_store", "confidence": 0.85, "operating_status": null }, "geometry": { "type": "Point", "coordinates": [ 2.0128867, 41.298074 ] } },
{ "type": "Feature", "properties": { "id": "33d21c1a-ef3c-42d6-bc33-438ac06433a2", "name": "Sharma Climbing Gavà", "taxonomy": "rock_climbing_spot", "confidence": 0.997, "operating_status": null }, "geometry": { "type": "Point", "coordinates": [ 2.01269322, 41.30104556 ] } },
{ "type": "Feature", "properties": { "id": "d040afc1-b413-4c6d-988c-69e80c7e535e", "name": "Costa Jump", "taxonomy": "party_and_event_planning", "confidence": 0.795, "operating_status": null }, "geometry": { "type": "Point", "coordinates": [ 2.0120939, 41.3013995 ] } },
{ "type": "Feature", "properties": { "id": "c69d7932-cfbe-4848-8717-f10964418cf5", "name": "Euro Mecànic", "taxonomy": "automotive_repair", "confidence": 0.799, "operating_status": null }, "geometry": { "type": "Point", "coordinates": [ 2.01051676, 41.30184477 ] } },
{ "type": "Feature", "properties": { "id": "44eb70c4-4500-4d8a-b335-e8e64da438d9", "name": "Can Juvé", "taxonomy": "mediterranean_restaurant", "confidence": 0.85, "operating_status": null }, "geometry": { "type": "Point", "coordinates": [ 2.0102273, 41.3016413 ] } },
{ "type": "Feature", "properties": { "id": "caac1b5b-3ce9-4f58-8d32-b820eb978141", "name": "G&p Crear", "taxonomy": "cosmetic_products_manufacturer", "confidence": 0.917, "operating_status": null }, "geometry": { "type": "Point", "coordinates": [ 2.01054, 41.30153 ] } },
{ "type": "Feature", "properties": { "id": "d6a25fe3-bac3-4ed5-9c39-3bd06f1e1255", "name": "Vincelona Vinodiversidad", "taxonomy": "food_beverage_distributor", "confidence": 0.764, "operating_status": null }, "geometry": { "type": "Point", "coordinates": [ 2.01141454, 41.30134039 ] } },
{ "type": "Feature", "properties": { "id": "806ca40a-9a1e-48cb-9d9d-a3b2dc412b5e", "name": "Rodi Motor Services", "taxonomy": "automotive_service", "confidence": 0.966, "operating_status": null }, "geometry": { "type": "Point", "coordinates": [ 2.0086722, 41.3008521 ] } },
{ "type": "Feature", "properties": { "id": "8db47b7d-761e-4856-9d4e-f09bcbc576bf", "name": "Plata Service", "taxonomy": "art_supply_store", "confidence": 0.976, "operating_status": null }, "geometry": { "type": "Point", "coordinates": [ 2.0076925, 41.3008388 ] } },
{ "type": "Feature", "properties": { "id": "f9b8f3b8-66ac-4404-bafa-9049749f5229", "name": "Maelca", "taxonomy": "butcher_shop", "confidence": 0.974, "operating_status": null }, "geometry": { "type": "Point", "coordinates": [ 2.0080337, 41.30105157 ] } },
{ "type": "Feature", "properties": { "id": "e0b9548f-0d1d-4f99-b4fa-abee2b8423d5", "name": "Albert Roca Escuela de Heladeria", "taxonomy": "ice_cream_shop", "confidence": 0.964, "operating_status": null }, "geometry": { "type": "Point", "coordinates": [ 2.0089619344498, 41.301234411221998 ] } },
{ "type": "Feature", "properties": { "id": "2625f2bd-2d85-4402-ab66-182053704492", "name": "NostraPizza", "taxonomy": "pizza_restaurant", "confidence": 0.885, "operating_status": null }, "geometry": { "type": "Point", "coordinates": [ 2.00732, 41.30172 ] } },
{ "type": "Feature", "properties": { "id": "868fa28b-29b7-405a-86bd-e45b727eac1d", "name": "Unicaja Banco", "taxonomy": "bank_or_credit_union", "confidence": 0.85, "operating_status": null }, "geometry": { "type": "Point", "coordinates": [ 2.007062, 41.302369 ] } },
{ "type": "Feature", "properties": { "id": "e5e867e2-7b22-41ca-8e50-959a9d881f1f", "name": "Motovivo.es", "taxonomy": "motorcycle_dealer", "confidence": 0.829, "operating_status": null }, "geometry": { "type": "Point", "coordinates": [ 2.0076, 41.30242 ] } },
{ "type": "Feature", "properties": { "id": "d3221882-d493-4bce-bc62-53f12e833ab5", "name": "Linkcar Automocio", "taxonomy": "auto_dealer", "confidence": 0.8, "operating_status": null }, "geometry": { "type": "Point", "coordinates": [ 2.007538, 41.30242 ] } },
{ "type": "Feature", "properties": { "id": "6d1bfc99-f956-4a69-a2fa-bb3d72d32fb8", "name": "Area creativa", "taxonomy": "contractor", "confidence": 0.856, "operating_status": null }, "geometry": { "type": "Point", "coordinates": [ 2.00750302, 41.30247432 ] } },
{ "type": "Feature", "properties": { "id": "50478196-e5e4-4d72-8f68-16f9cdd7981a", "name": "Blat Italian Restaurant", "taxonomy": "italian_restaurant", "confidence": 0.779, "operating_status": null }, "geometry": { "type": "Point", "coordinates": [ 2.00727612, 41.30247278 ] } },
{ "type": "Feature", "properties": { "id": "a27ac09c-b60e-4eb4-92ea-394750f14504", "name": "Domingo Camper Tiendas de Techo para Coche", "taxonomy": "outdoor_store", "confidence": 0.888, "operating_status": null }, "geometry": { "type": "Point", "coordinates": [ 2.00751615, 41.30272241 ] } },
{ "type": "Feature", "properties": { "id": "c238bcbb-33a2-4dd0-a513-d526d1ca6fa1", "name": "Metal Ros", "taxonomy": "automotive_service", "confidence": 0.77, "operating_status": null }, "geometry": { "type": "Point", "coordinates": [ 2.010358416186432, 41.302245980137108 ] } },
{ "type": "Feature", "properties": { "id": "ba1d7a6e-fea8-422e-8e6b-cf2d4d17f6da", "name": "DMM Fusters", "taxonomy": "textile_mill", "confidence": 0.908, "operating_status": null }, "geometry": { "type": "Point", "coordinates": [ 2.01073410000004, 41.301992 ] } },
{ "type": "Feature", "properties": { "id": "4be5932e-269f-4a32-bc2e-1ecf9e650644", "name": "Refugi Antiaeri de Gavà", "taxonomy": "museum", "confidence": 0.888, "operating_status": null }, "geometry": { "type": "Point", "coordinates": [ 2.01005545, 41.30316789 ] } },
{ "type": "Feature", "properties": { "id": "23944e2c-20ed-4300-9175-2de856626263", "name": "Rodalies-Gavà", "taxonomy": "train_station", "confidence": 0.784, "operating_status": null }, "geometry": { "type": "Point", "coordinates": [ 2.010138628694388, 41.303029449599009 ] } },
{ "type": "Feature", "properties": { "id": "c2f00077-1110-46f4-8d6f-034d5f98e9ac", "name": "Cafeto de Villa", "taxonomy": "cafe", "confidence": 0.998, "operating_status": null }, "geometry": { "type": "Point", "coordinates": [ 2.00997601, 41.30335896 ] } },
{ "type": "Feature", "properties": { "id": "5e6c80ee-06ed-4b25-856b-c33f64a28f99", "name": "Estación de Gavá", "taxonomy": "train_station", "confidence": 0.803, "operating_status": null }, "geometry": { "type": "Point", "coordinates": [ 2.010128072836153, 41.30327214999582 ] } },
{ "type": "Feature", "properties": { "id": "e0a63522-7149-45a1-8e9e-a481d6a8d9fd", "name": "La Birreria", "taxonomy": "italian_restaurant", "confidence": 0.99, "operating_status": null }, "geometry": { "type": "Point", "coordinates": [ 2.0088085, 41.30318448 ] } },
{ "type": "Feature", "properties": { "id": "fd867c2e-8509-405e-8c3c-b61a5fe783ea", "name": "Lidl", "taxonomy": "grocery_store", "confidence": 0.999, "operating_status": null }, "geometry": { "type": "Point", "coordinates": [ 2.00896769, 41.30327453 ] } },
{ "type": "Feature", "properties": { "id": "d9a1fa58-d025-49a9-a4a5-f5f9448be0dd", "name": "DHL Express Service Point (OFI-SEMAR)", "taxonomy": null, "confidence": 0.85, "operating_status": null }, "geometry": { "type": "Point", "coordinates": [ 2.008324, 41.303071 ] } },
{ "type": "Feature", "properties": { "id": "5711de1f-0ed1-4db9-951b-db2f5298fb94", "name": "Clínica Veterinària Tot Fauna", "taxonomy": "veterinarian", "confidence": 0.997, "operating_status": null }, "geometry": { "type": "Point", "coordinates": [ 2.00798902, 41.30313897 ] } },
{ "type": "Feature", "properties": { "id": "05d5e371-bb70-4e79-bf1e-884bda78cc3c", "name": "Cerrajería Ángel", "taxonomy": "key_and_locksmith", "confidence": 0.955, "operating_status": null }, "geometry": { "type": "Point", "coordinates": [ 2.007821566270453, 41.303105022606559 ] } },
{ "type": "Feature", "properties": { "id": "1e4add6f-cdf7-4985-88d2-4a9cd149d6e8", "name": "Supermercats Charter", "taxonomy": "grocery_store", "confidence": 0.998, "operating_status": null }, "geometry": { "type": "Point", "coordinates": [ 2.007668, 41.30299 ] } },
{ "type": "Feature", "properties": { "id": "2ac4091d-f4e1-4c05-8e34-228096261631", "name": "clevacat", "taxonomy": null, "confidence": 0.966, "operating_status": null }, "geometry": { "type": "Point", "coordinates": [ 2.0081659, 41.3030454 ] } },
{ "type": "Feature", "properties": { "id": "b161eb8c-52af-46ae-b50c-da2d44956c95", "name": "Mosaicos Barcelona", "taxonomy": "building_or_construction_service", "confidence": 0.813, "operating_status": null }, "geometry": { "type": "Point", "coordinates": [ 2.00819144, 41.30304982 ] } },
{ "type": "Feature", "properties": { "id": "4cb9175c-5f88-4278-95cd-f9a489f8831d", "name": "Amazon Locker - londina", "taxonomy": "package_locker", "confidence": 0.8, "operating_status": null }, "geometry": { "type": "Point", "coordinates": [ 2.008115, 41.302931 ] } },
{ "type": "Feature", "properties": { "id": "f80dfeb8-2d77-464b-9bfe-a13afe43c00d", "name": "Carglass", "taxonomy": "auto_glass_service", "confidence": 0.99, "operating_status": null }, "geometry": { "type": "Point", "coordinates": [ 2.00810488, 41.30292359 ] } },
{ "type": "Feature", "properties": { "id": "ff1009e9-88b2-4b10-90a8-785926c37e99", "name": "Mitie Facilities Services", "taxonomy": "cleaning_service", "confidence": 0.85, "operating_status": null }, "geometry": { "type": "Point", "coordinates": [ 2.0079738, 41.3028154 ] } },
{ "type": "Feature", "properties": { "id": "3e130804-4b4b-4812-9226-12f102323cb2", "name": "Gavauto", "taxonomy": "auto_dealer", "confidence": 0.856, "operating_status": null }, "geometry": { "type": "Point", "coordinates": [ 2.007704, 41.30294 ] } },
{ "type": "Feature", "properties": { "id": "d1622374-a69f-4147-b61d-edd461a57aa5", "name": "Càrnicas Gavà", "taxonomy": "butcher_shop", "confidence": 0.746, "operating_status": null }, "geometry": { "type": "Point", "coordinates": [ 2.00789, 41.303225 ] } },
{ "type": "Feature", "properties": { "id": "02fb0496-721b-470c-bce2-8b92fbc39b58", "name": "365", "taxonomy": "bakery", "confidence": 0.77, "operating_status": null }, "geometry": { "type": "Point", "coordinates": [ 2.008829, 41.303684 ] } },
{ "type": "Feature", "properties": { "id": "da8a748c-ebdd-414d-ac36-46279966051e", "name": "Western Union", "taxonomy": "money_transfer_service", "confidence": 0.85, "operating_status": null }, "geometry": { "type": "Point", "coordinates": [ 2.009096909122579, 41.303878302764524 ] } },
{ "type": "Feature", "properties": { "id": "36fb1432-53d1-41c5-aa9d-4c456351e929", "name": "Asepeyo", "taxonomy": "doctors_office", "confidence": 0.953, "operating_status": null }, "geometry": { "type": "Point", "coordinates": [ 2.00950479, 41.30382193 ] } },
{ "type": "Feature", "properties": { "id": "e579b353-5d29-4252-b930-c386186f85b0", "name": "Notario Gonzalo Ortillés Borobia", "taxonomy": "b2b_business_management_service", "confidence": 0.966, "operating_status": null }, "geometry": { "type": "Point", "coordinates": [ 2.0091047, 41.3039594 ] } },
{ "type": "Feature", "properties": { "id": "d61e5fa7-7b59-48e5-9982-cde4a1021b2d", "name": "SAMAR Empanadas", "taxonomy": "latin_american_restaurant", "confidence": 0.807, "operating_status": null }, "geometry": { "type": "Point", "coordinates": [ 2.00899061, 41.30393951 ] } },
{ "type": "Feature", "properties": { "id": "ac895443-7a79-4cc1-a881-57f61147108f", "name": "Bankinter", "taxonomy": "bank", "confidence": 0.975, "operating_status": null }, "geometry": { "type": "Point", "coordinates": [ 2.008798, 41.303832 ] } },
{ "type": "Feature", "properties": { "id": "617df3c8-6fe5-4f71-8c07-35767973773a", "name": "Clínica Dental Murillo", "taxonomy": "dental_clinic", "confidence": 0.963, "operating_status": null }, "geometry": { "type": "Point", "coordinates": [ 2.00947334, 41.30441883 ] } },
{ "type": "Feature", "properties": { "id": "0b57193d-9f2c-4f47-bab0-530823f80c97", "name": "Quadrado", "taxonomy": "furniture_store", "confidence": 0.809, "operating_status": null }, "geometry": { "type": "Point", "coordinates": [ 2.00885412, 41.30428798 ] } },
{ "type": "Feature", "properties": { "id": "2ec964a7-76a4-44cb-995f-471ebb54b790", "name": "BBVA", "taxonomy": "bank_or_credit_union", "confidence": 0.966, "operating_status": null }, "geometry": { "type": "Point", "coordinates": [ 2.0087167, 41.304279 ] } },
{ "type": "Feature", "properties": { "id": "5cf5aa67-ff2d-420f-a7b7-a1ba485364e0", "name": "Espai Koulo", "taxonomy": "elementary_school", "confidence": 0.921, "operating_status": null }, "geometry": { "type": "Point", "coordinates": [ 2.00765265, 41.30438124 ] } },
{ "type": "Feature", "properties": { "id": "d1f919b0-a752-4d82-bb55-a9f0923b555a", "name": "Hygea Fisioterapia", "taxonomy": "physical_therapy", "confidence": 0.991, "operating_status": null }, "geometry": { "type": "Point", "coordinates": [ 2.0076808, 41.30421896 ] } },
{ "type": "Feature", "properties": { "id": "194f2028-1b5c-4408-a432-cc0d48be7047", "name": "Clínica Dorsia Cirugía y Medicina Estética", "taxonomy": "hair_salon", "confidence": 0.994, "operating_status": null }, "geometry": { "type": "Point", "coordinates": [ 2.008096, 41.304789 ] } },
{ "type": "Feature", "properties": { "id": "3aa75ac7-02e3-4faa-9265-30e5b748622b", "name": "Clínica Origen Psicología y Psiquiatría", "taxonomy": "psychology", "confidence": 0.934, "operating_status": null }, "geometry": { "type": "Point", "coordinates": [ 2.008177, 41.304797 ] } },
{ "type": "Feature", "properties": { "id": "29e473db-96cd-4dcf-a935-9cb155be4ad0", "name": "Juguettos", "taxonomy": "toy_store", "confidence": 0.996, "operating_status": null }, "geometry": { "type": "Point", "coordinates": [ 2.00749087, 41.30525334 ] } },
{ "type": "Feature", "properties": { "id": "49ab4a73-89cd-4b20-b8bc-6035e957c6ca", "name": "Clínica Dental Adeslas", "taxonomy": "general_dentistry", "confidence": 0.966, "operating_status": null }, "geometry": { "type": "Point", "coordinates": [ 2.00740178, 41.30513169 ] } },
{ "type": "Feature", "properties": { "id": "9eba001e-7357-4051-8f26-b827feb10dbb", "name": "RR Suministros de Oficina", "taxonomy": "newspaper_and_magazines_store", "confidence": 0.947, "operating_status": null }, "geometry": { "type": "Point", "coordinates": [ 2.00769995, 41.30527 ] } },
{ "type": "Feature", "properties": { "id": "94ad2895-abaa-4bdc-912b-97c17f5c1241", "name": "Zandaka", "taxonomy": "japanese_restaurant", "confidence": 0.957, "operating_status": null }, "geometry": { "type": "Point", "coordinates": [ 2.00802436, 41.3052176 ] } },
{ "type": "Feature", "properties": { "id": "877a72b3-6658-4369-b1b4-9e7f2be27ee8", "name": "Restaurant japonès Fun", "taxonomy": "japanese_restaurant", "confidence": 0.982, "operating_status": null }, "geometry": { "type": "Point", "coordinates": [ 2.00814057, 41.30507883 ] } },
{ "type": "Feature", "properties": { "id": "c6eaf897-dc9e-4d58-9530-ac7cfe90edb2", "name": "Banc Sabadell - Servicio de Caja Automatizada", "taxonomy": "bank_or_credit_union", "confidence": 0.97, "operating_status": null }, "geometry": { "type": "Point", "coordinates": [ 2.0077003, 41.3050032 ] } },
{ "type": "Feature", "properties": { "id": "79c46a1c-f838-4ebb-8355-b3eeb7e18240", "name": "Sayonara", "taxonomy": "coffee_shop", "confidence": 0.927, "operating_status": null }, "geometry": { "type": "Point", "coordinates": [ 2.00793952, 41.30494466 ] } },
{ "type": "Feature", "properties": { "id": "02ee4125-ac48-4612-9d02-99922c1b3b97", "name": "ACCESIA Facilitadores Hipotecarios", "taxonomy": "bank_or_credit_union", "confidence": 0.85, "operating_status": null }, "geometry": { "type": "Point", "coordinates": [ 2.0080327, 41.3049016 ] } },
{ "type": "Feature", "properties": { "id": "79771f46-d7f1-4357-943b-f85e6bb7e113", "name": "CondonesMix.com", "taxonomy": "lingerie_store", "confidence": 0.85, "operating_status": null }, "geometry": { "type": "Point", "coordinates": [ 2.0094, 41.30506 ] } },
{ "type": "Feature", "properties": { "id": "dfb05d96-2d82-45bb-8745-e7f9d4409843", "name": "Farmàcia de la Rambla", "taxonomy": "pharmacy", "confidence": 0.994, "operating_status": null }, "geometry": { "type": "Point", "coordinates": [ 2.0087737, 41.30462113 ] } },
{ "type": "Feature", "properties": { "id": "7c3f00b9-0486-4eaf-a3cd-9101158abfcb", "name": "Izquierdo I Tugas Associats", "taxonomy": null, "confidence": 0.958, "operating_status": null }, "geometry": { "type": "Point", "coordinates": [ 2.008434107, 41.304629161 ] } },
{ "type": "Feature", "properties": { "id": "9d6a8f38-7c83-40f0-a200-68dd7b327f21", "name": "Viajes Tejedor", "taxonomy": "travel_and_transportation", "confidence": 0.77, "operating_status": null }, "geometry": { "type": "Point", "coordinates": [ 2.008533524522381, 41.304586756343383 ] } },
{ "type": "Feature", "properties": { "id": "9f393eb4-7615-485d-b706-8dbbfee66950", "name": "El raconet de l'Alicia", "taxonomy": "cafe", "confidence": 0.945, "operating_status": null }, "geometry": { "type": "Point", "coordinates": [ 2.00852513, 41.30446256 ] } },
{ "type": "Feature", "properties": { "id": "4d1865bd-5272-4e2e-9e0e-b74b1b076eb6", "name": "Non Solo Creps", "taxonomy": "coffee_shop", "confidence": 0.71, "operating_status": null }, "geometry": { "type": "Point", "coordinates": [ 2.009064, 41.304448 ] } },
{ "type": "Feature", "properties": { "id": "18983c12-ea48-463a-a30f-4dc5859c09fd", "name": "La Brasa", "taxonomy": "spanish_restaurant", "confidence": 0.943, "operating_status": null }, "geometry": { "type": "Point", "coordinates": [ 2.00902623, 41.30455749 ] } },
{ "type": "Feature", "properties": { "id": "00e22d1c-d8a8-4258-9f42-1051d0da5ff7", "name": "Dolce Vita Gava", "taxonomy": "delicatessen", "confidence": 0.895, "operating_status": null }, "geometry": { "type": "Point", "coordinates": [ 2.009153, 41.304589 ] } },
{ "type": "Feature", "properties": { "id": "f411a79d-229e-48c7-aad6-38cf6e85f457", "name": "El Rincón Guayaco", "taxonomy": "ecuadorian_restaurant", "confidence": 0.954, "operating_status": null }, "geometry": { "type": "Point", "coordinates": [ 2.00950159, 41.3046259 ] } },
{ "type": "Feature", "properties": { "id": "ca31580c-4149-408a-971f-4102997402ba", "name": "Hospital San Juan De Dios Esplugues", "taxonomy": "hospital", "confidence": 0.704, "operating_status": null }, "geometry": { "type": "Point", "coordinates": [ 2.00937788934, 41.304501537299998 ] } },
{ "type": "Feature", "properties": { "id": "f56d895d-9a9d-48ba-8380-215c49512ec5", "name": "Agora Colectivitats", "taxonomy": "caterer", "confidence": 0.937, "operating_status": null }, "geometry": { "type": "Point", "coordinates": [ 2.0096362, 41.304436 ] } },
{ "type": "Feature", "properties": { "id": "f42cdf89-79ee-401a-b88a-a77af0fc05b5", "name": "LLUC MOTOR", "taxonomy": "auto_dealer", "confidence": 0.954, "operating_status": null }, "geometry": { "type": "Point", "coordinates": [ 2.010214, 41.305215 ] } },
{ "type": "Feature", "properties": { "id": "a61bcad0-7060-49f4-907d-c637aa289b75", "name": "Solmanía Gavá", "taxonomy": "tanning_salon", "confidence": 0.77, "operating_status": null }, "geometry": { "type": "Point", "coordinates": [ 2.009696667744287, 41.303765007278884 ] } },
{ "type": "Feature", "properties": { "id": "0c5b15c3-1dfd-4df1-8b5d-a37b92c8025e", "name": "Kimera Climbing Barcelona", "taxonomy": "rock_climbing_spot", "confidence": 0.973, "operating_status": null }, "geometry": { "type": "Point", "coordinates": [ 2.01284176, 41.30395069 ] } },
{ "type": "Feature", "properties": { "id": "a5a9eb49-ca49-4458-a94a-be145fb86071", "name": "Look Esthetic", "taxonomy": "spa", "confidence": 0.969, "operating_status": null }, "geometry": { "type": "Point", "coordinates": [ 2.00958773, 41.30629667 ] } },
{ "type": "Feature", "properties": { "id": "bf5d68f0-89c6-4c65-b74b-1b2bb3210a2e", "name": "Vivers Camp-Rubi", "taxonomy": "nursery_and_gardening_store", "confidence": 0.815, "operating_status": null }, "geometry": { "type": "Point", "coordinates": [ 2.01142, 41.30623 ] } },
{ "type": "Feature", "properties": { "id": "1c4a8efa-9554-4bbc-86ef-2977fb9f2801", "name": "BICIS Miguel Castillo", "taxonomy": "bike_store", "confidence": 0.91, "operating_status": null }, "geometry": { "type": "Point", "coordinates": [ 2.010148, 41.305407 ] } },
{ "type": "Feature", "properties": { "id": "25f0e9a4-abb6-4749-9b07-75bff27fad73", "name": "MC Mutual", "taxonomy": "insurance_agency", "confidence": 0.707, "operating_status": null }, "geometry": { "type": "Point", "coordinates": [ 2.01046547, 41.30572561 ] } },
{ "type": "Feature", "properties": { "id": "fc4b085a-2d2d-4d0f-ac50-c18771bfb907", "name": "Restaurante La mandarra de la Eli", "taxonomy": "restaurant", "confidence": 0.773, "operating_status": null }, "geometry": { "type": "Point", "coordinates": [ 2.00929169, 41.30605029 ] } },
{ "type": "Feature", "properties": { "id": "75884c8a-69c8-4050-aab9-d755ae53564f", "name": "SJD Xarxa de Salut Mental - Centre de Salut Mental d’Adults (CSMA) - Gavà", "taxonomy": "child_psychiatry", "confidence": 0.916, "operating_status": null }, "geometry": { "type": "Point", "coordinates": [ 2.008435, 41.3057215 ] } },
{ "type": "Feature", "properties": { "id": "cb4f27f7-d4a0-44fe-98e9-27cc1acd73b8", "name": "Banco Santander", "taxonomy": "bank_or_credit_union", "confidence": 0.85, "operating_status": null }, "geometry": { "type": "Point", "coordinates": [ 2.0079322, 41.305292 ] } },
{ "type": "Feature", "properties": { "id": "344e2b94-6862-41f5-bda6-d3f9fe2cbe39", "name": "Sunset Pastisseria", "taxonomy": "bakery", "confidence": 0.966, "operating_status": null }, "geometry": { "type": "Point", "coordinates": [ 2.00761953, 41.30541943 ] } },
{ "type": "Feature", "properties": { "id": "8bc6697a-a028-469a-b8a5-39cee53c3b19", "name": "La Crepe de Gavà", "taxonomy": "pancake_house", "confidence": 0.995, "operating_status": null }, "geometry": { "type": "Point", "coordinates": [ 2.00736756, 41.30533131 ] } },
{ "type": "Feature", "properties": { "id": "3cdfccb2-f46d-45ff-b2ea-e870a4f08051", "name": "Bed's Gavá", "taxonomy": "mattress_store", "confidence": 0.993, "operating_status": null }, "geometry": { "type": "Point", "coordinates": [ 2.00719319, 41.30539332 ] } },
{ "type": "Feature", "properties": { "id": "7cf898f9-7a00-4f89-91cc-12d896bb17c5", "name": "BOOM!!! Burger", "taxonomy": "burger_restaurant", "confidence": 0.919, "operating_status": null }, "geometry": { "type": "Point", "coordinates": [ 2.00752384, 41.3054857 ] } },
{ "type": "Feature", "properties": { "id": "d0f65399-c4e7-44d6-8d9f-1c101661b589", "name": "Sunset Burger", "taxonomy": "burger_restaurant", "confidence": 0.77, "operating_status": null }, "geometry": { "type": "Point", "coordinates": [ 2.007564531063612, 41.305495779864174 ] } },
{ "type": "Feature", "properties": { "id": "d9c83a1c-9998-4ca0-a05d-b1b68a40b7d1", "name": "Medicina Estética Delso", "taxonomy": "doctors_office", "confidence": 0.845, "operating_status": null }, "geometry": { "type": "Point", "coordinates": [ 2.008202426489097, 41.305864590177059 ] } },
{ "type": "Feature", "properties": { "id": "9f3c7819-34bf-4401-8640-aa0e00d4d5a3", "name": "CondisLife", "taxonomy": "ethical_grocery_store", "confidence": 0.998, "operating_status": null }, "geometry": { "type": "Point", "coordinates": [ 2.0077393, 41.3060346 ] } },
{ "type": "Feature", "properties": { "id": "c5e345e8-836d-438f-be58-dbee6dbd766b", "name": "Restaurant Time", "taxonomy": "japanese_restaurant", "confidence": 0.8, "operating_status": null }, "geometry": { "type": "Point", "coordinates": [ 2.00751426, 41.30628691 ] } },
{ "type": "Feature", "properties": { "id": "6aaec9b4-11d0-42da-bc56-f3514fc3ac88", "name": "Ferrer Advocats", "taxonomy": "attorney_or_law_firm", "confidence": 0.837, "operating_status": null }, "geometry": { "type": "Point", "coordinates": [ 2.00788425, 41.30617164 ] } },
{ "type": "Feature", "properties": { "id": "762291a0-2dab-462f-bbd1-fe7e49c23123", "name": "Dental and Estetic Gavà", "taxonomy": "cosmetic_dentistry", "confidence": 0.963, "operating_status": null }, "geometry": { "type": "Point", "coordinates": [ 2.00844517, 41.30629313 ] } },
{ "type": "Feature", "properties": { "id": "9e88655f-94e0-4e3d-a520-26c8825a42de", "name": "Collonut - Gavà", "taxonomy": null, "confidence": 0.97, "operating_status": null }, "geometry": { "type": "Point", "coordinates": [ 2.0064981, 41.3063268 ] } },
{ "type": "Feature", "properties": { "id": "a97be137-b824-4cb7-af5a-9b153ccff0f6", "name": "Instituts Odontològics - Clínica Dental Gavà", "taxonomy": "general_dentistry", "confidence": 0.976, "operating_status": null }, "geometry": { "type": "Point", "coordinates": [ 2.006815, 41.306262 ] } },
{ "type": "Feature", "properties": { "id": "f0ae7190-2e7c-4d4f-8d0a-3685ac0dc90a", "name": "Dentix", "taxonomy": "dental_clinic", "confidence": 0.804, "operating_status": null }, "geometry": { "type": "Point", "coordinates": [ 2.006605, 41.306126 ] } },
{ "type": "Feature", "properties": { "id": "8fba0b5b-2575-462c-8cd0-a99f9e8b7c2e", "name": "Santander", "taxonomy": "bank", "confidence": 0.77, "operating_status": null }, "geometry": { "type": "Point", "coordinates": [ 2.006503366679379, 41.306221797407083 ] } },
{ "type": "Feature", "properties": { "id": "dba01ddf-ad27-47e3-b387-4bde9b05e8b7", "name": "Cafè Teatre", "taxonomy": "restaurant", "confidence": 0.991, "operating_status": null }, "geometry": { "type": "Point", "coordinates": [ 2.0063959, 41.30630638 ] } },
{ "type": "Feature", "properties": { "id": "020be620-3e84-4bef-8e93-a0ab3a0017b0", "name": "United Colors of Benetton", "taxonomy": "clothing_store", "confidence": 0.77, "operating_status": null }, "geometry": { "type": "Point", "coordinates": [ 2.006370646206446, 41.306256485889278 ] } },
{ "type": "Feature", "properties": { "id": "882f68fa-0a15-4469-881f-688396e1de91", "name": "Clínica Dental Pérez Marquina", "taxonomy": "dental_clinic", "confidence": 0.983, "operating_status": null }, "geometry": { "type": "Point", "coordinates": [ 2.00610288, 41.30616439 ] } },
{ "type": "Feature", "properties": { "id": "011e1d6e-9e95-467f-accc-fdd31816d026", "name": "Gelateria La Tradizionale", "taxonomy": "ice_cream_shop", "confidence": 0.965, "operating_status": null }, "geometry": { "type": "Point", "coordinates": [ 2.00607458, 41.3064532 ] } },
{ "type": "Feature", "properties": { "id": "d2040099-c31f-42df-be9c-2e3a641b0132", "name": "La Tapería de Gavà", "taxonomy": "tapas_bar", "confidence": 0.994, "operating_status": null }, "geometry": { "type": "Point", "coordinates": [ 2.00476194, 41.30625015 ] } },
{ "type": "Feature", "properties": { "id": "30bedb1f-55bb-4711-a6ea-6fa63c98258f", "name": "Parc municipal Torre Lluch", "taxonomy": "park", "confidence": 0.987, "operating_status": null }, "geometry": { "type": "Point", "coordinates": [ 2.00469279, 41.30644322 ] } },
{ "type": "Feature", "properties": { "id": "7692cff2-697b-4ca8-87d1-dd0b28049076", "name": "Nikita Studio", "taxonomy": "professional_service", "confidence": 0.747, "operating_status": null }, "geometry": { "type": "Point", "coordinates": [ 2.00262011, 41.30624579 ] } },
{ "type": "Feature", "properties": { "id": "8ea247c8-3180-41fa-9581-11c339290722", "name": "Casa clara", "taxonomy": "delicatessen", "confidence": 0.795, "operating_status": null }, "geometry": { "type": "Point", "coordinates": [ 2.00425696, 41.30575004 ] } },
{ "type": "Feature", "properties": { "id": "552b1fd6-ae22-473c-b2b2-35b8f1504804", "name": "Paperera de Gavà", "taxonomy": "office_supply_store", "confidence": 0.91, "operating_status": null }, "geometry": { "type": "Point", "coordinates": [ 2.00431772, 41.30578292 ] } },
{ "type": "Feature", "properties": { "id": "5cd243f2-632a-447d-accd-16de8a87256e", "name": "mareleto", "taxonomy": "clothing_store", "confidence": 0.861, "operating_status": null }, "geometry": { "type": "Point", "coordinates": [ 2.002867, 41.305412 ] } },
{ "type": "Feature", "properties": { "id": "100afeaf-0d4b-4d2b-b672-f5a94590f9f6", "name": "Trato Cortés Inmo Group", "taxonomy": "real_estate_service", "confidence": 0.772, "operating_status": null }, "geometry": { "type": "Point", "coordinates": [ 2.00315899, 41.30538027 ] } },
{ "type": "Feature", "properties": { "id": "9aabf33b-4540-4f33-a1ec-b18ad3c6f2cb", "name": "Trenta-Sis Perruqueria", "taxonomy": "hair_stylist", "confidence": 0.85, "operating_status": null }, "geometry": { "type": "Point", "coordinates": [ 2.00315909999995, 41.3052814 ] } },
{ "type": "Feature", "properties": { "id": "98ea1b8c-d449-4af2-a4dd-f392a642012f", "name": "Perruquería Trenta-sis Gavà", "taxonomy": "beauty_salon", "confidence": 0.926, "operating_status": null }, "geometry": { "type": "Point", "coordinates": [ 2.0032, 41.305282 ] } },
{ "type": "Feature", "properties": { "id": "19cfce3d-7acc-4356-86d1-1f7889b381a7", "name": "Arqteria - Estudio de Arquitectura, Diseño Retail 360º, CSS y PRL", "taxonomy": "corporate_or_business_office", "confidence": 0.85, "operating_status": null }, "geometry": { "type": "Point", "coordinates": [ 2.00332403182983, 41.305450439453097 ] } },
{ "type": "Feature", "properties": { "id": "9374c976-cd4d-41f3-bcce-196d3f3e3049", "name": "Autoescola Tecnica 10", "taxonomy": "driving_school", "confidence": 0.784, "operating_status": null }, "geometry": { "type": "Point", "coordinates": [ 2.00328117, 41.3054926 ] } },
{ "type": "Feature", "properties": { "id": "7d1e40f6-ad7e-43a3-a63f-942de1c05521", "name": "Rodamon", "taxonomy": "bar", "confidence": 0.992, "operating_status": null }, "geometry": { "type": "Point", "coordinates": [ 2.00399642, 41.30550957 ] } },
{ "type": "Feature", "properties": { "id": "00b0a585-b10d-4ab9-ade4-9e9870a1fa36", "name": "Peluqueria stil maite", "taxonomy": "hair_salon", "confidence": 0.827, "operating_status": null }, "geometry": { "type": "Point", "coordinates": [ 2.00396048, 41.3056384 ] } },
{ "type": "Feature", "properties": { "id": "86f3d2a4-0109-4ffa-a22d-c83503dad509", "name": "Marta Roig Advocada", "taxonomy": "attorney_or_law_firm", "confidence": 0.866, "operating_status": null }, "geometry": { "type": "Point", "coordinates": [ 2.00421113, 41.30565505 ] } },
{ "type": "Feature", "properties": { "id": "6ad0d510-8459-4611-844e-65c688e39269", "name": "Clinica Veterinaria Montau", "taxonomy": "veterinarian", "confidence": 0.978, "operating_status": null }, "geometry": { "type": "Point", "coordinates": [ 2.00417838, 41.30567507 ] } },
{ "type": "Feature", "properties": { "id": "3ecb5cbf-ae36-4f1d-976b-d8b71e3020d1", "name": "Vinalium", "taxonomy": "liquor_store", "confidence": 0.876, "operating_status": null }, "geometry": { "type": "Point", "coordinates": [ 2.00391565, 41.3053222 ] } },
{ "type": "Feature", "properties": { "id": "a8b395ef-bf25-486f-876a-96f47a879fae", "name": "Boulder UME Gavà", "taxonomy": "rock_climbing_spot", "confidence": 0.854, "operating_status": null }, "geometry": { "type": "Point", "coordinates": [ 2.0053383, 41.3053836 ] } },
{ "type": "Feature", "properties": { "id": "dc611ec6-1f56-48cb-9880-0c063ac61149", "name": "Fòrum Montau", "taxonomy": "behavioral_or_mental_health_clinic", "confidence": 0.77, "operating_status": null }, "geometry": { "type": "Point", "coordinates": [ 2.005127, 41.305546 ] } },
{ "type": "Feature", "properties": { "id": "ebf6772b-7668-4cc4-8482-ed07a96048b9", "name": "Ferreteria Solé", "taxonomy": "hardware_store", "confidence": 0.77, "operating_status": null }, "geometry": { "type": "Point", "coordinates": [ 2.004797114429381, 41.305666905711014 ] } },
{ "type": "Feature", "properties": { "id": "50c5eabb-6af4-4b01-9ca8-48d5f6f797a9", "name": "AD Maiora Estilistas", "taxonomy": "hair_salon", "confidence": 0.946, "operating_status": null }, "geometry": { "type": "Point", "coordinates": [ 2.0050828, 41.30578656 ] } },
{ "type": "Feature", "properties": { "id": "a1340f98-bd12-495a-8705-7514caa5033a", "name": "Centro Montau Gavà", "taxonomy": "abuse_and_addiction_treatment_center", "confidence": 0.942, "operating_status": null }, "geometry": { "type": "Point", "coordinates": [ 2.00497845, 41.30577327 ] } },
{ "type": "Feature", "properties": { "id": "e34094e2-ce04-4823-bc66-9e635f06a0eb", "name": "Farmacia del Centre", "taxonomy": "pharmacy", "confidence": 0.787, "operating_status": null }, "geometry": { "type": "Point", "coordinates": [ 2.00494683, 41.30585401 ] } },
{ "type": "Feature", "properties": { "id": "3880f90c-e752-46e7-97d0-bfdb4fb97c41", "name": "Morning Glory Montessori", "taxonomy": "preschool", "confidence": 0.906, "operating_status": null }, "geometry": { "type": "Point", "coordinates": [ 2.00542058, 41.30598003 ] } },
{ "type": "Feature", "properties": { "id": "630c19d5-8b81-4f4f-93de-d73e1dc336c5", "name": "Neus Pino Taller De Pintura", "taxonomy": "art_school", "confidence": 0.864, "operating_status": null }, "geometry": { "type": "Point", "coordinates": [ 2.00599081, 41.30569389 ] } },
{ "type": "Feature", "properties": { "id": "da2db527-1958-4e6d-867a-26a82ab11e30", "name": "La Caixa", "taxonomy": "bank", "confidence": 0.77, "operating_status": null }, "geometry": { "type": "Point", "coordinates": [ 2.006278488522126, 41.306073501613618 ] } },
{ "type": "Feature", "properties": { "id": "ac5a38c2-f835-4188-a2ae-d817a6f9a08e", "name": "Salon Olympos", "taxonomy": "barber", "confidence": 0.996, "operating_status": null }, "geometry": { "type": "Point", "coordinates": [ 2.00657018, 41.30594777 ] } },
{ "type": "Feature", "properties": { "id": "f67e35c1-11f7-499b-9441-708ce13414c4", "name": "Seven", "taxonomy": "clothing_store", "confidence": 0.744, "operating_status": null }, "geometry": { "type": "Point", "coordinates": [ 2.00665042, 41.30608244 ] } },
{ "type": "Feature", "properties": { "id": "1a6fe886-36fd-43a1-88ab-fe99714bc2f8", "name": "Clínica Dental Lovera", "taxonomy": "general_dentistry", "confidence": 0.848, "operating_status": null }, "geometry": { "type": "Point", "coordinates": [ 2.00699338, 41.30599985 ] } },
{ "type": "Feature", "properties": { "id": "789ea3a6-cbe4-4cf9-a8ca-4914969a6c38", "name": "GESTIO INTEGRAL", "taxonomy": null, "confidence": 0.85, "operating_status": null }, "geometry": { "type": "Point", "coordinates": [ 2.006995, 41.3059974 ] } },
{ "type": "Feature", "properties": { "id": "14325c1b-c7b7-4611-bb5e-64e8e186f1cd", "name": "Atmosfera Home Cortinas y Toldos a medida en Gavà", "taxonomy": "window_treatment_store", "confidence": 0.966, "operating_status": null }, "geometry": { "type": "Point", "coordinates": [ 2.006909184, 41.305646401 ] } },
{ "type": "Feature", "properties": { "id": "10a458d6-344c-4253-b5bf-cb318a4e27dd", "name": "Amore Modas", "taxonomy": "womens_clothing_store", "confidence": 0.957, "operating_status": null }, "geometry": { "type": "Point", "coordinates": [ 2.00673055, 41.30566303 ] } },
{ "type": "Feature", "properties": { "id": "6bed3a03-dd1a-4185-828e-3fed40dcac3f", "name": "Panet Mos i Cafè Gavà", "taxonomy": "bakery", "confidence": 0.985, "operating_status": null }, "geometry": { "type": "Point", "coordinates": [ 2.00699582, 41.30553347 ] } },
{ "type": "Feature", "properties": { "id": "d3aafb39-d4fe-444b-ab4d-1583c019e297", "name": "Ibercaja Banco", "taxonomy": "bank_or_credit_union", "confidence": 0.966, "operating_status": null }, "geometry": { "type": "Point", "coordinates": [ 2.0069446, 41.3054984 ] } },
{ "type": "Feature", "properties": { "id": "ebc37c3c-9c83-4cf6-b805-ea41b285944d", "name": "Sant Croi By Albert Roca", "taxonomy": "ice_cream_shop", "confidence": 0.77, "operating_status": null }, "geometry": { "type": "Point", "coordinates": [ 2.006839491621371, 41.305547240357846 ] } },
{ "type": "Feature", "properties": { "id": "18a08b1b-ef93-406e-b560-e676226fb990", "name": "Star Books", "taxonomy": "bookstore", "confidence": 0.77, "operating_status": null }, "geometry": { "type": "Point", "coordinates": [ 2.006512613866584, 41.305494629247271 ] } },
{ "type": "Feature", "properties": { "id": "7abdfa85-cc61-4454-926f-340becc75fc0", "name": "Peluquería OD Gavà", "taxonomy": "hair_salon", "confidence": 0.888, "operating_status": null }, "geometry": { "type": "Point", "coordinates": [ 2.00654087, 41.30562543 ] } },
{ "type": "Feature", "properties": { "id": "0d6288c6-6b2b-492b-9350-0016f306b7ca", "name": "Taller de Música Gavà", "taxonomy": "music_school", "confidence": 0.958, "operating_status": null }, "geometry": { "type": "Point", "coordinates": [ 2.00613986, 41.30559342 ] } },
{ "type": "Feature", "properties": { "id": "ad0180d1-1177-4a3e-936a-b5c8628fa4a8", "name": "Calzados Juma", "taxonomy": "shoe_store", "confidence": 0.946, "operating_status": null }, "geometry": { "type": "Point", "coordinates": [ 2.00600134, 41.30541653 ] } },
{ "type": "Feature", "properties": { "id": "f0537fea-1d7b-4dc3-bb16-6d0495bbf14d", "name": "Zapaterias Juma", "taxonomy": "shoe_store", "confidence": 0.77, "operating_status": null }, "geometry": { "type": "Point", "coordinates": [ 2.005909862521644, 41.30534156291106 ] } },
{ "type": "Feature", "properties": { "id": "63fe3ef8-8a0b-4e87-9a29-551cb8280bb1", "name": "Llar D´infants Ralet-ralet", "taxonomy": "education", "confidence": 0.77, "operating_status": null }, "geometry": { "type": "Point", "coordinates": [ 2.006124299919701, 41.305320027368957 ] } },
{ "type": "Feature", "properties": { "id": "28240a09-054a-47f2-8fa2-1ac06c66c612", "name": "Viatges Intergavà", "taxonomy": "travel_service", "confidence": 0.992, "operating_status": null }, "geometry": { "type": "Point", "coordinates": [ 2.00581907, 41.30517549 ] } },
{ "type": "Feature", "properties": { "id": "b52e7e34-af4b-4670-9819-f098641edfc6", "name": "Mercat del centre", "taxonomy": "farmers_market", "confidence": 0.984, "operating_status": null }, "geometry": { "type": "Point", "coordinates": [ 2.00560771, 41.30516954 ] } },
{ "type": "Feature", "properties": { "id": "eca41ae3-b734-48e3-9b35-caf00631a1ab", "name": "La Botiga de lo Salat", "taxonomy": "grocery_store", "confidence": 0.977, "operating_status": null }, "geometry": { "type": "Point", "coordinates": [ 2.00548118, 41.305116 ] } },
{ "type": "Feature", "properties": { "id": "a8417166-3a2a-45d2-b7d3-5134f86569ef", "name": "Gavà Jove", "taxonomy": "youth_organization", "confidence": 0.776, "operating_status": null }, "geometry": { "type": "Point", "coordinates": [ 2.0055147, 41.3051357 ] } },
{ "type": "Feature", "properties": { "id": "4b8dc93a-7dc7-4291-a4ca-207a43fa1b47", "name": "Vianda Xarcuters", "taxonomy": "specialty_foods_store", "confidence": 0.784, "operating_status": null }, "geometry": { "type": "Point", "coordinates": [ 2.00558523, 41.30515742 ] } },
{ "type": "Feature", "properties": { "id": "95381d02-5a0c-4a4d-8ef1-9a922f572604", "name": "Peixateríes Martí", "taxonomy": "fishmonger", "confidence": 0.932, "operating_status": null }, "geometry": { "type": "Point", "coordinates": [ 2.00557519, 41.30515833 ] } },
{ "type": "Feature", "properties": { "id": "f29e8d17-1f09-4e11-b7f3-46a59b8c4924", "name": "Pastisseria L'Embolic", "taxonomy": "bakery", "confidence": 0.959, "operating_status": null }, "geometry": { "type": "Point", "coordinates": [ 2.00503362, 41.30504107 ] } },
{ "type": "Feature", "properties": { "id": "7668e010-684a-49bf-8a68-d74a2fc55ab3", "name": "Zuri", "taxonomy": "womens_clothing_store", "confidence": 0.909, "operating_status": null }, "geometry": { "type": "Point", "coordinates": [ 2.00505294, 41.30487424 ] } },
{ "type": "Feature", "properties": { "id": "c4f55b0d-3e14-4c8c-a276-07d096e67658", "name": "Tiendas NEKSUS Gavá", "taxonomy": "mobile_phone_store", "confidence": 0.986, "operating_status": null }, "geometry": { "type": "Point", "coordinates": [ 2.0052549, 41.3050585 ] } },
{ "type": "Feature", "properties": { "id": "743bdfa3-7f21-40af-ac5e-1f32ea51c8c6", "name": "Coffeemon", "taxonomy": "coffee_shop", "confidence": 0.839, "operating_status": null }, "geometry": { "type": "Point", "coordinates": [ 2.00553897, 41.30500772 ] } },
{ "type": "Feature", "properties": { "id": "f7ca8f40-d471-4ce9-bdab-30e7d23c65af", "name": "Espai Jove La Casa Gran", "taxonomy": "cultural_center", "confidence": 0.726, "operating_status": null }, "geometry": { "type": "Point", "coordinates": [ 2.00553585, 41.30503608 ] } },
{ "type": "Feature", "properties": { "id": "f04052fb-4332-4e40-9b64-b568f4fd9580", "name": "Carmen Pedrosa", "taxonomy": "jewelry_store", "confidence": 0.966, "operating_status": null }, "geometry": { "type": "Point", "coordinates": [ 2.00573502, 41.3050321 ] } },
{ "type": "Feature", "properties": { "id": "7138fd31-ebe0-44ef-836a-9a6486e5ea1c", "name": "Major Trentasis", "taxonomy": "mediterranean_restaurant", "confidence": 0.77, "operating_status": null }, "geometry": { "type": "Point", "coordinates": [ 2.005725552363427, 41.304975592599888 ] } },
{ "type": "Feature", "properties": { "id": "ab0c6e3f-10d3-4623-a53c-b9c8d0fe78af", "name": "Temps de flors", "taxonomy": "flowers_and_gifts_store", "confidence": 0.982, "operating_status": null }, "geometry": { "type": "Point", "coordinates": [ 2.00557843, 41.30468091 ] } },
{ "type": "Feature", "properties": { "id": "939fbf56-27bd-4aaf-8ffa-d2af33f1b212", "name": "Bacallaneria Montse", "taxonomy": "delicatessen", "confidence": 0.919, "operating_status": null }, "geometry": { "type": "Point", "coordinates": [ 2.00523509, 41.30472022 ] } },
{ "type": "Feature", "properties": { "id": "dd4e36b6-44a8-4270-9a37-aa8043491acc", "name": "Botiga Casa Escala", "taxonomy": "butcher_shop", "confidence": 0.722, "operating_status": null }, "geometry": { "type": "Point", "coordinates": [ 2.00533213, 41.30484847 ] } },
{ "type": "Feature", "properties": { "id": "8d85f7ed-78b9-4c2e-bc67-12d31989df2c", "name": "Armería Muñoz I Bruach", "taxonomy": "gun_and_ammo_store", "confidence": 0.97, "operating_status": null }, "geometry": { "type": "Point", "coordinates": [ 2.00480408, 41.30476554 ] } },
{ "type": "Feature", "properties": { "id": "c26d9a44-4bfc-4cc7-bb8f-8b52b3a09899", "name": "Vodafone Sant Pere", "taxonomy": "mobile_phone_store", "confidence": 0.966, "operating_status": null }, "geometry": { "type": "Point", "coordinates": [ 2.00449920000005, 41.3047598 ] } },
{ "type": "Feature", "properties": { "id": "c66bd21d-7daf-4d1d-a238-deb08d0082e5", "name": "Nikte Bakery", "taxonomy": "bakery", "confidence": 0.911, "operating_status": null }, "geometry": { "type": "Point", "coordinates": [ 2.00448165, 41.30465813 ] } },
{ "type": "Feature", "properties": { "id": "2ac53128-0192-4e7a-b4e8-32630ce4a1f3", "name": "moda allende los mares", "taxonomy": "fashion_and_apparel_store", "confidence": 0.889, "operating_status": null }, "geometry": { "type": "Point", "coordinates": [ 2.00492127, 41.30472031 ] } },
{ "type": "Feature", "properties": { "id": "ff3963aa-7538-44dc-bf40-308695a9572f", "name": "JM Peluqueria", "taxonomy": "hair_salon", "confidence": 0.975, "operating_status": null }, "geometry": { "type": "Point", "coordinates": [ 2.00504915, 41.30463414 ] } },
{ "type": "Feature", "properties": { "id": "9ac31b3e-5275-4c5e-8cb9-aebadbd2de3f", "name": "Crochetare", "taxonomy": "hobby_shop", "confidence": 0.96, "operating_status": null }, "geometry": { "type": "Point", "coordinates": [ 2.00538943, 41.30455886 ] } },
{ "type": "Feature", "properties": { "id": "b5ea164b-e9e5-4748-9e4e-e2d32292b961", "name": "Factoria Lineal RGR", "taxonomy": "web_designer", "confidence": 0.737, "operating_status": null }, "geometry": { "type": "Point", "coordinates": [ 2.00544677, 41.30457027 ] } },
{ "type": "Feature", "properties": { "id": "13e48181-5edc-41a4-a054-8fca8aef85ad", "name": "Vuit Taules", "taxonomy": "tapas_bar", "confidence": 0.834, "operating_status": null }, "geometry": { "type": "Point", "coordinates": [ 2.00555822, 41.30446346 ] } },
{ "type": "Feature", "properties": { "id": "1d41c7b1-550d-44b5-bd47-65eeb416d239", "name": "Psicoparlem", "taxonomy": "psychology", "confidence": 0.922, "operating_status": null }, "geometry": { "type": "Point", "coordinates": [ 2.0056684, 41.30445013 ] } },
{ "type": "Feature", "properties": { "id": "5e1c1eba-0566-4b50-8c40-9f8cb745dc72", "name": "Rovira Clinic", "taxonomy": "outpatient_care_facility", "confidence": 0.957, "operating_status": null }, "geometry": { "type": "Point", "coordinates": [ 2.00612913, 41.30451661 ] } },
{ "type": "Feature", "properties": { "id": "9eb610c1-d520-465a-8369-d19549960a4a", "name": "Pels petits i més", "taxonomy": "spa", "confidence": 0.955, "operating_status": null }, "geometry": { "type": "Point", "coordinates": [ 2.004914, 41.3036476 ] } },
{ "type": "Feature", "properties": { "id": "ef0decbf-6812-4fb9-a7a2-82d578d2dc69", "name": "Sweet Ride Gavà", "taxonomy": "bike_repair_maintenance", "confidence": 0.898, "operating_status": null }, "geometry": { "type": "Point", "coordinates": [ 2.00452964, 41.30393351 ] } },
{ "type": "Feature", "properties": { "id": "5332f90e-2937-4452-a204-4112b8041da7", "name": "Kokoké", "taxonomy": "bakery", "confidence": 0.977, "operating_status": null }, "geometry": { "type": "Point", "coordinates": [ 2.0057051295471, 41.304336237907997 ] } },
{ "type": "Feature", "properties": { "id": "499eb221-b358-4ca9-8786-5e3b0468145d", "name": "Wonder Moda", "taxonomy": "womens_clothing_store", "confidence": 0.891, "operating_status": null }, "geometry": { "type": "Point", "coordinates": [ 2.005418, 41.304366 ] } },
{ "type": "Feature", "properties": { "id": "e0a9ec95-9618-4fb1-9211-dea44f0d4d4c", "name": "La Vinya Degusta", "taxonomy": "liquor_store", "confidence": 0.887, "operating_status": null }, "geometry": { "type": "Point", "coordinates": [ 2.00414, 41.30426 ] } },
{ "type": "Feature", "properties": { "id": "5aff2cee-1392-425e-bc78-11e902c029be", "name": "Floristería BlancaFlors", "taxonomy": "flowers_and_gifts_store", "confidence": 0.933, "operating_status": null }, "geometry": { "type": "Point", "coordinates": [ 2.00398534, 41.30431038 ] } },
{ "type": "Feature", "properties": { "id": "89a5017c-ee9f-4e81-9f7e-226a82e30202", "name": "Righetti Forners", "taxonomy": "bakery", "confidence": 0.979, "operating_status": null }, "geometry": { "type": "Point", "coordinates": [ 2.0040508, 41.30437483 ] } },
{ "type": "Feature", "properties": { "id": "517c40b4-e2ee-4e0a-b9d8-c9e4b1abd4fb", "name": "Granería Moreneta", "taxonomy": "specialty_foods_store", "confidence": 0.997, "operating_status": null }, "geometry": { "type": "Point", "coordinates": [ 2.00330049, 41.30438376 ] } },
{ "type": "Feature", "properties": { "id": "69763e77-59cf-4f94-b67b-2bddf6ee5d10", "name": "Peluquería M. Cinta", "taxonomy": "barber", "confidence": 0.941, "operating_status": null }, "geometry": { "type": "Point", "coordinates": [ 2.00333, 41.30438 ] } },
{ "type": "Feature", "properties": { "id": "4d9b4387-cfb3-482f-966c-f92fc5e4bf2e", "name": "Granier", "taxonomy": "bakery", "confidence": 0.954, "operating_status": null }, "geometry": { "type": "Point", "coordinates": [ 2.00336723, 41.30433935 ] } },
{ "type": "Feature", "properties": { "id": "45946b82-a78f-4d99-8598-a4e1ae7bc775", "name": "Tempsdestetica", "taxonomy": "beauty_salon", "confidence": 0.934, "operating_status": null }, "geometry": { "type": "Point", "coordinates": [ 2.00356683, 41.30403234 ] } },
{ "type": "Feature", "properties": { "id": "277de56e-1abf-4772-b70e-342e23794fdc", "name": "La bici verda", "taxonomy": "coffee_shop", "confidence": 0.769, "operating_status": null }, "geometry": { "type": "Point", "coordinates": [ 2.0042737, 41.3040016 ] } },
{ "type": "Feature", "properties": { "id": "173e9b27-e583-4833-8fa5-d5cafd0feee3", "name": "Clinica Dental Navarro", "taxonomy": "general_dentistry", "confidence": 0.994, "operating_status": null }, "geometry": { "type": "Point", "coordinates": [ 2.00229824, 41.30389558 ] } },
{ "type": "Feature", "properties": { "id": "dad74b9c-1d98-4d98-a831-e09a060be537", "name": "Fincas Marina", "taxonomy": "real_estate_service", "confidence": 0.793, "operating_status": null }, "geometry": { "type": "Point", "coordinates": [ 2.00230111, 41.30412076 ] } },
{ "type": "Feature", "properties": { "id": "0c27ea7a-7ebb-40ef-a6b7-70f23d981f6c", "name": "Enrique Tomás - Gavà Centro", "taxonomy": "delicatessen", "confidence": 0.77, "operating_status": null }, "geometry": { "type": "Point", "coordinates": [ 2.002385038538848, 41.304157602011564 ] } },
{ "type": "Feature", "properties": { "id": "00e5dc12-040b-437d-8ff8-5231a3fb63dc", "name": "La Sirena", "taxonomy": "grocery_store", "confidence": 0.77, "operating_status": null }, "geometry": { "type": "Point", "coordinates": [ 2.00306947119876, 41.304323837242706 ] } },
{ "type": "Feature", "properties": { "id": "8af14382-4613-463c-9991-796cf8cbca91", "name": "Equivalenza Gavà", "taxonomy": "beauty_supply_store", "confidence": 0.842, "operating_status": null }, "geometry": { "type": "Point", "coordinates": [ 2.00282146, 41.304346 ] } },
{ "type": "Feature", "properties": { "id": "9a997041-6233-4f03-a5c2-32fdc045dd55", "name": "Vision Lent", "taxonomy": "eyewear_store", "confidence": 0.84, "operating_status": null }, "geometry": { "type": "Point", "coordinates": [ 2.00273961, 41.30433073 ] } },
{ "type": "Feature", "properties": { "id": "e9f23ee7-43c1-424f-954c-3561fab106b7", "name": "Alain Afflelou Óptico y Audiólogo", "taxonomy": "eyewear_store", "confidence": 1.0, "operating_status": null }, "geometry": { "type": "Point", "coordinates": [ 2.00233218, 41.3042354 ] } },
{ "type": "Feature", "properties": { "id": "a34d6826-8311-4f44-9f14-94e67b23a8da", "name": "La Fábrica del Cartucho", "taxonomy": "supplier_or_distributor", "confidence": 0.85, "operating_status": null }, "geometry": { "type": "Point", "coordinates": [ 2.002415, 41.304311 ] } },
{ "type": "Feature", "properties": { "id": "aaa2a354-50d9-44a2-a985-77239c8e41bf", "name": "Confortauto Reparacio de l'Automobil M. Gallego", "taxonomy": "tire_dealer_and_repair", "confidence": 0.787, "operating_status": null }, "geometry": { "type": "Point", "coordinates": [ 2.0023044, 41.30452328 ] } },
{ "type": "Feature", "properties": { "id": "004bc7ea-f204-4d2c-9b9e-0a2efb3122ad", "name": "ETERNIA", "taxonomy": "womens_clothing_store", "confidence": 0.888, "operating_status": null }, "geometry": { "type": "Point", "coordinates": [ 2.00317, 41.30462 ] } },
{ "type": "Feature", "properties": { "id": "77525d69-2d26-4fd6-8a8d-279bd6e0f3f8", "name": "Druni Perfumerías", "taxonomy": "beauty_supply_store", "confidence": 0.968, "operating_status": null }, "geometry": { "type": "Point", "coordinates": [ 2.00314477, 41.30445369 ] } },
{ "type": "Feature", "properties": { "id": "d7315ba7-b679-4116-b139-3c8a2df664e8", "name": "Joan el Pagès", "taxonomy": "food_delivery_service", "confidence": 0.805, "operating_status": null }, "geometry": { "type": "Point", "coordinates": [ 2.00327154, 41.30447485 ] } },
{ "type": "Feature", "properties": { "id": "b2556666-4e31-4a46-82b0-f30b70b86148", "name": "Ametller Origen", "taxonomy": "specialty_foods_store", "confidence": 0.98, "operating_status": null }, "geometry": { "type": "Point", "coordinates": [ 2.00373133, 41.30460972 ] } },
{ "type": "Feature", "properties": { "id": "66f71fa9-f1a8-4b3c-8900-b33b99be13f7", "name": "L'Illa Gava", "taxonomy": "shopping", "confidence": 0.869, "operating_status": null }, "geometry": { "type": "Point", "coordinates": [ 2.0037566124417, 41.304566567518002 ] } },
{ "type": "Feature", "properties": { "id": "3be36366-37fb-472a-95c3-dff628b0d547", "name": "Confeccions Amadeo Payà", "taxonomy": "uniform_store", "confidence": 0.825, "operating_status": null }, "geometry": { "type": "Point", "coordinates": [ 2.00363637, 41.30449589 ] } },
{ "type": "Feature", "properties": { "id": "1bbdb219-f17f-454b-b508-a8df36e54b45", "name": "Tottori", "taxonomy": "japanese_restaurant", "confidence": 0.979, "operating_status": null }, "geometry": { "type": "Point", "coordinates": [ 2.00365918, 41.30446092 ] } },
{ "type": "Feature", "properties": { "id": "31afec86-26e8-4528-9691-50f704b2b413", "name": "Àrea Digital Illa", "taxonomy": "professional_service", "confidence": 0.914, "operating_status": null }, "geometry": { "type": "Point", "coordinates": [ 2.00426386, 41.30444225 ] } },
{ "type": "Feature", "properties": { "id": "a635e0bc-6d6a-4da7-ac0b-b096db65b1d8", "name": "Vistaoptica", "taxonomy": "eyewear_store", "confidence": 0.998, "operating_status": null }, "geometry": { "type": "Point", "coordinates": [ 2.00437904, 41.30462712 ] } },
{ "type": "Feature", "properties": { "id": "dcd2149b-8461-4e4f-afa8-68271386a47d", "name": "Poke Brunch", "taxonomy": "poke_restaurant", "confidence": 0.77, "operating_status": null }, "geometry": { "type": "Point", "coordinates": [ 2.003945, 41.304715 ] } },
{ "type": "Feature", "properties": { "id": "00054333-8262-4abf-8dd1-d6d4907db731", "name": "maeshairsalon", "taxonomy": "barber", "confidence": 0.926, "operating_status": null }, "geometry": { "type": "Point", "coordinates": [ 2.004369199276, 41.304714985006001 ] } },
{ "type": "Feature", "properties": { "id": "9fee57c3-ea68-49d4-9d12-b157f3796bd2", "name": "El Far Bistró Vins i Vermuts", "taxonomy": "bar", "confidence": 0.998, "operating_status": null }, "geometry": { "type": "Point", "coordinates": [ 2.00424875, 41.30470409 ] } },
{ "type": "Feature", "properties": { "id": "e1c866ec-4c36-48c0-8776-a533ee1c46fe", "name": "GAES una marca amplifon", "taxonomy": "hearing_aid_store", "confidence": 0.997, "operating_status": null }, "geometry": { "type": "Point", "coordinates": [ 2.003220363960372, 41.304657950277239 ] } },
{ "type": "Feature", "properties": { "id": "d8910202-01a8-4dc7-b482-374461b2251d", "name": "Tus Manos Hablan", "taxonomy": "beauty_salon", "confidence": 0.847, "operating_status": null }, "geometry": { "type": "Point", "coordinates": [ 2.00420347, 41.30492661 ] } },
{ "type": "Feature", "properties": { "id": "b01fc810-c98b-4a16-a746-4491b2f25fd6", "name": "Seguros Ávila", "taxonomy": "auto_insurance", "confidence": 0.892, "operating_status": null }, "geometry": { "type": "Point", "coordinates": [ 2.004169192, 41.304964462 ] } },
{ "type": "Feature", "properties": { "id": "346077b6-d0f6-4660-8df0-9b5f6de8c056", "name": "Illa de Gavà", "taxonomy": "arts_and_entertainment", "confidence": 0.902, "operating_status": null }, "geometry": { "type": "Point", "coordinates": [ 2.004048, 41.30506 ] } },
{ "type": "Feature", "properties": { "id": "cfdfe561-a6ae-4f8a-8920-eab5cfd2c47c", "name": "LOTERIAS VIA - Administración de lotería nº 4 - Se reserva Lotería de Navidad.", "taxonomy": "lottery_vendor", "confidence": 0.801, "operating_status": null }, "geometry": { "type": "Point", "coordinates": [ 2.0041479, 41.30509769 ] } },
{ "type": "Feature", "properties": { "id": "4e674ac8-2e05-4c7e-b614-c2c68000a9ad", "name": "XT Estudi", "taxonomy": "graphic_designer", "confidence": 0.858, "operating_status": null }, "geometry": { "type": "Point", "coordinates": [ 2.00279415, 41.30510204 ] } },
{ "type": "Feature", "properties": { "id": "9ab2696f-cb72-492d-94b3-c28d003e13b3", "name": "Massada", "taxonomy": "massage_therapy", "confidence": 0.939, "operating_status": null }, "geometry": { "type": "Point", "coordinates": [ 1.99941333, 41.30523965 ] } },
{ "type": "Feature", "properties": { "id": "11da10d1-b30a-4623-a848-04a6a5237dec", "name": "Administració De Lotería Número 5 Montflorit", "taxonomy": "lottery_vendor", "confidence": 0.919, "operating_status": null }, "geometry": { "type": "Point", "coordinates": [ 1.9997369, 41.30498981 ] } },
{ "type": "Feature", "properties": { "id": "b78a104a-6e86-4fa6-a0f5-b0e872e279eb", "name": "El Muro", "taxonomy": "school", "confidence": 0.774, "operating_status": null }, "geometry": { "type": "Point", "coordinates": [ 1.99950354, 41.30503824 ] } },
{ "type": "Feature", "properties": { "id": "d7b18e63-2737-4c05-9a1b-fc59aab241f6", "name": "Amazon Locker - cirropodo", "taxonomy": "package_locker", "confidence": 0.8, "operating_status": null }, "geometry": { "type": "Point", "coordinates": [ 1.99944, 41.30501 ] } },
{ "type": "Feature", "properties": { "id": "fa2bd5f2-7c99-45f3-a1e4-735ad5eded30", "name": "Amazon Locker - roquefort", "taxonomy": "package_locker", "confidence": 0.8, "operating_status": null }, "geometry": { "type": "Point", "coordinates": [ 1.9996, 41.3049 ] } },
{ "type": "Feature", "properties": { "id": "6fdbc7b6-9d95-40e8-ac11-bbf2f676632c", "name": "Halo English", "taxonomy": "language_school", "confidence": 0.997, "operating_status": null }, "geometry": { "type": "Point", "coordinates": [ 2.00015482, 41.30468688 ] } },
{ "type": "Feature", "properties": { "id": "3fa843a9-1f4e-4a0b-af4e-cdb31118070e", "name": "2Tijeras", "taxonomy": "fashion_and_apparel_store", "confidence": 0.934, "operating_status": null }, "geometry": { "type": "Point", "coordinates": [ 1.9995, 41.3048 ] } },
{ "type": "Feature", "properties": { "id": "03f11ea5-7000-48d8-a179-9d2bfb070255", "name": "CaixaBank Store", "taxonomy": "bank_or_credit_union", "confidence": 0.85, "operating_status": null }, "geometry": { "type": "Point", "coordinates": [ 1.9994186, 41.30451 ] } },
{ "type": "Feature", "properties": { "id": "a330699e-18c9-4fa9-895f-84df87c9b24f", "name": "Supermercado Spar", "taxonomy": "grocery_store", "confidence": 0.85, "operating_status": null }, "geometry": { "type": "Point", "coordinates": [ 2.00005, 41.30447 ] } },
{ "type": "Feature", "properties": { "id": "1391d0d7-d1e1-4ac4-8d5c-ef3e96f01d5e", "name": "Coworking Gavà", "taxonomy": "party_and_event_planning", "confidence": 0.855, "operating_status": null }, "geometry": { "type": "Point", "coordinates": [ 2.00147771, 41.30471208 ] } },
{ "type": "Feature", "properties": { "id": "9f74392a-b94e-4e85-aef4-5cab3867216d", "name": "Maymo Info - Gestio", "taxonomy": "telecommunications_service", "confidence": 0.77, "operating_status": null }, "geometry": { "type": "Point", "coordinates": [ 2.001374895855193, 41.304835729364925 ] } },
{ "type": "Feature", "properties": { "id": "a9213bd4-c62e-46a0-ba91-4b32bdbcc8ea", "name": "Home Pizza Gavà", "taxonomy": "pizza_restaurant", "confidence": 0.77, "operating_status": null }, "geometry": { "type": "Point", "coordinates": [ 2.00151586519496, 41.304502211329201 ] } },
{ "type": "Feature", "properties": { "id": "f71f4297-694f-4e36-86d0-1a0bd5dd72c3", "name": "Desatascos Aqua Llobregat", "taxonomy": "cleaning_service", "confidence": 0.77, "operating_status": null }, "geometry": { "type": "Point", "coordinates": [ 2.001544833183289, 41.304439698473416 ] } },
{ "type": "Feature", "properties": { "id": "b9d9997d-1f9a-4110-b261-d4597d526e07", "name": "La llar de les maskotes", "taxonomy": "pet_groomer", "confidence": 0.974, "operating_status": null }, "geometry": { "type": "Point", "coordinates": [ 2.00083401, 41.30407767 ] } },
{ "type": "Feature", "properties": { "id": "656dc172-a4de-4650-a830-1e5efd0b9043", "name": "Server24", "taxonomy": "shopping", "confidence": 0.77, "operating_status": null }, "geometry": { "type": "Point", "coordinates": [ 2.001220759839614, 41.304082259311819 ] } },
{ "type": "Feature", "properties": { "id": "98bc8556-bdf8-420e-ba2c-8eac34ab0529", "name": "Centro Cultural Islámico la Paz de Gavà", "taxonomy": "cultural_center", "confidence": 0.781, "operating_status": null }, "geometry": { "type": "Point", "coordinates": [ 2.001298679753586, 41.30403719703456 ] } },
{ "type": "Feature", "properties": { "id": "dbe96d6f-d3a8-4cd8-8b8f-6f872d5ded6e", "name": "Telepizza Gavà", "taxonomy": "pizza_restaurant", "confidence": 0.85, "operating_status": null }, "geometry": { "type": "Point", "coordinates": [ 2.001298679753586, 41.30403719703456 ] } },
{ "type": "Feature", "properties": { "id": "8d0604e8-4b90-4f9c-8394-4ee08f188317", "name": "Sisi Nails Gavà", "taxonomy": "nail_salon", "confidence": 0.947, "operating_status": null }, "geometry": { "type": "Point", "coordinates": [ 2.00157866, 41.30420243 ] } },
{ "type": "Feature", "properties": { "id": "24751d99-fd70-4a58-9e3c-899376cd40ab", "name": "Joguines Somnis Gavà", "taxonomy": "toy_store", "confidence": 0.85, "operating_status": null }, "geometry": { "type": "Point", "coordinates": [ 2.0017761, 41.3041555 ] } },
{ "type": "Feature", "properties": { "id": "7a6fed3d-05c1-4f95-a600-15c3101b4c1f", "name": "Celler Bacus", "taxonomy": "tapas_bar", "confidence": 0.853, "operating_status": null }, "geometry": { "type": "Point", "coordinates": [ 2.00131555, 41.30385587 ] } },
{ "type": "Feature", "properties": { "id": "b3c0a359-8967-4578-ab03-bc1391729674", "name": "Ildefonso", "taxonomy": "produce_store", "confidence": 0.85, "operating_status": null }, "geometry": { "type": "Point", "coordinates": [ 2.00187124, 41.303614554 ] } },
{ "type": "Feature", "properties": { "id": "bf49f0ba-e17b-46cb-90cf-186acdb44821", "name": "Agencia Generali Seguros", "taxonomy": "auto_insurance", "confidence": 0.923, "operating_status": null }, "geometry": { "type": "Point", "coordinates": [ 2.0011, 41.3037 ] } },
{ "type": "Feature", "properties": { "id": "804eab42-2c21-42c5-8da0-de3e01da1a5c", "name": "Pelegrín Papereria", "taxonomy": "printing_service", "confidence": 0.942, "operating_status": null }, "geometry": { "type": "Point", "coordinates": [ 2.0007884, 41.30375931 ] } },
{ "type": "Feature", "properties": { "id": "16c453e9-8b7f-4a9a-bbf5-def0676be02d", "name": "O cabelo salon", "taxonomy": "hair_salon", "confidence": 0.769, "operating_status": null }, "geometry": { "type": "Point", "coordinates": [ 2.00116442, 41.30382782 ] } },
{ "type": "Feature", "properties": { "id": "3964799b-8d7b-4a2b-abf4-039bd1aa70ff", "name": "Rostisseria Gavá", "taxonomy": "catalan_restaurant", "confidence": 0.954, "operating_status": null }, "geometry": { "type": "Point", "coordinates": [ 2.00129398, 41.30401539 ] } },
{ "type": "Feature", "properties": { "id": "6a9dcb6f-8bbe-4439-a780-f50e624351de", "name": "Forn del Barri", "taxonomy": "bakery", "confidence": 0.859, "operating_status": null }, "geometry": { "type": "Point", "coordinates": [ 2.00062406, 41.30392171 ] } },
{ "type": "Feature", "properties": { "id": "15ef31b8-b8a0-4e5e-aec4-914fc2f78b38", "name": "Oficina de Treball de Gavà", "taxonomy": "political_organization", "confidence": 0.85, "operating_status": null }, "geometry": { "type": "Point", "coordinates": [ 2.0005032, 41.3039525 ] } },
{ "type": "Feature", "properties": { "id": "2031ebf4-716e-447c-8332-3925ea020957", "name": "Calçats Valero's", "taxonomy": "shoe_store", "confidence": 0.77, "operating_status": null }, "geometry": { "type": "Point", "coordinates": [ 2.000158495052812, 41.30391122811195 ] } },
{ "type": "Feature", "properties": { "id": "a867c3b5-25b0-46c2-baff-26750407ecee", "name": "Opticentre", "taxonomy": "eyewear_store", "confidence": 0.821, "operating_status": null }, "geometry": { "type": "Point", "coordinates": [ 2.00012144, 41.30388438 ] } },
{ "type": "Feature", "properties": { "id": "12eaf3a9-77c2-4056-bdf6-5fc115d6bd18", "name": "Clínica Dental Vitaldent", "taxonomy": "dental_clinic", "confidence": 0.998, "operating_status": null }, "geometry": { "type": "Point", "coordinates": [ 2.00052851, 41.30387383 ] } },
{ "type": "Feature", "properties": { "id": "c65d6bd1-518e-49c4-b9b6-4a0e67086f7c", "name": "Telesat Gava", "taxonomy": "telecommunications_service", "confidence": 0.927, "operating_status": null }, "geometry": { "type": "Point", "coordinates": [ 2.000552604, 41.303764791 ] } },
{ "type": "Feature", "properties": { "id": "1f0aefe4-9d14-432a-8c52-ed18a623b086", "name": "BBVA", "taxonomy": "second_hand_store", "confidence": 0.966, "operating_status": null }, "geometry": { "type": "Point", "coordinates": [ 2.000562, 41.3036985 ] } },
{ "type": "Feature", "properties": { "id": "df123a9a-4035-41be-8909-a0c96bec1493", "name": "Finques Millenium", "taxonomy": "real_estate_service", "confidence": 0.96, "operating_status": null }, "geometry": { "type": "Point", "coordinates": [ 2.00015543, 41.30367389 ] } },
{ "type": "Feature", "properties": { "id": "36621607-db09-4616-8470-4cab77feb568", "name": "Sunset Cafe", "taxonomy": "cafe", "confidence": 0.99, "operating_status": null }, "geometry": { "type": "Point", "coordinates": [ 1.99972014, 41.30359352 ] } },
{ "type": "Feature", "properties": { "id": "8fabcded-e895-4862-b8c7-b78df894cc5e", "name": "Arias Digital L'Illa", "taxonomy": "printing_service", "confidence": 0.924, "operating_status": null }, "geometry": { "type": "Point", "coordinates": [ 2.00000507, 41.30394099 ] } },
{ "type": "Feature", "properties": { "id": "67f9791f-7a53-4109-aaa3-69b7c449ef1f", "name": "Fincas Balmes", "taxonomy": "real_estate_agent", "confidence": 0.77, "operating_status": null }, "geometry": { "type": "Point", "coordinates": [ 2.000036207590248, 41.304115739620464 ] } },
{ "type": "Feature", "properties": { "id": "9d4d6d45-6c55-4d57-b3fc-fd3f80be89ab", "name": "La Peixateria d'En Miquel", "taxonomy": "fishmonger", "confidence": 0.916, "operating_status": null }, "geometry": { "type": "Point", "coordinates": [ 1.99988331, 41.30423435 ] } },
{ "type": "Feature", "properties": { "id": "19825ae3-4b53-4148-a7d6-a2582067d795", "name": "Carrefour Viajes", "taxonomy": "travel_service", "confidence": 0.81, "operating_status": null }, "geometry": { "type": "Point", "coordinates": [ 1.99988919, 41.3042611 ] } },
{ "type": "Feature", "properties": { "id": "3e676868-6b67-4652-b808-f98c00609a35", "name": "Ajuntament de Gavà", "taxonomy": "town_hall", "confidence": 0.996, "operating_status": null }, "geometry": { "type": "Point", "coordinates": [ 1.9988229, 41.30382026 ] } },
{ "type": "Feature", "properties": { "id": "8b10c1e1-c699-4a52-89ec-d0730c9b0c85", "name": "Hipiclub Internacional", "taxonomy": "driving_school", "confidence": 0.77, "operating_status": null }, "geometry": { "type": "Point", "coordinates": [ 1.998820401063066, 41.30363972126338 ] } },
{ "type": "Feature", "properties": { "id": "35dc9755-42e5-4626-8184-273face8fc8f", "name": "Biblioteca Josep Soler Vidal", "taxonomy": "library", "confidence": 0.994, "operating_status": null }, "geometry": { "type": "Point", "coordinates": [ 1.99888859, 41.30378814 ] } },
{ "type": "Feature", "properties": { "id": "2cdd9067-220d-4df7-9865-2b66189959a2", "name": "Cafeteria Petit Comite", "taxonomy": "cafe", "confidence": 0.976, "operating_status": null }, "geometry": { "type": "Point", "coordinates": [ 1.99765691, 41.30407064 ] } },
{ "type": "Feature", "properties": { "id": "66586a5b-38a2-48ae-8ab1-513c76c3e053", "name": "Oficina Correos", "taxonomy": "post_office", "confidence": 0.77, "operating_status": null }, "geometry": { "type": "Point", "coordinates": [ 1.997534427413428, 41.304217341397717 ] } },
{ "type": "Feature", "properties": { "id": "366495cf-4597-4992-9c61-9adaea09694b", "name": "Condis", "taxonomy": "gardener", "confidence": 0.993, "operating_status": null }, "geometry": { "type": "Point", "coordinates": [ 1.9989673, 41.3047685 ] } },
{ "type": "Feature", "properties": { "id": "b53235d4-7b14-426d-9598-0b639b3c505c", "name": "6de6 Administración de Loterías Nº 5", "taxonomy": "casino", "confidence": 0.77, "operating_status": null }, "geometry": { "type": "Point", "coordinates": [ 1.999383628205222, 41.30490746458841 ] } },
{ "type": "Feature", "properties": { "id": "5493e5cd-9369-43c5-bfb9-05a3c6fa3df0", "name": "Estanco Diagonal Gavá", "taxonomy": null, "confidence": 0.731, "operating_status": null }, "geometry": { "type": "Point", "coordinates": [ 1.9978286, 41.3052359 ] } },
{ "type": "Feature", "properties": { "id": "e5790ff5-3064-4246-b97e-ffa94b0ac8ec", "name": "Foto Pir Video - Kodak Express", "taxonomy": "camera_and_photography_store", "confidence": 0.932, "operating_status": null }, "geometry": { "type": "Point", "coordinates": [ 1.99792892, 41.30505552 ] } },
{ "type": "Feature", "properties": { "id": "672ee1ba-6995-463a-83e9-e0a0f9a1b746", "name": "Caravaning Penedes", "taxonomy": "used_auto_dealer", "confidence": 0.77, "operating_status": null }, "geometry": { "type": "Point", "coordinates": [ 1.996932839286903, 41.304961206454664 ] } },
{ "type": "Feature", "properties": { "id": "b6d2cf0a-a46a-495b-9984-7b92cc416985", "name": "Iglesia Evangélica", "taxonomy": "protestant_place_of_worship", "confidence": 0.896, "operating_status": null }, "geometry": { "type": "Point", "coordinates": [ 1.99690456, 41.30506641 ] } },
{ "type": "Feature", "properties": { "id": "16646a12-6c59-417c-a501-86253a66450a", "name": "Centre Medic Integral Gava", "taxonomy": "outpatient_care_facility", "confidence": 0.743, "operating_status": null }, "geometry": { "type": "Point", "coordinates": [ 1.99729439, 41.30558186 ] } },
{ "type": "Feature", "properties": { "id": "dfd23f30-f48e-495f-abca-9dd3f3ff7814", "name": "Perruqueria Diagonal 22", "taxonomy": "barber", "confidence": 0.969, "operating_status": null }, "geometry": { "type": "Point", "coordinates": [ 1.9969726, 41.3056374 ] } },
{ "type": "Feature", "properties": { "id": "d4db0fa6-5461-4b29-906c-f489b875e0e1", "name": "Solmanía", "taxonomy": "spray_tanning", "confidence": 0.85, "operating_status": null }, "geometry": { "type": "Point", "coordinates": [ 1.9986843, 41.3053799 ] } },
{ "type": "Feature", "properties": { "id": "df7dd260-1218-42d5-8e06-b4eec0be51a6", "name": "La Trufa", "taxonomy": "bakery", "confidence": 0.902, "operating_status": null }, "geometry": { "type": "Point", "coordinates": [ 2.00005927, 41.30554321 ] } },
{ "type": "Feature", "properties": { "id": "9b050ea7-5692-4846-bb14-d367a25e9cf1", "name": "Centro Kumon Gavà - Centre", "taxonomy": "education", "confidence": 0.85, "operating_status": null }, "geometry": { "type": "Point", "coordinates": [ 2.0000972, 41.3056655 ] } },
{ "type": "Feature", "properties": { "id": "eb9e2857-b21a-4d96-b299-807af8e334f4", "name": "Reparación de Calzado y Duplicado de Llaves David", "taxonomy": "shoe_repair", "confidence": 0.881, "operating_status": null }, "geometry": { "type": "Point", "coordinates": [ 2.00021755, 41.30567787 ] } },
{ "type": "Feature", "properties": { "id": "e7748633-55e3-4fa3-82b4-93e93c6c1550", "name": "EMS Training Studio Gavá", "taxonomy": "fitness_trainer", "confidence": 0.997, "operating_status": null }, "geometry": { "type": "Point", "coordinates": [ 2.0001495, 41.30535902 ] } },
{ "type": "Feature", "properties": { "id": "39e97ba4-be39-4cce-abc2-efcbcbcbea66", "name": "Codelearn Gavà", "taxonomy": "computer_coaching", "confidence": 0.951, "operating_status": null }, "geometry": { "type": "Point", "coordinates": [ 2.00185694, 41.30555752 ] } },
{ "type": "Feature", "properties": { "id": "393556f1-ef64-43f7-acd2-30f4164a6d7e", "name": "Perruqueria Centre", "taxonomy": "beauty_salon", "confidence": 0.988, "operating_status": null }, "geometry": { "type": "Point", "coordinates": [ 2.00077904, 41.30582132 ] } },
{ "type": "Feature", "properties": { "id": "8c626f54-d0dc-49b0-a438-8a64130ec4b3", "name": "Escola Salvador Lluch", "taxonomy": "school", "confidence": 0.718, "operating_status": null }, "geometry": { "type": "Point", "coordinates": [ 2.00127353, 41.30584908 ] } },
{ "type": "Feature", "properties": { "id": "cd60a6ed-ce2a-4ef4-9e2d-3f5969aeac98", "name": "AFA Salvador Lluch", "taxonomy": "school", "confidence": 0.774, "operating_status": null }, "geometry": { "type": "Point", "coordinates": [ 2.001285, 41.305735 ] } },
{ "type": "Feature", "properties": { "id": "4c51cef2-b345-4c41-a2b7-ba4d943cde54", "name": "Espai de Gresca", "taxonomy": "party_and_event_planning", "confidence": 0.946, "operating_status": null }, "geometry": { "type": "Point", "coordinates": [ 2.0007799, 41.30591876 ] } },
{ "type": "Feature", "properties": { "id": "3a90e649-605e-4eb4-9d8a-3ed0edf849ad", "name": "Duolimp", "taxonomy": "cleaning_service", "confidence": 0.85, "operating_status": null }, "geometry": { "type": "Point", "coordinates": [ 1.99950890000002, 41.3057721 ] } },
{ "type": "Feature", "properties": { "id": "7c7735ff-039f-46e4-aabf-e390526ddeaa", "name": "Els 5 Elements", "taxonomy": "massage_therapy", "confidence": 0.734, "operating_status": null }, "geometry": { "type": "Point", "coordinates": [ 1.99976295, 41.30626543 ] } },
{ "type": "Feature", "properties": { "id": "7412b86e-569d-456c-8dc5-93325be7cd18", "name": "L'Ambient, espai d'Oci per llogar", "taxonomy": "party_and_event_planning", "confidence": 0.807, "operating_status": null }, "geometry": { "type": "Point", "coordinates": [ 1.99953, 41.30625 ] } },
{ "type": "Feature", "properties": { "id": "6ef94fe3-c57c-463e-8389-2cddd3cc7fb0", "name": "Colchonería Gavafels", "taxonomy": null, "confidence": 0.85, "operating_status": null }, "geometry": { "type": "Point", "coordinates": [ 1.99950890000002, 41.306399 ] } },
{ "type": "Feature", "properties": { "id": "0187b835-69d3-4716-a8d2-fd7b35366ea5", "name": "Unreal Gavà", "taxonomy": "escape_room", "confidence": 0.988, "operating_status": null }, "geometry": { "type": "Point", "coordinates": [ 2.00075818, 41.30626336 ] } },
{ "type": "Feature", "properties": { "id": "670727ba-4f9b-4d1b-a55a-d7993c3d4e0e", "name": "Naxal + que Arquitectura", "taxonomy": "architect", "confidence": 0.962, "operating_status": null }, "geometry": { "type": "Point", "coordinates": [ 1.9985943, 41.306280699999988 ] } },
{ "type": "Feature", "properties": { "id": "6f427da6-4cd4-4b37-80d2-c9b07ae04919", "name": "La Colada Gavà Bòbiles", "taxonomy": "laundromat", "confidence": 0.87, "operating_status": null }, "geometry": { "type": "Point", "coordinates": [ 1.99507342, 41.30634778 ] } },
{ "type": "Feature", "properties": { "id": "29f1fc63-4a28-44ae-83b2-175a2b740735", "name": "Consum Basic", "taxonomy": "grocery_store", "confidence": 0.77, "operating_status": null }, "geometry": { "type": "Point", "coordinates": [ 1.994892244817111, 41.30642612830421 ] } },
{ "type": "Feature", "properties": { "id": "3bd89c45-9a0f-46b5-8e72-3b16e6ab9591", "name": "Consum", "taxonomy": "grocery_store", "confidence": 0.999, "operating_status": null }, "geometry": { "type": "Point", "coordinates": [ 1.994892, 41.306426 ] } },
{ "type": "Feature", "properties": { "id": "8808079d-dfa6-448f-a796-b247182dc97c", "name": "Caseta de petardos CM Gavà Plaça General", "taxonomy": null, "confidence": 0.85, "operating_status": null }, "geometry": { "type": "Point", "coordinates": [ 1.9937422, 41.3064406 ] } },
{ "type": "Feature", "properties": { "id": "34be55b9-f4ce-4c9c-b7fd-8941f3f2d6a7", "name": "Makkalu Studio | Marketing digital y diseño web", "taxonomy": "marketing_agency", "confidence": 0.91, "operating_status": null }, "geometry": { "type": "Point", "coordinates": [ 1.99419152, 41.30635828 ] } },
{ "type": "Feature", "properties": { "id": "bab0add6-4b65-4bb7-bee0-822ccb94c997", "name": "Farmàcia Les Bòbiles", "taxonomy": "pharmacy", "confidence": 0.985, "operating_status": null }, "geometry": { "type": "Point", "coordinates": [ 1.9940595, 41.30577517 ] } },
{ "type": "Feature", "properties": { "id": "c983a60d-5aea-4e94-9445-ded759930c57", "name": "Trend Fitness 24/7 Gava", "taxonomy": "gym", "confidence": 0.997, "operating_status": null }, "geometry": { "type": "Point", "coordinates": [ 1.99495306, 41.30548889 ] } },
{ "type": "Feature", "properties": { "id": "d41699cd-9824-4243-9eea-c9fa675bad9a", "name": "Mugendo Gavà", "taxonomy": "martial_arts_club", "confidence": 0.97, "operating_status": null }, "geometry": { "type": "Point", "coordinates": [ 1.99472184, 41.30600071 ] } },
{ "type": "Feature", "properties": { "id": "393b1079-c2b4-4740-9dcb-f1437dc1c1f2", "name": "Procurador Encarnación Pérez Nofuentes", "taxonomy": null, "confidence": 0.966, "operating_status": null }, "geometry": { "type": "Point", "coordinates": [ 1.9951956, 41.3057442 ] } },
{ "type": "Feature", "properties": { "id": "dc2189d0-a4b9-4427-9a7a-67cf09fd8f21", "name": "Entre Pintxos y Tapas", "taxonomy": "tapas_bar", "confidence": 0.7, "operating_status": null }, "geometry": { "type": "Point", "coordinates": [ 1.9961661, 41.3053589 ] } },
{ "type": "Feature", "properties": { "id": "37befac7-dbf2-449b-bf52-ab2d7b3cef7e", "name": "Av. Diagonal-Bòbiles", "taxonomy": "social_or_community_service", "confidence": 0.724, "operating_status": null }, "geometry": { "type": "Point", "coordinates": [ 1.9968256, 41.3049135 ] } },
{ "type": "Feature", "properties": { "id": "f7c6e630-4b71-4703-9be3-2d4676d5d88c", "name": "Estadi Municipal la Bòbila", "taxonomy": "football_stadium", "confidence": 0.831, "operating_status": null }, "geometry": { "type": "Point", "coordinates": [ 1.99648251, 41.30447577 ] } },
{ "type": "Feature", "properties": { "id": "205c4db7-3a14-461f-88db-92b11b496c99", "name": "Servimed Esports i Salut", "taxonomy": "hospital", "confidence": 0.755, "operating_status": null }, "geometry": { "type": "Point", "coordinates": [ 1.9966372, 41.3043166 ] } },
{ "type": "Feature", "properties": { "id": "38897cd7-6e56-4cb8-bb30-e1396d3bec1d", "name": "Consum", "taxonomy": "grocery_store", "confidence": 0.999, "operating_status": null }, "geometry": { "type": "Point", "coordinates": [ 1.99473748, 41.30359946 ] } },
{ "type": "Feature", "properties": { "id": "84df0394-a188-43db-adef-61d988e13666", "name": "CaixaBank", "taxonomy": "bank_or_credit_union", "confidence": 0.85, "operating_status": null }, "geometry": { "type": "Point", "coordinates": [ 1.993907, 41.303775 ] } },
{ "type": "Feature", "properties": { "id": "ea3decfc-e909-4042-8ab9-d9f8519d36ad", "name": "Clínica Veterinaria Les Bobiles", "taxonomy": "veterinarian", "confidence": 0.997, "operating_status": null }, "geometry": { "type": "Point", "coordinates": [ 1.99097366, 41.30516635 ] } },
{ "type": "Feature", "properties": { "id": "d6863c5d-7781-4ddb-91b8-2344ddbcb8e3", "name": "Petrocat", "taxonomy": null, "confidence": 0.77, "operating_status": null }, "geometry": { "type": "Point", "coordinates": [ 1.982473791316381, 41.304873592290647 ] } },
{ "type": "Feature", "properties": { "id": "eeb02d35-c3bd-4b3f-96bf-3cb38407654a", "name": "Avv Ca N'EspinÓS", "taxonomy": "social_or_community_service", "confidence": 0.719, "operating_status": null }, "geometry": { "type": "Point", "coordinates": [ 1.9784205, 41.3056934 ] } },
{ "type": "Feature", "properties": { "id": "b3f0b4a2-2bde-470a-a3a1-98c61855bd55", "name": "Residència Canina la Sentiu", "taxonomy": "pet_boarding", "confidence": 0.955, "operating_status": null }, "geometry": { "type": "Point", "coordinates": [ 1.96037709, 41.29374323 ] } },
{ "type": "Feature", "properties": { "id": "3632b716-4fa1-4930-a4b1-fbc7068762c1", "name": "Castell De Castelldefels", "taxonomy": "park", "confidence": 0.865, "operating_status": null }, "geometry": { "type": "Point", "coordinates": [ 1.979237063883809, 41.290440876766397 ] } },
{ "type": "Feature", "properties": { "id": "8448ad94-2d5a-4a64-9964-39688b82c033", "name": "Asociación ASAF Castelldefels", "taxonomy": "printing_service", "confidence": 0.732, "operating_status": null }, "geometry": { "type": "Point", "coordinates": [ 1.985248, 41.290468 ] } },
{ "type": "Feature", "properties": { "id": "8cb87965-0e9e-4df9-aa05-08352b2721f7", "name": "PhiBrows- Microblanding by Geta Gherman", "taxonomy": "beauty_salon", "confidence": 0.786, "operating_status": null }, "geometry": { "type": "Point", "coordinates": [ 1.9866, 41.29071 ] } },
{ "type": "Feature", "properties": { "id": "c4089c4e-d259-4072-a32b-06ad156dd50b", "name": "El Refugio", "taxonomy": "restaurant", "confidence": 0.99, "operating_status": null }, "geometry": { "type": "Point", "coordinates": [ 1.98197238, 41.29193353 ] } },
{ "type": "Feature", "properties": { "id": "a246e6be-30a1-459d-85b5-0cb93a2b6e61", "name": "Restaurant Masia Can Llong", "taxonomy": "catalan_restaurant", "confidence": 0.953, "operating_status": null }, "geometry": { "type": "Point", "coordinates": [ 1.97363735, 41.29834668 ] } },
{ "type": "Feature", "properties": { "id": "d5e27916-dcad-48e1-9812-ecbb07c950eb", "name": "Parque Milenium - Gava", "taxonomy": "park", "confidence": 0.868, "operating_status": null }, "geometry": { "type": "Point", "coordinates": [ 1.991133259763275, 41.303175215762764 ] } },
{ "type": "Feature", "properties": { "id": "c0c0c815-c2ad-4662-b927-f32f23c3465c", "name": "Policia Municipal de Gavà", "taxonomy": "police_station", "confidence": 0.945, "operating_status": null }, "geometry": { "type": "Point", "coordinates": [ 1.99103579, 41.30311259 ] } },
{ "type": "Feature", "properties": { "id": "84d0cc93-f893-456c-a7bc-01a4160b13e1", "name": "Escola LA GINESTA", "taxonomy": "education", "confidence": 0.711, "operating_status": null }, "geometry": { "type": "Point", "coordinates": [ 1.990766340000388, 41.302875000000412 ] } },
{ "type": "Feature", "properties": { "id": "dd5272a6-0ff3-4aed-b656-747d23416b63", "name": "Auditori Marc Grau", "taxonomy": "auditorium", "confidence": 0.964, "operating_status": null }, "geometry": { "type": "Point", "coordinates": [ 1.99107499, 41.30217754 ] } },
{ "type": "Feature", "properties": { "id": "bb98162c-37cc-4bd3-893b-dee8a2c776ad", "name": "Col·legi Santo Angel", "taxonomy": "school", "confidence": 0.984, "operating_status": null }, "geometry": { "type": "Point", "coordinates": [ 1.99368047, 41.30356045 ] } },
{ "type": "Feature", "properties": { "id": "df184bb5-1094-43f9-bed4-dd1dc9fe2012", "name": "Parc del Mil.leni", "taxonomy": "park", "confidence": 0.958, "operating_status": null }, "geometry": { "type": "Point", "coordinates": [ 1.99414658564, 41.303370242500002 ] } },
{ "type": "Feature", "properties": { "id": "9a09dbd9-4aa8-4aa5-b69a-20d87b9719ce", "name": "Forn La Torna2012", "taxonomy": "bakery", "confidence": 0.708, "operating_status": null }, "geometry": { "type": "Point", "coordinates": [ 1.9949241, 41.3033654 ] } },
{ "type": "Feature", "properties": { "id": "10539d3a-9eb2-4d08-8a33-283ff42c7087", "name": "Centre de Medicina de l'Esport de Gava", "taxonomy": "outpatient_care_facility", "confidence": 0.858, "operating_status": null }, "geometry": { "type": "Point", "coordinates": [ 1.99627325, 41.30338329 ] } },
{ "type": "Feature", "properties": { "id": "15d46748-f83e-466a-83e8-59cc78b77c1b", "name": "Nova Piscina Municipal", "taxonomy": "swimming_pool", "confidence": 0.971, "operating_status": null }, "geometry": { "type": "Point", "coordinates": [ 1.99626108, 41.30309456 ] } },
{ "type": "Feature", "properties": { "id": "6235729a-7e3c-4695-9774-f903e598605a", "name": "Mercadona", "taxonomy": "grocery_store", "confidence": 0.999, "operating_status": null }, "geometry": { "type": "Point", "coordinates": [ 1.99684549, 41.30172633 ] } },
{ "type": "Feature", "properties": { "id": "be70b0a0-c7de-4cf7-88af-8bc1230d7ee8", "name": "Turó del Calamot", "taxonomy": "mountain", "confidence": 0.759, "operating_status": null }, "geometry": { "type": "Point", "coordinates": [ 1.99322222, 41.30083333 ] } },
{ "type": "Feature", "properties": { "id": "19b0f107-7273-4b05-898d-8db1b3763a71", "name": "La Centenària", "taxonomy": "party_and_event_planning", "confidence": 0.904, "operating_status": null }, "geometry": { "type": "Point", "coordinates": [ 1.99783441, 41.30040775 ] } },
{ "type": "Feature", "properties": { "id": "79f5f365-baba-4877-ab01-affb0cacc949", "name": "Associació de Veïns i Cultural Ausiàs March", "taxonomy": "social_or_community_service", "confidence": 0.879, "operating_status": null }, "geometry": { "type": "Point", "coordinates": [ 2.00002662, 41.30055788 ] } },
{ "type": "Feature", "properties": { "id": "bead1153-a7ec-4705-857d-8deee74f0d6c", "name": "Supermercados Dia", "taxonomy": "grocery_store", "confidence": 0.85, "operating_status": null }, "geometry": { "type": "Point", "coordinates": [ 2.0013385, 41.3008386 ] } },
{ "type": "Feature", "properties": { "id": "6ea52b41-5f55-4e83-8d5e-bae8d9a80084", "name": "Covirán", "taxonomy": "grocery_store", "confidence": 0.8, "operating_status": null }, "geometry": { "type": "Point", "coordinates": [ 2.001339011216205, 41.300915751548231 ] } },
{ "type": "Feature", "properties": { "id": "6ae0f198-ed82-481f-9626-07eb8125d78c", "name": "Centre d'Estudis d'FP Núria", "taxonomy": "private_school", "confidence": 0.998, "operating_status": null }, "geometry": { "type": "Point", "coordinates": [ 2.00102695, 41.30106154 ] } },
{ "type": "Feature", "properties": { "id": "a321bf42-10b3-4dce-878f-5289468c7580", "name": "Urban Style", "taxonomy": "barber", "confidence": 0.893, "operating_status": null }, "geometry": { "type": "Point", "coordinates": [ 2.00084612, 41.30089651 ] } },
{ "type": "Feature", "properties": { "id": "4d82196f-7614-4551-b4ce-0a84512aec21", "name": "Grupo Constant: Consultoría de Recursos Humanos en Gavà", "taxonomy": "b2b_human_resource_service", "confidence": 0.85, "operating_status": null }, "geometry": { "type": "Point", "coordinates": [ 1.9997258, 41.3010995 ] } },
{ "type": "Feature", "properties": { "id": "c6c49477-f328-4b21-a445-13e0f7a5663c", "name": "Academia Nuria", "taxonomy": "student_union", "confidence": 0.77, "operating_status": null }, "geometry": { "type": "Point", "coordinates": [ 2.001125217732515, 41.301208275591492 ] } },
{ "type": "Feature", "properties": { "id": "6aa90511-7896-4f21-82a8-467e54f40bc8", "name": "Qualitat i Formacio Consultoria i Gestio", "taxonomy": "professional_service", "confidence": 0.887, "operating_status": null }, "geometry": { "type": "Point", "coordinates": [ 2.00112411, 41.30115949 ] } },
{ "type": "Feature", "properties": { "id": "d795599c-1358-4994-865b-1bdf0ae1700c", "name": "Friends & Burgers", "taxonomy": "burger_restaurant", "confidence": 0.77, "operating_status": null }, "geometry": { "type": "Point", "coordinates": [ 2.001176783100633, 41.301608937990217 ] } },
{ "type": "Feature", "properties": { "id": "359ad6a8-68e0-4853-92e1-97fcaa844fa4", "name": "Abellan y Ortega", "taxonomy": "industrial_equipment_manufacturer", "confidence": 0.77, "operating_status": null }, "geometry": { "type": "Point", "coordinates": [ 1.997736232083416, 41.302232029159725 ] } },
{ "type": "Feature", "properties": { "id": "d13cf3a9-f064-4978-9ecd-b2f3178269d2", "name": "Gavamoto", "taxonomy": "motorcycle_repair", "confidence": 0.904, "operating_status": null }, "geometry": { "type": "Point", "coordinates": [ 1.99814701, 41.30205766 ] } },
{ "type": "Feature", "properties": { "id": "f6d5c54c-083c-4195-b780-a79e7961fec9", "name": "VAG Retrofits", "taxonomy": "auto_customization", "confidence": 0.824, "operating_status": null }, "geometry": { "type": "Point", "coordinates": [ 1.99832373, 41.30204861 ] } },
{ "type": "Feature", "properties": { "id": "1f624237-b44c-4f4d-96fe-6fac980181d5", "name": "Espai60", "taxonomy": "party_and_event_planning", "confidence": 0.963, "operating_status": null }, "geometry": { "type": "Point", "coordinates": [ 1.99849255, 41.30201264 ] } },
{ "type": "Feature", "properties": { "id": "d359c8fb-f149-47b8-b8e5-8cf24d52dc3f", "name": "Kilometro Rojo", "taxonomy": "asian_restaurant", "confidence": 0.917, "operating_status": null }, "geometry": { "type": "Point", "coordinates": [ 1.99723407, 41.30279579 ] } },
{ "type": "Feature", "properties": { "id": "8d5187ea-c9f1-4705-89e9-c082a895c402", "name": "Club Handbol Gavà", "taxonomy": "sport_league", "confidence": 0.921, "operating_status": null }, "geometry": { "type": "Point", "coordinates": [ 1.99686698, 41.3033429 ] } },
{ "type": "Feature", "properties": { "id": "6fcb1229-d288-4ef2-8221-e4476eed403d", "name": "Pavelló Jacme March", "taxonomy": null, "confidence": 0.77, "operating_status": null }, "geometry": { "type": "Point", "coordinates": [ 1.997216913643119, 41.303437559668723 ] } },
{ "type": "Feature", "properties": { "id": "246b4db0-ed40-4928-b257-d9d4bcee0789", "name": "Fem Temps", "taxonomy": "lounge", "confidence": 0.966, "operating_status": null }, "geometry": { "type": "Point", "coordinates": [ 1.99835744, 41.30324739 ] } },
{ "type": "Feature", "properties": { "id": "cb9c9a38-f7b0-490b-95b0-f0bc2ec76ec7", "name": "Tasty Tandem", "taxonomy": "pizza_restaurant", "confidence": 0.908, "operating_status": null }, "geometry": { "type": "Point", "coordinates": [ 1.99855017, 41.30331795 ] } },
{ "type": "Feature", "properties": { "id": "7629f3eb-0cbc-45ff-9268-88951df9446e", "name": "Blanc Estetic Salo De Bellesa", "taxonomy": "beauty_salon", "confidence": 0.961, "operating_status": null }, "geometry": { "type": "Point", "coordinates": [ 1.99851599, 41.30339845 ] } },
{ "type": "Feature", "properties": { "id": "e485b1f6-ee8a-46e8-8772-af697df2014f", "name": "Karate Club Cervantes Gavà", "taxonomy": "martial_arts_club", "confidence": 0.899, "operating_status": null }, "geometry": { "type": "Point", "coordinates": [ 1.9994731, 41.30275777 ] } },
{ "type": "Feature", "properties": { "id": "a7a8be9f-cd23-49a0-979a-1da6fa009cbf", "name": "Parejo Autoescola", "taxonomy": "driving_school", "confidence": 0.77, "operating_status": null }, "geometry": { "type": "Point", "coordinates": [ 2.000606502327708, 41.302862348957653 ] } },
{ "type": "Feature", "properties": { "id": "6baec95e-8505-4033-95be-dee654d6bdda", "name": "O'Pulpo", "taxonomy": "tapas_bar", "confidence": 0.985, "operating_status": null }, "geometry": { "type": "Point", "coordinates": [ 2.00040033, 41.30289251 ] } },
{ "type": "Feature", "properties": { "id": "ce4752f5-d86f-4df6-82de-c6eb0482d7b2", "name": "Sakura restaurante", "taxonomy": "buffet_restaurant", "confidence": 0.841, "operating_status": null }, "geometry": { "type": "Point", "coordinates": [ 2.00067, 41.30297 ] } },
{ "type": "Feature", "properties": { "id": "51c0cee9-b7b5-43ed-8588-3423f11f9e9f", "name": "El Raconet", "taxonomy": "restaurant", "confidence": 0.972, "operating_status": null }, "geometry": { "type": "Point", "coordinates": [ 2.00052496, 41.30295092 ] } },
{ "type": "Feature", "properties": { "id": "c9615981-28ed-46f6-bcf7-8ad0527b3ba0", "name": "Daruma Tattoo Studio", "taxonomy": "tattoo_and_piercing", "confidence": 0.955, "operating_status": null }, "geometry": { "type": "Point", "coordinates": [ 2.00035984, 41.30295745 ] } },
{ "type": "Feature", "properties": { "id": "5a0ce81c-8348-4163-ac11-926f15e81a2b", "name": "BonÀrea", "taxonomy": null, "confidence": 0.77, "operating_status": null }, "geometry": { "type": "Point", "coordinates": [ 2.000137083892941, 41.303123073453293 ] } },
{ "type": "Feature", "properties": { "id": "7a355fa5-7edb-4f7e-88c6-d38ce25638b2", "name": "Banc Sabadell - Servicio de Caja Automatizada", "taxonomy": "bank_or_credit_union", "confidence": 0.85, "operating_status": null }, "geometry": { "type": "Point", "coordinates": [ 1.9994061, 41.3035043 ] } },
{ "type": "Feature", "properties": { "id": "82530907-3247-4971-9384-bd0783d405b7", "name": "Smile Gavà", "taxonomy": "cosmetic_dentistry", "confidence": 0.727, "operating_status": null }, "geometry": { "type": "Point", "coordinates": [ 1.9996716, 41.30355005 ] } },
{ "type": "Feature", "properties": { "id": "adb27dc0-a250-463f-b859-9b9fe0a75159", "name": "Toldos Montflorit", "taxonomy": "professional_service", "confidence": 0.938, "operating_status": null }, "geometry": { "type": "Point", "coordinates": [ 2.000393, 41.303332 ] } },
{ "type": "Feature", "properties": { "id": "17cc5cd0-d43b-453e-901e-01e967845716", "name": "Consum", "taxonomy": "grocery_store", "confidence": 0.998, "operating_status": null }, "geometry": { "type": "Point", "coordinates": [ 2.0019059, 41.3034243 ] } },
{ "type": "Feature", "properties": { "id": "926ef8f2-08c2-45be-8fa4-6f3363c099e1", "name": "Vinted Go Parcel Shop", "taxonomy": "shipping_or_delivery_service", "confidence": 1.0, "operating_status": "open" }, "geometry": { "type": "Point", "coordinates": [ 2.000885364418025, 41.30280544649488 ] } },
{ "type": "Feature", "properties": { "id": "b0b945a1-a18b-43e4-a376-5f826d15dfc0", "name": "Raiz cuantica", "taxonomy": "flowers_and_gifts_store", "confidence": 0.905, "operating_status": null }, "geometry": { "type": "Point", "coordinates": [ 2.0010825937495, 41.302816047184002 ] } },
{ "type": "Feature", "properties": { "id": "be23cbae-0841-4662-bd5b-cd839b17e004", "name": "Taller de bicicletes Maragall", "taxonomy": "bike_repair_maintenance", "confidence": 0.832, "operating_status": null }, "geometry": { "type": "Point", "coordinates": [ 2.00160569, 41.30285538 ] } },
{ "type": "Feature", "properties": { "id": "bd9e568f-f307-45a7-b4fe-1c556c10d3f9", "name": "Espai Maragall", "taxonomy": "music_venue", "confidence": 0.996, "operating_status": null }, "geometry": { "type": "Point", "coordinates": [ 2.00184524, 41.30264538 ] } },
{ "type": "Feature", "properties": { "id": "3859f938-3d8e-48ac-8927-5d24294d5565", "name": "Amazon Locker - arzamendia", "taxonomy": "package_locker", "confidence": 0.8, "operating_status": null }, "geometry": { "type": "Point", "coordinates": [ 2.001759, 41.302546 ] } },
{ "type": "Feature", "properties": { "id": "31c4d605-6765-4d59-933f-d10d7a71445e", "name": "Crispys Fried Chicken", "taxonomy": "fast_food_restaurant", "confidence": 0.843, "operating_status": null }, "geometry": { "type": "Point", "coordinates": [ 2.001745, 41.302492 ] } },
{ "type": "Feature", "properties": { "id": "98c3a841-dc53-4cea-905c-02d67e890530", "name": "El Pequeño Mundo", "taxonomy": "bar", "confidence": 0.724, "operating_status": null }, "geometry": { "type": "Point", "coordinates": [ 2.00119683, 41.3024364 ] } },
{ "type": "Feature", "properties": { "id": "c8327e7a-e018-4402-b61d-22c0ea300729", "name": "Farmàcia Pugès", "taxonomy": "pharmacy", "confidence": 0.979, "operating_status": null }, "geometry": { "type": "Point", "coordinates": [ 2.00086096, 41.30234601 ] } },
{ "type": "Feature", "properties": { "id": "eb80519d-ef38-462b-b730-9e4aa253026c", "name": "Vida Mejor Inmobiliaria Gavà", "taxonomy": "real_estate_agent", "confidence": 0.971, "operating_status": null }, "geometry": { "type": "Point", "coordinates": [ 2.00070665, 41.3026463 ] } },
{ "type": "Feature", "properties": { "id": "2a53fa9d-e94f-4bd5-b7ad-bc9a8132f594", "name": "Condis", "taxonomy": "grocery_store", "confidence": 0.8, "operating_status": null }, "geometry": { "type": "Point", "coordinates": [ 2.001232, 41.302742 ] } },
{ "type": "Feature", "properties": { "id": "d4ef4508-15ec-472e-aec9-1c6282d20413", "name": "I3 Ragazzi", "taxonomy": "italian_restaurant", "confidence": 0.889, "operating_status": null }, "geometry": { "type": "Point", "coordinates": [ 2.00074684, 41.30266799 ] } },
{ "type": "Feature", "properties": { "id": "5d25cdba-4cb2-4379-987f-b32486e9c259", "name": "Skip Per", "taxonomy": "bar", "confidence": 0.924, "operating_status": null }, "geometry": { "type": "Point", "coordinates": [ 2.00088362, 41.30209548 ] } },
{ "type": "Feature", "properties": { "id": "0dbf2b6c-39e0-492d-a5e4-52f3b511fa70", "name": "Autoescola Musa", "taxonomy": "driving_school", "confidence": 0.77, "operating_status": null }, "geometry": { "type": "Point", "coordinates": [ 2.000942643193659, 41.302187805737091 ] } },
{ "type": "Feature", "properties": { "id": "eef01bf6-e75e-4495-b587-1532f3996998", "name": "Trece vidas tattoo", "taxonomy": "tattoo_and_piercing", "confidence": 0.982, "operating_status": null }, "geometry": { "type": "Point", "coordinates": [ 2.00134666, 41.30222718 ] } },
{ "type": "Feature", "properties": { "id": "6ee38186-a611-40db-8f94-0d9ac02a979e", "name": "Gusfingers", "taxonomy": "hair_salon", "confidence": 0.826, "operating_status": null }, "geometry": { "type": "Point", "coordinates": [ 2.00170837, 41.30230888 ] } },
{ "type": "Feature", "properties": { "id": "cae6f207-9bf7-47cc-844a-159a453a7093", "name": "Club Unique Gymnastics Gavà", "taxonomy": "gym", "confidence": 0.847, "operating_status": null }, "geometry": { "type": "Point", "coordinates": [ 2.00322451, 41.30263698 ] } },
{ "type": "Feature", "properties": { "id": "8f7fd419-2923-45e1-8807-b1674aefe51d", "name": "Macon", "taxonomy": "clothing_store", "confidence": 0.77, "operating_status": null }, "geometry": { "type": "Point", "coordinates": [ 2.003241019875464, 41.302725976017747 ] } },
{ "type": "Feature", "properties": { "id": "ab991e2e-21b0-40e0-8f94-ceb40883b22e", "name": "fitnessdigital I Intersport", "taxonomy": "fitness_exercise_store", "confidence": 0.85, "operating_status": null }, "geometry": { "type": "Point", "coordinates": [ 2.003241, 41.302726 ] } },
{ "type": "Feature", "properties": { "id": "b7d4a7fb-c4be-4c85-b9d4-24173ec3cfa1", "name": "YogaOne Gavà", "taxonomy": "yoga_studio", "confidence": 0.99, "operating_status": null }, "geometry": { "type": "Point", "coordinates": [ 2.00314821, 41.3023734 ] } },
{ "type": "Feature", "properties": { "id": "289e4157-4994-42ce-97c7-769a32dbedc0", "name": "REGULATOR CETRISA - Equipos de separación magnética", "taxonomy": "metal_fabricator", "confidence": 0.85, "operating_status": null }, "geometry": { "type": "Point", "coordinates": [ 2.0021424, 41.3027467 ] } },
{ "type": "Feature", "properties": { "id": "fd63746e-3739-40a6-9552-ddd3b2437c56", "name": "Banco Santander - Smart Red", "taxonomy": "bank_or_credit_union", "confidence": 0.966, "operating_status": null }, "geometry": { "type": "Point", "coordinates": [ 2.0023389, 41.3031692 ] } },
{ "type": "Feature", "properties": { "id": "7daa662e-c952-4c94-8e4a-20c2ab8c642b", "name": "El Raco", "taxonomy": "bar", "confidence": 0.963, "operating_status": null }, "geometry": { "type": "Point", "coordinates": [ 2.00200858, 41.30324545 ] } },
{ "type": "Feature", "properties": { "id": "f457c256-ded8-46aa-8411-d07c885684c5", "name": "Carlin Gavà", "taxonomy": "books_music_and_video_store", "confidence": 0.85, "operating_status": null }, "geometry": { "type": "Point", "coordinates": [ 2.0020404, 41.3034028 ] } },
{ "type": "Feature", "properties": { "id": "d3828504-2cbb-41a4-a696-8f7327d4fbd9", "name": "Charcuteria Barrero", "taxonomy": "delicatessen", "confidence": 0.83, "operating_status": null }, "geometry": { "type": "Point", "coordinates": [ 2.00224532, 41.30339021 ] } },
{ "type": "Feature", "properties": { "id": "2f2aa68b-a744-48bf-a280-3a54a5866619", "name": "Vinted Go Parcel Shop", "taxonomy": "shipping_or_delivery_service", "confidence": 1.0, "operating_status": "open" }, "geometry": { "type": "Point", "coordinates": [ 2.002829882, 41.30339436 ] } },
{ "type": "Feature", "properties": { "id": "c4072307-21a7-401a-a6c5-f553769ccf80", "name": "Sabors", "taxonomy": "mediterranean_restaurant", "confidence": 0.751, "operating_status": null }, "geometry": { "type": "Point", "coordinates": [ 2.0027439707947, 41.303433550435003 ] } },
{ "type": "Feature", "properties": { "id": "0651ebf3-6c87-431e-b9a7-824a85bd65a8", "name": "Gavanova Immobles", "taxonomy": "real_estate_agent", "confidence": 0.932, "operating_status": null }, "geometry": { "type": "Point", "coordinates": [ 2.00281604, 41.30344457 ] } },
{ "type": "Feature", "properties": { "id": "0e846c90-7d71-4038-8fec-7cb277a391b6", "name": "Laura Beauty Salon", "taxonomy": "beauty_salon", "confidence": 0.958, "operating_status": null }, "geometry": { "type": "Point", "coordinates": [ 2.00277749, 41.30348723 ] } },
{ "type": "Feature", "properties": { "id": "1d76b013-96a4-4d86-9dca-5894a19fffa8", "name": "Club del Café", "taxonomy": "cafe", "confidence": 0.982, "operating_status": null }, "geometry": { "type": "Point", "coordinates": [ 2.00267136, 41.30356262 ] } },
{ "type": "Feature", "properties": { "id": "713dd833-d98a-40a4-90dd-7ed1572df4d3", "name": "Condis Express", "taxonomy": "grocery_store", "confidence": 0.77, "operating_status": null }, "geometry": { "type": "Point", "coordinates": [ 2.00325202922437, 41.303344310982169 ] } },
{ "type": "Feature", "properties": { "id": "c215e037-db96-471e-9564-31515198670d", "name": "Llumagava", "taxonomy": "building_supply_store", "confidence": 0.77, "operating_status": null }, "geometry": { "type": "Point", "coordinates": [ 2.00325202922437, 41.303344310982169 ] } },
{ "type": "Feature", "properties": { "id": "015401d6-c166-4251-a925-a331062fe4e9", "name": "Parròquia de Sant Pere", "taxonomy": "roman_catholic_place_of_worship", "confidence": 0.972, "operating_status": null }, "geometry": { "type": "Point", "coordinates": [ 2.00334925, 41.30348004 ] } },
{ "type": "Feature", "properties": { "id": "78c7d45a-5a51-4ee1-ac74-85227dc8697d", "name": "Fran Castillo Psicólogo", "taxonomy": "psychology", "confidence": 0.951, "operating_status": null }, "geometry": { "type": "Point", "coordinates": [ 2.0037637, 41.3034016 ] } },
{ "type": "Feature", "properties": { "id": "31b83490-f29e-419b-9604-2ef9cb56ed8d", "name": "Spa Món Estètic", "taxonomy": "spa", "confidence": 0.978, "operating_status": null }, "geometry": { "type": "Point", "coordinates": [ 2.00419892, 41.30348298 ] } },
{ "type": "Feature", "properties": { "id": "1a782f00-72ba-4a8e-8196-29576cb6c000", "name": "SiadGavà", "taxonomy": "government_office", "confidence": 0.933, "operating_status": null }, "geometry": { "type": "Point", "coordinates": [ 2.0043648, 41.3032952 ] } },
{ "type": "Feature", "properties": { "id": "e3d0579a-cf74-4a8d-9cf8-8124537dcea6", "name": "Beep Gavà", "taxonomy": "electronics_store", "confidence": 0.77, "operating_status": null }, "geometry": { "type": "Point", "coordinates": [ 2.004058743745114, 41.303306019794 ] } },
{ "type": "Feature", "properties": { "id": "3594690c-7dab-46bc-8001-4c705e830355", "name": "Vinted Go Locker", "taxonomy": "shipping_or_delivery_service", "confidence": 1.0, "operating_status": "open" }, "geometry": { "type": "Point", "coordinates": [ 2.0042, 41.30326 ] } },
{ "type": "Feature", "properties": { "id": "6af4bfb1-8542-4866-a1b4-e77883375ee1", "name": "Col·legi Immaculada Concepció", "taxonomy": "school", "confidence": 0.997, "operating_status": null }, "geometry": { "type": "Point", "coordinates": [ 2.00340923, 41.30300269 ] } },
{ "type": "Feature", "properties": { "id": "e51608cf-d4ee-47a6-a97f-77874c9e65d6", "name": "Residencia San Lorenzo", "taxonomy": "retirement_home", "confidence": 0.724, "operating_status": null }, "geometry": { "type": "Point", "coordinates": [ 2.00455134, 41.30288426 ] } },
{ "type": "Feature", "properties": { "id": "c2d13739-c2bb-464d-9036-005977a174da", "name": "Lunallar Inmobiliaria en Gavà Mar y Castelldefels", "taxonomy": "apartment_agent", "confidence": 0.85, "operating_status": null }, "geometry": { "type": "Point", "coordinates": [ 2.0056028, 41.3029762 ] } },
{ "type": "Feature", "properties": { "id": "d38448c9-b7a7-40ac-8656-aa6f115ed40f", "name": "Market Bom Brasil", "taxonomy": "brazilian_restaurant", "confidence": 0.975, "operating_status": null }, "geometry": { "type": "Point", "coordinates": [ 2.00567044, 41.30312214 ] } },
{ "type": "Feature", "properties": { "id": "880c7271-fa26-4f56-910a-096dc3f9295e", "name": "SQFClub", "taxonomy": "gym", "confidence": 0.95, "operating_status": null }, "geometry": { "type": "Point", "coordinates": [ 2.00499379, 41.30334387 ] } },
{ "type": "Feature", "properties": { "id": "457924b4-9d86-475f-9350-7489941346ee", "name": "Rincón de la Tortilla", "taxonomy": "restaurant", "confidence": 0.73, "operating_status": null }, "geometry": { "type": "Point", "coordinates": [ 2.00602987, 41.30326014 ] } },
{ "type": "Feature", "properties": { "id": "27cec3c6-4bb8-4393-9232-7e222e2d8e8e", "name": "Clinica Dental Masferré", "taxonomy": "general_dentistry", "confidence": 0.926, "operating_status": null }, "geometry": { "type": "Point", "coordinates": [ 2.00613557, 41.30339901 ] } },
{ "type": "Feature", "properties": { "id": "a3f174f7-e249-4bb6-aa3a-558ee54ae070", "name": "Remser", "taxonomy": "carpenter", "confidence": 0.901, "operating_status": null }, "geometry": { "type": "Point", "coordinates": [ 2.005768719, 41.303023389 ] } },
{ "type": "Feature", "properties": { "id": "47851b6f-d2ac-461e-8162-e14d2fec4f5f", "name": "Rick's", "taxonomy": "barber", "confidence": 0.84, "operating_status": null }, "geometry": { "type": "Point", "coordinates": [ 2.00588353, 41.30298012 ] } },
{ "type": "Feature", "properties": { "id": "de33a68f-5226-40b9-94f7-606d0abea683", "name": "Duolimp", "taxonomy": "cleaning_service", "confidence": 0.917, "operating_status": null }, "geometry": { "type": "Point", "coordinates": [ 2.0059394, 41.3028447 ] } },
{ "type": "Feature", "properties": { "id": "88279c53-b344-4678-b9ab-f58f31e8a5d8", "name": "Nunavut Inmobiliaria", "taxonomy": "real_estate_agent", "confidence": 0.721, "operating_status": null }, "geometry": { "type": "Point", "coordinates": [ 2.00588637, 41.30277777 ] } },
{ "type": "Feature", "properties": { "id": "a642fcea-5ee1-42bb-9e5d-3cb2e8aaa5c6", "name": "Secretarias Low Cost", "taxonomy": "business_consulting", "confidence": 0.77, "operating_status": null }, "geometry": { "type": "Point", "coordinates": [ 2.006263890931885, 41.302764140837951 ] } },
{ "type": "Feature", "properties": { "id": "4a68a9a1-5c2d-437b-a10f-14f3feb7e7ae", "name": "Randstad ETT", "taxonomy": "b2b_marketing_consultant", "confidence": 0.85, "operating_status": null }, "geometry": { "type": "Point", "coordinates": [ 2.006414135947168, 41.302651326434891 ] } },
{ "type": "Feature", "properties": { "id": "d485fccd-0966-4146-bd93-7f8129ae4d0c", "name": "Quesada Torres Abogados", "taxonomy": "attorney_or_law_firm", "confidence": 0.739, "operating_status": null }, "geometry": { "type": "Point", "coordinates": [ 2.00630405, 41.30268092 ] } },
{ "type": "Feature", "properties": { "id": "2bf8b962-adf2-4a8a-b1d5-3dc8e6c5fd54", "name": "American Lake", "taxonomy": "comedy_club", "confidence": 0.77, "operating_status": null }, "geometry": { "type": "Point", "coordinates": [ 2.00511928125555, 41.302131495641156 ] } },
{ "type": "Feature", "properties": { "id": "2e7b7dac-130a-4750-a7bc-60d4dd5ac5ad", "name": "Clicking School of English | Escuela de Idiomas", "taxonomy": null, "confidence": 0.976, "operating_status": null }, "geometry": { "type": "Point", "coordinates": [ 2.005181, 41.302253 ] } },
{ "type": "Feature", "properties": { "id": "bcfaaf72-3891-4047-aad8-2f761632e508", "name": "Belles Arts Fco. Valderrama", "taxonomy": "art_school", "confidence": 0.861, "operating_status": null }, "geometry": { "type": "Point", "coordinates": [ 2.00503971, 41.30205448 ] } },
{ "type": "Feature", "properties": { "id": "3f6e614a-65db-45a6-ae32-39afa13259af", "name": "Centro Municipal de Cultura Amerikan Lake", "taxonomy": "cultural_center", "confidence": 0.787, "operating_status": null }, "geometry": { "type": "Point", "coordinates": [ 2.00506741, 41.30200034 ] } },
{ "type": "Feature", "properties": { "id": "80d805e1-71c9-4194-8e0b-7e1aa0611b7e", "name": "American Lake Músic", "taxonomy": "music_school", "confidence": 0.903, "operating_status": null }, "geometry": { "type": "Point", "coordinates": [ 2.0050773, 41.3019714 ] } },
{ "type": "Feature", "properties": { "id": "f504bce8-b4fd-456e-8f0c-91aa3d2b797e", "name": "Prink", "taxonomy": "computer_store", "confidence": 0.85, "operating_status": null }, "geometry": { "type": "Point", "coordinates": [ 2.006863, 41.3021996 ] } },
{ "type": "Feature", "properties": { "id": "c6e29b4a-af94-4ecf-8865-8423a1799c70", "name": "Eosnet", "taxonomy": "home_cleaning", "confidence": 0.87, "operating_status": null }, "geometry": { "type": "Point", "coordinates": [ 2.00682512, 41.30167953 ] } },
{ "type": "Feature", "properties": { "id": "be778bfc-de29-4582-9a68-27b782b337b4", "name": "Yamaha Zona Cero", "taxonomy": "motorcycle_dealer", "confidence": 0.987, "operating_status": null }, "geometry": { "type": "Point", "coordinates": [ 2.00641696, 41.30139679 ] } },
{ "type": "Feature", "properties": { "id": "8045e30f-b73e-4af1-b8aa-d932a0cda10b", "name": "Zona Cero - Concesionario oficial YAMAHA en Gavà", "taxonomy": "outdoor_store", "confidence": 0.966, "operating_status": null }, "geometry": { "type": "Point", "coordinates": [ 2.006477, 41.30139 ] } },
{ "type": "Feature", "properties": { "id": "4ce853cf-00aa-4ff2-95b1-e48a69ff3a5e", "name": "Aigües de Barcelona", "taxonomy": "water_utility_provider", "confidence": 0.902, "operating_status": null }, "geometry": { "type": "Point", "coordinates": [ 2.005505, 41.30156918 ] } },
{ "type": "Feature", "properties": { "id": "6d9eb223-ad57-4418-b176-578865adcb5c", "name": "Perruqueria Blanca", "taxonomy": "hair_salon", "confidence": 0.955, "operating_status": null }, "geometry": { "type": "Point", "coordinates": [ 2.00256388, 41.30159239 ] } },
{ "type": "Feature", "properties": { "id": "7de978b1-8de6-44d0-a653-205c88bffe5b", "name": "The American Lake School", "taxonomy": "language_school", "confidence": 0.886, "operating_status": null }, "geometry": { "type": "Point", "coordinates": [ 2.00315434, 41.30072857 ] } },
{ "type": "Feature", "properties": { "id": "6dede15f-afe8-451f-9cbe-f6fd216da961", "name": "Servicio Técnico Bosch Barcelona", "taxonomy": "appliance_repair_service", "confidence": 0.85, "operating_status": null }, "geometry": { "type": "Point", "coordinates": [ 2.005736668, 41.30063551 ] } },
{ "type": "Feature", "properties": { "id": "b29530cb-3cde-4c7f-8589-84629e5a45d1", "name": "Iglesia Cristiana Internacional en Gavà", "taxonomy": "protestant_place_of_worship", "confidence": 0.985, "operating_status": null }, "geometry": { "type": "Point", "coordinates": [ 2.00572049, 41.30065676 ] } },
{ "type": "Feature", "properties": { "id": "78c0d8af-b643-4ed4-ac5e-915939f3e01e", "name": "Brugués Assistencial", "taxonomy": "outpatient_care_facility", "confidence": 0.985, "operating_status": null }, "geometry": { "type": "Point", "coordinates": [ 2.00519811, 41.30056889 ] } },
{ "type": "Feature", "properties": { "id": "d34f4013-37f2-4c38-8460-53825c4f8b15", "name": "Tasta'mm", "taxonomy": "burger_restaurant", "confidence": 0.998, "operating_status": null }, "geometry": { "type": "Point", "coordinates": [ 2.00557964, 41.30098895 ] } },
{ "type": "Feature", "properties": { "id": "c05d8976-52b6-46d1-b589-5e68d949afd8", "name": "Doggy Dog", "taxonomy": "pet_groomer", "confidence": 0.861, "operating_status": null }, "geometry": { "type": "Point", "coordinates": [ 2.00601912, 41.30086846 ] } },
{ "type": "Feature", "properties": { "id": "811d2b9f-8f87-4c30-bf7c-89ffa0e37e7b", "name": "Almazoni", "taxonomy": "second_hand_store", "confidence": 0.787, "operating_status": null }, "geometry": { "type": "Point", "coordinates": [ 2.0051556, 41.3000644 ] } },
{ "type": "Feature", "properties": { "id": "b3f60b5b-193c-486a-8c48-0dc3fb54394c", "name": "Antes y Después", "taxonomy": "nutrition_service", "confidence": 0.738, "operating_status": null }, "geometry": { "type": "Point", "coordinates": [ 2.0054, 41.2999949 ] } },
{ "type": "Feature", "properties": { "id": "ef4b4861-fd8a-47b7-bae4-8707e1840877", "name": "Trucks Gava S.L", "taxonomy": "truck_repair", "confidence": 0.883, "operating_status": null }, "geometry": { "type": "Point", "coordinates": [ 2.00493627, 41.29884984 ] } },
{ "type": "Feature", "properties": { "id": "aff1e745-4710-4fac-977a-454fcf5bc984", "name": "Restaurant  Silto.net", "taxonomy": "restaurant", "confidence": 0.895, "operating_status": null }, "geometry": { "type": "Point", "coordinates": [ 2.003294664733621, 41.298933296044048 ] } },
{ "type": "Feature", "properties": { "id": "90593402-797c-4c26-9eb9-b0bb8971b232", "name": "PLUMELEC INSTALACIONES", "taxonomy": "plumbing", "confidence": 0.929, "operating_status": null }, "geometry": { "type": "Point", "coordinates": [ 2.0029386, 41.2990223 ] } },
{ "type": "Feature", "properties": { "id": "7c5e0c82-9dbd-4eb0-a929-2bae3fd38350", "name": "Merkal", "taxonomy": "shoe_store", "confidence": 0.8, "operating_status": null }, "geometry": { "type": "Point", "coordinates": [ 2.002055, 41.3000844 ] } },
{ "type": "Feature", "properties": { "id": "911cfd4a-b0a9-414f-b35b-754bc9fb0929", "name": "Essauira", "taxonomy": "shopping", "confidence": 0.831, "operating_status": null }, "geometry": { "type": "Point", "coordinates": [ 1.9996131, 41.2999291 ] } },
{ "type": "Feature", "properties": { "id": "2780c61f-dd55-493b-b451-74e8309b5cbc", "name": "SolCafe Nous Talents", "taxonomy": "bar", "confidence": 0.705, "operating_status": null }, "geometry": { "type": "Point", "coordinates": [ 1.9989216327667, 41.299814559837998 ] } },
{ "type": "Feature", "properties": { "id": "e1aef583-a081-4c01-a9b4-acf78d2de3e4", "name": "BP Gavà - La Bòbila", "taxonomy": "gas_station", "confidence": 0.81, "operating_status": null }, "geometry": { "type": "Point", "coordinates": [ 2.001567662946519, 41.299238923810314 ] } },
{ "type": "Feature", "properties": { "id": "30ffa234-2245-4888-86ad-b1d046c4eae1", "name": "Parc del Calamot", "taxonomy": "park", "confidence": 0.878, "operating_status": null }, "geometry": { "type": "Point", "coordinates": [ 2.0001494, 41.29809696 ] } },
{ "type": "Feature", "properties": { "id": "c445073c-d0db-4579-add0-579282ff7b96", "name": "Amazon Locker - talón", "taxonomy": "package_locker", "confidence": 0.8, "operating_status": null }, "geometry": { "type": "Point", "coordinates": [ 2.0027276, 41.29804 ] } },
{ "type": "Feature", "properties": { "id": "6f42b8d1-4358-46cd-8b31-b57953a35832", "name": "Cepsa", "taxonomy": "gas_station", "confidence": 1.0, "operating_status": null }, "geometry": { "type": "Point", "coordinates": [ 2.00288827, 41.29837515 ] } },
{ "type": "Feature", "properties": { "id": "73de7e10-e43e-4f3a-ae9c-92cef5131a40", "name": "R´Spiro Café", "taxonomy": "cafe", "confidence": 0.77, "operating_status": null }, "geometry": { "type": "Point", "coordinates": [ 2.002789, 41.298304 ] } },
{ "type": "Feature", "properties": { "id": "7982d8e3-ff61-4ffc-801e-614642649146", "name": "Carrefour Express EESS La Sentiú", "taxonomy": "convenience_store", "confidence": 0.8, "operating_status": null }, "geometry": { "type": "Point", "coordinates": [ 2.00283, 41.29825 ] } },
{ "type": "Feature", "properties": { "id": "ff7742f2-02a1-494c-a8de-c8fffa059c9e", "name": "Mextal Comercial", "taxonomy": "b2b_industrial_and_machine_service", "confidence": 0.85, "operating_status": null }, "geometry": { "type": "Point", "coordinates": [ 2.004335943, 41.298527824 ] } },
{ "type": "Feature", "properties": { "id": "be732d40-19d0-4c4f-ac26-6f4416de41a2", "name": "Empresa de logística Barcelona | 12IPV | Mailboxes", "taxonomy": "b2b_business_management_service", "confidence": 0.85, "operating_status": null }, "geometry": { "type": "Point", "coordinates": [ 2.00439, 41.2979109 ] } },
{ "type": "Feature", "properties": { "id": "c5b862be-cb62-41f0-bafe-9ce088dce9a8", "name": "FFS Equipos Urbanos, ", "taxonomy": "truck_repair", "confidence": 0.85, "operating_status": null }, "geometry": { "type": "Point", "coordinates": [ 2.0047712, 41.2977301 ] } },
{ "type": "Feature", "properties": { "id": "5c11d6e6-43c7-40bf-b557-8cb9451c5bd2", "name": "TALLERES MONTFLORIT, ", "taxonomy": "auto_body_shop", "confidence": 0.85, "operating_status": null }, "geometry": { "type": "Point", "coordinates": [ 2.0046828, 41.2980422 ] } },
{ "type": "Feature", "properties": { "id": "e64bd6ba-794f-4b56-a247-96431dd477f1", "name": "Galvanizados Tenas ", "taxonomy": "metal_fabricator", "confidence": 0.911, "operating_status": null }, "geometry": { "type": "Point", "coordinates": [ 2.00657416, 41.298330134 ] } },
{ "type": "Feature", "properties": { "id": "6acf0ab5-7da3-42ae-b0a9-7cfd8411ac59", "name": "Vodafone Barnasud", "taxonomy": "mobile_phone_store", "confidence": 0.85, "operating_status": null }, "geometry": { "type": "Point", "coordinates": [ 2.00633, 41.29693 ] } },
{ "type": "Feature", "properties": { "id": "e45907ba-19df-4148-9463-74f0f0f5a353", "name": "Yoga Hipiclub Internacional", "taxonomy": "yoga_studio", "confidence": 0.924, "operating_status": null }, "geometry": { "type": "Point", "coordinates": [ 1.9949197769165, 41.294252775985001 ] } },
{ "type": "Feature", "properties": { "id": "3497a92b-aeae-4292-8c3a-cbea6df94069", "name": "Vivers Barri", "taxonomy": "nursery_and_gardening_store", "confidence": 0.954, "operating_status": null }, "geometry": { "type": "Point", "coordinates": [ 2.0036745071411, 41.290028727646003 ] } },
{ "type": "Feature", "properties": { "id": "59715a2d-1803-49d2-9173-14fa21b0cf5f", "name": "Station REPSOL", "taxonomy": "gas_station", "confidence": 0.8, "operating_status": null }, "geometry": { "type": "Point", "coordinates": [ 2.000681, 41.288437 ] } },
{ "type": "Feature", "properties": { "id": "b0eceecb-4bcb-42d3-a69c-956738826497", "name": "Àrea de Servei de Gavà", "taxonomy": "travel_service", "confidence": 0.769, "operating_status": null }, "geometry": { "type": "Point", "coordinates": [ 2.0005869, 41.2885548 ] } },
{ "type": "Feature", "properties": { "id": "f84c0126-4b67-4d83-a32b-cd094c0cb6b5", "name": "CRED A-16", "taxonomy": "gas_station", "confidence": 0.8, "operating_status": null }, "geometry": { "type": "Point", "coordinates": [ 2.00066568, 41.28852082 ] } },
{ "type": "Feature", "properties": { "id": "e6289aba-6d94-4b5f-ac82-dcaf209e9df0", "name": "Petrocat", "taxonomy": "gas_station", "confidence": 0.925, "operating_status": null }, "geometry": { "type": "Point", "coordinates": [ 2.00068968, 41.28860011 ] } },
{ "type": "Feature", "properties": { "id": "eb1e6f2f-1ac7-4d53-9a3d-7241df50b854", "name": "Escola Els Pins", "taxonomy": "elementary_school", "confidence": 0.867, "operating_status": null }, "geometry": { "type": "Point", "coordinates": [ 1.98732512, 41.28974996 ] } },
{ "type": "Feature", "properties": { "id": "3813c775-61e4-4e96-bcc5-cf5e4de3ba73", "name": "Iglesia Evangélica de Castelldefels", "taxonomy": "protestant_place_of_worship", "confidence": 0.97, "operating_status": null }, "geometry": { "type": "Point", "coordinates": [ 1.9879315, 41.28928996 ] } },
{ "type": "Feature", "properties": { "id": "f16a91d9-8fd9-4315-ae72-9281f2eed3f1", "name": "Imperfect Restaurant Solidari", "taxonomy": "theme_restaurant", "confidence": 0.997, "operating_status": null }, "geometry": { "type": "Point", "coordinates": [ 1.9877996, 41.28911338 ] } },
{ "type": "Feature", "properties": { "id": "8ecefb39-6e51-4d15-8b30-9fe6e74e47da", "name": "CLAM! Barcelona", "taxonomy": null, "confidence": 0.85, "operating_status": null }, "geometry": { "type": "Point", "coordinates": [ 1.9878019, 41.2891037 ] } },
{ "type": "Feature", "properties": { "id": "496e47ff-9c22-4539-b971-6fb2719ccf90", "name": "UE Castelldefels", "taxonomy": "soccer_field", "confidence": 0.826, "operating_status": null }, "geometry": { "type": "Point", "coordinates": [ 1.9869225316496, 41.288899186134003 ] } },
{ "type": "Feature", "properties": { "id": "b6877c59-1dbf-419a-a713-fbe9ef78a2ca", "name": "Municipal Els Canyars", "taxonomy": "soccer_stadium", "confidence": 0.941, "operating_status": null }, "geometry": { "type": "Point", "coordinates": [ 1.986924196798569, 41.28882374091247 ] } },
{ "type": "Feature", "properties": { "id": "ad0ee753-87c6-4ef2-ae42-dd27c7e37efc", "name": "Municipal Els Canyars", "taxonomy": "stadium_arena", "confidence": 0.906, "operating_status": null }, "geometry": { "type": "Point", "coordinates": [ 1.986924196798569, 41.28882374091247 ] } },
{ "type": "Feature", "properties": { "id": "0e63ce73-f995-4d94-ac05-7e45577fd983", "name": "Pastisseria canyars", "taxonomy": "grocery_store", "confidence": 0.941, "operating_status": null }, "geometry": { "type": "Point", "coordinates": [ 1.98725086, 41.2883715 ] } },
{ "type": "Feature", "properties": { "id": "05b7a13b-7926-465b-8195-fe59a8e24d06", "name": "Circuit Montmelo", "taxonomy": "sports_and_recreation", "confidence": 0.714, "operating_status": null }, "geometry": { "type": "Point", "coordinates": [ 1.987438, 41.2880527 ] } },
{ "type": "Feature", "properties": { "id": "14ae4573-341a-48ee-b628-0d5afb0d2313", "name": "Carvan Medicina Estética", "taxonomy": "medical_spa", "confidence": 0.885, "operating_status": null }, "geometry": { "type": "Point", "coordinates": [ 1.9868063, 41.28803697 ] } },
{ "type": "Feature", "properties": { "id": "9406c669-8bbe-455d-bc42-0fa2cac0834d", "name": "Teresa Buera Muñoz", "taxonomy": "hair_salon", "confidence": 0.77, "operating_status": null }, "geometry": { "type": "Point", "coordinates": [ 1.986805019487822, 41.287971527602465 ] } },
{ "type": "Feature", "properties": { "id": "c4a0b8f3-9ea7-4552-ba1d-ea98e985f052", "name": "Camping Solana del Segre", "taxonomy": "lodging", "confidence": 0.958, "operating_status": null }, "geometry": { "type": "Point", "coordinates": [ 1.988130675015742, 41.287768020018433 ] } },
{ "type": "Feature", "properties": { "id": "f26bd6f1-a810-4db8-80de-93f4f8d23174", "name": "Confortauto Speed Boxes ", "taxonomy": "automotive_service", "confidence": 0.932, "operating_status": null }, "geometry": { "type": "Point", "coordinates": [ 1.9885603, 41.2880356 ] } },
{ "type": "Feature", "properties": { "id": "f607e37e-9201-4751-b7c5-043247871b28", "name": "Pic supermercados", "taxonomy": "grocery_store", "confidence": 0.946, "operating_status": null }, "geometry": { "type": "Point", "coordinates": [ 1.98888894, 41.2878221 ] } },
{ "type": "Feature", "properties": { "id": "8c042242-1fc6-46cb-acc3-472e71758e4d", "name": "Restaurant El Destino", "taxonomy": "peruvian_restaurant", "confidence": 0.971, "operating_status": null }, "geometry": { "type": "Point", "coordinates": [ 1.98826861, 41.28730342 ] } },
{ "type": "Feature", "properties": { "id": "d02ae50c-ae75-4a4d-95b9-93023a3740e6", "name": "Denise Peluqueria y Estética", "taxonomy": "beauty_salon", "confidence": 0.828, "operating_status": null }, "geometry": { "type": "Point", "coordinates": [ 1.9878, 41.28722 ] } },
{ "type": "Feature", "properties": { "id": "fbe374c6-a9ac-439f-a9ec-3cbab9df3a10", "name": "Pizzeria Montevideo", "taxonomy": "pizza_restaurant", "confidence": 0.997, "operating_status": null }, "geometry": { "type": "Point", "coordinates": [ 1.98789718, 41.28704909 ] } },
{ "type": "Feature", "properties": { "id": "1b8c2262-3e2e-40c5-8e27-d3595d303825", "name": "L'Art Nupcial", "taxonomy": "bridal_shop", "confidence": 0.884, "operating_status": null }, "geometry": { "type": "Point", "coordinates": [ 1.98767063, 41.28685427 ] } },
{ "type": "Feature", "properties": { "id": "3dcda4e4-446a-4f6c-9443-100e4d68da7c", "name": "Armando-G", "taxonomy": "jewelry_store", "confidence": 0.922, "operating_status": null }, "geometry": { "type": "Point", "coordinates": [ 1.98811, 41.2869 ] } },
{ "type": "Feature", "properties": { "id": "0910b7de-0a0f-4854-bac7-030746e32d54", "name": "Tienda de Electrónica", "taxonomy": "electronics_store", "confidence": 0.85, "operating_status": null }, "geometry": { "type": "Point", "coordinates": [ 1.9910302, 41.2870556 ] } },
{ "type": "Feature", "properties": { "id": "ed9e1e3b-2dd2-4443-820a-7030d4896454", "name": "Polti Portugal", "taxonomy": "industrial_company", "confidence": 0.717, "operating_status": null }, "geometry": { "type": "Point", "coordinates": [ 1.99353213, 41.2873452 ] } },
{ "type": "Feature", "properties": { "id": "00ebd060-a37e-454e-b0cc-eaa0f9d4a241", "name": "Tanatori Àltima Castelldefels - Gavà", "taxonomy": "cremation_service", "confidence": 0.994, "operating_status": null }, "geometry": { "type": "Point", "coordinates": [ 1.994521749668138, 41.288203953764729 ] } },
{ "type": "Feature", "properties": { "id": "f2517f47-9697-48a8-9af3-c7826899f1b7", "name": "Ceilhit", "taxonomy": "hvac_service", "confidence": 0.877, "operating_status": null }, "geometry": { "type": "Point", "coordinates": [ 1.9957381, 41.28702471 ] } },
{ "type": "Feature", "properties": { "id": "b08fd00b-90bc-4ff3-a8d9-5df1c64207a9", "name": "Tailored perfumes", "taxonomy": "cosmetics_and_fragrance_store", "confidence": 0.971, "operating_status": null }, "geometry": { "type": "Point", "coordinates": [ 1.9953408, 41.2860537 ] } },
{ "type": "Feature", "properties": { "id": "0ef72e5b-c878-4e2c-94f3-24be5fe7ea6f", "name": "Air Val International ", "taxonomy": "cosmetics_and_fragrance_store", "confidence": 0.923, "operating_status": null }, "geometry": { "type": "Point", "coordinates": [ 1.9954139, 41.28593 ] } },
{ "type": "Feature", "properties": { "id": "c0dd9758-fc64-4873-a20c-9e957321a44e", "name": "ALEGRET-AUTO, S.L.", "taxonomy": "auto_dealer", "confidence": 0.883, "operating_status": null }, "geometry": { "type": "Point", "coordinates": [ 1.9879998, 41.2864938 ] } },
{ "type": "Feature", "properties": { "id": "e0d77b29-8f36-4236-8ff0-414270966169", "name": "CMB, ", "taxonomy": "metal_fabricator", "confidence": 0.923, "operating_status": null }, "geometry": { "type": "Point", "coordinates": [ 1.9881556, 41.2867174 ] } },
{ "type": "Feature", "properties": { "id": "1d508f6e-db89-4cff-b59b-cbee55ff9f55", "name": "Grup Solbar", "taxonomy": "cafe", "confidence": 0.855, "operating_status": null }, "geometry": { "type": "Point", "coordinates": [ 1.988235, 41.286675 ] } },
{ "type": "Feature", "properties": { "id": "bdd1ffb8-0522-4e14-820e-a471a5bd50bb", "name": "Bar Cerveceria La Tasca", "taxonomy": "bar", "confidence": 0.863, "operating_status": null }, "geometry": { "type": "Point", "coordinates": [ 1.98731887, 41.28656198 ] } },
{ "type": "Feature", "properties": { "id": "4383bebc-b165-44a8-a463-8d1ab116e9e3", "name": "Panadería Uruguaya Zitarrosa", "taxonomy": "bakery", "confidence": 0.992, "operating_status": null }, "geometry": { "type": "Point", "coordinates": [ 1.98701499, 41.28657544 ] } },
{ "type": "Feature", "properties": { "id": "401575cd-15f8-4b87-8f7a-104a2d408f19", "name": "Tio Brasas", "taxonomy": "barbecue_restaurant", "confidence": 0.961, "operating_status": null }, "geometry": { "type": "Point", "coordinates": [ 1.98676638, 41.28630294 ] } },
{ "type": "Feature", "properties": { "id": "892f95b1-38b5-4456-aa77-8c796472fbcf", "name": "AUTO BELTRAN, S.A.", "taxonomy": "automotive_repair", "confidence": 0.8, "operating_status": null }, "geometry": { "type": "Point", "coordinates": [ 1.988489, 41.285215 ] } },
{ "type": "Feature", "properties": { "id": "a3d70258-a305-47c0-9b82-4d8c85df791d", "name": "Cafés la Garza", "taxonomy": "cafe", "confidence": 0.77, "operating_status": null }, "geometry": { "type": "Point", "coordinates": [ 1.989508037155922, 41.285884500850621 ] } },
{ "type": "Feature", "properties": { "id": "767a0005-a4e5-4e65-bbfb-7406278f3582", "name": "Eurogine ", "taxonomy": "medical_supply_store", "confidence": 0.85, "operating_status": null }, "geometry": { "type": "Point", "coordinates": [ 1.9896542, 41.2859711 ] } },
{ "type": "Feature", "properties": { "id": "8039d2d6-d7bf-4cbb-bc39-18c92cb24f54", "name": "Antonio Matachana", "taxonomy": "health_care", "confidence": 0.87, "operating_status": null }, "geometry": { "type": "Point", "coordinates": [ 1.99026849, 41.28577236 ] } },
{ "type": "Feature", "properties": { "id": "5dbc6e50-c09a-473a-a78e-3f121e39ea89", "name": "CARGOFLET BLASANT . Grupo CFB", "taxonomy": "industrial_equipment_manufacturer", "confidence": 0.85, "operating_status": null }, "geometry": { "type": "Point", "coordinates": [ 1.9899784, 41.2845599 ] } },
{ "type": "Feature", "properties": { "id": "fa200391-f077-49ba-bff7-af9eb00e3ca5", "name": "ITE Mayorista ferreterías", "taxonomy": "industrial_equipment_manufacturer", "confidence": 0.85, "operating_status": null }, "geometry": { "type": "Point", "coordinates": [ 1.9900375, 41.2844734 ] } },
{ "type": "Feature", "properties": { "id": "e79411bb-0e9e-4fe3-afca-006a9b306c7d", "name": "Murprotec. Tratamientos definitivos contra las humedades", "taxonomy": "b2b_international_trade_service", "confidence": 0.85, "operating_status": null }, "geometry": { "type": "Point", "coordinates": [ 1.9881231, 41.283981 ] } },
{ "type": "Feature", "properties": { "id": "4adacd4d-5a58-434b-9df5-c9cafec2a073", "name": "Cbc Fitness Club", "taxonomy": "gym", "confidence": 0.952, "operating_status": null }, "geometry": { "type": "Point", "coordinates": [ 1.98780346, 41.28402667 ] } },
{ "type": "Feature", "properties": { "id": "4547a564-f4d3-4de0-863d-ea254933c0a5", "name": "CrossFit Box Castelldefels", "taxonomy": "gym", "confidence": 0.999, "operating_status": null }, "geometry": { "type": "Point", "coordinates": [ 1.9879460334778, 41.284046878369999 ] } },
{ "type": "Feature", "properties": { "id": "dd71a72f-ca8d-41b5-862e-0ad0270badde", "name": "CBC CrossFit", "taxonomy": "gym", "confidence": 0.8, "operating_status": null }, "geometry": { "type": "Point", "coordinates": [ 1.987349, 41.283863 ] } },
{ "type": "Feature", "properties": { "id": "79d596d4-7cdc-487b-bb8f-597976fec485", "name": "Oysho", "taxonomy": "clothing_store", "confidence": 0.966, "operating_status": null }, "geometry": { "type": "Point", "coordinates": [ 1.986766, 41.283836 ] } },
{ "type": "Feature", "properties": { "id": "74240f50-8497-4d1e-92e3-4300ff55adae", "name": "Zara", "taxonomy": "clothing_store", "confidence": 0.954, "operating_status": null }, "geometry": { "type": "Point", "coordinates": [ 1.986766, 41.283836 ] } },
{ "type": "Feature", "properties": { "id": "d429c513-bd40-40b0-90d8-61835bd0ca89", "name": "Massimo Dutti", "taxonomy": "mens_clothing_store", "confidence": 0.994, "operating_status": null }, "geometry": { "type": "Point", "coordinates": [ 1.98675682, 41.28380006 ] } },
{ "type": "Feature", "properties": { "id": "61cec7a6-34eb-4539-bfc3-f3bcf9cefc36", "name": "Intersport", "taxonomy": "sporting_goods_store", "confidence": 0.77, "operating_status": null }, "geometry": { "type": "Point", "coordinates": [ 1.986759513974182, 41.283703970421726 ] } },
{ "type": "Feature", "properties": { "id": "9b090c1d-b3d5-4b18-aebe-ae979004b5c8", "name": "Bershka", "taxonomy": "clothing_store", "confidence": 0.999, "operating_status": null }, "geometry": { "type": "Point", "coordinates": [ 1.9871328, 41.28351275 ] } },
{ "type": "Feature", "properties": { "id": "f2302443-83c7-40e3-951f-bbfebb31274d", "name": "Felscar Peugeot", "taxonomy": "auto_dealer", "confidence": 0.983, "operating_status": null }, "geometry": { "type": "Point", "coordinates": [ 1.98857688, 41.28362367 ] } },
{ "type": "Feature", "properties": { "id": "9b3f3672-f467-4a3e-a05d-492a3324ad9f", "name": "Blanco Cerrajería RF 1973, S.L.", "taxonomy": "industrial_company", "confidence": 0.871, "operating_status": null }, "geometry": { "type": "Point", "coordinates": [ 1.98884158, 41.28378996 ] } },
{ "type": "Feature", "properties": { "id": "3d4baf57-cdba-4110-883d-1e5834647e1e", "name": "Autocamiral", "taxonomy": "sheet_metal_fabricator", "confidence": 0.85, "operating_status": null }, "geometry": { "type": "Point", "coordinates": [ 1.9924, 41.2838731 ] } },
{ "type": "Feature", "properties": { "id": "137a1ce0-0e49-495b-91d1-19c65104395d", "name": "Padelarium Gavà", "taxonomy": "sport_league", "confidence": 0.998, "operating_status": null }, "geometry": { "type": "Point", "coordinates": [ 1.99426249, 41.28420001 ] } },
{ "type": "Feature", "properties": { "id": "3af6b878-24e8-4b4e-a5f0-fed21e97c696", "name": "CrossFit Castelldefels", "taxonomy": "gym", "confidence": 0.8, "operating_status": null }, "geometry": { "type": "Point", "coordinates": [ 1.992032, 41.284192 ] } },
{ "type": "Feature", "properties": { "id": "e28f52b3-4c38-4e4d-bd67-20cffce66484", "name": "Scorpion CrossFit", "taxonomy": "boot_camp", "confidence": 0.758, "operating_status": null }, "geometry": { "type": "Point", "coordinates": [ 2.0015247166157, 41.283704235626999 ] } },
{ "type": "Feature", "properties": { "id": "9382e147-d87d-47fd-a882-a9066ce897c1", "name": "Amazon Locker - cadmio", "taxonomy": "package_locker", "confidence": 0.8, "operating_status": null }, "geometry": { "type": "Point", "coordinates": [ 2.0009037, 41.2865833 ] } },
{ "type": "Feature", "properties": { "id": "f26fcee1-84b4-4c1f-9d0e-61ace24d96cc", "name": "CRED C-32", "taxonomy": "gas_station", "confidence": 0.8, "operating_status": null }, "geometry": { "type": "Point", "coordinates": [ 2.00072539, 41.28660313 ] } },
{ "type": "Feature", "properties": { "id": "952ffa73-5d20-484a-b05c-b4cee7474268", "name": "Estación de Servicio Repsol E.S. ENERGY EXPRESS ", "taxonomy": "gas_station", "confidence": 0.85, "operating_status": null }, "geometry": { "type": "Point", "coordinates": [ 2.00072539, 41.28660313 ] } },
{ "type": "Feature", "properties": { "id": "64727a7c-2c04-407d-baf0-86041a6e56d6", "name": "Rolke", "taxonomy": "dog_trainer", "confidence": 0.788, "operating_status": null }, "geometry": { "type": "Point", "coordinates": [ 1.9995626, 41.27780102 ] } },
{ "type": "Feature", "properties": { "id": "e8c33633-b7a8-4aaa-a131-595e9cf9f1b8", "name": "Canal Olimpic de Catalunya", "taxonomy": "canoe_and_kayak_hire_service", "confidence": 0.989, "operating_status": null }, "geometry": { "type": "Point", "coordinates": [ 1.9935191, 41.27988127 ] } },
{ "type": "Feature", "properties": { "id": "92cc1f6c-4a07-4f84-b42e-92f58c16db69", "name": "Olimpic By Iguana", "taxonomy": "restaurant", "confidence": 0.986, "operating_status": null }, "geometry": { "type": "Point", "coordinates": [ 1.99338296, 41.27949785 ] } },
{ "type": "Feature", "properties": { "id": "58902c23-167d-407f-a860-2e50d829f504", "name": "Club Piraguismo Castelldefels", "taxonomy": "sport_league", "confidence": 0.872, "operating_status": null }, "geometry": { "type": "Point", "coordinates": [ 1.99002, 41.2774582 ] } },
{ "type": "Feature", "properties": { "id": "f420fec0-b327-4f8c-b034-dbddcfc1f6e9", "name": "Campus Upc Castelldefels,barcelona", "taxonomy": "college_university", "confidence": 0.936, "operating_status": null }, "geometry": { "type": "Point", "coordinates": [ 1.98841, 41.28016 ] } },
{ "type": "Feature", "properties": { "id": "68d23cc5-20ee-4575-90b7-86d20c589cd2", "name": "El Celler de Noa", "taxonomy": "restaurant", "confidence": 0.914, "operating_status": null }, "geometry": { "type": "Point", "coordinates": [ 1.98685199, 41.28063376 ] } },
{ "type": "Feature", "properties": { "id": "5edc61ed-6d0b-4be7-a2a9-82a67ab39500", "name": "KFC", "taxonomy": "fast_food_restaurant", "confidence": 0.998, "operating_status": null }, "geometry": { "type": "Point", "coordinates": [ 1.98860123, 41.28173327 ] } },
{ "type": "Feature", "properties": { "id": "adb476e3-09af-45c5-bd50-bf1848cac891", "name": "Castelldefels Barcelona", "taxonomy": null, "confidence": 0.776, "operating_status": null }, "geometry": { "type": "Point", "coordinates": [ 1.989707233674732, 41.281373524634937 ] } },
{ "type": "Feature", "properties": { "id": "41b8f4c5-bfdd-4f00-a9d5-d5ca6a3396fc", "name": "Hotel SB BCN Events", "taxonomy": "hotel", "confidence": 0.999, "operating_status": null }, "geometry": { "type": "Point", "coordinates": [ 1.98961452, 41.28146172 ] } },
{ "type": "Feature", "properties": { "id": "ed3e5461-e21c-4482-9233-b5d1a4b530b4", "name": "Barcelona Club de Rem", "taxonomy": "sport_league", "confidence": 0.964, "operating_status": null }, "geometry": { "type": "Point", "coordinates": [ 1.99317905, 41.28099797 ] } },
{ "type": "Feature", "properties": { "id": "a9ed1736-f10a-4398-9328-e96fb3e74b8f", "name": "Crusat S.A.", "taxonomy": "liquor_store", "confidence": 0.79, "operating_status": null }, "geometry": { "type": "Point", "coordinates": [ 1.99299574, 41.28336613 ] } },
{ "type": "Feature", "properties": { "id": "11fb7551-0659-4352-97a4-99e693cb709c", "name": "Fibra y Sistemas", "taxonomy": "electrician", "confidence": 0.77, "operating_status": null }, "geometry": { "type": "Point", "coordinates": [ 1.990270338560058, 41.282924180741418 ] } },
{ "type": "Feature", "properties": { "id": "80e6d544-4050-4f08-9399-81a007ff5c77", "name": "Barberán S.A.", "taxonomy": "machine_shop", "confidence": 0.792, "operating_status": null }, "geometry": { "type": "Point", "coordinates": [ 1.98951623, 41.28285987 ] } },
{ "type": "Feature", "properties": { "id": "4c071ecb-5f67-47b5-990f-b92cd36fd45f", "name": "Vivelafruta", "taxonomy": "produce_store", "confidence": 0.792, "operating_status": null }, "geometry": { "type": "Point", "coordinates": [ 1.99121295, 41.28225512 ] } },
{ "type": "Feature", "properties": { "id": "5dcd95a9-6dca-4cf3-983b-eb1a902706ec", "name": "Frutas Antonio", "taxonomy": "produce_store", "confidence": 0.888, "operating_status": null }, "geometry": { "type": "Point", "coordinates": [ 1.99139151, 41.28233441 ] } },
{ "type": "Feature", "properties": { "id": "a87eb763-8575-4051-9729-a4dab1d9001b", "name": "Aldi", "taxonomy": "grocery_store", "confidence": 0.8, "operating_status": null }, "geometry": { "type": "Point", "coordinates": [ 1.989821, 41.282006 ] } },
{ "type": "Feature", "properties": { "id": "b6b95b7d-cb9d-44da-876f-65d9829a7bdd", "name": "Vinted Go Parcel Shop", "taxonomy": "shipping_or_delivery_service", "confidence": 1.0, "operating_status": "open" }, "geometry": { "type": "Point", "coordinates": [ 1.990307522, 41.28222867 ] } },
{ "type": "Feature", "properties": { "id": "0a91901e-3082-4d19-8e01-1922cb62ab6d", "name": "Restaurante eSBo", "taxonomy": "restaurant", "confidence": 0.85, "operating_status": null }, "geometry": { "type": "Point", "coordinates": [ 1.989925434393318, 41.282478093831749 ] } },
{ "type": "Feature", "properties": { "id": "86bc7df1-bc76-4142-99dd-bae1e86e04c4", "name": "Hiper Store", "taxonomy": "home_goods_store", "confidence": 0.956, "operating_status": null }, "geometry": { "type": "Point", "coordinates": [ 1.98804567, 41.28228789 ] } },
{ "type": "Feature", "properties": { "id": "5b7f033e-f8d7-44de-b597-9fa8e2a060b1", "name": "Burger King", "taxonomy": "burger_restaurant", "confidence": 1.0, "operating_status": null }, "geometry": { "type": "Point", "coordinates": [ 1.98912098, 41.28209984 ] } },
{ "type": "Feature", "properties": { "id": "b7a1b174-44b4-4a01-93a9-60b6f49be7b0", "name": "Anubis Coctelería", "taxonomy": "cocktail_bar", "confidence": 0.77, "operating_status": null }, "geometry": { "type": "Point", "coordinates": [ 1.986799126802665, 41.282589219204361 ] } },
{ "type": "Feature", "properties": { "id": "db1802e2-40eb-4f22-81e5-dfa47948435d", "name": "Fitness Park", "taxonomy": "gym", "confidence": 0.8, "operating_status": null }, "geometry": { "type": "Point", "coordinates": [ 1.9868471, 41.2826917 ] } },
{ "type": "Feature", "properties": { "id": "39c39f52-8a82-4a94-a790-d959b6369c52", "name": "Sunglass Hut", "taxonomy": "eyewear_store", "confidence": 0.77, "operating_status": null }, "geometry": { "type": "Point", "coordinates": [ 1.98686050948347, 41.282711222297543 ] } },
{ "type": "Feature", "properties": { "id": "80a9a3c6-669b-4330-b075-9dbdf3d42afa", "name": "Gelateria Carte Dor", "taxonomy": "ice_cream_shop", "confidence": 0.881, "operating_status": null }, "geometry": { "type": "Point", "coordinates": [ 1.98685, 41.28269 ] } },
{ "type": "Feature", "properties": { "id": "9d1f6b27-c480-4b6e-a355-abadcb63fd84", "name": "Hawkers Co.", "taxonomy": "clothing_company", "confidence": 0.726, "operating_status": null }, "geometry": { "type": "Point", "coordinates": [ 1.98685, 41.28269 ] } },
{ "type": "Feature", "properties": { "id": "bf9bb761-9112-4c67-9501-e6a6b134c1d4", "name": "Belros", "taxonomy": "candy_store", "confidence": 0.77, "operating_status": null }, "geometry": { "type": "Point", "coordinates": [ 1.986809520928529, 41.28275906436803 ] } },
{ "type": "Feature", "properties": { "id": "4b45b8af-7af7-4176-8939-3e617118d890", "name": "Alain Afflelou Optico", "taxonomy": "shopping", "confidence": 0.77, "operating_status": null }, "geometry": { "type": "Point", "coordinates": [ 1.986758532339312, 41.282806906378077 ] } },
{ "type": "Feature", "properties": { "id": "06292de4-8c83-4e86-ac23-a8a642bc2628", "name": "Port D'almoka (cc l'anec blau)", "taxonomy": "cafe", "confidence": 0.77, "operating_status": null }, "geometry": { "type": "Point", "coordinates": [ 1.98675175, 41.283026 ] } },
{ "type": "Feature", "properties": { "id": "4fbf0cc6-71ed-4a06-b07e-cdf1c0c45b55", "name": "Pull&Bear", "taxonomy": "clothing_store", "confidence": 0.908, "operating_status": null }, "geometry": { "type": "Point", "coordinates": [ 1.98774599, 41.28299787 ] } },
{ "type": "Feature", "properties": { "id": "6c378f0c-f9fe-4bc1-b3d7-9e0c0761e0ba", "name": "H&M", "taxonomy": "clothing_store", "confidence": 1.0, "operating_status": "open" }, "geometry": { "type": "Point", "coordinates": [ 1.987704634666443, 41.283031038174471 ] } },
{ "type": "Feature", "properties": { "id": "bcae0513-77c9-499c-97bc-22bb35fb1de1", "name": "MP Castelldefels", "taxonomy": "shopping_mall", "confidence": 0.971, "operating_status": null }, "geometry": { "type": "Point", "coordinates": [ 1.98865409, 41.28271888 ] } },
{ "type": "Feature", "properties": { "id": "a5c3eff6-8ad2-402e-8de5-3cd1545c4213", "name": "Greenwich", "taxonomy": "luggage_store", "confidence": 0.799, "operating_status": null }, "geometry": { "type": "Point", "coordinates": [ 1.98741863, 41.28333235 ] } },
{ "type": "Feature", "properties": { "id": "0beb7327-5e9f-4e59-8e18-777b763920f3", "name": "Franck Provost", "taxonomy": "hair_salon", "confidence": 0.8, "operating_status": null }, "geometry": { "type": "Point", "coordinates": [ 1.987326637542765, 41.283244149973164 ] } },
{ "type": "Feature", "properties": { "id": "add0f732-852a-4897-93d8-10b7601a1350", "name": "Pimkie", "taxonomy": "womens_clothing_store", "confidence": 0.77, "operating_status": null }, "geometry": { "type": "Point", "coordinates": [ 1.987055053488037, 41.28324707591765 ] } },
{ "type": "Feature", "properties": { "id": "03109529-172b-4311-9566-fc79bad6fb0e", "name": "C&A", "taxonomy": "fashion_boutique", "confidence": 0.77, "operating_status": null }, "geometry": { "type": "Point", "coordinates": [ 1.987041651315373, 41.283188575260809 ] } },
{ "type": "Feature", "properties": { "id": "41fea146-1121-4e16-98a6-8669d2fe5269", "name": "MISAKO", "taxonomy": "handbag_store", "confidence": 0.966, "operating_status": null }, "geometry": { "type": "Point", "coordinates": [ 1.9870137, 41.2831355 ] } },
{ "type": "Feature", "properties": { "id": "36ed8b68-2923-47d8-b163-f91888bbcbe5", "name": "Intimissimi Uomo", "taxonomy": "clothing_store", "confidence": 0.77, "operating_status": null }, "geometry": { "type": "Point", "coordinates": [ 1.986962978383906, 41.283064071719288 ] } },
{ "type": "Feature", "properties": { "id": "c6f1ec0f-7e1d-4c72-b81f-c1bf57f18806", "name": "Stradivarius Espana", "taxonomy": "womens_clothing_store", "confidence": 0.797, "operating_status": null }, "geometry": { "type": "Point", "coordinates": [ 1.986842, 41.283089 ] } },
{ "type": "Feature", "properties": { "id": "416e38c1-8cd1-4690-98d8-226dca9c6c69", "name": "Parfois", "taxonomy": "fashion_accessories_store", "confidence": 1.0, "operating_status": "open" }, "geometry": { "type": "Point", "coordinates": [ 1.986720757104109, 41.283171049758153 ] } },
{ "type": "Feature", "properties": { "id": "7c8d940e-2074-4932-b52d-85ebf7959069", "name": "Drim", "taxonomy": "toy_store", "confidence": 0.77, "operating_status": null }, "geometry": { "type": "Point", "coordinates": [ 1.986848782303648, 41.283208937329498 ] } },
{ "type": "Feature", "properties": { "id": "80324eee-aefd-40e6-9a3f-721890bcced6", "name": "Intimissimi Uomo", "taxonomy": "mens_clothing_store", "confidence": 0.997, "operating_status": null }, "geometry": { "type": "Point", "coordinates": [ 1.9870204, 41.28317103 ] } },
{ "type": "Feature", "properties": { "id": "745388f2-a1a8-4ce9-a59e-de5b959e9236", "name": "Springfield", "taxonomy": "mens_clothing_store", "confidence": 0.77, "operating_status": null }, "geometry": { "type": "Point", "coordinates": [ 1.98724714067978, 41.283304854571874 ] } },
{ "type": "Feature", "properties": { "id": "ff0ae3f6-e904-4a76-bae0-303f778bde90", "name": "GAME Ánec Blau", "taxonomy": "video_game_store", "confidence": 0.966, "operating_status": null }, "geometry": { "type": "Point", "coordinates": [ 1.986193, 41.283319 ] } },
{ "type": "Feature", "properties": { "id": "ad2faa26-c718-4f15-8360-8e1e8f0398af", "name": "Druni", "taxonomy": "cosmetics_and_fragrance_store", "confidence": 0.972, "operating_status": null }, "geometry": { "type": "Point", "coordinates": [ 1.9865824, 41.2831047 ] } },
{ "type": "Feature", "properties": { "id": "be5dc570-4148-404b-a43d-5473cf984eab", "name": "La Casa de las Carcasas", "taxonomy": "mobile_phone_store", "confidence": 0.708, "operating_status": null }, "geometry": { "type": "Point", "coordinates": [ 1.98635466, 41.28310489 ] } },
{ "type": "Feature", "properties": { "id": "0eff908c-e22c-4673-ba09-c52108104829", "name": "llaollao", "taxonomy": "frozen_yogurt_shop", "confidence": 0.924, "operating_status": null }, "geometry": { "type": "Point", "coordinates": [ 1.986269, 41.283176 ] } },
{ "type": "Feature", "properties": { "id": "c4a1bee0-4242-4610-bd07-a3fa9249dac9", "name": "Vinted Go Parcel Shop", "taxonomy": "bank_or_credit_union", "confidence": 0.85, "operating_status": null }, "geometry": { "type": "Point", "coordinates": [ 1.986388566270449, 41.283233249054128 ] } },
{ "type": "Feature", "properties": { "id": "9d740557-27d4-4aed-883b-c14d02666888", "name": "Nuria Pascual", "taxonomy": "spa", "confidence": 0.964, "operating_status": null }, "geometry": { "type": "Point", "coordinates": [ 1.98632165, 41.2832343 ] } },
{ "type": "Feature", "properties": { "id": "c4b167c1-4fc4-4423-8ddc-66ddcc4128a8", "name": "Tienda Orange", "taxonomy": "telecommunications_service", "confidence": 0.85, "operating_status": null }, "geometry": { "type": "Point", "coordinates": [ 1.9859859, 41.2831648 ] } },
{ "type": "Feature", "properties": { "id": "f92f913e-6836-4d6e-af61-2cc5790c3d7b", "name": "Tienda de zapatos CASAS", "taxonomy": "shoe_store", "confidence": 0.966, "operating_status": null }, "geometry": { "type": "Point", "coordinates": [ 1.985803, 41.283344 ] } },
{ "type": "Feature", "properties": { "id": "dad3e7b0-f0fc-4386-b65c-77f1b34c52ef", "name": "McCafé", "taxonomy": "coffee_shop", "confidence": 0.8, "operating_status": null }, "geometry": { "type": "Point", "coordinates": [ 1.9850987, 41.282739 ] } },
{ "type": "Feature", "properties": { "id": "7e00897b-b630-40e8-bb14-2ca1f1043575", "name": "100 Montaditos", "taxonomy": "sandwich_shop", "confidence": 0.77, "operating_status": null }, "geometry": { "type": "Point", "coordinates": [ 1.985834258519669, 41.282644053098757 ] } },
{ "type": "Feature", "properties": { "id": "8e9eaeb4-e539-407b-8d15-f11d2af1fdde", "name": "Lefties", "taxonomy": "clothing_store", "confidence": 0.77, "operating_status": null }, "geometry": { "type": "Point", "coordinates": [ 1.9857775, 41.282673 ] } },
{ "type": "Feature", "properties": { "id": "51e1a809-16f0-4d37-8174-86967b71734f", "name": "Samu CarWash", "taxonomy": "car_wash", "confidence": 0.951, "operating_status": null }, "geometry": { "type": "Point", "coordinates": [ 1.98585816, 41.28273214 ] } },
{ "type": "Feature", "properties": { "id": "3dc3b26c-538d-40e1-943e-82661b802d39", "name": "Viena", "taxonomy": "sandwich_shop", "confidence": 0.77, "operating_status": null }, "geometry": { "type": "Point", "coordinates": [ 1.985837999086037, 41.28269310246344 ] } },
{ "type": "Feature", "properties": { "id": "da28e236-96bd-4f47-bf3c-5167de07751c", "name": "Casa Carmen Restaurant Platillos", "taxonomy": "european_restaurant", "confidence": 0.99, "operating_status": null }, "geometry": { "type": "Point", "coordinates": [ 1.98583379, 41.28272156 ] } },
{ "type": "Feature", "properties": { "id": "7583b027-4ffd-476f-aed8-4c7e195ab7be", "name": "CASTELLDEFELS SC ANEC BLAU", "taxonomy": "clothing_store", "confidence": 0.8, "operating_status": null }, "geometry": { "type": "Point", "coordinates": [ 1.985835, 41.282724 ] } },
{ "type": "Feature", "properties": { "id": "e47d84c1-4858-4d9b-859f-dbdf7ce2a32c", "name": "Kiko Milano", "taxonomy": "cosmetics_and_fragrance_store", "confidence": 0.997, "operating_status": null }, "geometry": { "type": "Point", "coordinates": [ 1.9858354, 41.2827238 ] } },
{ "type": "Feature", "properties": { "id": "fc13cb48-a1dc-4db4-a563-7f31aa48d90a", "name": "Timesburg", "taxonomy": "american_restaurant", "confidence": 0.964, "operating_status": null }, "geometry": { "type": "Point", "coordinates": [ 1.9858365207563, 41.282788689984997 ] } },
{ "type": "Feature", "properties": { "id": "2be7621c-7306-4a80-99d4-439d98ca53e4", "name": "Tezenis", "taxonomy": "lingerie_store", "confidence": 0.982, "operating_status": null }, "geometry": { "type": "Point", "coordinates": [ 1.98588124, 41.28279483 ] } },
{ "type": "Feature", "properties": { "id": "e49b3d98-1203-4acc-8aea-024bb584a1e1", "name": "La Tagliatella", "taxonomy": "italian_restaurant", "confidence": 1.0, "operating_status": null }, "geometry": { "type": "Point", "coordinates": [ 1.98604162, 41.28284686 ] } },
{ "type": "Feature", "properties": { "id": "e454f33c-9651-4206-b007-441ab50f5833", "name": "Inside", "taxonomy": "clothing_store", "confidence": 0.77, "operating_status": null }, "geometry": { "type": "Point", "coordinates": [ 1.985799177750643, 41.282844675403332 ] } },
{ "type": "Feature", "properties": { "id": "49d099e6-e9f7-4837-bf90-2e274ccbd5d2", "name": "Movistar", "taxonomy": "mobile_phone_store", "confidence": 0.996, "operating_status": null }, "geometry": { "type": "Point", "coordinates": [ 1.98574917, 41.28284595 ] } },
{ "type": "Feature", "properties": { "id": "76231392-ea52-4173-8e19-a32df7cc906f", "name": "Summy", "taxonomy": "frozen_yogurt_shop", "confidence": 0.932, "operating_status": null }, "geometry": { "type": "Point", "coordinates": [ 1.98560911, 41.28281369 ] } },
{ "type": "Feature", "properties": { "id": "d0e3a7be-7341-4baf-948e-8f495902d716", "name": "Amazon Locker - dardos", "taxonomy": "package_locker", "confidence": 0.8, "operating_status": null }, "geometry": { "type": "Point", "coordinates": [ 1.985718, 41.282769 ] } },
{ "type": "Feature", "properties": { "id": "4d93c7d6-365a-4a45-a4f3-b1d488b92885", "name": "McDonald's", "taxonomy": "fast_food_restaurant", "confidence": 1.0, "operating_status": null }, "geometry": { "type": "Point", "coordinates": [ 1.98546799, 41.28274662 ] } },
{ "type": "Feature", "properties": { "id": "1ad1404f-238b-4fe2-a9a5-a5f365ad810c", "name": "Stand Vodafone CC Anec Blau", "taxonomy": "telecommunications_service", "confidence": 0.8, "operating_status": null }, "geometry": { "type": "Point", "coordinates": [ 1.986562, 41.2830505 ] } },
{ "type": "Feature", "properties": { "id": "ad7c2917-c255-4464-9848-9e67c3ad2d76", "name": "Calzedonia", "taxonomy": "childrens_clothing_store", "confidence": 0.996, "operating_status": null }, "geometry": { "type": "Point", "coordinates": [ 1.98662731, 41.28291536 ] } },
{ "type": "Feature", "properties": { "id": "78dfe060-5735-48c4-86c9-7593850ceebc", "name": "Levi's® Castelldefels", "taxonomy": "womens_clothing_store", "confidence": 0.85, "operating_status": null }, "geometry": { "type": "Point", "coordinates": [ 1.9867, 41.2828 ] } },
{ "type": "Feature", "properties": { "id": "7b6b6ded-7619-4d0e-a5be-c981d1063b34", "name": "Kiwoko. Mundo Animal", "taxonomy": "furniture_manufacturer", "confidence": 0.966, "operating_status": null }, "geometry": { "type": "Point", "coordinates": [ 1.9859301, 41.2826345 ] } },
{ "type": "Feature", "properties": { "id": "a1e06272-0b48-46e1-a506-56f9f9f1fbfb", "name": "MARYPAZ", "taxonomy": "shoe_store", "confidence": 0.85, "operating_status": null }, "geometry": { "type": "Point", "coordinates": [ 1.9859301, 41.2826345 ] } },
{ "type": "Feature", "properties": { "id": "04a8485c-fbfb-4d30-8e15-44bad3ad9584", "name": "C.C. Ànec Blau", "taxonomy": "shopping_mall", "confidence": 0.77, "operating_status": null }, "geometry": { "type": "Point", "coordinates": [ 1.985826676986651, 41.282595514124935 ] } },
{ "type": "Feature", "properties": { "id": "58e45fb4-c7bd-469a-8420-72e72f760d2c", "name": "Frankfurt's Original", "taxonomy": "hot_dog_restaurant", "confidence": 0.98, "operating_status": null }, "geometry": { "type": "Point", "coordinates": [ 1.98561401, 41.28254584 ] } },
{ "type": "Feature", "properties": { "id": "8bd42950-eb1f-49cf-a20a-1ae6e2138ea8", "name": "Popeyes Famous Louisiana Chicken", "taxonomy": "chicken_restaurant", "confidence": 0.85, "operating_status": null }, "geometry": { "type": "Point", "coordinates": [ 1.985615538011376, 41.282560707917149 ] } },
{ "type": "Feature", "properties": { "id": "ae95bdf5-7572-4e8d-8406-1295d2150216", "name": "Tous Jewelry", "taxonomy": "gift_shop", "confidence": 0.966, "operating_status": null }, "geometry": { "type": "Point", "coordinates": [ 1.98559111, 41.28251909 ] } },
{ "type": "Feature", "properties": { "id": "840120d4-8f02-4743-be8d-a1b43e1070e8", "name": "Rituals", "taxonomy": "beauty_product_supplier", "confidence": 0.994, "operating_status": null }, "geometry": { "type": "Point", "coordinates": [ 1.9855775, 41.2824712 ] } },
{ "type": "Feature", "properties": { "id": "2eeee1cf-cc5b-4cbd-951a-dcb1467675ed", "name": "Vodafone", "taxonomy": "mobile_phone_store", "confidence": 0.937, "operating_status": null }, "geometry": { "type": "Point", "coordinates": [ 1.9855749, 41.28247115 ] } },
{ "type": "Feature", "properties": { "id": "ef616c77-e652-480f-b861-daaddc11a13e", "name": "La Torradeta", "taxonomy": "spanish_restaurant", "confidence": 0.998, "operating_status": null }, "geometry": { "type": "Point", "coordinates": [ 1.98584282, 41.28246787 ] } },
{ "type": "Feature", "properties": { "id": "f42a2f81-7b1d-406e-a1b9-a3d51fc2ca14", "name": "UDON Ànec Blau", "taxonomy": "ramen_restaurant", "confidence": 0.966, "operating_status": null }, "geometry": { "type": "Point", "coordinates": [ 1.98577577134, 41.282482098899997 ] } },
{ "type": "Feature", "properties": { "id": "869433ff-45e1-4ea9-88b6-82d14ff82583", "name": "Taco Bell", "taxonomy": "fast_food_restaurant", "confidence": 1.0, "operating_status": null }, "geometry": { "type": "Point", "coordinates": [ 1.98602814, 41.28245419 ] } },
{ "type": "Feature", "properties": { "id": "69917a83-8009-4812-81c6-6e3ca58d3046", "name": "Veritas", "taxonomy": "grocery_store", "confidence": 0.929, "operating_status": null }, "geometry": { "type": "Point", "coordinates": [ 1.98585042, 41.28235997 ] } },
{ "type": "Feature", "properties": { "id": "2278ea9b-02d4-4068-9a6e-f7cd0c02526f", "name": "Cine Anec Blau", "taxonomy": "movie_theater", "confidence": 0.738, "operating_status": null }, "geometry": { "type": "Point", "coordinates": [ 1.985780276028404, 41.282343874503894 ] } },
{ "type": "Feature", "properties": { "id": "08a55e83-67b8-4ce3-9386-34a250ad7fbc", "name": "Cinépolis", "taxonomy": "movie_theater", "confidence": 0.959, "operating_status": null }, "geometry": { "type": "Point", "coordinates": [ 1.985780276028404, 41.282343874503894 ] } },
{ "type": "Feature", "properties": { "id": "76d71c18-4b41-47fd-bae6-160db3cd856a", "name": "Ànec Blau", "taxonomy": "shopping_mall", "confidence": 0.999, "operating_status": null }, "geometry": { "type": "Point", "coordinates": [ 1.9857759, 41.28237839 ] } },
{ "type": "Feature", "properties": { "id": "103d78ef-3372-421e-bed2-2b85fbb0d80a", "name": "Lloly Ánecbleu", "taxonomy": "ice_cream_shop", "confidence": 0.719, "operating_status": null }, "geometry": { "type": "Point", "coordinates": [ 1.985758129376561, 41.282422187636769 ] } },
{ "type": "Feature", "properties": { "id": "2def6656-8109-47ff-b13a-24b1d46c8db9", "name": "Loteria Ànec Blau", "taxonomy": "lottery_vendor", "confidence": 0.953, "operating_status": null }, "geometry": { "type": "Point", "coordinates": [ 1.98558925, 41.28239786 ] } },
{ "type": "Feature", "properties": { "id": "9d38dc7e-1fe0-4ba1-b145-79d8318c2007", "name": "Pasarela Roja Anecblau - Tienda de moda urbana y StreetWear", "taxonomy": "clothing_store", "confidence": 0.939, "operating_status": null }, "geometry": { "type": "Point", "coordinates": [ 1.98569968, 41.28233301 ] } },
{ "type": "Feature", "properties": { "id": "efb644fb-5157-4954-ab89-555f8fa7616d", "name": "Yelmo Cines Castelldefels 3D", "taxonomy": "movie_theater", "confidence": 0.995, "operating_status": null }, "geometry": { "type": "Point", "coordinates": [ 1.985676, 41.282296 ] } },
{ "type": "Feature", "properties": { "id": "3b15e041-ed74-4510-b009-ad00f04a4c4a", "name": "Enrique Tomás", "taxonomy": "specialty_foods_store", "confidence": 1.0, "operating_status": null }, "geometry": { "type": "Point", "coordinates": [ 1.98562989, 41.28222461 ] } },
{ "type": "Feature", "properties": { "id": "029603a0-92fc-4eb2-a1a1-82b7b1050823", "name": "Mercadona", "taxonomy": "grocery_store", "confidence": 0.999, "operating_status": null }, "geometry": { "type": "Point", "coordinates": [ 1.98583797, 41.28222555 ] } },
{ "type": "Feature", "properties": { "id": "45f9073b-2b72-4539-8362-0e6920fd7bae", "name": "Claire's", "taxonomy": "costume_store", "confidence": 0.966, "operating_status": null }, "geometry": { "type": "Point", "coordinates": [ 1.985553, 41.282146 ] } },
{ "type": "Feature", "properties": { "id": "360a74cf-002d-45cb-a28e-a050d417dce3", "name": "GUESS", "taxonomy": "designer_clothing", "confidence": 0.99, "operating_status": null }, "geometry": { "type": "Point", "coordinates": [ 1.98555315, 41.28214645 ] } },
{ "type": "Feature", "properties": { "id": "c16d6bb9-f16e-45ba-82fd-4baa67e5e270", "name": "QUEROL ANEC BLAU", "taxonomy": "shoe_store", "confidence": 0.8, "operating_status": null }, "geometry": { "type": "Point", "coordinates": [ 1.9855531, 41.2821458 ] } },
{ "type": "Feature", "properties": { "id": "2496667e-d5b0-453e-85a7-6d08b6f06272", "name": "United Colors of Benetton", "taxonomy": "clothing_store", "confidence": 0.963, "operating_status": null }, "geometry": { "type": "Point", "coordinates": [ 1.98554345, 41.28213338 ] } },
{ "type": "Feature", "properties": { "id": "c6c29ecb-3293-4946-9ee8-ef0871d51ab2", "name": "Mango", "taxonomy": "clothing_store", "confidence": 0.996, "operating_status": null }, "geometry": { "type": "Point", "coordinates": [ 1.98554748, 41.28213473 ] } },
{ "type": "Feature", "properties": { "id": "eac6c845-c063-48da-8420-adc1b96cc1c0", "name": "Foster's Hollywood", "taxonomy": "restaurant", "confidence": 0.85, "operating_status": null }, "geometry": { "type": "Point", "coordinates": [ 1.9855458, 41.2821379 ] } },
{ "type": "Feature", "properties": { "id": "97a237d6-3676-4b16-9418-180158187467", "name": "Panchito", "taxonomy": "mexican_restaurant", "confidence": 0.77, "operating_status": null }, "geometry": { "type": "Point", "coordinates": [ 1.9854144, 41.28254 ] } },
{ "type": "Feature", "properties": { "id": "c0a06e6d-ac78-45e2-92d7-1c3f20ad77f8", "name": "Comisaria Policia Castelldefels", "taxonomy": "police_station", "confidence": 0.77, "operating_status": null }, "geometry": { "type": "Point", "coordinates": [ 1.983062720158455, 41.282323519500743 ] } },
{ "type": "Feature", "properties": { "id": "619bd4b2-d4c9-4f49-9636-79c6371405e3", "name": "SHUMACHER DENTAL U", "taxonomy": "b2b_dental_lab", "confidence": 0.85, "operating_status": null }, "geometry": { "type": "Point", "coordinates": [ 1.98229, 41.28187 ] } },
{ "type": "Feature", "properties": { "id": "a7f64db2-d742-43e8-a531-050bc8029461", "name": "Escola d'Hostaleria de Castelldefels", "taxonomy": "cooking_school", "confidence": 0.962, "operating_status": null }, "geometry": { "type": "Point", "coordinates": [ 1.98223153, 41.28182246 ] } },
{ "type": "Feature", "properties": { "id": "7b81ae62-9506-4b3f-8927-78518b8ecd98", "name": "Zen 3", "taxonomy": "japanese_restaurant", "confidence": 0.77, "operating_status": null }, "geometry": { "type": "Point", "coordinates": [ 1.981684156464168, 41.281821078641613 ] } },
{ "type": "Feature", "properties": { "id": "52b62455-72c0-4236-b2ae-239909eac408", "name": "Neumaticos Mora", "taxonomy": "auto_parts_store", "confidence": 0.987, "operating_status": null }, "geometry": { "type": "Point", "coordinates": [ 1.981657, 41.282399 ] } },
{ "type": "Feature", "properties": { "id": "d006ef67-595f-422c-bb75-4b51382f4ab1", "name": "Policia Local de Castelldefels", "taxonomy": "police_station", "confidence": 0.903, "operating_status": null }, "geometry": { "type": "Point", "coordinates": [ 1.98237871, 41.28224666 ] } },
{ "type": "Feature", "properties": { "id": "d06ad50a-6f05-4ef5-856a-162288d9c235", "name": "Bar Auto Stop", "taxonomy": "tapas_bar", "confidence": 0.984, "operating_status": null }, "geometry": { "type": "Point", "coordinates": [ 1.98182777, 41.2827323 ] } },
{ "type": "Feature", "properties": { "id": "da4ab36c-48b6-46af-8890-338b0f0a6c92", "name": "Ingravity", "taxonomy": "furniture_store", "confidence": 0.957, "operating_status": null }, "geometry": { "type": "Point", "coordinates": [ 1.98222122, 41.2826722 ] } },
{ "type": "Feature", "properties": { "id": "aa3cdd25-9fa1-400a-8415-2859084a14c7", "name": "Tapiceria Marfil", "taxonomy": "furniture_assembly", "confidence": 0.908, "operating_status": null }, "geometry": { "type": "Point", "coordinates": [ 1.98167101, 41.28277681 ] } },
{ "type": "Feature", "properties": { "id": "81636352-e169-490b-a251-14c836a675b4", "name": "PP", "taxonomy": "political_party_office", "confidence": 0.928, "operating_status": null }, "geometry": { "type": "Point", "coordinates": [ 1.98191378, 41.28291287 ] } },
{ "type": "Feature", "properties": { "id": "8796cd54-e179-4d20-91f9-160983df01b0", "name": "Tatakuá Restaurante y Pizzeria", "taxonomy": "pizza_restaurant", "confidence": 0.948, "operating_status": null }, "geometry": { "type": "Point", "coordinates": [ 1.982875726862011, 41.282907464019424 ] } },
{ "type": "Feature", "properties": { "id": "34c41866-7b17-48e8-bbd3-3f4c4a27ce30", "name": "Schmidt Castelldefels", "taxonomy": "hardware_home_and_garden_store", "confidence": 0.993, "operating_status": null }, "geometry": { "type": "Point", "coordinates": [ 1.98263022, 41.28276946 ] } },
{ "type": "Feature", "properties": { "id": "28f0f4ba-5cd1-4baf-b66d-c6aeb0129b2c", "name": "Clínica Dental Milenium Castelldefels - Sanitas", "taxonomy": "furniture_wholesaler", "confidence": 0.85, "operating_status": null }, "geometry": { "type": "Point", "coordinates": [ 1.982767, 41.282675 ] } },
{ "type": "Feature", "properties": { "id": "0e6a6771-0271-4c40-8cc7-cbecb463ca7f", "name": "Umaami Agencia", "taxonomy": "advertising_agency", "confidence": 0.777, "operating_status": null }, "geometry": { "type": "Point", "coordinates": [ 1.98386501, 41.28320486 ] } },
{ "type": "Feature", "properties": { "id": "d7622c4e-72e5-47bd-9ca1-1bb06f7bfd06", "name": "Look Pilates Studio", "taxonomy": "pilates_studio", "confidence": 0.98, "operating_status": null }, "geometry": { "type": "Point", "coordinates": [ 1.9835613, 41.28326313 ] } },
{ "type": "Feature", "properties": { "id": "f5f426d4-ccb6-414f-93ae-b64d7cf0ac59", "name": "Osteopatía y Fisioterapia Castelldefels", "taxonomy": "physical_therapy", "confidence": 0.854, "operating_status": null }, "geometry": { "type": "Point", "coordinates": [ 1.98294851, 41.28347719 ] } },
{ "type": "Feature", "properties": { "id": "aa6f4212-95a1-4998-983c-0558e1ba4b93", "name": "Hospital Veterinario VetVida", "taxonomy": "veterinarian", "confidence": 0.981, "operating_status": null }, "geometry": { "type": "Point", "coordinates": [ 1.98262777, 41.28336259 ] } },
{ "type": "Feature", "properties": { "id": "e13c9697-4a3e-4447-b8d0-c22f9c220fba", "name": "Arpa Motors", "taxonomy": "auto_dealer", "confidence": 0.99, "operating_status": null }, "geometry": { "type": "Point", "coordinates": [ 1.98251466, 41.28319925 ] } },
{ "type": "Feature", "properties": { "id": "7da1b85c-2edb-4b09-a957-82592b807f7a", "name": "DHL Express Service Point (SPORTSWEAR OUTDOOR BCNCASSUB)", "taxonomy": "sportswear_store", "confidence": 0.85, "operating_status": null }, "geometry": { "type": "Point", "coordinates": [ 1.982143, 41.28308 ] } },
{ "type": "Feature", "properties": { "id": "8b292fe9-19f5-45f8-ab0c-aeb51f296883", "name": "Mirador Castelldefels", "taxonomy": "park", "confidence": 0.705, "operating_status": null }, "geometry": { "type": "Point", "coordinates": [ 1.981662398098972, 41.283217527984689 ] } },
{ "type": "Feature", "properties": { "id": "82b54030-32f3-4f5b-a8c2-d1cdd93075cf", "name": "Magazin Romanesc Castelldefels", "taxonomy": "grocery_store", "confidence": 0.921, "operating_status": null }, "geometry": { "type": "Point", "coordinates": [ 1.98176907, 41.28334443 ] } },
{ "type": "Feature", "properties": { "id": "938ab6bb-ad3d-4c53-b69c-3cc655d642d7", "name": "RGA Imatge", "taxonomy": "uniform_store", "confidence": 0.861, "operating_status": null }, "geometry": { "type": "Point", "coordinates": [ 1.98140893, 41.28346631 ] } },
{ "type": "Feature", "properties": { "id": "4e04e2ee-bfd9-4c78-a2bf-c1521f17daf7", "name": "Refan Castelldefels", "taxonomy": "beauty_supply_store", "confidence": 0.705, "operating_status": null }, "geometry": { "type": "Point", "coordinates": [ 1.98039, 41.28326 ] } },
{ "type": "Feature", "properties": { "id": "0ea05aae-44dc-4fce-a915-24f6441ff7ce", "name": "Costa Toldos y Persianas", "taxonomy": "linen_store", "confidence": 0.917, "operating_status": null }, "geometry": { "type": "Point", "coordinates": [ 1.98141, 41.28322 ] } },
{ "type": "Feature", "properties": { "id": "8d7e825f-2203-4c12-b032-ad1c7b4355c9", "name": "Restaurant Tast", "taxonomy": "spanish_restaurant", "confidence": 0.992, "operating_status": null }, "geometry": { "type": "Point", "coordinates": [ 1.98111417, 41.2829997 ] } },
{ "type": "Feature", "properties": { "id": "b2078d09-0ed9-48bd-b10c-420741c1ff7a", "name": "Tast", "taxonomy": "restaurant", "confidence": 0.77, "operating_status": null }, "geometry": { "type": "Point", "coordinates": [ 1.981215798550161, 41.282978833573679 ] } },
{ "type": "Feature", "properties": { "id": "62362f55-4bd4-464a-a269-2c7bd9d5b5d8", "name": "Kawaii", "taxonomy": "surf_store", "confidence": 0.977, "operating_status": null }, "geometry": { "type": "Point", "coordinates": [ 1.98162, 41.28278 ] } },
{ "type": "Feature", "properties": { "id": "24d4daee-fb97-4817-a65e-28282a660abd", "name": "Dormitech", "taxonomy": "mattress_store", "confidence": 0.962, "operating_status": null }, "geometry": { "type": "Point", "coordinates": [ 1.97985503, 41.28302241 ] } },
{ "type": "Feature", "properties": { "id": "f0f1391b-a2d5-4a41-a872-75fcbda91b4b", "name": "Forn de pa i pastisseria Castelldefels", "taxonomy": "cafe", "confidence": 0.77, "operating_status": null }, "geometry": { "type": "Point", "coordinates": [ 1.979756038180526, 41.282911728994762 ] } },
{ "type": "Feature", "properties": { "id": "a87576f3-7258-4cf8-9326-4bae1ce3a74f", "name": "Ariadna's flors", "taxonomy": "flowers_and_gifts_store", "confidence": 0.902, "operating_status": null }, "geometry": { "type": "Point", "coordinates": [ 1.97985556, 41.28267085 ] } },
{ "type": "Feature", "properties": { "id": "fcfb78c5-4668-449a-8351-222bbe7ca372", "name": "Tecnocasa Agencia Inmobiliaria", "taxonomy": "real_estate_agent", "confidence": 0.998, "operating_status": null }, "geometry": { "type": "Point", "coordinates": [ 1.97959511, 41.28275406 ] } },
{ "type": "Feature", "properties": { "id": "9c56612a-9391-44a2-9f77-3509ee743438", "name": "Ayuntamiento de Castelldefels Juzgado y Registro Civil Centralita", "taxonomy": "government_office", "confidence": 0.868, "operating_status": null }, "geometry": { "type": "Point", "coordinates": [ 1.979695, 41.28279 ] } },
{ "type": "Feature", "properties": { "id": "8af53f7a-ba88-4fc9-85dd-16336abbccab", "name": "Fisiostetic Nature", "taxonomy": "physical_therapy", "confidence": 0.887, "operating_status": null }, "geometry": { "type": "Point", "coordinates": [ 1.97938193, 41.28272639 ] } },
{ "type": "Feature", "properties": { "id": "0aae8267-fa8b-4d04-bc22-bae0ebc85fe8", "name": "Opticalia Castelldefels", "taxonomy": "eyewear_store", "confidence": 0.988, "operating_status": null }, "geometry": { "type": "Point", "coordinates": [ 1.97938645, 41.28271376 ] } },
{ "type": "Feature", "properties": { "id": "88242991-a6ec-4391-a60a-babb749a6c00", "name": "taboaburger", "taxonomy": "burger_restaurant", "confidence": 0.808, "operating_status": null }, "geometry": { "type": "Point", "coordinates": [ 1.9792906, 41.2826509 ] } },
{ "type": "Feature", "properties": { "id": "fd64b9b0-2e60-4994-87e3-e763aae91cc9", "name": "UPS Access Point", "taxonomy": "courier_and_delivery_service", "confidence": 0.85, "operating_status": null }, "geometry": { "type": "Point", "coordinates": [ 1.979382, 41.282748 ] } },
{ "type": "Feature", "properties": { "id": "5a581fff-5a85-4efe-9120-f796a340a3b5", "name": "Quedamos", "taxonomy": "tapas_bar", "confidence": 0.985, "operating_status": null }, "geometry": { "type": "Point", "coordinates": [ 1.97913197, 41.28291808 ] } },
{ "type": "Feature", "properties": { "id": "28f14947-6ecf-4b34-926d-e1ad87459c18", "name": "Peluquería Alcaraz", "taxonomy": "beauty_salon", "confidence": 0.879, "operating_status": null }, "geometry": { "type": "Point", "coordinates": [ 1.979338, 41.283125 ] } },
{ "type": "Feature", "properties": { "id": "20a7cc8e-bad8-4cf1-bbf3-cd030191bf15", "name": "BicicLitus", "taxonomy": "bike_store", "confidence": 0.867, "operating_status": null }, "geometry": { "type": "Point", "coordinates": [ 1.9791457, 41.2832326 ] } },
{ "type": "Feature", "properties": { "id": "ba034141-4ccb-428d-aac6-462c1f29b447", "name": "Walter Vogt Estudio Gastronomico", "taxonomy": "european_restaurant", "confidence": 0.91, "operating_status": null }, "geometry": { "type": "Point", "coordinates": [ 1.97936456, 41.28316992 ] } },
{ "type": "Feature", "properties": { "id": "0b2879e9-4a00-4603-841c-c528327e3aeb", "name": "Avanti Autoescola", "taxonomy": "driving_school", "confidence": 0.796, "operating_status": null }, "geometry": { "type": "Point", "coordinates": [ 1.97945, 41.283199 ] } },
{ "type": "Feature", "properties": { "id": "ff7b5487-6bf5-4bcf-88e7-fcfaab92f7f5", "name": "Oficina de Correos", "taxonomy": "post_office", "confidence": 0.989, "operating_status": null }, "geometry": { "type": "Point", "coordinates": [ 1.98019113, 41.28307261 ] } },
{ "type": "Feature", "properties": { "id": "92aae2be-dd36-4b13-b611-80ec7748cb1a", "name": "Sandra Segura Estilistas", "taxonomy": "beauty_salon", "confidence": 0.98, "operating_status": null }, "geometry": { "type": "Point", "coordinates": [ 1.98029776, 41.28321129 ] } },
{ "type": "Feature", "properties": { "id": "97b7889a-4116-445f-9528-ab0fbc8a6f28", "name": "L'Espai de Ball", "taxonomy": "dance_studio", "confidence": 0.809, "operating_status": null }, "geometry": { "type": "Point", "coordinates": [ 1.97983781, 41.28337349 ] } },
{ "type": "Feature", "properties": { "id": "4230fb23-ed1d-46bb-a589-24074ca95e8d", "name": "El Malecon de la Salsa y Bachata", "taxonomy": "dance_studio", "confidence": 0.907, "operating_status": null }, "geometry": { "type": "Point", "coordinates": [ 1.97989716, 41.28334214 ] } },
{ "type": "Feature", "properties": { "id": "0141e441-d7f1-40ea-9970-c8ec62677d9f", "name": "Unió Muntanyenca Eramprunyà", "taxonomy": "sport_league", "confidence": 0.73, "operating_status": null }, "geometry": { "type": "Point", "coordinates": [ 1.9802713, 41.283300200000014 ] } },
{ "type": "Feature", "properties": { "id": "30fa1a23-ab8b-46fe-97ba-eb9774d8e767", "name": "Autoescuela SOY18", "taxonomy": "driving_school", "confidence": 0.906, "operating_status": null }, "geometry": { "type": "Point", "coordinates": [ 1.97950602, 41.28330425 ] } },
{ "type": "Feature", "properties": { "id": "d6d81f4a-d59f-4e1c-94f6-9d0fbe5c891c", "name": "Biblioteca Ramon Fernandez Jurado", "taxonomy": "library", "confidence": 0.994, "operating_status": null }, "geometry": { "type": "Point", "coordinates": [ 1.97798116, 41.28281857 ] } },
{ "type": "Feature", "properties": { "id": "13de0fab-9587-4b5c-8777-a08a13de02ca", "name": "la vieja simona", "taxonomy": "cafeteria", "confidence": 0.77, "operating_status": null }, "geometry": { "type": "Point", "coordinates": [ 1.979082344454333, 41.282915253085655 ] } },
{ "type": "Feature", "properties": { "id": "b655ef9f-85af-4811-a195-c5e80f051c5e", "name": "Rosario Romano Estilistas", "taxonomy": "hair_salon", "confidence": 0.889, "operating_status": null }, "geometry": { "type": "Point", "coordinates": [ 1.97870762, 41.28263625 ] } },
{ "type": "Feature", "properties": { "id": "54cab055-2948-44d8-a1fe-45124325d74c", "name": "Kinderland", "taxonomy": "toy_store", "confidence": 0.782, "operating_status": null }, "geometry": { "type": "Point", "coordinates": [ 1.97854645, 41.28251277 ] } },
{ "type": "Feature", "properties": { "id": "ac585d60-93ad-4e12-a294-e2742d5bae40", "name": "Halcón Viajes", "taxonomy": "travel_agent", "confidence": 0.97, "operating_status": null }, "geometry": { "type": "Point", "coordinates": [ 1.9790087, 41.2824568 ] } },
{ "type": "Feature", "properties": { "id": "8279a16f-75e5-42dd-bbcf-2e4df2cecd6a", "name": "De Buena Fibra Castelldefels", "taxonomy": "electronics_store", "confidence": 0.944, "operating_status": null }, "geometry": { "type": "Point", "coordinates": [ 1.97885913, 41.28239438 ] } },
{ "type": "Feature", "properties": { "id": "cb9266e8-0771-4e72-b352-e41ea97adc5a", "name": "Marisqueria Andalucia", "taxonomy": "tapas_bar", "confidence": 0.998, "operating_status": null }, "geometry": { "type": "Point", "coordinates": [ 1.97893624, 41.28233494 ] } },
{ "type": "Feature", "properties": { "id": "558e75af-c024-47f3-9ef5-948a13443352", "name": "Carnicería Susi ", "taxonomy": "butcher_shop", "confidence": 0.929, "operating_status": null }, "geometry": { "type": "Point", "coordinates": [ 1.978874367481791, 41.282237780357335 ] } },
{ "type": "Feature", "properties": { "id": "570578b2-4327-4b23-927b-7eb4e12d77df", "name": "Peluquería Charles da Silva Fernandes", "taxonomy": "hair_salon", "confidence": 0.976, "operating_status": null }, "geometry": { "type": "Point", "coordinates": [ 1.97892882, 41.28229739 ] } },
{ "type": "Feature", "properties": { "id": "dae002f5-c375-4c80-a3a6-0251c9b95d62", "name": "Core Fisios Osteopatía", "taxonomy": "physical_therapy", "confidence": 0.918, "operating_status": null }, "geometry": { "type": "Point", "coordinates": [ 1.97834294, 41.28243115 ] } },
{ "type": "Feature", "properties": { "id": "45ab937c-ee1a-4b47-9832-b85611fcb7c3", "name": "FARO Vermuteria", "taxonomy": "tapas_bar", "confidence": 0.907, "operating_status": null }, "geometry": { "type": "Point", "coordinates": [ 1.97834055, 41.28228988 ] } },
{ "type": "Feature", "properties": { "id": "9a3cd124-a7e5-4a5a-b3b2-1533a83e2352", "name": "Anyway Idiomas", "taxonomy": "language_school", "confidence": 0.77, "operating_status": null }, "geometry": { "type": "Point", "coordinates": [ 1.977826129396566, 41.28220826143896 ] } },
{ "type": "Feature", "properties": { "id": "ebb2fff6-2eb8-4afb-869b-951677b3447e", "name": "Pintores DL BAIX", "taxonomy": "painting", "confidence": 0.77, "operating_status": null }, "geometry": { "type": "Point", "coordinates": [ 1.977646350860595, 41.282058517615731 ] } },
{ "type": "Feature", "properties": { "id": "9632b3c6-428b-4e41-97a9-c62bb2431de1", "name": "Ctc", "taxonomy": "gym", "confidence": 0.945, "operating_status": null }, "geometry": { "type": "Point", "coordinates": [ 1.97693, 41.28215 ] } },
{ "type": "Feature", "properties": { "id": "89e2efd0-614f-45c8-bbee-ed081a15b0ec", "name": "Arquitectura y Diseno y Espacio", "taxonomy": "building_or_construction_service", "confidence": 0.743, "operating_status": null }, "geometry": { "type": "Point", "coordinates": [ 1.97680192, 41.28211576 ] } },
{ "type": "Feature", "properties": { "id": "6a3ce4a7-ed99-4eaf-9f14-36c9a867172e", "name": "Terramar Estudio | Cocinas Sola en Castelldefels", "taxonomy": "contractor", "confidence": 0.755, "operating_status": null }, "geometry": { "type": "Point", "coordinates": [ 1.97691992, 41.28207158 ] } },
{ "type": "Feature", "properties": { "id": "7bb080f5-4c7d-4e6e-b354-191f018006fb", "name": "Nansi", "taxonomy": "hair_supply_store", "confidence": 0.716, "operating_status": null }, "geometry": { "type": "Point", "coordinates": [ 1.97834484, 41.28180533 ] } },
{ "type": "Feature", "properties": { "id": "5d847457-43e3-458d-9eb3-29c3a5cd36e1", "name": "Cafe Capriccio", "taxonomy": "cafe", "confidence": 0.723, "operating_status": null }, "geometry": { "type": "Point", "coordinates": [ 1.97833, 41.281869 ] } },
{ "type": "Feature", "properties": { "id": "0d95b15c-c6d4-404d-adf7-df42a9ee9e09", "name": "Tattoo Freaks", "taxonomy": "tattoo_and_piercing", "confidence": 0.782, "operating_status": null }, "geometry": { "type": "Point", "coordinates": [ 1.97841073, 41.28186775 ] } },
{ "type": "Feature", "properties": { "id": "76f7b502-ef39-49c6-872c-a5d86b14d4d7", "name": "Vodafone", "taxonomy": "telecommunications_service", "confidence": 0.991, "operating_status": null }, "geometry": { "type": "Point", "coordinates": [ 1.978448, 41.281918 ] } },
{ "type": "Feature", "properties": { "id": "cf1a3fe4-e3dd-47ee-800f-a63251958ffc", "name": "Lilo Poke Castelldefels", "taxonomy": "poke_restaurant", "confidence": 0.987, "operating_status": null }, "geometry": { "type": "Point", "coordinates": [ 1.97796311, 41.28197313 ] } },
{ "type": "Feature", "properties": { "id": "80db8dd3-d7af-48a0-b031-284aae039a1f", "name": "El Forn del Pandeyuca", "taxonomy": "bakery", "confidence": 0.77, "operating_status": null }, "geometry": { "type": "Point", "coordinates": [ 1.977948414587387, 41.282003750095555 ] } },
{ "type": "Feature", "properties": { "id": "9486e808-9318-4cbd-a103-a82f01c2f780", "name": "AutoArt Motors", "taxonomy": "automotive_repair", "confidence": 0.9, "operating_status": null }, "geometry": { "type": "Point", "coordinates": [ 1.9780033, 41.28212121 ] } },
{ "type": "Feature", "properties": { "id": "96d2fa2b-f339-4401-87ef-40d359ef31fa", "name": "Vinted Go Parcel Shop", "taxonomy": "shipping_or_delivery_service", "confidence": 1.0, "operating_status": "open" }, "geometry": { "type": "Point", "coordinates": [ 1.978606953, 41.28219391 ] } },
{ "type": "Feature", "properties": { "id": "8cb73fdc-2988-4e50-861f-2aba84ca27d4", "name": "Strass Joiers", "taxonomy": "jewelry_store", "confidence": 0.975, "operating_status": null }, "geometry": { "type": "Point", "coordinates": [ 1.97861801, 41.28219555 ] } },
{ "type": "Feature", "properties": { "id": "addb87a0-32e8-409d-a0f2-6737da2eba42", "name": "Crack Hogar", "taxonomy": "home_decor_store", "confidence": 0.85, "operating_status": null }, "geometry": { "type": "Point", "coordinates": [ 1.9787612, 41.2820117 ] } },
{ "type": "Feature", "properties": { "id": "30c6c234-b79a-47b8-9529-0b9792ed6727", "name": "Astel Castelldefels", "taxonomy": "clothing_store", "confidence": 0.849, "operating_status": null }, "geometry": { "type": "Point", "coordinates": [ 1.97855, 41.2819999 ] } },
{ "type": "Feature", "properties": { "id": "31032dbe-232c-4373-b48e-21953a425ed6", "name": "Naturhouse Castelldefels", "taxonomy": "nutrition_service", "confidence": 0.834, "operating_status": null }, "geometry": { "type": "Point", "coordinates": [ 1.97852383, 41.2818162 ] } },
{ "type": "Feature", "properties": { "id": "887e14ad-7998-43b2-bbc4-f2e60ab79933", "name": "Viatges El Corte Inglés", "taxonomy": "travel_service", "confidence": 0.935, "operating_status": null }, "geometry": { "type": "Point", "coordinates": [ 1.97962733, 41.28198712 ] } },
{ "type": "Feature", "properties": { "id": "e0c42852-35ef-40e1-850d-a11571d96158", "name": "La Wash", "taxonomy": "laundromat", "confidence": 0.816, "operating_status": null }, "geometry": { "type": "Point", "coordinates": [ 1.97959574, 41.28214985 ] } },
{ "type": "Feature", "properties": { "id": "d0ead3ba-8fea-4ced-a054-2596f512aebd", "name": "Cafetería Martina", "taxonomy": "cafe", "confidence": 0.984, "operating_status": null }, "geometry": { "type": "Point", "coordinates": [ 1.97920313, 41.28234873 ] } },
{ "type": "Feature", "properties": { "id": "1d4368bc-a4aa-43be-9d25-813c3ccf720b", "name": "Ferreteria Mella", "taxonomy": "hardware_store", "confidence": 0.95, "operating_status": null }, "geometry": { "type": "Point", "coordinates": [ 1.9791309, 41.2823286 ] } },
{ "type": "Feature", "properties": { "id": "c94acdad-7f68-4e4a-a153-bd64730f7c1e", "name": "Enrique Tomás - Paseo Juan de Borbón", "taxonomy": "delicatessen", "confidence": 0.829, "operating_status": null }, "geometry": { "type": "Point", "coordinates": [ 1.979194, 41.282541 ] } },
{ "type": "Feature", "properties": { "id": "813191d3-5b2e-4839-9455-9e27f3470e01", "name": "Plaça Catalunya", "taxonomy": "park", "confidence": 0.718, "operating_status": null }, "geometry": { "type": "Point", "coordinates": [ 1.97945056, 41.2824613 ] } },
{ "type": "Feature", "properties": { "id": "e677a8be-ab43-4890-a6a4-a5e37371d411", "name": "Pasarela", "taxonomy": "bar", "confidence": 0.982, "operating_status": null }, "geometry": { "type": "Point", "coordinates": [ 1.9801897, 41.28243868 ] } },
{ "type": "Feature", "properties": { "id": "8af632f5-6f1d-44b2-956a-81514c99f4d0", "name": "Ungles i estetica Imatge", "taxonomy": "beauty_salon", "confidence": 0.928, "operating_status": null }, "geometry": { "type": "Point", "coordinates": [ 1.98040544, 41.28259921 ] } },
{ "type": "Feature", "properties": { "id": "46312c61-b549-4f7f-8471-414ad26f675e", "name": "Farmacia Nova Chalmeta", "taxonomy": "pharmacy", "confidence": 0.9, "operating_status": null }, "geometry": { "type": "Point", "coordinates": [ 1.98119245, 41.28256586 ] } },
{ "type": "Feature", "properties": { "id": "192a6b18-ba24-48af-9087-cd3442d32214", "name": "Pratplay", "taxonomy": "manufacturer", "confidence": 0.77, "operating_status": null }, "geometry": { "type": "Point", "coordinates": [ 1.981184190095148, 41.28202078542266 ] } },
{ "type": "Feature", "properties": { "id": "d9045b4d-e005-4d6b-bc1d-3f1d9f1609fc", "name": "Sidartha Estilistes", "taxonomy": "hair_salon", "confidence": 0.984, "operating_status": null }, "geometry": { "type": "Point", "coordinates": [ 1.98094705, 41.28186813 ] } },
{ "type": "Feature", "properties": { "id": "65c7fd8e-0f7c-4369-bf55-d8a4c3ae8141", "name": "ALUMINIOS RODALUM", "taxonomy": "welding_supply_store", "confidence": 0.966, "operating_status": null }, "geometry": { "type": "Point", "coordinates": [ 1.98089718, 41.28184184 ] } },
{ "type": "Feature", "properties": { "id": "1e8b9902-ec9f-4d4d-bf1f-df400b198254", "name": "Depilquick Center", "taxonomy": "beauty_salon", "confidence": 0.721, "operating_status": null }, "geometry": { "type": "Point", "coordinates": [ 1.98103413, 41.28190556 ] } },
{ "type": "Feature", "properties": { "id": "75e4c103-cd1f-4019-a76f-5cc500a52305", "name": "Mapfre", "taxonomy": "insurance_agency", "confidence": 0.995, "operating_status": null }, "geometry": { "type": "Point", "coordinates": [ 1.98123067, 41.28193511 ] } },
{ "type": "Feature", "properties": { "id": "88a7049f-28d6-47be-9ac2-9e11d0ed9ae4", "name": "Servifutur 87", "taxonomy": "real_estate_agent", "confidence": 0.774, "operating_status": null }, "geometry": { "type": "Point", "coordinates": [ 1.98090963, 41.28176614 ] } },
{ "type": "Feature", "properties": { "id": "ddca5c5a-5154-43e5-975d-9579f28f3b06", "name": "Depiline Castelldefels", "taxonomy": "personal_or_beauty_service", "confidence": 0.77, "operating_status": null }, "geometry": { "type": "Point", "coordinates": [ 1.980530341035199, 41.281466955975368 ] } },
{ "type": "Feature", "properties": { "id": "1cc3164a-9a5c-4488-bf3b-f3d070f9af5f", "name": "Beauty Works Clinic", "taxonomy": "hair_replacement", "confidence": 0.923, "operating_status": null }, "geometry": { "type": "Point", "coordinates": [ 1.98122021, 41.28150214 ] } },
{ "type": "Feature", "properties": { "id": "2bcc413b-48b7-45fe-9635-261e442b4e2b", "name": "Clinica Dental Walter & Walter", "taxonomy": "dental_clinic", "confidence": 0.949, "operating_status": null }, "geometry": { "type": "Point", "coordinates": [ 1.9812283, 41.28135777 ] } },
{ "type": "Feature", "properties": { "id": "ad06afc1-6eba-4c0c-be3a-f3a672257e25", "name": "Parrillada Pizzeria Todo Bien", "taxonomy": "pizza_restaurant", "confidence": 0.992, "operating_status": null }, "geometry": { "type": "Point", "coordinates": [ 1.98040912, 41.28101563 ] } },
{ "type": "Feature", "properties": { "id": "4df70066-1d20-4356-8dfb-aca85934ee94", "name": "Electrodomèstics Calbet", "taxonomy": "electronics_store", "confidence": 0.885, "operating_status": null }, "geometry": { "type": "Point", "coordinates": [ 1.98096294, 41.28130426 ] } },
{ "type": "Feature", "properties": { "id": "7242d1fe-88bb-4fce-b5a3-103efbfc2a1d", "name": "PDeCat Castelldefels", "taxonomy": "printing_service", "confidence": 0.756, "operating_status": null }, "geometry": { "type": "Point", "coordinates": [ 1.98007, 41.28099 ] } },
{ "type": "Feature", "properties": { "id": "3813e267-978a-4247-a7de-330f9694b946", "name": "Pastisseria Can Marti", "taxonomy": "bakery", "confidence": 1.0, "operating_status": null }, "geometry": { "type": "Point", "coordinates": [ 1.97959785, 41.28097984 ] } },
{ "type": "Feature", "properties": { "id": "00a33847-b715-4145-b7a7-dcef91050e50", "name": "La Boutique de la Belleza by Nuria Pascual", "taxonomy": "beauty_salon", "confidence": 0.96, "operating_status": null }, "geometry": { "type": "Point", "coordinates": [ 1.97909872, 41.28112855 ] } },
{ "type": "Feature", "properties": { "id": "5a9f763a-6a6b-45a0-b96a-1cd3927a61a9", "name": "Loyalbarbershop", "taxonomy": "barber", "confidence": 0.966, "operating_status": null }, "geometry": { "type": "Point", "coordinates": [ 1.97946, 41.28158 ] } },
{ "type": "Feature", "properties": { "id": "1c26bd50-922f-4a63-b6a0-2730414470e1", "name": "Bar frankfurt mundial 2010", "taxonomy": "bar", "confidence": 0.898, "operating_status": null }, "geometry": { "type": "Point", "coordinates": [ 1.97979197, 41.28172831 ] } },
{ "type": "Feature", "properties": { "id": "f7096828-50f3-42da-93a3-936d19f59bdd", "name": "Academia Gauss", "taxonomy": "private_school", "confidence": 0.933, "operating_status": null }, "geometry": { "type": "Point", "coordinates": [ 1.97965665, 41.28168198 ] } },
{ "type": "Feature", "properties": { "id": "edf2f501-954c-4829-9f7e-a0afa280fe9d", "name": "Guadarrama", "taxonomy": null, "confidence": 0.73, "operating_status": null }, "geometry": { "type": "Point", "coordinates": [ 1.979315309989171, 41.281623210004632 ] } },
{ "type": "Feature", "properties": { "id": "1c053d46-ccf0-4adc-b0bc-a2b2ac8f3718", "name": "GAES", "taxonomy": "hearing_aid_store", "confidence": 0.977, "operating_status": null }, "geometry": { "type": "Point", "coordinates": [ 1.97915148, 41.28159123 ] } },
{ "type": "Feature", "properties": { "id": "de45fbe5-cc4f-46f6-aa03-98dc61124002", "name": "Univers Pilates", "taxonomy": "pilates_studio", "confidence": 0.979, "operating_status": null }, "geometry": { "type": "Point", "coordinates": [ 1.97919554, 41.28167006 ] } },
{ "type": "Feature", "properties": { "id": "db20b1f6-d43e-4dee-aa86-764f9828f3f8", "name": "City Poké", "taxonomy": "poke_restaurant", "confidence": 0.964, "operating_status": null }, "geometry": { "type": "Point", "coordinates": [ 1.97862414, 41.28166649 ] } },
{ "type": "Feature", "properties": { "id": "0c5b48a5-bea4-4fd9-9db5-2f6f06ed8470", "name": "Club Pilates Castelldefels", "taxonomy": "pilates_studio", "confidence": 0.783, "operating_status": null }, "geometry": { "type": "Point", "coordinates": [ 1.9790796, 41.28168046 ] } },
{ "type": "Feature", "properties": { "id": "7c8adeac-5cec-46da-9fb1-0fe96ddc2e67", "name": "Clínica Osteopatía Castelldefels - Osteopatía y Fisioterapia CLÍNICA ESPECIALIZADA EN EL DOLOR", "taxonomy": "osteopathic_medicine", "confidence": 0.908, "operating_status": null }, "geometry": { "type": "Point", "coordinates": [ 1.97894513, 41.28159013 ] } },
{ "type": "Feature", "properties": { "id": "861efd1e-571a-4f80-90de-677d7684c029", "name": "kidsanduscastelldefels", "taxonomy": "school", "confidence": 0.92, "operating_status": null }, "geometry": { "type": "Point", "coordinates": [ 1.978982, 41.281516 ] } },
{ "type": "Feature", "properties": { "id": "03b0ebd8-562a-4dc9-a206-006155b6236c", "name": "Lavanderia Bellamar", "taxonomy": "laundromat", "confidence": 0.984, "operating_status": null }, "geometry": { "type": "Point", "coordinates": [ 1.97854843, 41.28157766 ] } },
{ "type": "Feature", "properties": { "id": "76319d9e-7532-4e3e-a9d2-01a89e429f55", "name": "Tienda Orange", "taxonomy": "b2b_service", "confidence": 0.99, "operating_status": null }, "geometry": { "type": "Point", "coordinates": [ 1.9784359, 41.2815854 ] } },
{ "type": "Feature", "properties": { "id": "5d3c59b1-f478-40dc-af7e-82586d7fec25", "name": "Centro de Estética Milos", "taxonomy": "beauty_salon", "confidence": 0.976, "operating_status": null }, "geometry": { "type": "Point", "coordinates": [ 1.97836482, 41.28156572 ] } },
{ "type": "Feature", "properties": { "id": "be207971-55aa-40f2-bb59-f978745d84f5", "name": "Toni's", "taxonomy": "vegetarian_restaurant", "confidence": 0.765, "operating_status": null }, "geometry": { "type": "Point", "coordinates": [ 1.978295, 41.281499 ] } },
{ "type": "Feature", "properties": { "id": "b68cf4b3-7c61-425b-bfba-952b161cfbae", "name": "Kinza Castelldefels", "taxonomy": "georgian_restaurant", "confidence": 0.993, "operating_status": null }, "geometry": { "type": "Point", "coordinates": [ 1.97841114, 41.28151857 ] } },
{ "type": "Feature", "properties": { "id": "c5ae8a35-c4f9-464d-97d7-8f19c6c3198e", "name": "Las Hermanas", "taxonomy": null, "confidence": 0.888, "operating_status": null }, "geometry": { "type": "Point", "coordinates": [ 1.9783918, 41.2815263 ] } },
{ "type": "Feature", "properties": { "id": "13c20334-5581-4d76-8714-6cda4a7533f0", "name": "Tienda Movistar", "taxonomy": "mobile_phone_store", "confidence": 0.979, "operating_status": null }, "geometry": { "type": "Point", "coordinates": [ 1.97813004, 41.28158336 ] } },
{ "type": "Feature", "properties": { "id": "05007524-cc95-42f4-ad79-2470d3e5df28", "name": "Nails Factory Castelldefels", "taxonomy": "spa", "confidence": 0.908, "operating_status": null }, "geometry": { "type": "Point", "coordinates": [ 1.97807, 41.2816199 ] } },
{ "type": "Feature", "properties": { "id": "dd8ca497-b982-41a5-a1ea-e743a9fa9d01", "name": "La Ventana Natural", "taxonomy": "vitamin_and_supplement_store", "confidence": 0.906, "operating_status": null }, "geometry": { "type": "Point", "coordinates": [ 1.97820155, 41.28160106 ] } },
{ "type": "Feature", "properties": { "id": "3759fda4-cd9c-4001-a2fe-86686457a67c", "name": "Mi Barberia", "taxonomy": "barber", "confidence": 0.964, "operating_status": null }, "geometry": { "type": "Point", "coordinates": [ 1.97813891, 41.28178313 ] } },
{ "type": "Feature", "properties": { "id": "aa35e350-3447-4f4b-9c91-6917518adedc", "name": "G&P Wellness & Beauty", "taxonomy": "beauty_salon", "confidence": 0.962, "operating_status": null }, "geometry": { "type": "Point", "coordinates": [ 1.97792588, 41.28173015 ] } },
{ "type": "Feature", "properties": { "id": "92291dad-2281-4fb0-b0b3-02542fc0cc9d", "name": "Grocasa Grup Immobiliari", "taxonomy": "real_estate_service", "confidence": 0.968, "operating_status": null }, "geometry": { "type": "Point", "coordinates": [ 1.9779434, 41.28172556 ] } },
{ "type": "Feature", "properties": { "id": "4cbf0a42-b353-49f0-ab55-dadd2e40a562", "name": "Buda castelldefels", "taxonomy": "bar", "confidence": 0.982, "operating_status": null }, "geometry": { "type": "Point", "coordinates": [ 1.977378, 41.281622 ] } },
{ "type": "Feature", "properties": { "id": "6c343f62-073c-4207-9112-694b30629c45", "name": "Agencia Generali Seguros", "taxonomy": "auto_insurance", "confidence": 0.9, "operating_status": null }, "geometry": { "type": "Point", "coordinates": [ 1.977300552158926, 41.281753806874235 ] } },
{ "type": "Feature", "properties": { "id": "d45d0417-95f5-4fb2-8e18-c722868b0cf6", "name": "Azul Marino Viatges", "taxonomy": "travel_agent", "confidence": 0.974, "operating_status": null }, "geometry": { "type": "Point", "coordinates": [ 1.976567, 41.2817191 ] } },
{ "type": "Feature", "properties": { "id": "fcbcaef7-5161-4546-8635-0311ee6d3f2c", "name": "GBTC Finance | Cajero bitcoin | Bitcoin ATM Castelldefels", "taxonomy": "currency_exchange", "confidence": 0.962, "operating_status": null }, "geometry": { "type": "Point", "coordinates": [ 1.976893, 41.28162 ] } },
{ "type": "Feature", "properties": { "id": "eb628c02-01e6-4687-8a89-d5638ef65387", "name": "Gil Optics", "taxonomy": "eyewear_store", "confidence": 0.989, "operating_status": null }, "geometry": { "type": "Point", "coordinates": [ 1.97778118, 41.28139189 ] } },
{ "type": "Feature", "properties": { "id": "18bfdd33-3582-47d8-a9f1-19e545d28804", "name": "San Yago", "taxonomy": "spanish_restaurant", "confidence": 0.981, "operating_status": null }, "geometry": { "type": "Point", "coordinates": [ 1.97758429, 41.28132989 ] } },
{ "type": "Feature", "properties": { "id": "812adbb3-23a6-405f-936d-e0f910eacebc", "name": "Anytime Fitness", "taxonomy": "gym", "confidence": 0.8, "operating_status": null }, "geometry": { "type": "Point", "coordinates": [ 1.97779, 41.28128 ] } },
{ "type": "Feature", "properties": { "id": "c5ddbdb1-d99d-4fed-9e2c-e84c61a0647e", "name": "Frankfurt Munich", "taxonomy": "german_restaurant", "confidence": 0.922, "operating_status": null }, "geometry": { "type": "Point", "coordinates": [ 1.97771918, 41.28122468 ] } },
{ "type": "Feature", "properties": { "id": "dfec5080-6187-4ed9-8ae4-c5f516d73b9f", "name": "Entre Barriles", "taxonomy": "tapas_bar", "confidence": 0.892, "operating_status": null }, "geometry": { "type": "Point", "coordinates": [ 1.977682, 41.281176 ] } },
{ "type": "Feature", "properties": { "id": "c7355567-9c4b-4504-8544-f646039dd533", "name": "Global Service", "taxonomy": "mobile_phone_store", "confidence": 0.869, "operating_status": null }, "geometry": { "type": "Point", "coordinates": [ 1.9774224, 41.2812424 ] } },
{ "type": "Feature", "properties": { "id": "8de02680-7917-4154-8964-d31ed1c21a85", "name": "Autoescuela Castellmar", "taxonomy": "driving_school", "confidence": 0.986, "operating_status": null }, "geometry": { "type": "Point", "coordinates": [ 1.9769796, 41.28137417 ] } },
{ "type": "Feature", "properties": { "id": "971cca58-927b-4c6d-b667-43fd7467588c", "name": "Neksus: Telefonía y móviles", "taxonomy": "mobile_phone_store", "confidence": 0.77, "operating_status": null }, "geometry": { "type": "Point", "coordinates": [ 1.976906563302177, 41.281275245074092 ] } },
{ "type": "Feature", "properties": { "id": "57f2ced0-63f0-4e95-b387-404891f2e746", "name": "Bar Bonilla", "taxonomy": "tapas_bar", "confidence": 0.978, "operating_status": null }, "geometry": { "type": "Point", "coordinates": [ 1.97761836, 41.2811443 ] } },
{ "type": "Feature", "properties": { "id": "50a003c7-2237-4f55-ba09-6f2394feeb62", "name": "Tucco Real Food", "taxonomy": "argentine_restaurant", "confidence": 0.857, "operating_status": null }, "geometry": { "type": "Point", "coordinates": [ 1.977912, 41.280972 ] } },
{ "type": "Feature", "properties": { "id": "5270042e-3197-4c20-95c6-3e30c358c0d0", "name": "Sugorri Gastrobar", "taxonomy": "restaurant", "confidence": 0.983, "operating_status": null }, "geometry": { "type": "Point", "coordinates": [ 1.97796, 41.28097 ] } },
{ "type": "Feature", "properties": { "id": "35459ff0-f3d7-4840-9b57-2bf9e6bedd35", "name": "Gelateria Palermo", "taxonomy": "gelato_shop", "confidence": 0.991, "operating_status": null }, "geometry": { "type": "Point", "coordinates": [ 1.97812663, 41.28104346 ] } },
{ "type": "Feature", "properties": { "id": "1832436e-7783-45db-8d76-3ef55ac7b4b4", "name": "Atroz Castelldefels", "taxonomy": "spanish_restaurant", "confidence": 0.997, "operating_status": null }, "geometry": { "type": "Point", "coordinates": [ 1.97799683, 41.28097732 ] } },
{ "type": "Feature", "properties": { "id": "ef31f873-386c-4b05-9f62-8d4106a15faa", "name": "Alerovi", "taxonomy": "hvac_service", "confidence": 0.77, "operating_status": null }, "geometry": { "type": "Point", "coordinates": [ 1.978263832900868, 41.28098952790144 ] } },
{ "type": "Feature", "properties": { "id": "b33be58a-8345-4231-b7a0-dabc045be116", "name": "CondisLife", "taxonomy": "grocery_store", "confidence": 0.999, "operating_status": null }, "geometry": { "type": "Point", "coordinates": [ 1.97836814, 41.28100593 ] } },
{ "type": "Feature", "properties": { "id": "8964b07f-72a2-4145-808c-0fc88755ac16", "name": "La Nova Llar", "taxonomy": "furniture_store", "confidence": 0.98, "operating_status": null }, "geometry": { "type": "Point", "coordinates": [ 1.97817247, 41.28111121 ] } },
{ "type": "Feature", "properties": { "id": "9d07ced7-1d1e-4094-8998-97541ccdc711", "name": "Quiropractico Nueva Vida Quiropractica", "taxonomy": "chiropractic", "confidence": 0.996, "operating_status": null }, "geometry": { "type": "Point", "coordinates": [ 1.97836861, 41.28114569 ] } },
{ "type": "Feature", "properties": { "id": "fe4657d0-bd32-4122-9a33-5ee0257301ea", "name": "Bar Ben Bo", "taxonomy": "tapas_bar", "confidence": 0.814, "operating_status": null }, "geometry": { "type": "Point", "coordinates": [ 1.97799306, 41.28107501 ] } },
{ "type": "Feature", "properties": { "id": "40301196-9a21-4554-af07-af6a3376a4cf", "name": "Plou", "taxonomy": "bar_and_grill_restaurant", "confidence": 0.986, "operating_status": null }, "geometry": { "type": "Point", "coordinates": [ 1.97783245, 41.28133836 ] } },
{ "type": "Feature", "properties": { "id": "a0ae647b-89f7-4877-bdd2-de290fac94f0", "name": "Castelldefels – Arcadi Balaguer, 68", "taxonomy": "greengrocer", "confidence": 0.8, "operating_status": null }, "geometry": { "type": "Point", "coordinates": [ 1.978468, 41.281178 ] } },
{ "type": "Feature", "properties": { "id": "1838384f-078e-4703-8408-4e8bf989dd74", "name": "La Fusta", "taxonomy": "tapas_bar", "confidence": 0.99, "operating_status": null }, "geometry": { "type": "Point", "coordinates": [ 1.97865555, 41.28121284 ] } },
{ "type": "Feature", "properties": { "id": "a80aff2a-5896-46de-90f7-9c1203aa5384", "name": "Kiosco O. N. C. E.", "taxonomy": "charity_organization", "confidence": 0.832, "operating_status": null }, "geometry": { "type": "Point", "coordinates": [ 1.9786084, 41.28129437 ] } },
{ "type": "Feature", "properties": { "id": "e476d6ec-4942-4553-acbd-772893732c73", "name": "Baobab Outlet Castelldefels", "taxonomy": "womens_clothing_store", "confidence": 0.935, "operating_status": null }, "geometry": { "type": "Point", "coordinates": [ 1.9786675, 41.2813288 ] } },
{ "type": "Feature", "properties": { "id": "af584d96-e449-4b8a-b92e-0ae03b54f563", "name": "Sentbien Centro Auditivo", "taxonomy": "audiology", "confidence": 0.722, "operating_status": null }, "geometry": { "type": "Point", "coordinates": [ 1.97905, 41.28138 ] } },
{ "type": "Feature", "properties": { "id": "2521d414-c35d-4950-8890-e144b07007f0", "name": "NovaVisió Castelldefels", "taxonomy": "eyewear_store", "confidence": 0.983, "operating_status": null }, "geometry": { "type": "Point", "coordinates": [ 1.9790698, 41.28130672 ] } },
{ "type": "Feature", "properties": { "id": "38facb3f-320f-4ef4-8dfe-b79b2a9acc87", "name": "MASLIFE: Telefonía y móviles", "taxonomy": "mobile_phone_store", "confidence": 0.974, "operating_status": null }, "geometry": { "type": "Point", "coordinates": [ 1.9790831, 41.2812646 ] } },
{ "type": "Feature", "properties": { "id": "3403b8ca-6076-4eb9-bb78-368e383b9be5", "name": "Alma Mia", "taxonomy": "jewelry_store", "confidence": 0.713, "operating_status": null }, "geometry": { "type": "Point", "coordinates": [ 1.97887878, 41.28123443 ] } },
{ "type": "Feature", "properties": { "id": "3d3f4c6b-5054-49d5-a177-48329ab1b029", "name": "Zeus Sistemas Informaticos", "taxonomy": "computer_store", "confidence": 0.913, "operating_status": null }, "geometry": { "type": "Point", "coordinates": [ 1.97897312, 41.28121361 ] } },
{ "type": "Feature", "properties": { "id": "f31b75f2-545b-4f3d-9358-b3e1a48b5096", "name": "Atope Sports", "taxonomy": "sporting_goods_store", "confidence": 0.89, "operating_status": null }, "geometry": { "type": "Point", "coordinates": [ 1.97898479, 41.28120543 ] } },
{ "type": "Feature", "properties": { "id": "4cca693b-ddbb-4644-876a-b11c609a99ee", "name": "TA RO Ramen & Wok", "taxonomy": "japanese_restaurant", "confidence": 0.932, "operating_status": null }, "geometry": { "type": "Point", "coordinates": [ 1.97884878, 41.28083865 ] } },
{ "type": "Feature", "properties": { "id": "011491cd-fbc4-48f4-a7a6-f434bf28b48e", "name": "Seguridad Y Llaves Barcelona", "taxonomy": null, "confidence": 0.995, "operating_status": null }, "geometry": { "type": "Point", "coordinates": [ 1.9789983, 41.2806681 ] } },
{ "type": "Feature", "properties": { "id": "04431518-7d1c-4a5f-969b-696a297d1654", "name": "Amate", "taxonomy": "beauty_salon", "confidence": 0.962, "operating_status": null }, "geometry": { "type": "Point", "coordinates": [ 1.97896328, 41.28069708 ] } },
{ "type": "Feature", "properties": { "id": "0f90411c-456e-4faa-9841-757f178a848d", "name": "Gracie Barra Castelldefels", "taxonomy": "martial_arts_club", "confidence": 0.992, "operating_status": null }, "geometry": { "type": "Point", "coordinates": [ 1.9787763, 41.28061504 ] } },
{ "type": "Feature", "properties": { "id": "7ea4c936-6f6f-47f6-89d3-6a1d6d0815ca", "name": "Academia Molière", "taxonomy": "language_school", "confidence": 0.977, "operating_status": null }, "geometry": { "type": "Point", "coordinates": [ 1.97867707, 41.28057773 ] } },
{ "type": "Feature", "properties": { "id": "51c64477-9676-4078-85f2-f65fe4ca88d6", "name": "Els Angelots", "taxonomy": "preschool", "confidence": 0.919, "operating_status": null }, "geometry": { "type": "Point", "coordinates": [ 1.97796807, 41.28073014 ] } },
{ "type": "Feature", "properties": { "id": "b1666db7-4fac-4d1d-a09f-b5a209c27928", "name": "Ida nails", "taxonomy": "nail_salon", "confidence": 0.945, "operating_status": null }, "geometry": { "type": "Point", "coordinates": [ 1.97809699, 41.28084052 ] } },
{ "type": "Feature", "properties": { "id": "6abf9cfb-f27b-4fb9-a667-2a987578a71a", "name": "Kutxabank", "taxonomy": "bank", "confidence": 0.8, "operating_status": null }, "geometry": { "type": "Point", "coordinates": [ 1.977963, 41.280955 ] } },
{ "type": "Feature", "properties": { "id": "8164dabf-4207-4fe4-aff2-b87d6851f8ed", "name": "CDF 58 Bar", "taxonomy": "bar", "confidence": 0.993, "operating_status": null }, "geometry": { "type": "Point", "coordinates": [ 1.97776647, 41.28088035 ] } },
{ "type": "Feature", "properties": { "id": "c3716119-4d9b-454e-b6f7-c831bfb8fb76", "name": "Bar Restaurant Alba", "taxonomy": "bar", "confidence": 0.98, "operating_status": null }, "geometry": { "type": "Point", "coordinates": [ 1.97768898, 41.28084241 ] } },
{ "type": "Feature", "properties": { "id": "baf15550-7d91-473e-a495-a780441d7715", "name": "CaixaBank", "taxonomy": "second_hand_store", "confidence": 0.85, "operating_status": null }, "geometry": { "type": "Point", "coordinates": [ 1.9773978, 41.280823 ] } },
{ "type": "Feature", "properties": { "id": "2a97dfa7-d6db-464d-80cb-227d35a8c353", "name": "Iglesia de Dios Cetatea Credintei de Castelldefels", "taxonomy": "christian_place_of_worship", "confidence": 0.913, "operating_status": null }, "geometry": { "type": "Point", "coordinates": [ 1.977258350003319, 41.280863650000107 ] } },
{ "type": "Feature", "properties": { "id": "8430d91e-68e1-4983-b24b-2f041038aaff", "name": "Parròquia de Castelldefels", "taxonomy": "roman_catholic_place_of_worship", "confidence": 0.995, "operating_status": null }, "geometry": { "type": "Point", "coordinates": [ 1.976791, 41.28072658 ] } },
{ "type": "Feature", "properties": { "id": "26a58e32-d6b7-47d7-b7d7-ff502bb01e2e", "name": "Duldi", "taxonomy": "candy_store", "confidence": 0.913, "operating_status": null }, "geometry": { "type": "Point", "coordinates": [ 1.97747747, 41.28060223 ] } },
{ "type": "Feature", "properties": { "id": "187b7475-1d98-4559-9f6d-86b7bc7707e5", "name": "Pizzeria Mailo’s", "taxonomy": "restaurant", "confidence": 0.762, "operating_status": null }, "geometry": { "type": "Point", "coordinates": [ 1.9773768306642, 41.280626222819002 ] } },
{ "type": "Feature", "properties": { "id": "407153f5-7734-4df2-a9aa-054ca0ddf6f0", "name": "Wu Sushi", "taxonomy": "sushi_restaurant", "confidence": 0.944, "operating_status": null }, "geometry": { "type": "Point", "coordinates": [ 1.97752435, 41.28057862 ] } },
{ "type": "Feature", "properties": { "id": "ac5dbc7d-b850-421f-b826-68e3ba8acc94", "name": "BBVA", "taxonomy": "bank_or_credit_union", "confidence": 0.966, "operating_status": null }, "geometry": { "type": "Point", "coordinates": [ 1.9775364, 41.2805349 ] } },
{ "type": "Feature", "properties": { "id": "d012d110-dbc4-4aa7-b4f8-90e9760afe65", "name": "Lampisteria del poble ", "taxonomy": "auto_electrical_repair", "confidence": 0.85, "operating_status": null }, "geometry": { "type": "Point", "coordinates": [ 1.9770923, 41.2805206 ] } },
{ "type": "Feature", "properties": { "id": "ecf9d09c-74d5-4a07-823a-2936adb658ed", "name": "Plaça Església", "taxonomy": "public_plaza", "confidence": 0.879, "operating_status": null }, "geometry": { "type": "Point", "coordinates": [ 1.97706534, 41.28048771 ] } },
{ "type": "Feature", "properties": { "id": "de3cd7c5-a604-451e-bfac-d184f1f98fbc", "name": "Citypaq de Correos", "taxonomy": "courier_and_delivery_service", "confidence": 0.85, "operating_status": null }, "geometry": { "type": "Point", "coordinates": [ 1.97689843, 41.28036499 ] } },
{ "type": "Feature", "properties": { "id": "3f661c0c-0818-455e-b7ae-a31e2ecb234a", "name": "AEROTAXIFELS", "taxonomy": "taxi_service", "confidence": 0.85, "operating_status": null }, "geometry": { "type": "Point", "coordinates": [ 1.97689843, 41.28036499 ] } },
{ "type": "Feature", "properties": { "id": "10a8d833-8029-4107-bbe1-a6205634f6c6", "name": "Osterisk | Telefonía IP para empresas", "taxonomy": "telecommunications_service", "confidence": 0.85, "operating_status": null }, "geometry": { "type": "Point", "coordinates": [ 1.97689843, 41.28036499 ] } },
{ "type": "Feature", "properties": { "id": "e6e15ea1-8556-4f38-882f-2077c23499a8", "name": "Cerrajeros Castelldefels", "taxonomy": "key_and_locksmith", "confidence": 0.835, "operating_status": null }, "geometry": { "type": "Point", "coordinates": [ 1.97682, 41.28025 ] } },
{ "type": "Feature", "properties": { "id": "113f1c4f-1d2e-4b5a-8da7-bc2ff226408e", "name": "Ajuntament de Castelldefels", "taxonomy": "town_hall", "confidence": 0.998, "operating_status": null }, "geometry": { "type": "Point", "coordinates": [ 1.9767265, 41.28017533 ] } },
{ "type": "Feature", "properties": { "id": "50a22f36-0f13-4790-9f30-c18813ca8253", "name": "Sushi Chef", "taxonomy": "japanese_restaurant", "confidence": 0.994, "operating_status": null }, "geometry": { "type": "Point", "coordinates": [ 1.97744152, 41.28017193 ] } },
{ "type": "Feature", "properties": { "id": "50c7e398-d3a2-4775-9fff-cf451c972cf2", "name": "Rimini Gelato Castelldefels", "taxonomy": "ice_cream_shop", "confidence": 0.76, "operating_status": null }, "geometry": { "type": "Point", "coordinates": [ 1.9773999, 41.2801704 ] } },
{ "type": "Feature", "properties": { "id": "47162438-81bd-4e78-862e-88d3586500a1", "name": "Dehesa Santa María Castelldefels", "taxonomy": "coffee_shop", "confidence": 0.892, "operating_status": null }, "geometry": { "type": "Point", "coordinates": [ 1.97731, 41.28024 ] } },
{ "type": "Feature", "properties": { "id": "394f8350-2e8c-4387-b98f-fc907bad7ba0", "name": "Jijonenca", "taxonomy": "dessert_shop", "confidence": 0.77, "operating_status": null }, "geometry": { "type": "Point", "coordinates": [ 1.977385326685043, 41.280287354119615 ] } },
{ "type": "Feature", "properties": { "id": "13d8b525-edc1-4c0f-93e2-80b5c271fb5d", "name": "Muralla Óptica", "taxonomy": "eyewear_store", "confidence": 0.908, "operating_status": null }, "geometry": { "type": "Point", "coordinates": [ 1.97753344, 41.28023326 ] } },
{ "type": "Feature", "properties": { "id": "362fe7a0-c2cc-4e78-a841-46f6b33edc12", "name": "Banco Sabadell", "taxonomy": "bank_or_credit_union", "confidence": 0.97, "operating_status": null }, "geometry": { "type": "Point", "coordinates": [ 1.977773, 41.28022 ] } },
{ "type": "Feature", "properties": { "id": "e31fc582-209e-4b02-b017-c17c4d445f3c", "name": "POLICLINIC ESPECIALITATS MEDIQUES CASTELLDEFELS", "taxonomy": "dental_clinic", "confidence": 0.965, "operating_status": null }, "geometry": { "type": "Point", "coordinates": [ 1.978247, 41.280201 ] } },
{ "type": "Feature", "properties": { "id": "4808b41d-cfb4-41ab-90eb-19cbbb73fa2b", "name": "Reformas Carvalho", "taxonomy": null, "confidence": 0.863, "operating_status": null }, "geometry": { "type": "Point", "coordinates": [ 1.9783283, 41.2803489 ] } },
{ "type": "Feature", "properties": { "id": "e5037048-b22c-4a15-91d6-468f1e25f40a", "name": "Fauna Castelldefels", "taxonomy": "pet_store", "confidence": 0.934, "operating_status": null }, "geometry": { "type": "Point", "coordinates": [ 1.97870838, 41.28039748 ] } },
{ "type": "Feature", "properties": { "id": "bd602917-f60d-4688-b9a2-3f2ba239e714", "name": "Troika Delicatessen Castelldefels", "taxonomy": "grocery_store", "confidence": 0.936, "operating_status": null }, "geometry": { "type": "Point", "coordinates": [ 1.978686, 41.280519 ] } },
{ "type": "Feature", "properties": { "id": "1389f555-b0a1-4c49-be9f-fcea64ea6659", "name": "Bon Fit Football ", "taxonomy": null, "confidence": 0.825, "operating_status": null }, "geometry": { "type": "Point", "coordinates": [ 1.9787499904633, 41.280449852379 ] } },
{ "type": "Feature", "properties": { "id": "b445cd82-0bc7-48be-b957-cdf0229d1b19", "name": "Clínica Dental Dr. Iván de Peña", "taxonomy": "dental_clinic", "confidence": 0.875, "operating_status": null }, "geometry": { "type": "Point", "coordinates": [ 1.97849745, 41.28023911 ] } },
{ "type": "Feature", "properties": { "id": "17088196-cc0e-47c5-93ac-71b9f34475b0", "name": "Lligams Activitats", "taxonomy": "arts_and_entertainment", "confidence": 0.963, "operating_status": null }, "geometry": { "type": "Point", "coordinates": [ 1.97849356, 41.28018198 ] } },
{ "type": "Feature", "properties": { "id": "fb3137fa-8cc9-4b53-86ce-750100b72311", "name": "La Casa Blanca Pastisseria", "taxonomy": "bakery", "confidence": 0.993, "operating_status": null }, "geometry": { "type": "Point", "coordinates": [ 1.97924838, 41.28014949 ] } },
{ "type": "Feature", "properties": { "id": "bbf80916-81b6-41a2-97f4-a2f46b3e3e43", "name": "Centro de Integración Personal", "taxonomy": "counseling", "confidence": 0.826, "operating_status": null }, "geometry": { "type": "Point", "coordinates": [ 1.97964371, 41.28019032 ] } },
{ "type": "Feature", "properties": { "id": "92c4442e-3360-4685-b8ef-368d2a8b355e", "name": "Tatoo Estudio 99", "taxonomy": "tattoo", "confidence": 0.77, "operating_status": null }, "geometry": { "type": "Point", "coordinates": [ 1.979753315832939, 41.280220588816469 ] } },
{ "type": "Feature", "properties": { "id": "eb275550-2525-4262-9929-66a6a5aac71f", "name": "Moeve", "taxonomy": "gas_station", "confidence": 0.8, "operating_status": null }, "geometry": { "type": "Point", "coordinates": [ 1.97995, 41.2804 ] } },
{ "type": "Feature", "properties": { "id": "64672842-faca-475a-94ae-282a668a9eff", "name": "Estación de servicio Cepsa", "taxonomy": "gas_station", "confidence": 0.966, "operating_status": null }, "geometry": { "type": "Point", "coordinates": [ 1.979947, 41.280379 ] } },
{ "type": "Feature", "properties": { "id": "300d2a18-fc9f-4d40-90f5-7eabeccc9667", "name": "KüchenHouse Cocinas y Reformas", "taxonomy": "furniture_store", "confidence": 0.863, "operating_status": null }, "geometry": { "type": "Point", "coordinates": [ 1.97986015, 41.28044904 ] } },
{ "type": "Feature", "properties": { "id": "15444c37-9ee9-4738-8ee8-df28ad470e04", "name": "la Sirena", "taxonomy": "grocery_store", "confidence": 0.77, "operating_status": null }, "geometry": { "type": "Point", "coordinates": [ 1.979529059628288, 41.280520784463135 ] } },
{ "type": "Feature", "properties": { "id": "067e09a3-49e7-448d-82d4-ffe0ca4ca016", "name": "CaixaBank", "taxonomy": "second_hand_store", "confidence": 0.85, "operating_status": null }, "geometry": { "type": "Point", "coordinates": [ 1.9796108, 41.2804039 ] } },
{ "type": "Feature", "properties": { "id": "841619fa-04e6-428b-a39b-7c78995346dd", "name": "Anna Trepat Sanitas Castelldefels", "taxonomy": "hospital", "confidence": 0.78, "operating_status": null }, "geometry": { "type": "Point", "coordinates": [ 1.979386, 41.280386 ] } },
{ "type": "Feature", "properties": { "id": "b0140693-8967-47b8-8dc8-f0987cc95dbb", "name": "Redpizza Castelldefels", "taxonomy": "pizza_restaurant", "confidence": 0.955, "operating_status": null }, "geometry": { "type": "Point", "coordinates": [ 1.97937971, 41.28073992 ] } },
{ "type": "Feature", "properties": { "id": "5da176db-bba5-4974-8bbf-436c6f8892ab", "name": "Dance Me - Academia de Baile", "taxonomy": "dance_studio", "confidence": 0.886, "operating_status": null }, "geometry": { "type": "Point", "coordinates": [ 1.98039108, 41.28094505 ] } },
{ "type": "Feature", "properties": { "id": "db031e88-5e87-4bdd-81c5-97ab6783a579", "name": "Pasdeflor design, SL", "taxonomy": "warehouse_club_store", "confidence": 0.8, "operating_status": null }, "geometry": { "type": "Point", "coordinates": [ 1.98107, 41.28056 ] } },
{ "type": "Feature", "properties": { "id": "9c3eca9c-7d30-4958-a12a-492e8755321a", "name": "El Llobregat", "taxonomy": "print_media", "confidence": 0.851, "operating_status": null }, "geometry": { "type": "Point", "coordinates": [ 1.98104506, 41.28055742 ] } },
{ "type": "Feature", "properties": { "id": "706355c7-e236-4287-a619-603cd5a88516", "name": "Vets clínica Veterinària", "taxonomy": "veterinarian", "confidence": 0.984, "operating_status": null }, "geometry": { "type": "Point", "coordinates": [ 1.98060307, 41.2804685 ] } },
{ "type": "Feature", "properties": { "id": "7d44dad2-5049-48c3-be35-e1e7e0eec30a", "name": "Clinica Dental Pau Casals", "taxonomy": "general_dentistry", "confidence": 0.968, "operating_status": null }, "geometry": { "type": "Point", "coordinates": [ 1.98081834, 41.28037991 ] } },
{ "type": "Feature", "properties": { "id": "7f6e6623-e260-465d-a1b0-b8c8c0f0d857", "name": "Centro Quiropráctico Castelldefels", "taxonomy": "chiropractic", "confidence": 0.97, "operating_status": null }, "geometry": { "type": "Point", "coordinates": [ 1.98077566, 41.28032497 ] } },
{ "type": "Feature", "properties": { "id": "2e71abac-8a03-4530-b3c4-9c4e1808d847", "name": "Motos Carbó", "taxonomy": "motorcycle_dealer", "confidence": 0.997, "operating_status": null }, "geometry": { "type": "Point", "coordinates": [ 1.98043057, 41.28017564 ] } },
{ "type": "Feature", "properties": { "id": "93ac620e-5362-4337-8c38-f3a526d562df", "name": "Taxi Castelldefels, TAXIFELS", "taxonomy": "taxi_service", "confidence": 0.943, "operating_status": null }, "geometry": { "type": "Point", "coordinates": [ 1.98269, 41.28043 ] } },
{ "type": "Feature", "properties": { "id": "d0a2c9b0-a696-4a48-8195-68882194ef17", "name": "R-PRO1 INGENIEROS", "taxonomy": "b2b_business_management_service", "confidence": 0.85, "operating_status": null }, "geometry": { "type": "Point", "coordinates": [ 1.982654609, 41.280412607 ] } },
{ "type": "Feature", "properties": { "id": "5459ebf7-6a7b-4ec4-b4e5-92c70a257d5e", "name": "Carrefour Market", "taxonomy": "grocery_store", "confidence": 0.999, "operating_status": null }, "geometry": { "type": "Point", "coordinates": [ 1.98413736, 41.28036224 ] } },
{ "type": "Feature", "properties": { "id": "dc852de5-e787-4909-9f59-f55617332d34", "name": "ACFINAN", "taxonomy": null, "confidence": 0.895, "operating_status": null }, "geometry": { "type": "Point", "coordinates": [ 1.9841097, 41.2809534 ] } },
{ "type": "Feature", "properties": { "id": "e5c1430c-08b7-48d8-868d-cccec6734120", "name": "Obal Seguridad", "taxonomy": "security_systems", "confidence": 0.85, "operating_status": null }, "geometry": { "type": "Point", "coordinates": [ 1.983314, 41.2809524 ] } },
{ "type": "Feature", "properties": { "id": "58cb0529-f0bc-469a-85dd-34cf7118562c", "name": "Multitrade Spain SL", "taxonomy": "freight_and_cargo_service", "confidence": 0.868, "operating_status": null }, "geometry": { "type": "Point", "coordinates": [ 1.98324037, 41.28077523 ] } },
{ "type": "Feature", "properties": { "id": "6d987557-490c-41c6-b285-1f9c864bca9f", "name": "Iglesia Cristiana Evangelica Rios de Vida", "taxonomy": "christian_place_of_worship", "confidence": 0.973, "operating_status": null }, "geometry": { "type": "Point", "coordinates": [ 1.98202506, 41.28128686 ] } },
{ "type": "Feature", "properties": { "id": "e51bca63-218c-4cd2-ba9c-61f95de64bb5", "name": "Taller JTorres", "taxonomy": "automotive_repair", "confidence": 0.972, "operating_status": null }, "geometry": { "type": "Point", "coordinates": [ 1.98205845, 41.28140473 ] } },
{ "type": "Feature", "properties": { "id": "67681b2a-811d-49e5-89f1-28c9aca2a11f", "name": "EOG ETL Global", "taxonomy": "tax_service", "confidence": 0.85, "operating_status": null }, "geometry": { "type": "Point", "coordinates": [ 1.983921, 41.2812398 ] } },
{ "type": "Feature", "properties": { "id": "0593b969-1aee-4b2c-a5d2-b20a838f0254", "name": "Passeig Del Ferrocarril", "taxonomy": "real_estate_service", "confidence": 0.846, "operating_status": null }, "geometry": { "type": "Point", "coordinates": [ 1.983718768880215, 41.281277192478278 ] } },
{ "type": "Feature", "properties": { "id": "f7fc3628-8e29-4219-83b0-7851b14e2837", "name": "STP Group", "taxonomy": "corporate_or_business_office", "confidence": 0.77, "operating_status": null }, "geometry": { "type": "Point", "coordinates": [ 1.983061306454095, 41.280977930374988 ] } },
{ "type": "Feature", "properties": { "id": "7263ecda-0989-41e5-aca6-d3ff10e6f644", "name": "Qpnet Technologies", "taxonomy": "information_technology_company", "confidence": 0.85, "operating_status": null }, "geometry": { "type": "Point", "coordinates": [ 1.9841093, 41.2810054 ] } },
{ "type": "Feature", "properties": { "id": "c6ebeb00-3f79-48d1-a2fb-b5b298a667c0", "name": "Bencoa - Asesores Inmobiliarios", "taxonomy": "real_estate_agent", "confidence": 0.85, "operating_status": null }, "geometry": { "type": "Point", "coordinates": [ 1.984139, 41.2809659 ] } },
{ "type": "Feature", "properties": { "id": "7f9d76ff-00d3-42f4-8f0c-7ef4ac8bacf7", "name": "Mare Terra Coffee", "taxonomy": "coffee_shop", "confidence": 0.799, "operating_status": null }, "geometry": { "type": "Point", "coordinates": [ 1.98463, 41.28126 ] } },
{ "type": "Feature", "properties": { "id": "7473e672-c270-4c31-8608-994c827b5629", "name": "Aribau", "taxonomy": "food_and_beverage_store", "confidence": 0.915, "operating_status": null }, "geometry": { "type": "Point", "coordinates": [ 1.98432454, 41.28122563 ] } },
{ "type": "Feature", "properties": { "id": "0fa994c2-de04-4733-9f26-aa71ffae5a7b", "name": "Commex-Group", "taxonomy": null, "confidence": 0.85, "operating_status": null }, "geometry": { "type": "Point", "coordinates": [ 1.9845925, 41.2814953 ] } },
{ "type": "Feature", "properties": { "id": "6b190190-1702-4b57-a163-c089c11fa93b", "name": "Ibis Barcelona Castelldefels", "taxonomy": "hotel", "confidence": 1.0, "operating_status": null }, "geometry": { "type": "Point", "coordinates": [ 1.98579735, 41.28149326 ] } },
{ "type": "Feature", "properties": { "id": "2d6a8767-f897-408c-916a-994086f2e75c", "name": "Station GALP", "taxonomy": "gas_station", "confidence": 0.8, "operating_status": null }, "geometry": { "type": "Point", "coordinates": [ 1.986347, 41.281612 ] } },
{ "type": "Feature", "properties": { "id": "ddf1cce7-938c-4385-bb69-74dade618e50", "name": "Galp", "taxonomy": "gas_station", "confidence": 0.956, "operating_status": null }, "geometry": { "type": "Point", "coordinates": [ 1.98635868, 41.28164084 ] } },
{ "type": "Feature", "properties": { "id": "c78ac87f-d2f3-4665-9fa0-777648b64efb", "name": "Citypaq de Correos", "taxonomy": "courier_and_delivery_service", "confidence": 0.85, "operating_status": null }, "geometry": { "type": "Point", "coordinates": [ 1.9864697, 41.2816216 ] } },
{ "type": "Feature", "properties": { "id": "5a155222-b377-44db-b0ca-29c76070d968", "name": "Powerdot", "taxonomy": "ev_charging_station", "confidence": 0.85, "operating_status": null }, "geometry": { "type": "Point", "coordinates": [ 1.98559591, 41.28137191 ] } },
{ "type": "Feature", "properties": { "id": "1c56daa3-57f6-43b7-ac94-591c95a75bc9", "name": "Lidl", "taxonomy": "grocery_store", "confidence": 1.0, "operating_status": null }, "geometry": { "type": "Point", "coordinates": [ 1.98665078, 41.28098453 ] } },
{ "type": "Feature", "properties": { "id": "2f77535a-4c43-427f-9e01-e2e8ac7553bd", "name": "EESS Castelldefels", "taxonomy": "gas_station", "confidence": 0.8, "operating_status": null }, "geometry": { "type": "Point", "coordinates": [ 1.984713947718995, 41.280795191615404 ] } },
{ "type": "Feature", "properties": { "id": "af615ff5-8bb2-491c-8469-09afe5549867", "name": "Ametller Origen", "taxonomy": "specialty_foods_store", "confidence": 0.982, "operating_status": null }, "geometry": { "type": "Point", "coordinates": [ 1.98487144, 41.28072721 ] } },
{ "type": "Feature", "properties": { "id": "e0eabfeb-44d4-4a06-b547-db1de040606d", "name": "Enrique Tomás", "taxonomy": "delicatessen", "confidence": 0.77, "operating_status": null }, "geometry": { "type": "Point", "coordinates": [ 1.984254796158003, 41.280217273715046 ] } },
{ "type": "Feature", "properties": { "id": "19255e8f-083f-4bc8-b800-6d15a13a7aab", "name": "CoreFreight Multimodal Company, S. L.", "taxonomy": "shipping_center", "confidence": 0.85, "operating_status": null }, "geometry": { "type": "Point", "coordinates": [ 1.98644, 41.2804473 ] } },
{ "type": "Feature", "properties": { "id": "be51750b-d96e-4627-9f5a-8f870f1cb690", "name": "La DecoTeca", "taxonomy": "interior_design", "confidence": 0.749, "operating_status": null }, "geometry": { "type": "Point", "coordinates": [ 1.98647997, 41.28036008 ] } },
{ "type": "Feature", "properties": { "id": "dd451038-e880-4661-8ee6-e67256c7878f", "name": "Bureau Vallée Castelldefels", "taxonomy": "office_supply_store", "confidence": 0.956, "operating_status": null }, "geometry": { "type": "Point", "coordinates": [ 1.98563591, 41.27971142 ] } },
{ "type": "Feature", "properties": { "id": "2c1f00a4-d9c0-4eb9-b4a2-7fa62e544929", "name": "Vinted Go Locker", "taxonomy": "shipping_or_delivery_service", "confidence": 1.0, "operating_status": "open" }, "geometry": { "type": "Point", "coordinates": [ 1.9856308, 41.2797181 ] } },
{ "type": "Feature", "properties": { "id": "8c151143-605e-4135-8c98-255f81ca0656", "name": "Castellcars 2005", "taxonomy": "automotive_repair", "confidence": 0.999, "operating_status": null }, "geometry": { "type": "Point", "coordinates": [ 1.98510376, 41.28005004 ] } },
{ "type": "Feature", "properties": { "id": "bf875519-10c2-43fd-9b70-c5d7463b2e64", "name": "Cívico Talleres Diagonal", "taxonomy": "auto_dealer", "confidence": 0.998, "operating_status": null }, "geometry": { "type": "Point", "coordinates": [ 1.9846169, 41.28003194 ] } },
{ "type": "Feature", "properties": { "id": "3f85d787-1cd1-442f-add2-4eb4d26040b7", "name": "Garcia Faura", "taxonomy": "building_supply_store", "confidence": 0.77, "operating_status": null }, "geometry": { "type": "Point", "coordinates": [ 1.983867, 41.280043 ] } },
{ "type": "Feature", "properties": { "id": "18109c4b-7ba3-4779-9d70-d3bfce06fdb7", "name": "Institut Les Marines", "taxonomy": "high_school", "confidence": 0.901, "operating_status": null }, "geometry": { "type": "Point", "coordinates": [ 1.98230427, 41.2789197 ] } },
{ "type": "Feature", "properties": { "id": "cc0decc3-ca78-46b5-951d-f7ed9585a9f9", "name": "Institut Josep Lluís Sert", "taxonomy": "high_school", "confidence": 0.947, "operating_status": null }, "geometry": { "type": "Point", "coordinates": [ 1.9819782, 41.27875242 ] } },
{ "type": "Feature", "properties": { "id": "43a955e3-8077-4257-b641-d9ba9e3ab348", "name": "Ros's Estetica", "taxonomy": "medical_research_institute", "confidence": 0.996, "operating_status": null }, "geometry": { "type": "Point", "coordinates": [ 1.98581579, 41.27891632 ] } },
{ "type": "Feature", "properties": { "id": "9b32b331-f032-4c2a-8f56-0598069bf945", "name": "ALDI Nord", "taxonomy": "grocery_store", "confidence": 0.999, "operating_status": null }, "geometry": { "type": "Point", "coordinates": [ 1.98643201, 41.27918006 ] } },
{ "type": "Feature", "properties": { "id": "41fe0d53-bd12-4f84-a535-15fb1043bf58", "name": "Camp municipal Via Ferrea", "taxonomy": "campground", "confidence": 0.909, "operating_status": null }, "geometry": { "type": "Point", "coordinates": [ 1.98075932, 41.27836869 ] } },
{ "type": "Feature", "properties": { "id": "8e7c3d52-ec3c-44c3-9019-c46a797df261", "name": "Cala Ginesta", "taxonomy": "beach", "confidence": 0.783, "operating_status": null }, "geometry": { "type": "Point", "coordinates": [ 1.98013, 41.27705 ] } },
{ "type": "Feature", "properties": { "id": "a8dd9966-3659-49d1-ac3e-2d8de2d87ea8", "name": "Salla ski Resort, Finland", "taxonomy": "ski_resort", "confidence": 0.705, "operating_status": null }, "geometry": { "type": "Point", "coordinates": [ 1.9796922, 41.2772091 ] } },
{ "type": "Feature", "properties": { "id": "29d5fae9-9619-4fc4-9107-e3a063ec32ec", "name": "IPE Asesoría", "taxonomy": "professional_service", "confidence": 0.808, "operating_status": null }, "geometry": { "type": "Point", "coordinates": [ 1.97658168, 41.27740239 ] } },
{ "type": "Feature", "properties": { "id": "8b9fc816-7693-4b44-8065-59b544d0d010", "name": "Clínica Dental Adeslas", "taxonomy": "cosmetic_dentistry", "confidence": 0.992, "operating_status": null }, "geometry": { "type": "Point", "coordinates": [ 1.97686233, 41.27753344 ] } },
{ "type": "Feature", "properties": { "id": "bdcf6b3d-fba3-49e3-94f0-063083037aaa", "name": "Iberdrola Clientes", "taxonomy": "electric_utility_provider", "confidence": 0.906, "operating_status": null }, "geometry": { "type": "Point", "coordinates": [ 1.97658, 41.27764 ] } },
{ "type": "Feature", "properties": { "id": "9c42acec-cbf1-4542-850b-ee08fad9eba2", "name": "Blue 01 Castelldefels", "taxonomy": "beauty_salon", "confidence": 0.964, "operating_status": null }, "geometry": { "type": "Point", "coordinates": [ 1.97657744, 41.27781341 ] } },
{ "type": "Feature", "properties": { "id": "158508b9-e1d1-4ce6-995b-d40431c19450", "name": "Beauty Corner Sl.", "taxonomy": "hair_salon", "confidence": 0.945, "operating_status": null }, "geometry": { "type": "Point", "coordinates": [ 1.97656097, 41.27784381 ] } },
{ "type": "Feature", "properties": { "id": "080057da-964f-4f10-9c2a-c96a04ca5935", "name": "Doctora Yusimy", "taxonomy": "spa", "confidence": 0.876, "operating_status": null }, "geometry": { "type": "Point", "coordinates": [ 1.976811, 41.277876 ] } },
{ "type": "Feature", "properties": { "id": "5d7447a6-613b-4766-88e8-40d54c2e94ed", "name": "Banco Sabadell", "taxonomy": "bank", "confidence": 0.8, "operating_status": null }, "geometry": { "type": "Point", "coordinates": [ 1.976907, 41.277981 ] } },
{ "type": "Feature", "properties": { "id": "ae50cef7-daf3-4327-a608-2325e4a86943", "name": "Glofera", "taxonomy": "telecommunications_service", "confidence": 0.933, "operating_status": null }, "geometry": { "type": "Point", "coordinates": [ 1.9771648, 41.2779682 ] } },
{ "type": "Feature", "properties": { "id": "d6e37b3a-2336-4ea7-ac9a-7296dca29f22", "name": "Elya Therapies", "taxonomy": "massage_therapy", "confidence": 0.935, "operating_status": null }, "geometry": { "type": "Point", "coordinates": [ 1.97698326, 41.27783891 ] } },
{ "type": "Feature", "properties": { "id": "d613e8a3-880f-47d7-bc77-09c60476be05", "name": "Galino Wellness Center", "taxonomy": "spa", "confidence": 0.977, "operating_status": null }, "geometry": { "type": "Point", "coordinates": [ 1.977105, 41.277857 ] } },
{ "type": "Feature", "properties": { "id": "507c7de1-73b8-4fe8-b3a0-074fd1a4f841", "name": "Bó-Kao Dim Sum", "taxonomy": "dim_sum_restaurant", "confidence": 0.747, "operating_status": null }, "geometry": { "type": "Point", "coordinates": [ 1.97761091, 41.27839775 ] } },
{ "type": "Feature", "properties": { "id": "cd2084af-84ee-4371-8783-048552047ac8", "name": "CaixaBank Store", "taxonomy": "bank_or_credit_union", "confidence": 0.85, "operating_status": null }, "geometry": { "type": "Point", "coordinates": [ 1.9772179, 41.27838 ] } },
{ "type": "Feature", "properties": { "id": "6975872f-e117-48fc-abd3-a5b58faafda9", "name": "Kaypro Spain", "taxonomy": "hair_supply_store", "confidence": 0.721, "operating_status": null }, "geometry": { "type": "Point", "coordinates": [ 1.97746017, 41.27830688 ] } },
{ "type": "Feature", "properties": { "id": "04db7aea-4adb-49dc-8984-e2233df087ad", "name": "La Gamberra Castelldefels", "taxonomy": "spanish_restaurant", "confidence": 0.762, "operating_status": null }, "geometry": { "type": "Point", "coordinates": [ 1.97757649, 41.2780736 ] } },
{ "type": "Feature", "properties": { "id": "02340c53-d2b8-457c-93ca-4c92628d81ba", "name": "Flor de patch", "taxonomy": "fabric_store", "confidence": 0.762, "operating_status": null }, "geometry": { "type": "Point", "coordinates": [ 1.97725125, 41.27808072 ] } },
{ "type": "Feature", "properties": { "id": "a96f053d-b0d8-472a-931a-8d89cac6b9ca", "name": "MERKAL CALZADOS", "taxonomy": "childrens_clothing_store", "confidence": 0.99, "operating_status": null }, "geometry": { "type": "Point", "coordinates": [ 1.97698850918, 41.2781396297 ] } },
{ "type": "Feature", "properties": { "id": "9976f8ef-8eec-47be-a3de-42dc1d222c61", "name": "Sweet Drops Barcelona", "taxonomy": "dessert_shop", "confidence": 0.77, "operating_status": null }, "geometry": { "type": "Point", "coordinates": [ 1.976862878753955, 41.278353261951096 ] } },
{ "type": "Feature", "properties": { "id": "92baeb9e-0156-4a32-ab58-2266da5e0546", "name": "Ginosi Apartels & Hotels", "taxonomy": "hotel", "confidence": 0.817, "operating_status": null }, "geometry": { "type": "Point", "coordinates": [ 1.976843, 41.278462 ] } },
{ "type": "Feature", "properties": { "id": "f80d488d-0c18-41a1-a27d-40b31c236d7d", "name": "FruiteselectesRosa", "taxonomy": "produce_store", "confidence": 0.959, "operating_status": null }, "geometry": { "type": "Point", "coordinates": [ 1.97659223, 41.27852559 ] } },
{ "type": "Feature", "properties": { "id": "0e401335-dfe0-4e7a-a7db-f4f6dbee3835", "name": "Perruqueria", "taxonomy": "hair_salon", "confidence": 0.897, "operating_status": null }, "geometry": { "type": "Point", "coordinates": [ 1.97659775, 41.27852985 ] } },
{ "type": "Feature", "properties": { "id": "c9b7221f-fb70-4ee7-9afb-9f01120b1f21", "name": "Pure Nail Bar Vietnamita", "taxonomy": "nail_salon", "confidence": 0.928, "operating_status": null }, "geometry": { "type": "Point", "coordinates": [ 1.97680946, 41.27858549 ] } },
{ "type": "Feature", "properties": { "id": "a8e5431e-efc8-4045-91ba-b388f210791a", "name": "ApartHotel Centric Castelldefels", "taxonomy": "historic_site", "confidence": 0.894, "operating_status": null }, "geometry": { "type": "Point", "coordinates": [ 1.97698058, 41.27845774 ] } },
{ "type": "Feature", "properties": { "id": "d6a1209a-8844-4154-8449-a0fa9ddd7f5b", "name": "Orly Basic", "taxonomy": "jewelry_store", "confidence": 0.921, "operating_status": null }, "geometry": { "type": "Point", "coordinates": [ 1.97713952, 41.27848268 ] } },
{ "type": "Feature", "properties": { "id": "9fefc0bd-d7f2-4d43-8b05-b9fcc4d422c7", "name": "Clínica Castell", "taxonomy": "general_dentistry", "confidence": 0.993, "operating_status": null }, "geometry": { "type": "Point", "coordinates": [ 1.97716354, 41.27847798 ] } },
{ "type": "Feature", "properties": { "id": "1ba5ef46-bda3-48b1-adac-871c23b50396", "name": "Ibercaja Banco", "taxonomy": "second_hand_store", "confidence": 0.85, "operating_status": null }, "geometry": { "type": "Point", "coordinates": [ 1.9777263, 41.2784827 ] } },
{ "type": "Feature", "properties": { "id": "0bf20dd2-5889-41b5-ae1f-efc5be3c748e", "name": "Mdb Laboratori D´analisis Clíniques", "taxonomy": "b2b_clinical_lab", "confidence": 0.85, "operating_status": null }, "geometry": { "type": "Point", "coordinates": [ 1.97757196426392, 41.278553009033203 ] } },
{ "type": "Feature", "properties": { "id": "b1e00eeb-6016-4e25-8a11-7ba429102011", "name": "Galiot", "taxonomy": "food_and_drink", "confidence": 0.985, "operating_status": null }, "geometry": { "type": "Point", "coordinates": [ 1.97781803, 41.27857346 ] } },
{ "type": "Feature", "properties": { "id": "c61a7313-9419-49ac-83cd-5905ef08ca41", "name": "Bar Freddy Bistro", "taxonomy": "tapas_bar", "confidence": 0.975, "operating_status": null }, "geometry": { "type": "Point", "coordinates": [ 1.97767353, 41.27861256 ] } },
{ "type": "Feature", "properties": { "id": "896413ee-30ed-4abf-9422-e5662d655663", "name": "FisioBalance", "taxonomy": "physical_therapy", "confidence": 0.995, "operating_status": null }, "geometry": { "type": "Point", "coordinates": [ 1.97770606, 41.27870752 ] } },
{ "type": "Feature", "properties": { "id": "b09f813d-6a41-4c7f-a37f-07a3005026f8", "name": "Formas Estilistas", "taxonomy": "beauty_salon", "confidence": 0.921, "operating_status": null }, "geometry": { "type": "Point", "coordinates": [ 1.97770164, 41.27871981 ] } },
{ "type": "Feature", "properties": { "id": "7726af96-51d3-454c-bb80-c88636293a28", "name": "de.flore.boutique", "taxonomy": "flowers_and_gifts_store", "confidence": 0.769, "operating_status": null }, "geometry": { "type": "Point", "coordinates": [ 1.977455136539, 41.278800611346 ] } },
{ "type": "Feature", "properties": { "id": "ad45753b-74d6-4932-b679-c436c3f9c597", "name": "Església De Santa Maria De Castelldefels", "taxonomy": "roman_catholic_place_of_worship", "confidence": 0.937, "operating_status": null }, "geometry": { "type": "Point", "coordinates": [ 1.976776000254837, 41.278681561524316 ] } },
{ "type": "Feature", "properties": { "id": "aae55a43-0326-41a7-9852-600c5ad82bdd", "name": "Perfumeria Moda y Complementos L'Angel", "taxonomy": "beauty_supply_store", "confidence": 0.941, "operating_status": null }, "geometry": { "type": "Point", "coordinates": [ 1.97660011, 41.27879777 ] } },
{ "type": "Feature", "properties": { "id": "9379b716-6bb9-4765-8443-46c7f074e295", "name": "Antiga Casa Reus", "taxonomy": "linen_store", "confidence": 0.909, "operating_status": null }, "geometry": { "type": "Point", "coordinates": [ 1.976811, 41.278824 ] } },
{ "type": "Feature", "properties": { "id": "253db497-62ee-46e5-959f-36bb07a3af3c", "name": "Vinted Go Parcel Shop", "taxonomy": "bank_or_credit_union", "confidence": 0.85, "operating_status": null }, "geometry": { "type": "Point", "coordinates": [ 1.97675014662704, 41.27891416279563 ] } },
{ "type": "Feature", "properties": { "id": "86c64704-f3b9-4b39-a999-0faf4f84170f", "name": "E2 Estilistes", "taxonomy": "hair_salon", "confidence": 0.981, "operating_status": null }, "geometry": { "type": "Point", "coordinates": [ 1.97696082, 41.27891544 ] } },
{ "type": "Feature", "properties": { "id": "3d405ade-375c-41c6-b7bc-2c2282597c94", "name": "Centre EBM Castelldefels", "taxonomy": "skin_care_and_makeup", "confidence": 0.965, "operating_status": null }, "geometry": { "type": "Point", "coordinates": [ 1.97707206, 41.27920468 ] } },
{ "type": "Feature", "properties": { "id": "7bdadd45-0885-40db-a425-3d2c4634cad7", "name": "Cafetería I Forn de Pa", "taxonomy": null, "confidence": 0.838, "operating_status": null }, "geometry": { "type": "Point", "coordinates": [ 1.97700687, 41.27917188 ] } },
{ "type": "Feature", "properties": { "id": "2810864a-598f-4ac2-b138-635dcd609d2b", "name": "bonÀrea", "taxonomy": "butcher_shop", "confidence": 0.77, "operating_status": null }, "geometry": { "type": "Point", "coordinates": [ 1.976935050330691, 41.279093636944843 ] } },
{ "type": "Feature", "properties": { "id": "eafc1b6b-e09e-4ed8-a77d-6c94a93eb394", "name": "Hockey Cafè", "taxonomy": "cafe", "confidence": 0.989, "operating_status": null }, "geometry": { "type": "Point", "coordinates": [ 1.97722393, 41.27910984 ] } },
{ "type": "Feature", "properties": { "id": "ca6ee6bc-6281-4433-8c1b-7763ef20e4f3", "name": "Original", "taxonomy": "clothing_store", "confidence": 0.991, "operating_status": null }, "geometry": { "type": "Point", "coordinates": [ 1.97737879, 41.27908442 ] } },
{ "type": "Feature", "properties": { "id": "de751906-2da6-4d09-b50c-96dccb16b975", "name": "Floristeria Blauet", "taxonomy": "flowers_and_gifts_store", "confidence": 0.994, "operating_status": null }, "geometry": { "type": "Point", "coordinates": [ 1.97745283, 41.27910413 ] } },
{ "type": "Feature", "properties": { "id": "c90eea46-2421-4869-ab12-8ac62c0cf943", "name": "Barbería La Plaza", "taxonomy": "barber", "confidence": 0.992, "operating_status": null }, "geometry": { "type": "Point", "coordinates": [ 1.97733349, 41.27917531 ] } },
{ "type": "Feature", "properties": { "id": "250eae2d-c1dc-4cad-b920-b58a20c312ba", "name": "Covirán", "taxonomy": "grocery_store", "confidence": 0.8, "operating_status": null }, "geometry": { "type": "Point", "coordinates": [ 1.9773687, 41.2792404 ] } },
{ "type": "Feature", "properties": { "id": "cc0d884c-307c-42a8-b02c-1fcd70ae628c", "name": "Peixateria Ana", "taxonomy": "fishmonger", "confidence": 0.839, "operating_status": null }, "geometry": { "type": "Point", "coordinates": [ 1.97757961, 41.27889197 ] } },
{ "type": "Feature", "properties": { "id": "5538d198-f045-4dad-8a17-0d5d4cc89025", "name": "Don Alfredo Tienda comidas Argentinas", "taxonomy": "argentine_restaurant", "confidence": 0.85, "operating_status": null }, "geometry": { "type": "Point", "coordinates": [ 1.9775951, 41.2789134 ] } },
{ "type": "Feature", "properties": { "id": "aefe0947-69cb-4101-b416-68777fc4f3ac", "name": "Mi Salón Castelldefels Peluquería", "taxonomy": "beauty_salon", "confidence": 0.962, "operating_status": null }, "geometry": { "type": "Point", "coordinates": [ 1.9775423, 41.2789425 ] } },
{ "type": "Feature", "properties": { "id": "a8a8f7d3-fc19-40d4-b90b-1f357bc60447", "name": "Vinalium", "taxonomy": "distillery", "confidence": 0.705, "operating_status": null }, "geometry": { "type": "Point", "coordinates": [ 1.97751291, 41.27896541 ] } },
{ "type": "Feature", "properties": { "id": "d74067a4-09c7-4ec5-869f-752800dac52e", "name": "La Casa Agency - Castelldefels", "taxonomy": "real_estate_agent", "confidence": 0.995, "operating_status": null }, "geometry": { "type": "Point", "coordinates": [ 1.97760319, 41.27892532 ] } },
{ "type": "Feature", "properties": { "id": "934f567d-7859-45d4-a2d0-50cef994c1f0", "name": "Huella Natural", "taxonomy": "health_food_store", "confidence": 0.809, "operating_status": null }, "geometry": { "type": "Point", "coordinates": [ 1.97774, 41.27894 ] } },
{ "type": "Feature", "properties": { "id": "bcf7cac0-0cb8-45df-8ad2-bf785f61018f", "name": "Polleria Toñi", "taxonomy": "chicken_restaurant", "confidence": 0.982, "operating_status": null }, "geometry": { "type": "Point", "coordinates": [ 1.97770353, 41.278931 ] } },
{ "type": "Feature", "properties": { "id": "40899456-566b-476e-ab0e-2e7619ffbd9f", "name": "Granier Castelldefels", "taxonomy": "bakery", "confidence": 0.992, "operating_status": null }, "geometry": { "type": "Point", "coordinates": [ 1.978262, 41.278867 ] } },
{ "type": "Feature", "properties": { "id": "7887eb67-eb13-4300-b53c-49b74558fdc7", "name": "Farmacia de l'Estacio", "taxonomy": "pharmacy", "confidence": 0.861, "operating_status": null }, "geometry": { "type": "Point", "coordinates": [ 1.97817644, 41.27893708 ] } },
{ "type": "Feature", "properties": { "id": "e6c64ede-2b32-48d0-af98-17f52c74d86f", "name": "Sepromax", "taxonomy": "security_service", "confidence": 0.85, "operating_status": null }, "geometry": { "type": "Point", "coordinates": [ 1.9783401, 41.27898945 ] } },
{ "type": "Feature", "properties": { "id": "73da5a2c-5278-4c25-89ac-6f074aa2c5b1", "name": "Suso Bar", "taxonomy": "restaurant", "confidence": 0.981, "operating_status": null }, "geometry": { "type": "Point", "coordinates": [ 1.97806816, 41.27911453 ] } },
{ "type": "Feature", "properties": { "id": "f9099d34-e31c-49fd-964d-5f82b3dc5510", "name": "Estación de tren Castelldefels", "taxonomy": "train_station", "confidence": 0.958, "operating_status": null }, "geometry": { "type": "Point", "coordinates": [ 1.97899445, 41.27906558 ] } },
{ "type": "Feature", "properties": { "id": "68067d63-d04e-438f-b00c-9b265aa05529", "name": "Libreria Canillo", "taxonomy": "bookstore", "confidence": 0.97, "operating_status": null }, "geometry": { "type": "Point", "coordinates": [ 1.97795142, 41.27876953 ] } },
{ "type": "Feature", "properties": { "id": "4b316e02-e41b-4704-a344-d5fdeffc9313", "name": "Nati Royo", "taxonomy": "jewelry_and_watches_manufacturer", "confidence": 0.932, "operating_status": null }, "geometry": { "type": "Point", "coordinates": [ 1.97808386, 41.2788151 ] } },
{ "type": "Feature", "properties": { "id": "81eb0745-d126-440f-85ec-13a8723ba0a9", "name": "Fisiodinamic", "taxonomy": "physical_therapy", "confidence": 0.863, "operating_status": null }, "geometry": { "type": "Point", "coordinates": [ 1.97785857, 41.27862364 ] } },
{ "type": "Feature", "properties": { "id": "ade41013-f3e8-48d5-8449-968bd88ee5ac", "name": "Xetames ", "taxonomy": "b2b_international_trade_service", "confidence": 0.965, "operating_status": null }, "geometry": { "type": "Point", "coordinates": [ 1.97843420000004, 41.2785096 ] } },
{ "type": "Feature", "properties": { "id": "e3503b6b-841d-4fd9-a78d-8274be89c3dc", "name": "Castelldefels Hockey Club", "taxonomy": "amateur_sport_team", "confidence": 0.955, "operating_status": null }, "geometry": { "type": "Point", "coordinates": [ 1.98000839, 41.27850227 ] } },
{ "type": "Feature", "properties": { "id": "91c69bee-662d-42ac-9838-803b6fd85b56", "name": "Teatre Plaza Castelldefels", "taxonomy": "music_venue", "confidence": 0.996, "operating_status": null }, "geometry": { "type": "Point", "coordinates": [ 1.97931181, 41.27917323 ] } },
{ "type": "Feature", "properties": { "id": "1cdffc7f-614f-4deb-826f-0ca4f5d623ec", "name": "Activa't Pilates Studio", "taxonomy": "pilates_studio", "confidence": 0.895, "operating_status": null }, "geometry": { "type": "Point", "coordinates": [ 1.97958822, 41.27968258 ] } },
{ "type": "Feature", "properties": { "id": "e6370924-4909-4a2f-9bb6-94a8a7af7159", "name": "Parxis de Molleda", "taxonomy": "tapas_bar", "confidence": 0.997, "operating_status": null }, "geometry": { "type": "Point", "coordinates": [ 1.97990127, 41.27964116 ] } },
{ "type": "Feature", "properties": { "id": "27595d74-aac1-475a-b487-df73f51f7b6c", "name": "ROGMI Espai de Bienestar", "taxonomy": null, "confidence": 0.845, "operating_status": null }, "geometry": { "type": "Point", "coordinates": [ 1.97981016, 41.27997299 ] } },
{ "type": "Feature", "properties": { "id": "9ec01c1b-3e31-4e9a-9c82-13a47d4229a6", "name": "Caprabo", "taxonomy": "maternity_wear", "confidence": 0.966, "operating_status": null }, "geometry": { "type": "Point", "coordinates": [ 1.979853968717196, 41.279914665240284 ] } },
{ "type": "Feature", "properties": { "id": "490873dc-9e21-4c14-8a16-73dc0a727fc3", "name": "Right Side Coffee Roastery", "taxonomy": "coffee_shop", "confidence": 0.77, "operating_status": null }, "geometry": { "type": "Point", "coordinates": [ 1.979569216199904, 41.279854575234125 ] } },
{ "type": "Feature", "properties": { "id": "42a7ddea-c8a9-47f4-9df5-1b9bb78fa8c5", "name": "Optica Duo", "taxonomy": "eyewear_store", "confidence": 0.985, "operating_status": null }, "geometry": { "type": "Point", "coordinates": [ 1.97916797, 41.27981183 ] } },
{ "type": "Feature", "properties": { "id": "f41bdf8b-cb55-454a-b3ea-b58360469f83", "name": "Nuria Alemán by Comercial Layne", "taxonomy": "hair_salon", "confidence": 0.968, "operating_status": null }, "geometry": { "type": "Point", "coordinates": [ 1.9791235, 41.27981894 ] } },
{ "type": "Feature", "properties": { "id": "ebeeed8f-3380-45c9-a735-8fae37f7be6a", "name": "Flame Salon", "taxonomy": "hair_salon", "confidence": 0.949, "operating_status": null }, "geometry": { "type": "Point", "coordinates": [ 1.97920875, 41.27992892 ] } },
{ "type": "Feature", "properties": { "id": "93a831d4-9cea-47d7-b2d6-096c8a7990d8", "name": "Tropical Fruit Food", "taxonomy": "food_and_beverage_store", "confidence": 0.848, "operating_status": null }, "geometry": { "type": "Point", "coordinates": [ 1.97913914, 41.28001725 ] } },
{ "type": "Feature", "properties": { "id": "957c2d36-0976-4539-a754-1102e4fb0935", "name": "New Rubia", "taxonomy": "bar_and_grill_restaurant", "confidence": 0.982, "operating_status": null }, "geometry": { "type": "Point", "coordinates": [ 1.97955654, 41.28008684 ] } },
{ "type": "Feature", "properties": { "id": "6af6e602-c5b8-499c-b14c-91f9e763e8c9", "name": "Performing Arts", "taxonomy": "performing_arts_venue", "confidence": 0.881, "operating_status": null }, "geometry": { "type": "Point", "coordinates": [ 1.97936845, 41.2800304 ] } },
{ "type": "Feature", "properties": { "id": "e1585abd-b4ba-403c-9884-053e8075e43a", "name": "El Trabajo Bar-Restaurante", "taxonomy": "tapas_bar", "confidence": 0.78, "operating_status": null }, "geometry": { "type": "Point", "coordinates": [ 1.97912379, 41.28007975 ] } },
{ "type": "Feature", "properties": { "id": "4210a01d-9069-4f7c-a0ff-8c1a579d34ec", "name": "Sapphira Privé Castelldefels", "taxonomy": "medical_spa", "confidence": 0.919, "operating_status": null }, "geometry": { "type": "Point", "coordinates": [ 1.97895554, 41.28004424 ] } },
{ "type": "Feature", "properties": { "id": "19f58b6d-7c89-40b3-94e6-c07feb68cfec", "name": "Formentera Body & Health Castelldefels", "taxonomy": "doctors_office", "confidence": 0.952, "operating_status": null }, "geometry": { "type": "Point", "coordinates": [ 1.978889, 41.279926 ] } },
{ "type": "Feature", "properties": { "id": "7e953cb1-bcf0-49b2-9ece-0ca3c92cdecc", "name": "Elgalloronco", "taxonomy": "spanish_restaurant", "confidence": 0.735, "operating_status": null }, "geometry": { "type": "Point", "coordinates": [ 1.97832, 41.28003 ] } },
{ "type": "Feature", "properties": { "id": "49bb9caf-7f03-404c-8565-5799fb98d1f1", "name": "Luckia Slots Apuestas Santa María", "taxonomy": "betting_center", "confidence": 0.918, "operating_status": null }, "geometry": { "type": "Point", "coordinates": [ 1.97783756, 41.28011936 ] } },
{ "type": "Feature", "properties": { "id": "c17d558c-3415-429f-ad2d-8196b53bb8c8", "name": "Luna De Istanbul", "taxonomy": "restaurant", "confidence": 0.721, "operating_status": null }, "geometry": { "type": "Point", "coordinates": [ 1.97783013, 41.28003168 ] } },
{ "type": "Feature", "properties": { "id": "9ade8136-2c9e-4355-ad42-8bdddb729601", "name": "Solo Yo", "taxonomy": "womens_clothing_store", "confidence": 0.784, "operating_status": null }, "geometry": { "type": "Point", "coordinates": [ 1.97808718, 41.27999295 ] } },
{ "type": "Feature", "properties": { "id": "382259c3-db5e-42a5-8e30-7ad7792336df", "name": "Gelateria Carles", "taxonomy": "ice_cream_shop", "confidence": 0.991, "operating_status": null }, "geometry": { "type": "Point", "coordinates": [ 1.97790722, 41.27997976 ] } },
{ "type": "Feature", "properties": { "id": "7a9b3f12-39d8-4ccd-9250-c2fc39a3b7ed", "name": "Bonfi", "taxonomy": "pub", "confidence": 0.991, "operating_status": null }, "geometry": { "type": "Point", "coordinates": [ 1.97806057, 41.27992054 ] } },
{ "type": "Feature", "properties": { "id": "ea535689-3da6-4208-bce1-0c3902052807", "name": "Don Alfredo Trattoria", "taxonomy": "italian_restaurant", "confidence": 0.784, "operating_status": null }, "geometry": { "type": "Point", "coordinates": [ 1.97838644, 41.27998231 ] } },
{ "type": "Feature", "properties": { "id": "963b9994-81a2-40a5-ad46-8f37e9f2a07a", "name": "Clínica Estética Dental Smysecret", "taxonomy": "cosmetic_dentistry", "confidence": 0.85, "operating_status": null }, "geometry": { "type": "Point", "coordinates": [ 1.977874, 41.279898 ] } },
{ "type": "Feature", "properties": { "id": "fb335433-82a6-4502-95b0-a889741e8e5e", "name": "Santagloria Coffee & Bakery", "taxonomy": "coffee_shop", "confidence": 0.85, "operating_status": null }, "geometry": { "type": "Point", "coordinates": [ 1.9781246, 41.2797673 ] } },
{ "type": "Feature", "properties": { "id": "9d8c30e0-9cc4-4677-8e93-abafd2de0c82", "name": "Clínica Dental Vitaldent", "taxonomy": "dental_clinic", "confidence": 0.956, "operating_status": null }, "geometry": { "type": "Point", "coordinates": [ 1.97787485, 41.27979693 ] } },
{ "type": "Feature", "properties": { "id": "5927117e-678d-4b6a-a9eb-d1758d9496da", "name": "Urartu al foc", "taxonomy": "barbecue_restaurant", "confidence": 0.962, "operating_status": null }, "geometry": { "type": "Point", "coordinates": [ 1.97823553, 41.27973778 ] } },
{ "type": "Feature", "properties": { "id": "76539c50-1b89-4954-a3f0-ce193fd4487b", "name": "OLIVA Garden", "taxonomy": "pizza_restaurant", "confidence": 0.986, "operating_status": null }, "geometry": { "type": "Point", "coordinates": [ 1.97817135, 41.27975197 ] } },
{ "type": "Feature", "properties": { "id": "8ec94b92-5663-46b5-915c-fec19be2604d", "name": "Regals Nefertiti", "taxonomy": "flowers_and_gifts_store", "confidence": 0.781, "operating_status": null }, "geometry": { "type": "Point", "coordinates": [ 1.97874, 41.27971 ] } },
{ "type": "Feature", "properties": { "id": "02de66dd-43dc-4597-8534-73e973a666b5", "name": "Raffel Pages", "taxonomy": "hair_salon", "confidence": 0.77, "operating_status": null }, "geometry": { "type": "Point", "coordinates": [ 1.97878319545507, 41.279783941348597 ] } },
{ "type": "Feature", "properties": { "id": "5afc0e07-b788-4798-940e-2c2e10771fed", "name": "Matryoshka", "taxonomy": "grocery_store", "confidence": 0.99, "operating_status": null }, "geometry": { "type": "Point", "coordinates": [ 1.97886684, 41.27976221 ] } },
{ "type": "Feature", "properties": { "id": "6e9f4701-0c6b-4f7e-90a6-1a2add46e961", "name": "Restaurante Japones O-Toro", "taxonomy": "japanese_restaurant", "confidence": 0.998, "operating_status": null }, "geometry": { "type": "Point", "coordinates": [ 1.97901312, 41.27973334 ] } },
{ "type": "Feature", "properties": { "id": "d063e447-eb9e-43f0-826b-24ca11321a88", "name": "Urartu FRESC", "taxonomy": "meat_wholesaler", "confidence": 0.841, "operating_status": null }, "geometry": { "type": "Point", "coordinates": [ 1.97899544, 41.27969873 ] } },
{ "type": "Feature", "properties": { "id": "59819175-e502-44d6-8818-4259dc8c7b6d", "name": "Castellsefels, Barcelona, Spain", "taxonomy": null, "confidence": 0.715, "operating_status": null }, "geometry": { "type": "Point", "coordinates": [ 1.978732066674403, 41.279636967004485 ] } },
{ "type": "Feature", "properties": { "id": "a118ba46-4208-4cfa-92a6-fef5999e90e3", "name": "Kapadokya", "taxonomy": "spanish_restaurant", "confidence": 0.918, "operating_status": null }, "geometry": { "type": "Point", "coordinates": [ 1.97847761, 41.2795595 ] } },
{ "type": "Feature", "properties": { "id": "58c5a2c3-f3c3-42ec-be49-deab89c4e686", "name": "Gasol", "taxonomy": "shoe_store", "confidence": 0.838, "operating_status": null }, "geometry": { "type": "Point", "coordinates": [ 1.97876164, 41.27954759 ] } },
{ "type": "Feature", "properties": { "id": "45675b19-7e49-46f2-8de2-3e46255943fe", "name": "Diwan Kebab", "taxonomy": null, "confidence": 0.899, "operating_status": null }, "geometry": { "type": "Point", "coordinates": [ 1.9789367, 41.2795051 ] } },
{ "type": "Feature", "properties": { "id": "629e6642-fa86-4773-8bcb-c351e4c79d09", "name": "La Yaya Clara", "taxonomy": "cafe", "confidence": 0.862, "operating_status": null }, "geometry": { "type": "Point", "coordinates": [ 1.97891748, 41.27952021 ] } },
{ "type": "Feature", "properties": { "id": "149f9ef8-6ed9-44ac-96d6-9d9fe5b81ea0", "name": "Artes Marciales Do-Zen-Do Castelldefels", "taxonomy": "martial_arts_club", "confidence": 0.91, "operating_status": null }, "geometry": { "type": "Point", "coordinates": [ 1.97851, 41.27938 ] } },
{ "type": "Feature", "properties": { "id": "6727af82-8471-47f9-bb2a-b3cb9c7389f9", "name": "Gentleman H&S", "taxonomy": "barber", "confidence": 0.914, "operating_status": null }, "geometry": { "type": "Point", "coordinates": [ 1.97852, 41.27938 ] } },
{ "type": "Feature", "properties": { "id": "9f41951f-af8f-4c4b-ab8f-7382a4bbf943", "name": "Sportium, Apuestas Deportivas", "taxonomy": "betting_center", "confidence": 0.995, "operating_status": null }, "geometry": { "type": "Point", "coordinates": [ 1.97838288, 41.27929783 ] } },
{ "type": "Feature", "properties": { "id": "aeb0b0f0-2777-4987-9666-59c169ce6130", "name": "Inés Puerto", "taxonomy": "clothing_store", "confidence": 0.752, "operating_status": null }, "geometry": { "type": "Point", "coordinates": [ 1.97833294, 41.27930474 ] } },
{ "type": "Feature", "properties": { "id": "c2ca89a2-2ef2-44e0-a6c2-aa255548004c", "name": "Marco Polo - Gelats", "taxonomy": "ice_cream_shop", "confidence": 0.91, "operating_status": null }, "geometry": { "type": "Point", "coordinates": [ 1.9778524411679, 41.279388156026997 ] } },
{ "type": "Feature", "properties": { "id": "5ed0092c-f9d7-47cb-93bd-5a463b66b3b6", "name": "Western Union", "taxonomy": "money_transfer_service", "confidence": 0.85, "operating_status": null }, "geometry": { "type": "Point", "coordinates": [ 1.977968, 41.279693 ] } },
{ "type": "Feature", "properties": { "id": "9791bd75-f655-468d-b806-7aa1e98259ed", "name": "Clínica Origen Psicología y Psiquiatría", "taxonomy": "psychology", "confidence": 0.85, "operating_status": null }, "geometry": { "type": "Point", "coordinates": [ 1.977385, 41.279702 ] } },
{ "type": "Feature", "properties": { "id": "86d227c9-ba00-4448-af29-9497c34e8d43", "name": "Miru Gastrofusión", "taxonomy": "japanese_restaurant", "confidence": 0.959, "operating_status": null }, "geometry": { "type": "Point", "coordinates": [ 1.97723045, 41.27968948 ] } },
{ "type": "Feature", "properties": { "id": "3c118552-6112-41a4-8d3a-c70d397f8198", "name": "Salón Begoña Gómez", "taxonomy": "hair_salon", "confidence": 0.959, "operating_status": null }, "geometry": { "type": "Point", "coordinates": [ 1.97765625, 41.27954991 ] } },
{ "type": "Feature", "properties": { "id": "f7648cb5-b853-40d1-8f69-1673e0abacdf", "name": "H2O Perruquers", "taxonomy": "hair_salon", "confidence": 0.94, "operating_status": null }, "geometry": { "type": "Point", "coordinates": [ 1.97767506, 41.27951315 ] } },
{ "type": "Feature", "properties": { "id": "10e1b9bf-623a-4466-a9b6-8427a0075e29", "name": "T-Renova", "taxonomy": "hair_salon", "confidence": 0.801, "operating_status": null }, "geometry": { "type": "Point", "coordinates": [ 1.977742, 41.279504 ] } },
{ "type": "Feature", "properties": { "id": "ef034ccb-0a9d-4bfb-a79d-3f00290516d8", "name": "Star Books", "taxonomy": "bookstore", "confidence": 0.946, "operating_status": null }, "geometry": { "type": "Point", "coordinates": [ 1.97754163, 41.27941553 ] } },
{ "type": "Feature", "properties": { "id": "ef543caa-b873-4000-a1af-c70ff9e00998", "name": "Banco Santander - Smart Red", "taxonomy": "bank_or_credit_union", "confidence": 0.966, "operating_status": null }, "geometry": { "type": "Point", "coordinates": [ 1.9775639, 41.2793347 ] } },
{ "type": "Feature", "properties": { "id": "4588824c-46f1-44b8-851e-353de62099be", "name": "Clinica Ennea", "taxonomy": "dental_clinic", "confidence": 0.956, "operating_status": null }, "geometry": { "type": "Point", "coordinates": [ 1.97746, 41.27941 ] } },
{ "type": "Feature", "properties": { "id": "ec4ab417-80cc-41ad-b803-fd43ee6dc523", "name": "Barbería MD", "taxonomy": null, "confidence": 0.887, "operating_status": null }, "geometry": { "type": "Point", "coordinates": [ 1.977402363194645, 41.279494623521344 ] } },
{ "type": "Feature", "properties": { "id": "88cb01fe-7e0f-4364-87eb-19c28f95db21", "name": "Black Inkside Tattoo Studio", "taxonomy": "tattoo_and_piercing", "confidence": 0.946, "operating_status": null }, "geometry": { "type": "Point", "coordinates": [ 1.97691102, 41.27948204 ] } },
{ "type": "Feature", "properties": { "id": "fedac540-30b2-462f-9fb0-b31591a193f7", "name": "Clínica Dental Pugach", "taxonomy": "cosmetic_dentistry", "confidence": 0.85, "operating_status": null }, "geometry": { "type": "Point", "coordinates": [ 1.976959, 41.279433 ] } },
{ "type": "Feature", "properties": { "id": "669a4aee-e4a2-4ea5-a4c5-cfc9db11f745", "name": "Cocoloko", "taxonomy": "arts_crafts_and_hobby_store", "confidence": 0.789, "operating_status": null }, "geometry": { "type": "Point", "coordinates": [ 1.97695, 41.27943 ] } },
{ "type": "Feature", "properties": { "id": "bdee860c-5445-4e54-a036-efe09d12e0e0", "name": "Ametller Origen", "taxonomy": "specialty_foods_store", "confidence": 0.983, "operating_status": null }, "geometry": { "type": "Point", "coordinates": [ 1.9769415, 41.27941363 ] } },
{ "type": "Feature", "properties": { "id": "e58f92d2-bb6b-41be-8963-ac8ce4fb13fa", "name": "Dental Pugach Clinic", "taxonomy": "dental_clinic", "confidence": 0.982, "operating_status": null }, "geometry": { "type": "Point", "coordinates": [ 1.97695199, 41.27939569 ] } },
{ "type": "Feature", "properties": { "id": "d50909ee-ac35-4feb-a327-abef5b75ec25", "name": "Cajamar Caja Rural", "taxonomy": "bank_or_credit_union", "confidence": 1.0, "operating_status": null }, "geometry": { "type": "Point", "coordinates": [ 1.97712335, 41.27933438 ] } },
{ "type": "Feature", "properties": { "id": "2f60cf79-8b78-4990-919e-c10498816b26", "name": "La Teva Cuina Castelldefels", "taxonomy": "spanish_restaurant", "confidence": 0.874, "operating_status": null }, "geometry": { "type": "Point", "coordinates": [ 1.97689882, 41.27933395 ] } },
{ "type": "Feature", "properties": { "id": "a4843164-1aaf-4a25-a70e-173409371269", "name": "Restaurant Com a Casa", "taxonomy": "spanish_restaurant", "confidence": 0.979, "operating_status": null }, "geometry": { "type": "Point", "coordinates": [ 1.97683728, 41.27935455 ] } },
{ "type": "Feature", "properties": { "id": "e0f86367-4c1d-40a0-83ce-35a9148b73f2", "name": "La Cuarta Pared", "taxonomy": "performing_arts_venue", "confidence": 0.987, "operating_status": null }, "geometry": { "type": "Point", "coordinates": [ 1.97683534, 41.27940984 ] } },
{ "type": "Feature", "properties": { "id": "4211b292-8c08-44dc-87c7-21fa41c37532", "name": "La Petíte Boutique", "taxonomy": "fashion_boutique", "confidence": 0.875, "operating_status": null }, "geometry": { "type": "Point", "coordinates": [ 1.977164, 41.27960411 ] } },
{ "type": "Feature", "properties": { "id": "8bc361f8-54cb-498d-978d-ba87fae0ebc5", "name": "La Caperucita Roja", "taxonomy": "gift_shop", "confidence": 0.966, "operating_status": null }, "geometry": { "type": "Point", "coordinates": [ 1.97713061, 41.27965132 ] } },
{ "type": "Feature", "properties": { "id": "657730bc-f867-408e-8afd-2c07c85af722", "name": "Copifoto", "taxonomy": "printing_service", "confidence": 0.941, "operating_status": null }, "geometry": { "type": "Point", "coordinates": [ 1.97656131, 41.27963056 ] } },
{ "type": "Feature", "properties": { "id": "5b59474f-26b6-4a00-8409-3f06c29ab8b5", "name": "La Trattoria", "taxonomy": "italian_restaurant", "confidence": 0.77, "operating_status": null }, "geometry": { "type": "Point", "coordinates": [ 1.977119572370676, 41.279908175801729 ] } },
{ "type": "Feature", "properties": { "id": "44e9d766-ead7-45b5-af3b-346a0d0f0f48", "name": "Old Sport Bar", "taxonomy": "bar", "confidence": 0.986, "operating_status": null }, "geometry": { "type": "Point", "coordinates": [ 1.97715061, 41.27976897 ] } },
{ "type": "Feature", "properties": { "id": "459264bb-efb5-4fce-ac70-15f7f2fedd07", "name": "Climarey", "taxonomy": null, "confidence": 0.966, "operating_status": null }, "geometry": { "type": "Point", "coordinates": [ 1.976971, 41.279804 ] } },
{ "type": "Feature", "properties": { "id": "47effa19-d75a-43ae-be9e-532abbd0ee3a", "name": "Visualsign Barcelona", "taxonomy": "printing_service", "confidence": 0.881, "operating_status": null }, "geometry": { "type": "Point", "coordinates": [ 1.97697974, 41.27980626 ] } },
{ "type": "Feature", "properties": { "id": "450b801f-4b0a-4246-816e-c393494f7651", "name": "RACC Autoescola Castelldefels", "taxonomy": "driving_school", "confidence": 0.85, "operating_status": null }, "geometry": { "type": "Point", "coordinates": [ 1.976981, 41.279735 ] } },
{ "type": "Feature", "properties": { "id": "62c179c5-368f-4b36-8415-5de4c3d27c23", "name": "Autoescuela RACC Start", "taxonomy": "driving_school", "confidence": 0.807, "operating_status": null }, "geometry": { "type": "Point", "coordinates": [ 1.977028, 41.279725 ] } },
{ "type": "Feature", "properties": { "id": "0c260fdf-4b92-4861-8492-c63e35c25c6d", "name": "Clínica Dorsia Cirugía y Medicina Estética", "taxonomy": "plastic_and_reconstructive_surgery", "confidence": 0.85, "operating_status": null }, "geometry": { "type": "Point", "coordinates": [ 1.977394, 41.279709 ] } },
{ "type": "Feature", "properties": { "id": "9f403df7-8080-474f-8de0-40e20be79b3e", "name": "El Petit Capritx", "taxonomy": "clothing_store", "confidence": 0.879, "operating_status": null }, "geometry": { "type": "Point", "coordinates": [ 1.9776525, 41.27971688 ] } },
{ "type": "Feature", "properties": { "id": "57a4e90c-a7b9-4a29-a229-af0073af3226", "name": "Jubroco Servicios Integrales S.L", "taxonomy": "home_improvement_store", "confidence": 0.797, "operating_status": null }, "geometry": { "type": "Point", "coordinates": [ 1.97765927, 41.27971349 ] } },
{ "type": "Feature", "properties": { "id": "9f28be0d-d1e0-464b-9b87-b849d2c536ad", "name": "Dentix España", "taxonomy": "dental_clinic", "confidence": 0.856, "operating_status": null }, "geometry": { "type": "Point", "coordinates": [ 1.977763, 41.279844 ] } },
{ "type": "Feature", "properties": { "id": "0ce067b5-7906-4811-8099-e281abb53cdc", "name": "Kohsi", "taxonomy": "bar", "confidence": 0.992, "operating_status": null }, "geometry": { "type": "Point", "coordinates": [ 1.97780253, 41.27986765 ] } },
{ "type": "Feature", "properties": { "id": "597d2258-a194-430e-87c5-a50cc17ef5be", "name": "Chela", "taxonomy": "womens_clothing_store", "confidence": 0.988, "operating_status": null }, "geometry": { "type": "Point", "coordinates": [ 1.97774309, 41.27996907 ] } },
{ "type": "Feature", "properties": { "id": "e8b9fbb7-4e94-4f35-b533-0ae844579d1e", "name": "Juguettos", "taxonomy": "toy_store", "confidence": 0.996, "operating_status": null }, "geometry": { "type": "Point", "coordinates": [ 1.97761013, 41.28000338 ] } },
{ "type": "Feature", "properties": { "id": "a0da9e28-7cb5-49cc-ae55-26d8bdd5c7e1", "name": "Centro IZAR", "taxonomy": "health_care", "confidence": 0.933, "operating_status": null }, "geometry": { "type": "Point", "coordinates": [ 1.97765, 41.27998 ] } },
{ "type": "Feature", "properties": { "id": "304de9de-ce47-4c1f-b82a-6c58c834c64c", "name": "Mailo's Frankfurt Plaça", "taxonomy": "restaurant", "confidence": 0.979, "operating_status": null }, "geometry": { "type": "Point", "coordinates": [ 1.97751535, 41.28007431 ] } },
{ "type": "Feature", "properties": { "id": "808ec671-ad6c-4c58-a201-e009f2b92220", "name": "Bar Casa Victor", "taxonomy": "tapas_bar", "confidence": 0.958, "operating_status": null }, "geometry": { "type": "Point", "coordinates": [ 1.9771228, 41.28006554 ] } },
{ "type": "Feature", "properties": { "id": "de836343-146a-4cd1-ba7e-7f10ab68e56b", "name": "Olave Plaza", "taxonomy": "seafood_restaurant", "confidence": 0.995, "operating_status": null }, "geometry": { "type": "Point", "coordinates": [ 1.97679087, 41.27999506 ] } },
{ "type": "Feature", "properties": { "id": "e99cfa75-dd64-48e8-8502-16b4ba2bb0b5", "name": "MARKET CASTELLDEFELS", "taxonomy": "fast_food_restaurant", "confidence": 0.8, "operating_status": null }, "geometry": { "type": "Point", "coordinates": [ 1.9766294, 41.2800161 ] } },
{ "type": "Feature", "properties": { "id": "1f079a66-d458-46ed-ab98-e79120d27b92", "name": "Esgésia de Castelldefels", "taxonomy": "christian_place_of_worship", "confidence": 0.77, "operating_status": null }, "geometry": { "type": "Point", "coordinates": [ 1.975884615112384, 41.279989375531002 ] } },
{ "type": "Feature", "properties": { "id": "fcdee591-aceb-4969-ae1a-5166a6ad32ff", "name": "PETRAdesign", "taxonomy": "sewing_and_alterations", "confidence": 0.953, "operating_status": null }, "geometry": { "type": "Point", "coordinates": [ 1.97590129, 41.27996666 ] } },
{ "type": "Feature", "properties": { "id": "3d353bce-0b8d-446b-bc07-bf35624a38cb", "name": "Bingo UE Castelldefels", "taxonomy": "casino", "confidence": 0.77, "operating_status": null }, "geometry": { "type": "Point", "coordinates": [ 1.975690600785613, 41.279902041566075 ] } },
{ "type": "Feature", "properties": { "id": "4fd19cee-3c67-427d-9e39-ae3b74c92126", "name": "Innova10 unisex", "taxonomy": "hair_salon", "confidence": 0.936, "operating_status": null }, "geometry": { "type": "Point", "coordinates": [ 1.9759101, 41.27971898 ] } },
{ "type": "Feature", "properties": { "id": "3ab62537-f4a5-40c4-969b-0e7ff745ed19", "name": "The Monks", "taxonomy": "british_restaurant", "confidence": 0.85, "operating_status": null }, "geometry": { "type": "Point", "coordinates": [ 1.9763291, 41.2798664 ] } },
{ "type": "Feature", "properties": { "id": "ffa5f0bc-c293-449d-94e7-ca257fa601c5", "name": "Ortopedia Castelldefels COC", "taxonomy": "disability_services_and_support_organization", "confidence": 0.907, "operating_status": null }, "geometry": { "type": "Point", "coordinates": [ 1.97604557, 41.27965811 ] } },
{ "type": "Feature", "properties": { "id": "b9426e0d-e7cb-4921-b118-51bffe838636", "name": "Ecta3", "taxonomy": "arts_crafts_and_hobby_store", "confidence": 0.967, "operating_status": null }, "geometry": { "type": "Point", "coordinates": [ 1.97651951, 41.27959558 ] } },
{ "type": "Feature", "properties": { "id": "6f569104-ac74-4f53-ac0c-cafe5d4f0dfc", "name": "URBAN OASIS INTERIORS", "taxonomy": "cabin", "confidence": 0.85, "operating_status": null }, "geometry": { "type": "Point", "coordinates": [ 1.975823, 41.279295 ] } },
{ "type": "Feature", "properties": { "id": "4a3a39a3-f7fe-452b-a62c-462369360ffb", "name": "Beta System", "taxonomy": "computer_store", "confidence": 0.943, "operating_status": null }, "geometry": { "type": "Point", "coordinates": [ 1.97591286, 41.27953808 ] } },
{ "type": "Feature", "properties": { "id": "27355365-5127-4f11-9baa-68e5f6ee1246", "name": "Farmàcia Castelldefels Centre", "taxonomy": "pharmacy", "confidence": 0.932, "operating_status": null }, "geometry": { "type": "Point", "coordinates": [ 1.9757391, 41.27959465 ] } },
{ "type": "Feature", "properties": { "id": "617826f0-490b-479c-8ea4-15cad19222f8", "name": "Bar musical Poliedro", "taxonomy": "pub", "confidence": 0.942, "operating_status": null }, "geometry": { "type": "Point", "coordinates": [ 1.97589343, 41.27962571 ] } },
{ "type": "Feature", "properties": { "id": "6db0f200-bddc-4c48-b719-a074851e4cbe", "name": "Marítim Moda Per A La Dona", "taxonomy": "womens_clothing_store", "confidence": 0.873, "operating_status": null }, "geometry": { "type": "Point", "coordinates": [ 1.9758153, 41.27969968 ] } },
{ "type": "Feature", "properties": { "id": "ff46e1a1-c1fd-40a7-b542-dc145235d73b", "name": "Citroën AUTO CARLES 98 ", "taxonomy": "auto_parts_store", "confidence": 0.85, "operating_status": null }, "geometry": { "type": "Point", "coordinates": [ 1.975364, 41.27965 ] } },
{ "type": "Feature", "properties": { "id": "bf9d0ffa-6d18-4265-a963-4ddc1fbf4eaa", "name": "Academia Herpa", "taxonomy": "educational_service", "confidence": 0.949, "operating_status": null }, "geometry": { "type": "Point", "coordinates": [ 1.9743697, 41.27932152 ] } },
{ "type": "Feature", "properties": { "id": "6e447cdd-ec6d-4ada-8edf-133b6a3fee33", "name": "Herpa", "taxonomy": "computer_wholesaler", "confidence": 0.85, "operating_status": null }, "geometry": { "type": "Point", "coordinates": [ 1.97441238, 41.27937858 ] } },
{ "type": "Feature", "properties": { "id": "3ecdb8f7-c3af-469d-8728-b7ad22f40a2f", "name": "Centro De Estética Lola", "taxonomy": "spa", "confidence": 0.769, "operating_status": null }, "geometry": { "type": "Point", "coordinates": [ 1.97407649, 41.2793001 ] } },
{ "type": "Feature", "properties": { "id": "b9bcd17c-61a9-43fe-88f5-a7c56ca25f05", "name": "The Art Gallery Tattoo", "taxonomy": "tattoo_and_piercing", "confidence": 0.701, "operating_status": null }, "geometry": { "type": "Point", "coordinates": [ 1.97416983, 41.27935647 ] } },
{ "type": "Feature", "properties": { "id": "5b05ebdc-eae0-482f-8e20-50b51c2a2e99", "name": "Fincas Defels Real Estate", "taxonomy": "real_estate_agent", "confidence": 0.961, "operating_status": null }, "geometry": { "type": "Point", "coordinates": [ 1.97415909, 41.27935485 ] } },
{ "type": "Feature", "properties": { "id": "edb6e5a4-4e5b-41bb-9098-b8cb311216dc", "name": "Restaurante la toja", "taxonomy": "restaurant", "confidence": 0.77, "operating_status": null }, "geometry": { "type": "Point", "coordinates": [ 1.972771360218575, 41.27976771576958 ] } },
{ "type": "Feature", "properties": { "id": "bac722db-e197-4228-95e4-697ee8bdd046", "name": "NEXO - Barcelona", "taxonomy": "yoga_studio", "confidence": 0.77, "operating_status": null }, "geometry": { "type": "Point", "coordinates": [ 1.97251, 41.27983 ] } },
{ "type": "Feature", "properties": { "id": "c2baa054-759c-4353-963b-3df62e9f43d7", "name": "Espacio AUM YogaStudio Castelldefels", "taxonomy": "yoga_studio", "confidence": 0.998, "operating_status": null }, "geometry": { "type": "Point", "coordinates": [ 1.9727325439453, 41.279838294610997 ] } },
{ "type": "Feature", "properties": { "id": "16f49ca5-8700-479e-9626-6721e01f0ffb", "name": "Espacio AUM YogaStudio Castelldefels", "taxonomy": "gym", "confidence": 0.981, "operating_status": null }, "geometry": { "type": "Point", "coordinates": [ 1.9727325439453, 41.279838294610997 ] } },
{ "type": "Feature", "properties": { "id": "7ea2992a-5ae5-4f9c-b519-a97e5e13a6d9", "name": "Imatclinic", "taxonomy": "medical_service_organization", "confidence": 0.962, "operating_status": null }, "geometry": { "type": "Point", "coordinates": [ 1.97244368, 41.27951743 ] } },
{ "type": "Feature", "properties": { "id": "7ff91c50-4d0c-47b2-b41c-d3357bce2cc1", "name": "Reformas Castelldefels", "taxonomy": null, "confidence": 0.77, "operating_status": null }, "geometry": { "type": "Point", "coordinates": [ 1.971995343776288, 41.279418362717657 ] } },
{ "type": "Feature", "properties": { "id": "df91f6f5-cc80-488c-9f8b-32351e415f39", "name": "Centre Psicològic Ana Sánchez", "taxonomy": "psychology", "confidence": 0.94, "operating_status": null }, "geometry": { "type": "Point", "coordinates": [ 1.9737014, 41.2793622 ] } },
{ "type": "Feature", "properties": { "id": "2c727779-896b-462c-a5ac-891da34c7938", "name": "Espai Sukha", "taxonomy": "vegetarian_restaurant", "confidence": 0.951, "operating_status": null }, "geometry": { "type": "Point", "coordinates": [ 1.973669, 41.279016 ] } },
{ "type": "Feature", "properties": { "id": "7eadda07-80b9-4f5f-8316-d0e1079bd7c4", "name": "Farmacia Diagonal Castelldefels", "taxonomy": "pharmacy", "confidence": 0.973, "operating_status": null }, "geometry": { "type": "Point", "coordinates": [ 1.97265153, 41.27865841 ] } },
{ "type": "Feature", "properties": { "id": "ec4673c8-ef92-4903-b502-b72abf14e8c8", "name": "La Cantineta de l'Alba", "taxonomy": "tapas_bar", "confidence": 0.99, "operating_status": null }, "geometry": { "type": "Point", "coordinates": [ 1.97299057, 41.27849066 ] } },
{ "type": "Feature", "properties": { "id": "f1fb38e4-2a54-4808-b358-3131eec3aa13", "name": "ARCO IRIS", "taxonomy": "bakery", "confidence": 0.797, "operating_status": null }, "geometry": { "type": "Point", "coordinates": [ 1.97362, 41.27881 ] } },
{ "type": "Feature", "properties": { "id": "e191aaee-ecda-447b-a140-09c4feade3e2", "name": "La Rosita Castelldefels", "taxonomy": "grocery_store", "confidence": 0.997, "operating_status": null }, "geometry": { "type": "Point", "coordinates": [ 1.97377968, 41.27849419 ] } },
{ "type": "Feature", "properties": { "id": "11d71549-bf26-4bb2-a768-dee19ea40143", "name": "Dudog Estilista Canino", "taxonomy": "pet_groomer", "confidence": 0.924, "operating_status": null }, "geometry": { "type": "Point", "coordinates": [ 1.9744763, 41.2785723 ] } },
{ "type": "Feature", "properties": { "id": "8be5a2b7-8da4-488f-8e8e-968916fcf5d1", "name": "InfinityStudio", "taxonomy": "pilates_studio", "confidence": 0.947, "operating_status": null }, "geometry": { "type": "Point", "coordinates": [ 1.97453758, 41.27848556 ] } },
{ "type": "Feature", "properties": { "id": "84415591-a5c9-4d6f-96ae-8c9934b13f85", "name": "Centre de Psicologia Lumen", "taxonomy": "psychology", "confidence": 0.953, "operating_status": null }, "geometry": { "type": "Point", "coordinates": [ 1.97474, 41.27851 ] } },
{ "type": "Feature", "properties": { "id": "9638c838-1524-48b5-b639-f5651d135490", "name": "Immomax Castelldefels", "taxonomy": "vacation_rental_agent", "confidence": 0.964, "operating_status": null }, "geometry": { "type": "Point", "coordinates": [ 1.975081320098884, 41.278519208468452 ] } },
{ "type": "Feature", "properties": { "id": "7cdc9330-4609-492d-be55-ecedc74ee7d4", "name": "Nicole Estyle", "taxonomy": "spa", "confidence": 0.739, "operating_status": null }, "geometry": { "type": "Point", "coordinates": [ 1.974908, 41.278651 ] } },
{ "type": "Feature", "properties": { "id": "b0a08c26-e68d-481d-b234-a25a0212b41f", "name": "Supermercados Dia", "taxonomy": "grocery_store", "confidence": 0.813, "operating_status": null }, "geometry": { "type": "Point", "coordinates": [ 1.97474516, 41.27868611 ] } },
{ "type": "Feature", "properties": { "id": "fc753cab-71b3-4c71-8d26-95b4403f22d1", "name": "D'arago Bar", "taxonomy": "bar", "confidence": 0.873, "operating_status": null }, "geometry": { "type": "Point", "coordinates": [ 1.9750287582492, 41.278681245823996 ] } },
{ "type": "Feature", "properties": { "id": "1c638558-cb49-48c8-a4ef-05c49e84ec6a", "name": "Coyote", "taxonomy": "clothing_store", "confidence": 0.899, "operating_status": null }, "geometry": { "type": "Point", "coordinates": [ 1.97480832, 41.27879451 ] } },
{ "type": "Feature", "properties": { "id": "839c23e0-c163-4a06-99cb-5d08594bcadb", "name": "Tienda Naturgy", "taxonomy": "electric_utility_provider", "confidence": 1.0, "operating_status": null }, "geometry": { "type": "Point", "coordinates": [ 1.974585, 41.279033 ] } },
{ "type": "Feature", "properties": { "id": "2b884d2d-6b5e-4468-8d8f-532a63e88179", "name": "Perruqueria Lydia teléfono 936363971", "taxonomy": "lodging", "confidence": 0.719, "operating_status": null }, "geometry": { "type": "Point", "coordinates": [ 1.97444, 41.27905 ] } },
{ "type": "Feature", "properties": { "id": "8992ce9d-43e0-40d8-85aa-3425fecf9a27", "name": "DOCTOR PEU, podólogo Ricardo Espino-Utrera", "taxonomy": "podiatry", "confidence": 0.85, "operating_status": null }, "geometry": { "type": "Point", "coordinates": [ 1.97432, 41.27907 ] } },
{ "type": "Feature", "properties": { "id": "c7790121-143b-4b27-a85e-73e60d8f3e64", "name": "Barbacoas Weber España", "taxonomy": "furniture_store", "confidence": 0.728, "operating_status": null }, "geometry": { "type": "Point", "coordinates": [ 1.97419, 41.27898 ] } },
{ "type": "Feature", "properties": { "id": "e4771ea5-fc2f-4bee-9f28-d23a25bff51b", "name": "Clínica Veterinària Diagonal", "taxonomy": "veterinarian", "confidence": 0.934, "operating_status": null }, "geometry": { "type": "Point", "coordinates": [ 1.97411057, 41.27904957 ] } },
{ "type": "Feature", "properties": { "id": "ed6507db-befa-428d-b4c5-91b34e0976d9", "name": "Jaume Bautista - Seguros", "taxonomy": "insurance_agency", "confidence": 0.818, "operating_status": null }, "geometry": { "type": "Point", "coordinates": [ 1.97404921, 41.27928529 ] } },
{ "type": "Feature", "properties": { "id": "7c40cbd1-ad78-4508-b92b-02e03050fefb", "name": "Mira'm Espai de Bellesa", "taxonomy": "hair_salon", "confidence": 0.985, "operating_status": null }, "geometry": { "type": "Point", "coordinates": [ 1.97435414, 41.27911336 ] } },
{ "type": "Feature", "properties": { "id": "50aa198a-2656-4204-a0a2-151b6a9de89c", "name": "Touring Castelldefels SL", "taxonomy": "travel_service", "confidence": 0.719, "operating_status": null }, "geometry": { "type": "Point", "coordinates": [ 1.97485995, 41.2791762 ] } },
{ "type": "Feature", "properties": { "id": "52ccfa66-1687-4d3c-8b25-0ef296438ec6", "name": "Clara Alba", "taxonomy": "clothing_store", "confidence": 0.841, "operating_status": null }, "geometry": { "type": "Point", "coordinates": [ 1.97474408, 41.27913563 ] } },
{ "type": "Feature", "properties": { "id": "375a2630-4344-44f0-8784-08c682528101", "name": "Vente pa acá", "taxonomy": "tapas_bar", "confidence": 0.723, "operating_status": null }, "geometry": { "type": "Point", "coordinates": [ 1.97522848, 41.27900984 ] } },
{ "type": "Feature", "properties": { "id": "b79811c7-dfdd-469b-a58b-d4e4710462bb", "name": "tiendas bed's", "taxonomy": "mattress_store", "confidence": 0.995, "operating_status": null }, "geometry": { "type": "Point", "coordinates": [ 1.97526, 41.27898 ] } },
{ "type": "Feature", "properties": { "id": "aece788a-e54f-43d2-9049-b6f936c6036b", "name": "Flordisseny", "taxonomy": "flowers_and_gifts_store", "confidence": 0.994, "operating_status": null }, "geometry": { "type": "Point", "coordinates": [ 1.97508169, 41.27900785 ] } },
{ "type": "Feature", "properties": { "id": "e74d4961-ca2d-43b6-bfaa-38ca01d2be64", "name": "Mail Boxes Etc.", "taxonomy": "shipping_center", "confidence": 0.98, "operating_status": null }, "geometry": { "type": "Point", "coordinates": [ 1.97486305, 41.27898053 ] } },
{ "type": "Feature", "properties": { "id": "bcf4b0cb-878b-479d-bb25-f0c661d8d4a9", "name": "Broderi", "taxonomy": "sewing_and_alterations", "confidence": 0.938, "operating_status": null }, "geometry": { "type": "Point", "coordinates": [ 1.97578858, 41.27904442 ] } },
{ "type": "Feature", "properties": { "id": "a73d2ce9-fff8-4903-b02b-760e52fb3515", "name": "Zeeman", "taxonomy": "clothing_store", "confidence": 0.8, "operating_status": null }, "geometry": { "type": "Point", "coordinates": [ 1.97574, 41.27927 ] } },
{ "type": "Feature", "properties": { "id": "647933e4-afd4-4415-b279-af95477a7522", "name": "El Buen Corte Castelldefels", "taxonomy": "butcher_shop", "confidence": 0.972, "operating_status": null }, "geometry": { "type": "Point", "coordinates": [ 1.97587868, 41.27926216 ] } },
{ "type": "Feature", "properties": { "id": "1f07a4b7-4e19-413a-ac30-38f978d50dc7", "name": "Gat i Gos", "taxonomy": "pet_store", "confidence": 0.942, "operating_status": null }, "geometry": { "type": "Point", "coordinates": [ 1.97618452, 41.27913131 ] } },
{ "type": "Feature", "properties": { "id": "484b0041-0981-4cb9-9725-a9f9ae606eb2", "name": "Flamingo Nails Castelldefels", "taxonomy": "nail_salon", "confidence": 0.954, "operating_status": null }, "geometry": { "type": "Point", "coordinates": [ 1.97628759, 41.27911696 ] } },
{ "type": "Feature", "properties": { "id": "ddeafb7d-6adf-4ddd-aeef-16df16acb2ed", "name": "Mediterranea Real Estate", "taxonomy": "real_estate_service", "confidence": 0.969, "operating_status": null }, "geometry": { "type": "Point", "coordinates": [ 1.9763851, 41.27899709 ] } },
{ "type": "Feature", "properties": { "id": "3ed1a7dd-bea8-47b7-a257-d446881c41ce", "name": "Vision Center Florida", "taxonomy": "optometry", "confidence": 0.976, "operating_status": null }, "geometry": { "type": "Point", "coordinates": [ 1.97618201, 41.27903883 ] } },
{ "type": "Feature", "properties": { "id": "88ec03a5-d597-485a-bd86-01312b035f81", "name": "El Teu Desig", "taxonomy": "flowers_and_gifts_store", "confidence": 0.93, "operating_status": null }, "geometry": { "type": "Point", "coordinates": [ 1.97625358, 41.2789096 ] } },
{ "type": "Feature", "properties": { "id": "6e6ca508-27e0-4650-9c0f-565d33df0e60", "name": "Yinfels Gimnasio", "taxonomy": "gym", "confidence": 0.905, "operating_status": null }, "geometry": { "type": "Point", "coordinates": [ 1.97639, 41.27894 ] } },
{ "type": "Feature", "properties": { "id": "89cd19ff-7eed-43f9-a0b7-4e96cb22ce56", "name": "Gimnasio Yin-Fels", "taxonomy": "gym", "confidence": 0.942, "operating_status": null }, "geometry": { "type": "Point", "coordinates": [ 1.97641872, 41.27891365 ] } },
{ "type": "Feature", "properties": { "id": "2bd61229-0979-4f1f-971b-5cc696410428", "name": "Marcas", "taxonomy": "clothing_store", "confidence": 0.791, "operating_status": null }, "geometry": { "type": "Point", "coordinates": [ 1.9765, 41.27887 ] } },
{ "type": "Feature", "properties": { "id": "a33591fd-8598-4d1b-afe9-6f4689db2bed", "name": "Notaria Castelldefels", "taxonomy": "b2b_advertising_and_marketing_service", "confidence": 0.788, "operating_status": null }, "geometry": { "type": "Point", "coordinates": [ 1.9763, 41.27883 ] } },
{ "type": "Feature", "properties": { "id": "519e97fa-2f8c-4a99-b6c3-af3342de74f1", "name": "Santiveri Salud Castelldefels", "taxonomy": "spa", "confidence": 0.994, "operating_status": null }, "geometry": { "type": "Point", "coordinates": [ 1.97530933, 41.27873751 ] } },
{ "type": "Feature", "properties": { "id": "b29f2934-2411-48b0-a7d6-282d949af971", "name": "Pc red informática", "taxonomy": "automotive_service", "confidence": 0.77, "operating_status": null }, "geometry": { "type": "Point", "coordinates": [ 1.975454676284843, 41.278686819120026 ] } },
{ "type": "Feature", "properties": { "id": "f12dc6fa-28e5-45af-8b0b-72defd8b6c8f", "name": "Codelearn Castelldefels", "taxonomy": "computer_coaching", "confidence": 0.804, "operating_status": null }, "geometry": { "type": "Point", "coordinates": [ 1.97563762, 41.27856312 ] } },
{ "type": "Feature", "properties": { "id": "c97b4625-13a2-470a-acf0-995639c74790", "name": "MRW", "taxonomy": "medical_transportation", "confidence": 0.966, "operating_status": null }, "geometry": { "type": "Point", "coordinates": [ 1.9755074, 41.2785612 ] } },
{ "type": "Feature", "properties": { "id": "f332ef64-746f-44c2-9b23-284df8878bc9", "name": "Hotel Villadela", "taxonomy": "hotel", "confidence": 0.884, "operating_status": null }, "geometry": { "type": "Point", "coordinates": [ 1.97575, 41.27847 ] } },
{ "type": "Feature", "properties": { "id": "10164544-d4fb-4458-92a8-dc6fca3e3ea9", "name": "Boutique Del Colchón", "taxonomy": "mattress_store", "confidence": 0.842, "operating_status": null }, "geometry": { "type": "Point", "coordinates": [ 1.97593976, 41.2782405 ] } },
{ "type": "Feature", "properties": { "id": "77c834fc-8f51-4e0e-b83a-3a3374e9b782", "name": "El cuc de castelldefels", "taxonomy": "day_care_preschool", "confidence": 0.922, "operating_status": null }, "geometry": { "type": "Point", "coordinates": [ 1.975699, 41.278278 ] } },
{ "type": "Feature", "properties": { "id": "ec5c70cb-2e31-4baf-9b1f-f2cee32fc55c", "name": "SJD Xarxa de Salut Mental - Centre de Salut Mental d'Adults (CSMA) - Castelldefels", "taxonomy": null, "confidence": 0.85, "operating_status": null }, "geometry": { "type": "Point", "coordinates": [ 1.9756942, 41.2783632 ] } },
{ "type": "Feature", "properties": { "id": "1b496a98-dbd3-484e-abde-ce08f882d34e", "name": "Peluqueria Flor & V", "taxonomy": "hair_salon", "confidence": 0.914, "operating_status": null }, "geometry": { "type": "Point", "coordinates": [ 1.97586327, 41.2784001 ] } },
{ "type": "Feature", "properties": { "id": "87654c7a-f8e9-4ea9-b441-d9cabb2ddc4d", "name": "BistrÓ La ClÁSica", "taxonomy": "mediterranean_restaurant", "confidence": 0.769, "operating_status": null }, "geometry": { "type": "Point", "coordinates": [ 1.97441521, 41.27843007 ] } },
{ "type": "Feature", "properties": { "id": "7c37b6da-6d25-4296-a616-7396633ed318", "name": "LaMarca", "taxonomy": "catalan_restaurant", "confidence": 0.935, "operating_status": null }, "geometry": { "type": "Point", "coordinates": [ 1.97429809, 41.27831321 ] } },
{ "type": "Feature", "properties": { "id": "a2e04c82-3d28-47c7-acee-75105e7cdf0c", "name": "Cafeteria Anna Valls", "taxonomy": "cafe", "confidence": 0.998, "operating_status": null }, "geometry": { "type": "Point", "coordinates": [ 1.97429268, 41.27827678 ] } },
{ "type": "Feature", "properties": { "id": "4bcd7d67-71f4-493c-81c6-d3003505d791", "name": "Clínica Veterinària Els Llops", "taxonomy": "veterinarian", "confidence": 0.999, "operating_status": null }, "geometry": { "type": "Point", "coordinates": [ 1.97474904, 41.27791179 ] } },
{ "type": "Feature", "properties": { "id": "3afe799d-13b3-408f-8e64-6547cbfcb987", "name": "Futur Clau", "taxonomy": "real_estate_agent", "confidence": 0.794, "operating_status": null }, "geometry": { "type": "Point", "coordinates": [ 1.97470388, 41.2779714 ] } },
{ "type": "Feature", "properties": { "id": "7ec3938d-0326-4df2-a405-99fd30b94488", "name": "Restaurante Don Pulpo", "taxonomy": "seafood_restaurant", "confidence": 0.944, "operating_status": null }, "geometry": { "type": "Point", "coordinates": [ 1.97493312, 41.2777397 ] } },
{ "type": "Feature", "properties": { "id": "fe0ab462-6623-47d2-a64d-8e50f11a7222", "name": "Clínica Castelldefels, S.L.", "taxonomy": "medical_service_organization", "confidence": 0.998, "operating_status": null }, "geometry": { "type": "Point", "coordinates": [ 1.97509486, 41.27780255 ] } },
{ "type": "Feature", "properties": { "id": "73f30dad-7044-44f8-a807-a236f83df5ab", "name": "Alquiler GAME READY", "taxonomy": "gym", "confidence": 0.85, "operating_status": null }, "geometry": { "type": "Point", "coordinates": [ 1.97519121, 41.27777449 ] } },
{ "type": "Feature", "properties": { "id": "cdb3811e-a7ca-4b58-91ea-2d71c004740e", "name": "Talleres Condal", "taxonomy": "automotive_service", "confidence": 0.85, "operating_status": null }, "geometry": { "type": "Point", "coordinates": [ 1.97515594959259, 41.2777290344238 ] } },
{ "type": "Feature", "properties": { "id": "0a74cd2c-c039-47a7-8b90-4a33c965c96c", "name": "Somoscuidat", "taxonomy": "gym", "confidence": 0.959, "operating_status": null }, "geometry": { "type": "Point", "coordinates": [ 1.97555, 41.27771 ] } },
{ "type": "Feature", "properties": { "id": "d2aa6a8c-5543-4c2b-a372-7cbd267ba296", "name": "Bar Margarita Castelldefels", "taxonomy": "tapas_bar", "confidence": 0.809, "operating_status": null }, "geometry": { "type": "Point", "coordinates": [ 1.97547106, 41.27765948 ] } },
{ "type": "Feature", "properties": { "id": "9243de0f-32fb-4cd5-99cc-07d016ce4f17", "name": "Cortinas Montserrat Mir", "taxonomy": "linen_store", "confidence": 0.952, "operating_status": null }, "geometry": { "type": "Point", "coordinates": [ 1.97562071, 41.27762106 ] } },
{ "type": "Feature", "properties": { "id": "3c4f02e5-7615-47c2-950d-e29126b11998", "name": "El Parabrisas", "taxonomy": "brake_service_and_repair", "confidence": 0.85, "operating_status": null }, "geometry": { "type": "Point", "coordinates": [ 1.975863, 41.2776666 ] } },
{ "type": "Feature", "properties": { "id": "1f05a1e3-8d7d-417e-91fe-72cd4d6ef19e", "name": "rodamar piscinas", "taxonomy": "home_developer", "confidence": 0.989, "operating_status": null }, "geometry": { "type": "Point", "coordinates": [ 1.9755111, 41.2777848 ] } },
{ "type": "Feature", "properties": { "id": "6f9a180b-058b-416f-8c5c-54de8efb1d8d", "name": "Cafyr Fisioteràpia i Rehabilitació", "taxonomy": "physical_therapy", "confidence": 0.963, "operating_status": null }, "geometry": { "type": "Point", "coordinates": [ 1.97571758, 41.27787993 ] } },
{ "type": "Feature", "properties": { "id": "fd70ef5a-84c4-48c8-b740-a67f06ee4967", "name": "Ibercan Castelldefels", "taxonomy": "pet_store", "confidence": 0.966, "operating_status": null }, "geometry": { "type": "Point", "coordinates": [ 1.97624511, 41.27801387 ] } },
{ "type": "Feature", "properties": { "id": "ad62827d-63a7-4611-b333-34892e6b8b0e", "name": "La Nova Botiga", "taxonomy": "delicatessen", "confidence": 0.965, "operating_status": null }, "geometry": { "type": "Point", "coordinates": [ 1.97634814, 41.27799606 ] } },
{ "type": "Feature", "properties": { "id": "f3ebfd8f-fdbc-493c-9483-a5addd3cd167", "name": "Olafur salon", "taxonomy": "beauty_salon", "confidence": 0.959, "operating_status": null }, "geometry": { "type": "Point", "coordinates": [ 1.976493769291424, 41.278008328908832 ] } },
{ "type": "Feature", "properties": { "id": "93ea83e3-b6eb-44f4-ae63-76e06a63cd0f", "name": "101 Dim Sum", "taxonomy": "dim_sum_restaurant", "confidence": 0.996, "operating_status": null }, "geometry": { "type": "Point", "coordinates": [ 1.97655022, 41.27756336 ] } },
{ "type": "Feature", "properties": { "id": "103a535d-729d-42f6-8ec3-b54d1cb97e4c", "name": "SUVi beauty loft space", "taxonomy": "beauty_salon", "confidence": 0.868, "operating_status": null }, "geometry": { "type": "Point", "coordinates": [ 1.97644451, 41.27751203 ] } },
{ "type": "Feature", "properties": { "id": "a7838f31-23d7-42da-9f48-4e73191a5358", "name": "Baby Duck Kids Club", "taxonomy": "health_care", "confidence": 0.958, "operating_status": null }, "geometry": { "type": "Point", "coordinates": [ 1.97616795, 41.27750476 ] } },
{ "type": "Feature", "properties": { "id": "8e1bd798-504a-4592-a87b-15fb56920b37", "name": "Restaurant Verde Luna", "taxonomy": "italian_restaurant", "confidence": 0.982, "operating_status": null }, "geometry": { "type": "Point", "coordinates": [ 1.97552787, 41.27750979 ] } },
{ "type": "Feature", "properties": { "id": "d9a1462e-ec40-4294-9100-c4a527af9329", "name": "Coffe Lovers", "taxonomy": "coffee_shop", "confidence": 0.77, "operating_status": null }, "geometry": { "type": "Point", "coordinates": [ 1.975800350865666, 41.2772850612563 ] } },
{ "type": "Feature", "properties": { "id": "750d1d93-da35-479d-83a4-4129759cdf80", "name": "Carnisseries Soler", "taxonomy": "butcher_shop", "confidence": 0.851, "operating_status": null }, "geometry": { "type": "Point", "coordinates": [ 1.97627475, 41.2772755 ] } },
{ "type": "Feature", "properties": { "id": "ae1d54e9-0b77-496a-a991-4d4fac32479a", "name": "Tráfico Centro Médico", "taxonomy": "outpatient_care_facility", "confidence": 0.817, "operating_status": null }, "geometry": { "type": "Point", "coordinates": [ 1.97624329, 41.27724712 ] } },
{ "type": "Feature", "properties": { "id": "79460e77-a7dc-493a-9302-4fb9f64ccb10", "name": "Domino's Pizza", "taxonomy": "pizza_restaurant", "confidence": 0.981, "operating_status": null }, "geometry": { "type": "Point", "coordinates": [ 1.97624293, 41.27693341 ] } },
{ "type": "Feature", "properties": { "id": "4abe28b7-c06d-42fd-b7a8-a9c1890d1f7f", "name": "Centre Mèdic Castelldefels", "taxonomy": "outpatient_care_facility", "confidence": 0.999, "operating_status": null }, "geometry": { "type": "Point", "coordinates": [ 1.97595369, 41.27677562 ] } },
{ "type": "Feature", "properties": { "id": "ca606937-b139-44d4-b00c-88ab1f148281", "name": "òptica Barceló", "taxonomy": "eyewear_store", "confidence": 0.927, "operating_status": null }, "geometry": { "type": "Point", "coordinates": [ 1.97600515, 41.27686935 ] } },
{ "type": "Feature", "properties": { "id": "7c4398ce-525e-49bf-a53c-e0cb7235f00d", "name": "Celler Vallès", "taxonomy": "wine_bar", "confidence": 0.995, "operating_status": null }, "geometry": { "type": "Point", "coordinates": [ 1.97594382, 41.27696034 ] } },
{ "type": "Feature", "properties": { "id": "101a42a5-08e1-4add-b311-cd39ba42c7a0", "name": "Farmacia Dra. Sancho", "taxonomy": "pharmacy", "confidence": 0.927, "operating_status": null }, "geometry": { "type": "Point", "coordinates": [ 1.97574098, 41.27689897 ] } },
{ "type": "Feature", "properties": { "id": "ea8f354b-7356-4c7c-9215-98cc98a9a35d", "name": "Xocolat's", "taxonomy": "chocolatier", "confidence": 0.981, "operating_status": null }, "geometry": { "type": "Point", "coordinates": [ 1.97575065, 41.27689829 ] } },
{ "type": "Feature", "properties": { "id": "c3e49cd8-07f4-4c54-9e43-b2f7f2a169f6", "name": "Laboratorio de Análisis Echevarne Castelldefels", "taxonomy": "laboratory_testing", "confidence": 0.955, "operating_status": null }, "geometry": { "type": "Point", "coordinates": [ 1.97591741, 41.27679098 ] } },
{ "type": "Feature", "properties": { "id": "14d0ee3e-5a26-48dd-a7cf-39293b296898", "name": "CRC Centro Médico Castelldefels", "taxonomy": "doctors_office", "confidence": 0.91, "operating_status": null }, "geometry": { "type": "Point", "coordinates": [ 1.97569, 41.2768 ] } },
{ "type": "Feature", "properties": { "id": "e72789f1-6bb9-4695-ac9f-1de941aaecb8", "name": "Academia Cor de Music", "taxonomy": "music_school", "confidence": 0.903, "operating_status": null }, "geometry": { "type": "Point", "coordinates": [ 1.97509952, 41.27705212 ] } },
{ "type": "Feature", "properties": { "id": "06c32f7b-3cb0-4b5f-bc7d-866052775603", "name": "Versatil", "taxonomy": "fashion_boutique", "confidence": 0.977, "operating_status": null }, "geometry": { "type": "Point", "coordinates": [ 1.97494292, 41.27696652 ] } },
{ "type": "Feature", "properties": { "id": "b3227e6d-3040-4310-9c76-04fef3e64b6f", "name": "Simple Cero Residuo", "taxonomy": "spa", "confidence": 0.958, "operating_status": null }, "geometry": { "type": "Point", "coordinates": [ 1.97413522, 41.27680498 ] } },
{ "type": "Feature", "properties": { "id": "4bdc6989-7804-4663-9271-324d613f9fa4", "name": "Rafols Perruquers", "taxonomy": "spa", "confidence": 0.906, "operating_status": null }, "geometry": { "type": "Point", "coordinates": [ 1.974055, 41.276948 ] } },
{ "type": "Feature", "properties": { "id": "66eda719-cb1e-4f88-9d4f-861b80cdb069", "name": "Estètica París", "taxonomy": "hair_salon", "confidence": 0.978, "operating_status": null }, "geometry": { "type": "Point", "coordinates": [ 1.9740312, 41.27705722 ] } },
{ "type": "Feature", "properties": { "id": "db176857-1fc5-43c5-86f2-993cb1c4cac7", "name": "Alucast De Iborra", "taxonomy": "sheet_metal_fabricator", "confidence": 0.928, "operating_status": null }, "geometry": { "type": "Point", "coordinates": [ 1.9741666, 41.2771386 ] } },
{ "type": "Feature", "properties": { "id": "434c2a0e-77dc-4fe3-a430-4ec0395160c5", "name": "RB Inmobiliaria", "taxonomy": "real_estate_agent", "confidence": 0.933, "operating_status": null }, "geometry": { "type": "Point", "coordinates": [ 1.97511643, 41.27728786 ] } },
{ "type": "Feature", "properties": { "id": "1b5c7fd1-b0ad-4c68-8496-b0c9a5ba0ab1", "name": "Fisiopractic", "taxonomy": "physical_therapy", "confidence": 0.925, "operating_status": null }, "geometry": { "type": "Point", "coordinates": [ 1.97511421, 41.27728596 ] } },
{ "type": "Feature", "properties": { "id": "6d3a0797-ff33-463f-922b-ec970bc6b241", "name": "Llenas Hair Studio", "taxonomy": "hair_salon", "confidence": 0.988, "operating_status": null }, "geometry": { "type": "Point", "coordinates": [ 1.97506528, 41.27760519 ] } },
{ "type": "Feature", "properties": { "id": "d4e55b92-1575-4b9d-b0fb-f05f62985158", "name": "Le Bon Cours", "taxonomy": "tutoring_service", "confidence": 0.959, "operating_status": null }, "geometry": { "type": "Point", "coordinates": [ 1.97356742, 41.27721971 ] } },
{ "type": "Feature", "properties": { "id": "3d40f020-3207-42e7-9858-150bfa81a077", "name": "Escola Petit Mon", "taxonomy": "private_school", "confidence": 0.962, "operating_status": null }, "geometry": { "type": "Point", "coordinates": [ 1.96973487, 41.27764627 ] } },
{ "type": "Feature", "properties": { "id": "7bcf873b-eedf-4d71-9d0a-061bae82f2b7", "name": "Cal Tremolins", "taxonomy": "barbecue_restaurant", "confidence": 0.932, "operating_status": null }, "geometry": { "type": "Point", "coordinates": [ 1.97065385, 41.27794948 ] } },
{ "type": "Feature", "properties": { "id": "6c1b7eaf-1fd1-4473-b32d-859eda68a210", "name": "Clinica Sitara", "taxonomy": "doctors_office", "confidence": 0.711, "operating_status": null }, "geometry": { "type": "Point", "coordinates": [ 1.9711232185364, 41.280072111940001 ] } },
{ "type": "Feature", "properties": { "id": "5af102f4-ece1-45b2-aa89-5888789a04f2", "name": "proximmercado", "taxonomy": "grocery_store", "confidence": 0.758, "operating_status": null }, "geometry": { "type": "Point", "coordinates": [ 1.970134345252611, 41.281500440856213 ] } },
{ "type": "Feature", "properties": { "id": "36567b79-7e94-4d83-af41-e738498ace55", "name": "Parc de la Muntanyeta", "taxonomy": "park", "confidence": 0.978, "operating_status": null }, "geometry": { "type": "Point", "coordinates": [ 1.97299908, 41.28059268 ] } },
{ "type": "Feature", "properties": { "id": "2ed8a398-e2a8-407b-9ed3-01617a2fd742", "name": "Sonia Ruano", "taxonomy": "massage_therapy", "confidence": 0.98, "operating_status": null }, "geometry": { "type": "Point", "coordinates": [ 1.97553724, 41.2801811 ] } },
{ "type": "Feature", "properties": { "id": "4a88d0af-c37d-4350-9f51-cbd1929c3afe", "name": "Trivins", "taxonomy": "liquor_store", "confidence": 0.887, "operating_status": null }, "geometry": { "type": "Point", "coordinates": [ 1.97560087, 41.28021509 ] } },
{ "type": "Feature", "properties": { "id": "cb8bc181-ce6f-4b12-9bfb-1f985695fa56", "name": "MINIM Castelldefels. Tu Ortodoncia Invisible", "taxonomy": "orthodontics", "confidence": 0.876, "operating_status": null }, "geometry": { "type": "Point", "coordinates": [ 1.9756073, 41.2803098 ] } },
{ "type": "Feature", "properties": { "id": "0fcb8f42-f0a5-474d-8a6e-1b3388d8128d", "name": "Martial Arts Castelldefels", "taxonomy": "martial_arts_club", "confidence": 0.966, "operating_status": null }, "geometry": { "type": "Point", "coordinates": [ 1.97565709, 41.28071037 ] } },
{ "type": "Feature", "properties": { "id": "cdfec21e-0698-4fb2-80c5-44d0d4b7ac45", "name": "Oficina de Turismo de Castelldefels", "taxonomy": "travel_service", "confidence": 0.889, "operating_status": null }, "geometry": { "type": "Point", "coordinates": [ 1.97634293, 41.28068998 ] } },
{ "type": "Feature", "properties": { "id": "6c379b8d-a3ae-4ce9-b478-9c1b7e2a6931", "name": "Gremi Hostaleria de Castelldefels", "taxonomy": "social_or_community_service", "confidence": 0.902, "operating_status": null }, "geometry": { "type": "Point", "coordinates": [ 1.9764173, 41.28071675 ] } },
{ "type": "Feature", "properties": { "id": "b59c65fa-1621-4bf3-a9ac-4150adec3d22", "name": "Gremio Empresarios de Hosteleria de Castelldefels", "taxonomy": "charity_organization", "confidence": 0.77, "operating_status": null }, "geometry": { "type": "Point", "coordinates": [ 1.97633444159219, 41.280734567008828 ] } },
{ "type": "Feature", "properties": { "id": "6b74d97e-4adb-4bcb-b2c3-dc370f2b2ad4", "name": "Berri Gastrobar", "taxonomy": "tapas_bar", "confidence": 0.996, "operating_status": null }, "geometry": { "type": "Point", "coordinates": [ 1.97602572, 41.28070937 ] } },
{ "type": "Feature", "properties": { "id": "318645f9-5bcf-459e-b4c8-9ddaa268f5b2", "name": "Colibrí", "taxonomy": "warehouse_club_store", "confidence": 0.887, "operating_status": null }, "geometry": { "type": "Point", "coordinates": [ 1.97590517, 41.28080547 ] } },
{ "type": "Feature", "properties": { "id": "fee7dd06-86e8-4c6a-b550-7484f032fcfc", "name": "Inmar", "taxonomy": "real_estate_service", "confidence": 0.826, "operating_status": null }, "geometry": { "type": "Point", "coordinates": [ 1.97542819, 41.28087485 ] } },
{ "type": "Feature", "properties": { "id": "f6772794-c261-4180-a97d-0adb0a157858", "name": "Janet's - School of English", "taxonomy": "language_school", "confidence": 0.998, "operating_status": null }, "geometry": { "type": "Point", "coordinates": [ 1.97522796, 41.28121834 ] } },
{ "type": "Feature", "properties": { "id": "e955ec15-b942-4c63-8061-a25d3cfafb1d", "name": "Rostisseria la Pineda", "taxonomy": "spanish_restaurant", "confidence": 0.963, "operating_status": null }, "geometry": { "type": "Point", "coordinates": [ 1.97511032, 41.28111169 ] } },
{ "type": "Feature", "properties": { "id": "1265baed-4cbc-4924-bdda-6ce014ba3a90", "name": "AGUAR Abogados", "taxonomy": "attorney_or_law_firm", "confidence": 0.832, "operating_status": null }, "geometry": { "type": "Point", "coordinates": [ 1.975515, 41.28106037 ] } },
{ "type": "Feature", "properties": { "id": "c9d91a09-dba2-4a71-a407-dd85736c6c66", "name": "Clínica Podológica Calero", "taxonomy": "podiatry", "confidence": 0.971, "operating_status": null }, "geometry": { "type": "Point", "coordinates": [ 1.97552229, 41.28105428 ] } },
{ "type": "Feature", "properties": { "id": "e78d5485-91bf-4183-b5b8-77cbb9a1069c", "name": "Matices Psic.", "taxonomy": "psychology", "confidence": 0.764, "operating_status": null }, "geometry": { "type": "Point", "coordinates": [ 1.97540782, 41.28107332 ] } },
{ "type": "Feature", "properties": { "id": "d91a2c52-4fc6-4bf5-9001-f6ea0d512004", "name": "All'Ombra del Castello", "taxonomy": "italian_restaurant", "confidence": 0.977, "operating_status": null }, "geometry": { "type": "Point", "coordinates": [ 1.97558737, 41.28117009 ] } },
{ "type": "Feature", "properties": { "id": "618fc73f-f367-4ce1-bb1b-d0ee5910233b", "name": "Mi-Ma-Te Beauty Studio", "taxonomy": "beauty_salon", "confidence": 0.948, "operating_status": null }, "geometry": { "type": "Point", "coordinates": [ 1.97540278, 41.28130492 ] } },
{ "type": "Feature", "properties": { "id": "13467a01-ac4d-4ccc-b0e5-8abff12a973c", "name": "Somnium Castelldefels - La Muntanyeta", "taxonomy": "mattress_store", "confidence": 0.978, "operating_status": null }, "geometry": { "type": "Point", "coordinates": [ 1.97557075, 41.28133805 ] } },
{ "type": "Feature", "properties": { "id": "79676ed5-a725-4382-8107-92bd233b220a", "name": "Clínica Dental Hidalgo Ramírez", "taxonomy": "dental_clinic", "confidence": 0.953, "operating_status": null }, "geometry": { "type": "Point", "coordinates": [ 1.97588227, 41.28156809 ] } },
{ "type": "Feature", "properties": { "id": "1f11590d-0dfb-4d84-b78b-98f78df7acb8", "name": "Central Park", "taxonomy": "parking", "confidence": 0.77, "operating_status": null }, "geometry": { "type": "Point", "coordinates": [ 1.97607993296336, 41.281422265054893 ] } },
{ "type": "Feature", "properties": { "id": "8d8f5fa4-f4fe-4688-a27c-f55552eb1ad5", "name": "CaixaBank Store", "taxonomy": "second_hand_store", "confidence": 0.85, "operating_status": null }, "geometry": { "type": "Point", "coordinates": [ 1.9761953, 41.281475 ] } },
{ "type": "Feature", "properties": { "id": "c4a23a10-7bd2-4699-a18f-8d74ae55d1e6", "name": "Colegio Can Roca", "taxonomy": "elementary_school", "confidence": 0.783, "operating_status": null }, "geometry": { "type": "Point", "coordinates": [ 1.976238064906492, 41.281547140010318 ] } },
{ "type": "Feature", "properties": { "id": "00444a05-a0e3-42b1-ba0c-99f546d96a62", "name": "Café de Finca", "taxonomy": "coffee_shop", "confidence": 0.77, "operating_status": null }, "geometry": { "type": "Point", "coordinates": [ 1.976202654242753, 41.281666272242433 ] } },
{ "type": "Feature", "properties": { "id": "e1d0d059-3f59-4c09-aad6-8890d5aa8364", "name": "restaurante delicias del mar en castelldefels", "taxonomy": "restaurant", "confidence": 0.77, "operating_status": null }, "geometry": { "type": "Point", "coordinates": [ 1.974650949211336, 41.281416108390836 ] } },
{ "type": "Feature", "properties": { "id": "df4cbbc4-c718-4ce2-b486-b958d24e8125", "name": "Caseta de petardos CM Castelldefells, Lluis Companys", "taxonomy": null, "confidence": 0.85, "operating_status": null }, "geometry": { "type": "Point", "coordinates": [ 1.9724277, 41.2818958 ] } },
{ "type": "Feature", "properties": { "id": "9ea0edf2-7896-4749-9a53-e72c18a4b06f", "name": "Agrupació de Cultura Popular de Castelldefels", "taxonomy": "social_or_community_service", "confidence": 0.938, "operating_status": null }, "geometry": { "type": "Point", "coordinates": [ 1.97264488, 41.28249058 ] } },
{ "type": "Feature", "properties": { "id": "2aba0e34-c6cf-448a-8576-b7fe5ef8f6ee", "name": "Peluqueria Aguilar", "taxonomy": "hair_salon", "confidence": 0.984, "operating_status": null }, "geometry": { "type": "Point", "coordinates": [ 1.97335031, 41.2824948 ] } },
{ "type": "Feature", "properties": { "id": "52705be3-3ed7-4959-802b-27efa1645998", "name": "Gie&Go Clínica Estética", "taxonomy": "beauty_salon", "confidence": 0.968, "operating_status": null }, "geometry": { "type": "Point", "coordinates": [ 1.97340004, 41.2824665 ] } },
{ "type": "Feature", "properties": { "id": "2ce244ca-8cee-4fdc-8b4c-97eea762462a", "name": "Nakama Lounge", "taxonomy": "hookah_bar", "confidence": 0.857, "operating_status": null }, "geometry": { "type": "Point", "coordinates": [ 1.97397052, 41.2823548 ] } },
{ "type": "Feature", "properties": { "id": "bab2a437-b7e6-4da1-b50c-8e01b467dcf4", "name": "Gabinet Psicològic Morte Hernando", "taxonomy": "psychology", "confidence": 0.867, "operating_status": null }, "geometry": { "type": "Point", "coordinates": [ 1.9734522, 41.28232831 ] } },
{ "type": "Feature", "properties": { "id": "75f9c5dc-22d0-4698-aae1-2f0ba7e7d9ed", "name": "La Luciernaga", "taxonomy": "bakery", "confidence": 0.982, "operating_status": null }, "geometry": { "type": "Point", "coordinates": [ 1.97359122, 41.28232015 ] } },
{ "type": "Feature", "properties": { "id": "29225a79-7b8a-4c39-b171-76fa354cde16", "name": "Ballet and Jazz Dance Academy", "taxonomy": "dance_studio", "confidence": 0.718, "operating_status": null }, "geometry": { "type": "Point", "coordinates": [ 1.97381142, 41.28230662 ] } },
{ "type": "Feature", "properties": { "id": "b45568a5-5474-4e09-99dd-ea23eea643ae", "name": "Vorígenes - Vins i Tapes", "taxonomy": "bar", "confidence": 0.709, "operating_status": null }, "geometry": { "type": "Point", "coordinates": [ 1.97385, 41.2821799 ] } },
{ "type": "Feature", "properties": { "id": "55a68b0f-1c1b-4252-ae5f-15c59b4f4280", "name": "Institut Line Barcelona", "taxonomy": "beauty_salon", "confidence": 0.909, "operating_status": null }, "geometry": { "type": "Point", "coordinates": [ 1.97386, 41.28215 ] } },
{ "type": "Feature", "properties": { "id": "ffc39a77-d9e1-47ae-acf8-e93d1e9a3da1", "name": "Pilates Official Studio", "taxonomy": "pilates_studio", "confidence": 0.982, "operating_status": null }, "geometry": { "type": "Point", "coordinates": [ 1.97375506, 41.28197544 ] } },
{ "type": "Feature", "properties": { "id": "a1d54ba9-663a-4ffa-b270-42d170c89b42", "name": "Clínica mar", "taxonomy": "dental_clinic", "confidence": 0.952, "operating_status": null }, "geometry": { "type": "Point", "coordinates": [ 1.97454442, 41.28205556 ] } },
{ "type": "Feature", "properties": { "id": "6a9bd990-d990-4dae-b55b-fdbbd986fd5d", "name": "Osteofels", "taxonomy": "physical_therapy", "confidence": 0.994, "operating_status": null }, "geometry": { "type": "Point", "coordinates": [ 1.97516979, 41.28185679 ] } },
{ "type": "Feature", "properties": { "id": "2242c743-84c2-43fb-9170-c83bec247fb0", "name": "Lidl", "taxonomy": "grocery_store", "confidence": 1.0, "operating_status": null }, "geometry": { "type": "Point", "coordinates": [ 1.97524325, 41.2818052 ] } },
{ "type": "Feature", "properties": { "id": "8cb85b05-6a11-4d60-9b1c-c1d92958cd31", "name": "Bar Restaurante L'illa De Cuba", "taxonomy": "cuban_restaurant", "confidence": 0.998, "operating_status": null }, "geometry": { "type": "Point", "coordinates": [ 1.97572733, 41.28189056 ] } },
{ "type": "Feature", "properties": { "id": "8c01dca6-6627-4dd6-b896-fe3db228135d", "name": "Jos Pierrette", "taxonomy": "textile_manufacturer", "confidence": 0.956, "operating_status": null }, "geometry": { "type": "Point", "coordinates": [ 1.97630115, 41.28189292 ] } },
{ "type": "Feature", "properties": { "id": "8489575c-be31-408c-9084-8ef190b8612a", "name": "Armería Javier Roca", "taxonomy": "gun_and_ammo_store", "confidence": 0.953, "operating_status": null }, "geometry": { "type": "Point", "coordinates": [ 1.9760428, 41.2819355 ] } },
{ "type": "Feature", "properties": { "id": "b6f81374-0a87-4227-9a68-b09c7175882f", "name": "Castelldent Clinica Dental", "taxonomy": "general_dentistry", "confidence": 0.995, "operating_status": null }, "geometry": { "type": "Point", "coordinates": [ 1.9763647, 41.2820975 ] } },
{ "type": "Feature", "properties": { "id": "37926c8e-5cac-4e4c-8f35-eb6286691b62", "name": "Soluciones Integralium", "taxonomy": "interior_design", "confidence": 0.775, "operating_status": null }, "geometry": { "type": "Point", "coordinates": [ 1.97557195, 41.28230332 ] } },
{ "type": "Feature", "properties": { "id": "5593076c-8f7b-4d0b-b68d-8659f868d2ee", "name": "Perito Judicial Barcelona", "taxonomy": "paralegal_service", "confidence": 0.85, "operating_status": null }, "geometry": { "type": "Point", "coordinates": [ 1.97569, 41.28233 ] } },
{ "type": "Feature", "properties": { "id": "9fa24be9-5248-4cbd-ae66-280a0a621b86", "name": "Lunallar Inmobiliaria", "taxonomy": "real_estate_service", "confidence": 0.968, "operating_status": null }, "geometry": { "type": "Point", "coordinates": [ 1.97565283, 41.28225733 ] } },
{ "type": "Feature", "properties": { "id": "40d620ac-b946-4240-be52-db0490e39efb", "name": "Cruz Roja de Castelldefels", "taxonomy": "non_governmental_association", "confidence": 0.963, "operating_status": null }, "geometry": { "type": "Point", "coordinates": [ 1.97634331, 41.2822223 ] } },
{ "type": "Feature", "properties": { "id": "cbe7e9f9-a086-4c02-872e-3e35c05ee0fa", "name": "Coworking Castelldefels Centro", "taxonomy": "party_and_event_planning", "confidence": 0.964, "operating_status": null }, "geometry": { "type": "Point", "coordinates": [ 1.97595307, 41.28236046 ] } },
{ "type": "Feature", "properties": { "id": "29491c5c-bbb4-4f8a-8c40-cd45a62f6915", "name": "Mercadona", "taxonomy": "grocery_store", "confidence": 0.954, "operating_status": null }, "geometry": { "type": "Point", "coordinates": [ 1.97439394, 41.28246133 ] } },
{ "type": "Feature", "properties": { "id": "bf5d7c3a-d11d-4d19-99ed-a6a576684e47", "name": "Riff Raff Barbers", "taxonomy": "barber", "confidence": 0.969, "operating_status": null }, "geometry": { "type": "Point", "coordinates": [ 1.9745783, 41.282447 ] } },
{ "type": "Feature", "properties": { "id": "35dd205b-98ad-4502-b0ee-791c3e2a4c7a", "name": "Acompanya-ment", "taxonomy": "hospital", "confidence": 0.826, "operating_status": null }, "geometry": { "type": "Point", "coordinates": [ 1.9744999, 41.282589 ] } },
{ "type": "Feature", "properties": { "id": "79bed3c0-9048-405d-9441-bf8ec331512e", "name": "Viajes Carrefour Castelldefels 1", "taxonomy": "travel_service", "confidence": 0.8, "operating_status": null }, "geometry": { "type": "Point", "coordinates": [ 1.974315, 41.282628 ] } },
{ "type": "Feature", "properties": { "id": "7af74da4-1338-445c-b28b-d4d9b4382069", "name": "Advinet", "taxonomy": "cleaning_products_supplier", "confidence": 0.974, "operating_status": null }, "geometry": { "type": "Point", "coordinates": [ 1.9741322, 41.2826073 ] } },
{ "type": "Feature", "properties": { "id": "e8dd64d7-933d-4048-8c6c-89e4288aeb65", "name": "El Centro de Castelldefels", "taxonomy": "yoga_studio", "confidence": 0.787, "operating_status": null }, "geometry": { "type": "Point", "coordinates": [ 1.974132, 41.282622 ] } },
{ "type": "Feature", "properties": { "id": "d8f6a5d5-b29b-432f-9b6e-a6d11e343c34", "name": "Castle Languages", "taxonomy": "language_school", "confidence": 0.998, "operating_status": null }, "geometry": { "type": "Point", "coordinates": [ 1.97425695, 41.28264498 ] } },
{ "type": "Feature", "properties": { "id": "2c218a80-1424-404e-84d1-f23351a7563c", "name": "Clínica Ciurana", "taxonomy": "general_dentistry", "confidence": 0.966, "operating_status": null }, "geometry": { "type": "Point", "coordinates": [ 1.974444368, 41.282656432 ] } },
{ "type": "Feature", "properties": { "id": "f402bd08-1e5c-4e37-b05b-158a953c0817", "name": "Restaurante Tupac", "taxonomy": "peruvian_restaurant", "confidence": 0.906, "operating_status": null }, "geometry": { "type": "Point", "coordinates": [ 1.9744, 41.28285 ] } },
{ "type": "Feature", "properties": { "id": "92d1e6e0-547d-4471-ad39-38115bfea26a", "name": "Barceló Serveis Immobiliaris", "taxonomy": "real_estate_agent", "confidence": 0.816, "operating_status": null }, "geometry": { "type": "Point", "coordinates": [ 1.97465464, 41.28283226 ] } },
{ "type": "Feature", "properties": { "id": "eb3f2e39-315a-4167-899c-f3fff4438f6a", "name": "AFA Escola Can Roca", "taxonomy": "school", "confidence": 0.815, "operating_status": null }, "geometry": { "type": "Point", "coordinates": [ 1.973334749862237, 41.283206700111116 ] } },
{ "type": "Feature", "properties": { "id": "c1090304-ca0c-4379-8945-d0a583a438ba", "name": "Quick", "taxonomy": "laundromat", "confidence": 0.831, "operating_status": null }, "geometry": { "type": "Point", "coordinates": [ 1.97396377, 41.28300972 ] } },
{ "type": "Feature", "properties": { "id": "07e51319-804d-45d4-9433-c0d467745923", "name": "Lau Nails", "taxonomy": "nail_salon", "confidence": 0.969, "operating_status": null }, "geometry": { "type": "Point", "coordinates": [ 1.9738835, 41.28288856 ] } },
{ "type": "Feature", "properties": { "id": "e41d2480-8534-4ac5-913d-94e290880027", "name": "Izquierdo Motter Consulting", "taxonomy": "b2b_business_management_service", "confidence": 0.916, "operating_status": null }, "geometry": { "type": "Point", "coordinates": [ 1.9733029, 41.2827075 ] } },
{ "type": "Feature", "properties": { "id": "a1bc53ae-8a99-4a47-913d-d91042e1b397", "name": "Castellers de Castelldefels", "taxonomy": "social_or_community_service", "confidence": 0.822, "operating_status": null }, "geometry": { "type": "Point", "coordinates": [ 1.9728183746338, 41.282692421261999 ] } },
{ "type": "Feature", "properties": { "id": "bd8b0d01-323f-4699-9845-678f072a61f4", "name": "Escola Torre Barona", "taxonomy": "public_school", "confidence": 0.98, "operating_status": null }, "geometry": { "type": "Point", "coordinates": [ 1.97208884, 41.282659 ] } },
{ "type": "Feature", "properties": { "id": "17b85b6c-1914-460f-8bda-7a3463a93558", "name": "Asociacion de Vecinos Can Roca", "taxonomy": "social_or_community_service", "confidence": 0.702, "operating_status": null }, "geometry": { "type": "Point", "coordinates": [ 1.97056857, 41.28320368 ] } },
{ "type": "Feature", "properties": { "id": "2cf6f867-87c1-49c0-bcf7-5686e11bb19e", "name": "Bar Can Roca", "taxonomy": "bar", "confidence": 0.779, "operating_status": null }, "geometry": { "type": "Point", "coordinates": [ 1.97053879, 41.28334871 ] } },
{ "type": "Feature", "properties": { "id": "00f9de0b-952f-4514-96ba-cf287583378d", "name": "Polideportivo Can Roca", "taxonomy": "gym", "confidence": 0.99, "operating_status": null }, "geometry": { "type": "Point", "coordinates": [ 1.970557, 41.282719 ] } },
{ "type": "Feature", "properties": { "id": "db8c5031-1fd0-4a21-bee3-0f2eceb8f517", "name": "Poliesportiu Municipal Castelldefels (Can Roca)", "taxonomy": "stadium_arena", "confidence": 0.774, "operating_status": null }, "geometry": { "type": "Point", "coordinates": [ 1.970794183663825, 41.282751698951039 ] } },
{ "type": "Feature", "properties": { "id": "d9389156-6c19-4ab3-abf7-17beaff70248", "name": "Alma By Iguana", "taxonomy": "restaurant", "confidence": 0.969, "operating_status": null }, "geometry": { "type": "Point", "coordinates": [ 1.97081938, 41.28279676 ] } },
{ "type": "Feature", "properties": { "id": "97640244-a531-477d-bd52-c73b2942c53d", "name": "Transit Stop at Castanyer - Poliesportiu Can Roca", "taxonomy": null, "confidence": 0.709, "operating_status": null }, "geometry": { "type": "Point", "coordinates": [ 1.970384, 41.282768 ] } },
{ "type": "Feature", "properties": { "id": "d2aa574f-cbfa-434c-a14a-67af109b9571", "name": "Idealog - Language School", "taxonomy": "language_school", "confidence": 0.999, "operating_status": null }, "geometry": { "type": "Point", "coordinates": [ 1.96684313, 41.28294679 ] } },
{ "type": "Feature", "properties": { "id": "bf2bbde0-cace-4787-8cf3-f16ce8b44c7e", "name": "La Parada del Camí Ral", "taxonomy": "produce_store", "confidence": 0.98, "operating_status": null }, "geometry": { "type": "Point", "coordinates": [ 1.96667, 41.2833 ] } },
{ "type": "Feature", "properties": { "id": "68e9262f-9db2-4c40-a091-1d19722f9404", "name": "La Xarcuteria", "taxonomy": "grocery_store", "confidence": 0.925, "operating_status": null }, "geometry": { "type": "Point", "coordinates": [ 1.96667, 41.2833 ] } },
{ "type": "Feature", "properties": { "id": "f95b8167-a92d-41b6-ab99-69987e64e8dd", "name": "Chiringuito Can Roca Castelldefels", "taxonomy": "tapas_bar", "confidence": 0.744, "operating_status": null }, "geometry": { "type": "Point", "coordinates": [ 1.970570157923, 41.283547683454998 ] } },
{ "type": "Feature", "properties": { "id": "15f89709-b18b-4754-a8ec-da46ba0e53d0", "name": "Ceip Torre Barona", "taxonomy": "elementary_school", "confidence": 0.815, "operating_status": null }, "geometry": { "type": "Point", "coordinates": [ 1.97094616, 41.28352104 ] } },
{ "type": "Feature", "properties": { "id": "df40c271-80d9-40e7-b4b1-28a7494908f1", "name": "Parc de la Granota", "taxonomy": "park", "confidence": 0.979, "operating_status": null }, "geometry": { "type": "Point", "coordinates": [ 1.97360232, 41.28675431 ] } },
{ "type": "Feature", "properties": { "id": "e3a04640-f59f-4c52-b066-b275836a2880", "name": "AFA Mediterrània", "taxonomy": "mediterranean_restaurant", "confidence": 0.723, "operating_status": null }, "geometry": { "type": "Point", "coordinates": [ 1.97437, 41.2859 ] } },
{ "type": "Feature", "properties": { "id": "08a7a26b-3129-48b8-a0c4-1427f3ef0981", "name": "La Guaita", "taxonomy": "government_office", "confidence": 0.934, "operating_status": null }, "geometry": { "type": "Point", "coordinates": [ 1.974359, 41.28591 ] } },
{ "type": "Feature", "properties": { "id": "5bca0e95-8962-4e1d-aced-def7a28bc529", "name": "Jara Dansa", "taxonomy": "dance_studio", "confidence": 0.988, "operating_status": null }, "geometry": { "type": "Point", "coordinates": [ 1.97374234, 41.28498605 ] } },
{ "type": "Feature", "properties": { "id": "9fb3d479-be2e-4c0f-9499-6924913e7c97", "name": "Farre Clinics", "taxonomy": "interior_design", "confidence": 0.906, "operating_status": null }, "geometry": { "type": "Point", "coordinates": [ 1.9734146, 41.28463961 ] } },
{ "type": "Feature", "properties": { "id": "4e10b17c-d10d-412a-b9a6-6aa5e49ddde2", "name": "Parc Del Castell - Castelldefels", "taxonomy": "park", "confidence": 0.805, "operating_status": null }, "geometry": { "type": "Point", "coordinates": [ 1.97744, 41.28376 ] } },
{ "type": "Feature", "properties": { "id": "1d50af53-52b9-46d8-822e-14ac8d8df601", "name": "Jessica Productos y artículos de peluquería y estética", "taxonomy": "community_and_government", "confidence": 0.731, "operating_status": null }, "geometry": { "type": "Point", "coordinates": [ 1.977546934165295, 41.284452516791227 ] } },
{ "type": "Feature", "properties": { "id": "71d91763-5a36-46b9-b6bb-fe6dbed9064a", "name": "Castillo de Castelldefels", "taxonomy": "castle", "confidence": 0.948, "operating_status": null }, "geometry": { "type": "Point", "coordinates": [ 1.97664504, 41.28475685 ] } },
{ "type": "Feature", "properties": { "id": "fa04b65b-4c49-4843-994a-eae4e5fc3358", "name": "Sports Field", "taxonomy": "baseball_field", "confidence": 0.765, "operating_status": null }, "geometry": { "type": "Point", "coordinates": [ 1.97924514, 41.28488244 ] } },
{ "type": "Feature", "properties": { "id": "4958b49f-b579-4975-be73-d55e26447419", "name": "CAP El Castell", "taxonomy": "outpatient_care_facility", "confidence": 0.985, "operating_status": null }, "geometry": { "type": "Point", "coordinates": [ 1.98085654, 41.28460499 ] } },
{ "type": "Feature", "properties": { "id": "8ac6ed13-2dac-4645-a86d-c3e9046ad63b", "name": "CUAP Castelldefels", "taxonomy": "emergency_department", "confidence": 0.974, "operating_status": null }, "geometry": { "type": "Point", "coordinates": [ 1.98097642, 41.28452525 ] } },
{ "type": "Feature", "properties": { "id": "222e71c6-fb43-472c-9ba7-9d8821246e9d", "name": "Vinted Go Parcel Shop", "taxonomy": "shipping_or_delivery_service", "confidence": 1.0, "operating_status": "open" }, "geometry": { "type": "Point", "coordinates": [ 1.9812988, 41.2843537 ] } },
{ "type": "Feature", "properties": { "id": "0b070016-a5d6-4908-a4a8-d8f9d14db3ff", "name": "Inga Ropa", "taxonomy": "clothing_store", "confidence": 0.953, "operating_status": null }, "geometry": { "type": "Point", "coordinates": [ 1.9815253, 41.28446531 ] } },
{ "type": "Feature", "properties": { "id": "8d279dc5-f507-491f-b0d5-8157de3b3db8", "name": "Churreria la deliciosa", "taxonomy": "cafe", "confidence": 0.889, "operating_status": null }, "geometry": { "type": "Point", "coordinates": [ 1.98133784, 41.28437773 ] } },
{ "type": "Feature", "properties": { "id": "13569a47-f9ba-4ca8-9c6f-fb2303b32401", "name": "La Paca", "taxonomy": "coffee_shop", "confidence": 0.913, "operating_status": null }, "geometry": { "type": "Point", "coordinates": [ 1.98147923, 41.28422548 ] } },
{ "type": "Feature", "properties": { "id": "5845e4dd-d242-4949-90fd-27ea0e9d34be", "name": "Condis Express", "taxonomy": "grocery_store", "confidence": 0.85, "operating_status": null }, "geometry": { "type": "Point", "coordinates": [ 1.981537, 41.284142 ] } },
{ "type": "Feature", "properties": { "id": "805c6dea-d9f9-43f2-b819-be39c429a46b", "name": "ACUITIS Castelldefels Església - Óptico y Audioprotesista", "taxonomy": null, "confidence": 0.977, "operating_status": null }, "geometry": { "type": "Point", "coordinates": [ 1.9814534, 41.2840748 ] } },
{ "type": "Feature", "properties": { "id": "91080ae8-f669-4325-aa64-0621be665ae0", "name": "Cafetet", "taxonomy": "cafe", "confidence": 0.909, "operating_status": null }, "geometry": { "type": "Point", "coordinates": [ 1.98125452, 41.283939 ] } },
{ "type": "Feature", "properties": { "id": "d5b7300a-0f9e-44a2-899c-e1cdefda3c3f", "name": "Sorli", "taxonomy": "grocery_store", "confidence": 0.965, "operating_status": null }, "geometry": { "type": "Point", "coordinates": [ 1.98111142, 41.28392437 ] } },
{ "type": "Feature", "properties": { "id": "e73c5fe0-abb7-4e6b-a40e-a15998e01b34", "name": "Pan Aleman Ketterer", "taxonomy": "bakery", "confidence": 0.77, "operating_status": null }, "geometry": { "type": "Point", "coordinates": [ 1.981084055608439, 41.283910548611829 ] } },
{ "type": "Feature", "properties": { "id": "2afd1a9d-2a35-47f1-a66b-0ac3c2a9d99b", "name": "Mobles Serrano", "taxonomy": "furniture_store", "confidence": 0.738, "operating_status": null }, "geometry": { "type": "Point", "coordinates": [ 1.98068256, 41.28401377 ] } },
{ "type": "Feature", "properties": { "id": "f6481084-18c7-4e32-af1a-42417c420cac", "name": "JZ Beauty Studio", "taxonomy": "beauty_salon", "confidence": 0.958, "operating_status": null }, "geometry": { "type": "Point", "coordinates": [ 1.979939516432377, 41.283651900864442 ] } },
{ "type": "Feature", "properties": { "id": "e817c0d7-b4fa-4846-9050-4ddfd99f53f0", "name": "ETIF", "taxonomy": "vocational_and_technical_school", "confidence": 0.992, "operating_status": null }, "geometry": { "type": "Point", "coordinates": [ 1.97992215, 41.28367847 ] } },
{ "type": "Feature", "properties": { "id": "93f1da78-2083-42a7-970c-4aa392c9f246", "name": "Perfect Woman", "taxonomy": "beauty_salon", "confidence": 0.995, "operating_status": null }, "geometry": { "type": "Point", "coordinates": [ 1.97993714, 41.28367175 ] } },
{ "type": "Feature", "properties": { "id": "ed9e3c3c-216c-40fd-bb3e-4876a6fab462", "name": "azulmarino", "taxonomy": "travel_service", "confidence": 0.986, "operating_status": null }, "geometry": { "type": "Point", "coordinates": [ 1.98084229, 41.28360193 ] } },
{ "type": "Feature", "properties": { "id": "56e8a272-6ab8-42f8-83ab-d371109eb7fe", "name": "PrimaPrix Castelldefels l´Església", "taxonomy": "grocery_store", "confidence": 0.8, "operating_status": null }, "geometry": { "type": "Point", "coordinates": [ 1.9809746, 41.2838958 ] } },
{ "type": "Feature", "properties": { "id": "f87cba46-991e-4f84-bc4a-05f45d6e35c6", "name": "El Empedrado", "taxonomy": "pancake_house", "confidence": 0.986, "operating_status": null }, "geometry": { "type": "Point", "coordinates": [ 1.98107092, 41.28380888 ] } },
{ "type": "Feature", "properties": { "id": "efe0ec09-3793-4c22-b7f7-a4fce63953fd", "name": "Joieria Perdiguer nikjoyas.com", "taxonomy": "jewelry_store", "confidence": 0.995, "operating_status": null }, "geometry": { "type": "Point", "coordinates": [ 1.98112541, 41.28379745 ] } },
{ "type": "Feature", "properties": { "id": "ae14292e-32cb-4430-b593-1d153a1c983c", "name": "La Casa de la Iaia", "taxonomy": "day_care_preschool", "confidence": 0.987, "operating_status": null }, "geometry": { "type": "Point", "coordinates": [ 1.98126133, 41.28364826 ] } },
{ "type": "Feature", "properties": { "id": "267d6b99-49d5-4b87-8a4a-1446fb5417a3", "name": "Ortega&Cao Assessors", "taxonomy": "counseling", "confidence": 0.891, "operating_status": null }, "geometry": { "type": "Point", "coordinates": [ 1.98141919, 41.28350261 ] } },
{ "type": "Feature", "properties": { "id": "ca45b177-092e-4ba4-9b86-4bc3dfbea2e1", "name": "Carolinacaraballo", "taxonomy": "hair_salon", "confidence": 0.934, "operating_status": null }, "geometry": { "type": "Point", "coordinates": [ 1.98143533, 41.28349669 ] } },
{ "type": "Feature", "properties": { "id": "f2974a6c-78f3-4790-aeed-d432ee7ae745", "name": "Barberia", "taxonomy": "barber", "confidence": 0.861, "operating_status": null }, "geometry": { "type": "Point", "coordinates": [ 1.98236895, 41.28387627 ] } },
{ "type": "Feature", "properties": { "id": "d598e558-cfbe-4737-9212-1546ced0152a", "name": "Fridecor Instalación", "taxonomy": null, "confidence": 0.85, "operating_status": null }, "geometry": { "type": "Point", "coordinates": [ 1.98215, 41.28371 ] } },
{ "type": "Feature", "properties": { "id": "b3d3de97-e078-4303-8eaa-d9c7c6c6099b", "name": "Castell-Dolç", "taxonomy": "candy_store", "confidence": 0.982, "operating_status": null }, "geometry": { "type": "Point", "coordinates": [ 1.98165507, 41.28423012 ] } },
{ "type": "Feature", "properties": { "id": "c99f95f7-4e05-4252-bc69-cf39a40dd1f7", "name": "Marie Vintage", "taxonomy": "second_hand_clothing_store", "confidence": 0.8, "operating_status": null }, "geometry": { "type": "Point", "coordinates": [ 1.98266932, 41.28427204 ] } },
{ "type": "Feature", "properties": { "id": "45078087-8cf5-4fd9-a859-751db849f2cc", "name": "Inmobiliaria Castelldefels y Reformas | Maria Narváez", "taxonomy": "apartment_agent", "confidence": 0.85, "operating_status": null }, "geometry": { "type": "Point", "coordinates": [ 1.9826289, 41.2841686 ] } },
{ "type": "Feature", "properties": { "id": "cef093b6-39b4-4cad-93d2-6db2e0352e15", "name": "Institut Mediterrania", "taxonomy": "school", "confidence": 0.89, "operating_status": null }, "geometry": { "type": "Point", "coordinates": [ 1.98251, 41.2841 ] } },
{ "type": "Feature", "properties": { "id": "a277f3e9-87e8-4b9b-8eb6-0bb7f93b582e", "name": "Melanta Clinica Castelldefels - medicina estética", "taxonomy": "medical_spa", "confidence": 0.941, "operating_status": null }, "geometry": { "type": "Point", "coordinates": [ 1.98322493, 41.28394872 ] } },
{ "type": "Feature", "properties": { "id": "164fa00e-c946-441d-a62e-4077248c7435", "name": "Pneumàtics A. Perez", "taxonomy": "automotive_service", "confidence": 0.85, "operating_status": null }, "geometry": { "type": "Point", "coordinates": [ 1.983264796006683, 41.283885698206781 ] } },
{ "type": "Feature", "properties": { "id": "3fd3a927-2467-49a7-8af0-0e7177b2364c", "name": "Sawadee Thai Castelldefels", "taxonomy": "thai_restaurant", "confidence": 0.995, "operating_status": null }, "geometry": { "type": "Point", "coordinates": [ 1.98319198, 41.2836173 ] } },
{ "type": "Feature", "properties": { "id": "9d5a4d36-d41f-4566-9cdb-a5e2318955d1", "name": "Lavado La Ballena Azul", "taxonomy": "car_wash", "confidence": 0.912, "operating_status": null }, "geometry": { "type": "Point", "coordinates": [ 1.9853949, 41.2840797 ] } },
{ "type": "Feature", "properties": { "id": "7259932d-8ff4-4761-802a-4bc211bec616", "name": "Ballenoil Castelldefels", "taxonomy": "distribution_service", "confidence": 0.85, "operating_status": null }, "geometry": { "type": "Point", "coordinates": [ 1.9849106, 41.2846453 ] } },
{ "type": "Feature", "properties": { "id": "d710ac9a-7d75-4f9a-a495-9a1f0060c72a", "name": "Iglesia Evangelica Internacional Nueva Esperanza", "taxonomy": "christian_place_of_worship", "confidence": 0.854, "operating_status": null }, "geometry": { "type": "Point", "coordinates": [ 1.98562, 41.28485 ] } },
{ "type": "Feature", "properties": { "id": "24322e82-128e-4f88-955c-6c01ea90c1bb", "name": "Neumáticos Autodisseny", "taxonomy": "automotive_repair", "confidence": 0.714, "operating_status": null }, "geometry": { "type": "Point", "coordinates": [ 1.9854153105, 41.284799813 ] } },
{ "type": "Feature", "properties": { "id": "b8c1a8bd-49ca-47b9-b900-4d0625a9d0ce", "name": "Cantina Catrina Mexicano en Castelldefels", "taxonomy": "mexican_restaurant", "confidence": 0.949, "operating_status": null }, "geometry": { "type": "Point", "coordinates": [ 1.98460113, 41.28484379 ] } },
{ "type": "Feature", "properties": { "id": "596ae090-9537-4bc2-934f-e397854a9dcc", "name": "Bar Colom289", "taxonomy": "bar", "confidence": 0.751, "operating_status": null }, "geometry": { "type": "Point", "coordinates": [ 1.98433374, 41.28493127 ] } },
{ "type": "Feature", "properties": { "id": "5792ea51-43d8-4936-bc5c-6fd88f06110c", "name": "Bar Los Tetes Cervecería", "taxonomy": "bar", "confidence": 0.824, "operating_status": null }, "geometry": { "type": "Point", "coordinates": [ 1.98385007, 41.28510257 ] } },
{ "type": "Feature", "properties": { "id": "0e191420-e69e-4ad7-ba91-18f585c6a640", "name": "Quesame Mucho", "taxonomy": "tapas_bar", "confidence": 0.992, "operating_status": null }, "geometry": { "type": "Point", "coordinates": [ 1.98316573, 41.28507066 ] } },
{ "type": "Feature", "properties": { "id": "a6c28c53-7bd9-46ad-bda4-5c87ddc3f10d", "name": "Tien21 Electro Discovery", "taxonomy": null, "confidence": 0.85, "operating_status": null }, "geometry": { "type": "Point", "coordinates": [ 1.983075, 41.284957 ] } },
{ "type": "Feature", "properties": { "id": "73b11fdc-6725-4ae7-a46b-9047bbb5c06b", "name": "Salón Monique Riera", "taxonomy": "hair_salon", "confidence": 0.733, "operating_status": null }, "geometry": { "type": "Point", "coordinates": [ 1.98340039, 41.28497131 ] } },
{ "type": "Feature", "properties": { "id": "0598629f-99b9-4f7a-a10a-f4b136e3ccc8", "name": "Bar Manuel Girona", "taxonomy": "bar", "confidence": 0.906, "operating_status": null }, "geometry": { "type": "Point", "coordinates": [ 1.98308928, 41.2849365 ] } },
{ "type": "Feature", "properties": { "id": "881c6740-9694-4c8a-b9c8-4d24ff7ac8aa", "name": "Caseta de petardos CM Castelldefels Colon", "taxonomy": null, "confidence": 0.85, "operating_status": null }, "geometry": { "type": "Point", "coordinates": [ 1.98372, 41.2847086 ] } },
{ "type": "Feature", "properties": { "id": "6ca2c16a-bce3-421f-b5eb-686b329dd416", "name": "Marcia's beauty salon Bcn", "taxonomy": "beauty_salon", "confidence": 0.712, "operating_status": null }, "geometry": { "type": "Point", "coordinates": [ 1.9836348, 41.2846055 ] } },
{ "type": "Feature", "properties": { "id": "6baa8d42-a491-4a2b-b7e8-5e3203710f55", "name": "Casa Carlos", "taxonomy": "tapas_bar", "confidence": 0.992, "operating_status": null }, "geometry": { "type": "Point", "coordinates": [ 1.983136, 41.28453222 ] } },
{ "type": "Feature", "properties": { "id": "cdf49b50-5220-4b66-b712-63814cd589ae", "name": "Clínica Dental Mediterrani", "taxonomy": "dental_clinic", "confidence": 0.946, "operating_status": null }, "geometry": { "type": "Point", "coordinates": [ 1.98322238, 41.28459241 ] } },
{ "type": "Feature", "properties": { "id": "4fc7116a-dcc1-4ee5-8ff8-dfcbf2d01b14", "name": "Padel One Castelldefels", "taxonomy": "sporting_goods_store", "confidence": 0.96, "operating_status": null }, "geometry": { "type": "Point", "coordinates": [ 1.98327358, 41.28471327 ] } },
{ "type": "Feature", "properties": { "id": "f8dff663-3cd0-4c91-89eb-5008b3e79499", "name": "VIP's Castelldefels", "taxonomy": "pet_store", "confidence": 0.999, "operating_status": null }, "geometry": { "type": "Point", "coordinates": [ 1.98238925, 41.28461527 ] } },
{ "type": "Feature", "properties": { "id": "d93d1d89-86fb-4fe0-9dfa-d2363a0de3f3", "name": "9Dental", "taxonomy": "general_dentistry", "confidence": 0.976, "operating_status": null }, "geometry": { "type": "Point", "coordinates": [ 1.98262805, 41.28458379 ] } },
{ "type": "Feature", "properties": { "id": "6a0748d2-fa36-4e24-b3d3-22505022dc43", "name": "Floristeria Mari Carmen", "taxonomy": "flowers_and_gifts_store", "confidence": 0.977, "operating_status": null }, "geometry": { "type": "Point", "coordinates": [ 1.9828745, 41.28435772 ] } },
{ "type": "Feature", "properties": { "id": "819f5442-0e00-4517-9a9f-68b5094c93f0", "name": "Clarel", "taxonomy": "beauty_supply_store", "confidence": 0.823, "operating_status": null }, "geometry": { "type": "Point", "coordinates": [ 1.98259265, 41.2843899 ] } },
{ "type": "Feature", "properties": { "id": "25bbc2f9-7978-47be-a83b-f455d3d2b1e8", "name": "Parfen Castelldefels", "taxonomy": "beauty_supply_store", "confidence": 0.871, "operating_status": null }, "geometry": { "type": "Point", "coordinates": [ 1.98197, 41.28446 ] } },
{ "type": "Feature", "properties": { "id": "b726fddd-2ab9-40c8-b604-d845f2b847a6", "name": "M.Angeles Style", "taxonomy": "womens_clothing_store", "confidence": 0.824, "operating_status": null }, "geometry": { "type": "Point", "coordinates": [ 1.98179292, 41.28431712 ] } },
{ "type": "Feature", "properties": { "id": "6944e2d8-793b-4c97-a353-6883d99bc8d2", "name": "Luminiq Castelldefels", "taxonomy": "shopping", "confidence": 0.795, "operating_status": null }, "geometry": { "type": "Point", "coordinates": [ 1.98177, 41.28446 ] } },
{ "type": "Feature", "properties": { "id": "cc073a03-fac4-421b-a3ca-632e0dfc02e5", "name": "Masbel Home", "taxonomy": "home_goods_store", "confidence": 0.993, "operating_status": null }, "geometry": { "type": "Point", "coordinates": [ 1.98176358, 41.28444248 ] } },
{ "type": "Feature", "properties": { "id": "264c18a4-3bfb-44c9-a003-612a3b50a279", "name": "Carnisseria Susi", "taxonomy": "butcher_shop", "confidence": 0.961, "operating_status": null }, "geometry": { "type": "Point", "coordinates": [ 1.98182713, 41.28448504 ] } },
{ "type": "Feature", "properties": { "id": "5b364832-9a4e-4c09-8059-375b9ae34790", "name": "Anytime Fitness Castelldefels", "taxonomy": "gym", "confidence": 0.989, "operating_status": null }, "geometry": { "type": "Point", "coordinates": [ 1.982083, 41.2845499 ] } },
{ "type": "Feature", "properties": { "id": "df113b51-cfd5-4c3d-bb6c-f0db87e072d9", "name": "The Popular Llar", "taxonomy": "furniture_store", "confidence": 0.854, "operating_status": null }, "geometry": { "type": "Point", "coordinates": [ 1.98206801, 41.2846781 ] } },
{ "type": "Feature", "properties": { "id": "b94eab17-d61c-47ed-8bb7-0b41eba35e86", "name": "Lavakan Spain", "taxonomy": "animal_or_pet_service", "confidence": 0.724, "operating_status": null }, "geometry": { "type": "Point", "coordinates": [ 1.98189, 41.28482 ] } },
{ "type": "Feature", "properties": { "id": "83633c27-3c5c-46db-a64f-53f89adee45f", "name": "Eco-fels", "taxonomy": "grocery_store", "confidence": 0.834, "operating_status": null }, "geometry": { "type": "Point", "coordinates": [ 1.98189, 41.2848206 ] } },
{ "type": "Feature", "properties": { "id": "e7c777b4-613d-45ef-8e48-c6b0d1036cb4", "name": "Western Union", "taxonomy": "money_transfer_service", "confidence": 0.85, "operating_status": null }, "geometry": { "type": "Point", "coordinates": [ 1.9819384, 41.2848603 ] } },
{ "type": "Feature", "properties": { "id": "bd980d87-a107-4ee9-abaf-23dbe2c6a733", "name": "La Botiga de Cortines", "taxonomy": "linen_store", "confidence": 0.947, "operating_status": null }, "geometry": { "type": "Point", "coordinates": [ 1.98197369, 41.28491493 ] } },
{ "type": "Feature", "properties": { "id": "478664dc-c69e-47b8-80e2-d19fdebd00cb", "name": "Bar Acebo", "taxonomy": "bar", "confidence": 0.993, "operating_status": null }, "geometry": { "type": "Point", "coordinates": [ 1.98245, 41.2848 ] } },
{ "type": "Feature", "properties": { "id": "14f357b1-168a-4395-aa1b-852776831b8e", "name": "Copyfels", "taxonomy": "printing_service", "confidence": 0.975, "operating_status": null }, "geometry": { "type": "Point", "coordinates": [ 1.98228657, 41.284862 ] } },
{ "type": "Feature", "properties": { "id": "cf4cda32-3558-4a93-9f44-492b4e7645c3", "name": "Adeslas Salud", "taxonomy": "insurance_agency", "confidence": 0.742, "operating_status": null }, "geometry": { "type": "Point", "coordinates": [ 1.98241994, 41.28494171 ] } },
{ "type": "Feature", "properties": { "id": "064955da-bbed-4cff-950f-c0a9f1b689d5", "name": "Oficina Atención Comercial SegurCaixa Adeslas", "taxonomy": "health_insurance_office", "confidence": 0.966, "operating_status": null }, "geometry": { "type": "Point", "coordinates": [ 1.98244729, 41.28501347 ] } },
{ "type": "Feature", "properties": { "id": "fa909dec-93fc-42b9-9622-45a60536cec0", "name": "Cafeterìa y Galup", "taxonomy": "cafe", "confidence": 0.902, "operating_status": null }, "geometry": { "type": "Point", "coordinates": [ 1.98278, 41.28504 ] } },
{ "type": "Feature", "properties": { "id": "a9294c2c-290f-493a-83f0-d73aa0081132", "name": "Peluqueria Angel", "taxonomy": "hair_salon", "confidence": 0.939, "operating_status": null }, "geometry": { "type": "Point", "coordinates": [ 1.98179033, 41.28503982 ] } },
{ "type": "Feature", "properties": { "id": "e3e6aea8-51e8-4568-b324-8aee2446ca74", "name": "Gimnàs Alto Impacto", "taxonomy": "gym", "confidence": 0.962, "operating_status": null }, "geometry": { "type": "Point", "coordinates": [ 1.98165416, 41.28510265 ] } },
{ "type": "Feature", "properties": { "id": "18f533e9-d788-4d24-b153-8aefd14aa45e", "name": "Bar Familiar Pvtyclun House", "taxonomy": "bar", "confidence": 0.764, "operating_status": null }, "geometry": { "type": "Point", "coordinates": [ 1.98263525, 41.28524067 ] } },
{ "type": "Feature", "properties": { "id": "5cd3ff6f-fdf2-4f6d-a96f-36ab4f182fa1", "name": "Banco Sabadell", "taxonomy": "bank_or_credit_union", "confidence": 0.97, "operating_status": null }, "geometry": { "type": "Point", "coordinates": [ 1.982495, 41.285441 ] } },
{ "type": "Feature", "properties": { "id": "81228ed1-34d3-4810-83f1-b371f13ac71a", "name": "Plaza Juan XIII", "taxonomy": "park", "confidence": 0.71, "operating_status": null }, "geometry": { "type": "Point", "coordinates": [ 1.9823937, 41.2855644 ] } },
{ "type": "Feature", "properties": { "id": "e70d6af4-570d-4e6c-a579-ccf7149f512c", "name": "Supermercado Spar", "taxonomy": "convenience_store", "confidence": 0.85, "operating_status": null }, "geometry": { "type": "Point", "coordinates": [ 1.9820767, 41.2856379 ] } },
{ "type": "Feature", "properties": { "id": "5993c5c3-1744-4e75-a010-2e46eea8cd10", "name": "Òptica Universitària", "taxonomy": "eyewear_store", "confidence": 1.0, "operating_status": null }, "geometry": { "type": "Point", "coordinates": [ 1.9823876, 41.28575548 ] } },
{ "type": "Feature", "properties": { "id": "bae47e96-8a79-483a-992f-0371762164ec", "name": "Torres Aranda Cb", "taxonomy": "pharmaceutical_products_wholesaler", "confidence": 0.923, "operating_status": null }, "geometry": { "type": "Point", "coordinates": [ 1.98244, 41.28561 ] } },
{ "type": "Feature", "properties": { "id": "3c37ac1e-0c3a-4600-af80-1a9fdd58842e", "name": "Instalaciones Bec Aire Acondicionado", "taxonomy": "hvac_service", "confidence": 0.93, "operating_status": null }, "geometry": { "type": "Point", "coordinates": [ 1.98320139, 41.2855555 ] } },
{ "type": "Feature", "properties": { "id": "baf3d394-2a20-4c45-b078-ef0c858ac14f", "name": "Castelldefels – Avda. Manuel girona,18", "taxonomy": "greengrocer", "confidence": 0.8, "operating_status": null }, "geometry": { "type": "Point", "coordinates": [ 1.983075, 41.285363 ] } },
{ "type": "Feature", "properties": { "id": "bdd72305-f83c-479a-83fc-140524fb0bda", "name": "Artbike", "taxonomy": "bike_store", "confidence": 0.946, "operating_status": null }, "geometry": { "type": "Point", "coordinates": [ 1.98336128, 41.28541676 ] } },
{ "type": "Feature", "properties": { "id": "69e49961-5e15-4e2b-bc80-83d3ddbd5f9d", "name": "Padel Nuestro Castelldefels", "taxonomy": null, "confidence": 0.887, "operating_status": null }, "geometry": { "type": "Point", "coordinates": [ 1.98438, 41.28532 ] } },
{ "type": "Feature", "properties": { "id": "5e863775-904f-44ef-b2df-4c28e1ee82b6", "name": "Alutech Performance", "taxonomy": "home_health_care", "confidence": 0.761, "operating_status": null }, "geometry": { "type": "Point", "coordinates": [ 1.98438, 41.28532 ] } },
{ "type": "Feature", "properties": { "id": "eefe271f-ea96-40e2-8c9a-27c1aa38578a", "name": "Rótulos 45 Grados", "taxonomy": "sign_making", "confidence": 0.899, "operating_status": null }, "geometry": { "type": "Point", "coordinates": [ 1.98436045, 41.28529709 ] } },
{ "type": "Feature", "properties": { "id": "bcbaa575-580b-4741-b43d-73a2d22a0b4c", "name": "Carnisseria Islàmica", "taxonomy": "butcher_shop", "confidence": 0.792, "operating_status": null }, "geometry": { "type": "Point", "coordinates": [ 1.98419722, 41.28530102 ] } },
{ "type": "Feature", "properties": { "id": "a98c3806-9968-415b-b0ba-42a94045d3d2", "name": "Panaderia Mes que bo", "taxonomy": "bakery", "confidence": 0.987, "operating_status": null }, "geometry": { "type": "Point", "coordinates": [ 1.984763, 41.28556419 ] } },
{ "type": "Feature", "properties": { "id": "cb887705-dea7-46ad-a9ce-65bade2b981b", "name": "Farmacia Mallasen Zinsser", "taxonomy": "pharmacy", "confidence": 0.854, "operating_status": null }, "geometry": { "type": "Point", "coordinates": [ 1.98505265, 41.28551648 ] } },
{ "type": "Feature", "properties": { "id": "02e14475-33c0-4e9a-b41b-1783386d9e30", "name": "Speed Bikes", "taxonomy": "motorcycle_dealer", "confidence": 0.77, "operating_status": null }, "geometry": { "type": "Point", "coordinates": [ 1.985209524607616, 41.285248027831599 ] } },
{ "type": "Feature", "properties": { "id": "c2c5cc8f-1ba0-43af-8b4b-ac05486a4a37", "name": "Subministres Sama ", "taxonomy": "electrical_supply_store", "confidence": 0.985, "operating_status": null }, "geometry": { "type": "Point", "coordinates": [ 1.98576, 41.28527 ] } },
{ "type": "Feature", "properties": { "id": "70c53cbe-4aa9-4c37-91c2-ff417f9b5a5a", "name": "Cuerpo & Mente Castelldefels", "taxonomy": "yoga_studio", "confidence": 0.957, "operating_status": null }, "geometry": { "type": "Point", "coordinates": [ 1.98634667, 41.28522582 ] } },
{ "type": "Feature", "properties": { "id": "bf1d27f9-f2ca-4525-b20d-d106f11efe16", "name": "Animal Cross", "taxonomy": "gym", "confidence": 0.964, "operating_status": null }, "geometry": { "type": "Point", "coordinates": [ 1.98636538, 41.28519775 ] } },
{ "type": "Feature", "properties": { "id": "be9b5fcf-fa27-4514-b0b1-f112e6de7c9d", "name": "Fitness19 Castelldefels", "taxonomy": "gym", "confidence": 0.985, "operating_status": null }, "geometry": { "type": "Point", "coordinates": [ 1.98621326, 41.28534215 ] } },
{ "type": "Feature", "properties": { "id": "9ef92652-c6e3-4a16-83b6-0a94d00a1b90", "name": "Brooklyn Fitboxing Castelldefels", "taxonomy": "boxing_class", "confidence": 0.994, "operating_status": null }, "geometry": { "type": "Point", "coordinates": [ 1.98614948, 41.28537863 ] } },
{ "type": "Feature", "properties": { "id": "c32d1457-3942-4015-85b8-7d0a3b701e4d", "name": "Ralarsa", "taxonomy": "auto_glass_service", "confidence": 0.994, "operating_status": null }, "geometry": { "type": "Point", "coordinates": [ 1.986099876188101, 41.285560296498332 ] } },
{ "type": "Feature", "properties": { "id": "57b7579a-7b52-4a5d-904a-21d912eefbdf", "name": "SOUPOR 2002 ", "taxonomy": "excavation_service", "confidence": 0.85, "operating_status": null }, "geometry": { "type": "Point", "coordinates": [ 1.9857317, 41.2854209 ] } },
{ "type": "Feature", "properties": { "id": "24d79d1a-4cf8-4049-948f-8b5a4ab69757", "name": "Polished Car Wash Spa", "taxonomy": "car_wash", "confidence": 0.898, "operating_status": null }, "geometry": { "type": "Point", "coordinates": [ 1.98569012, 41.28551505 ] } },
{ "type": "Feature", "properties": { "id": "4729ba37-5dbf-4f15-b8c3-cfd56a7ea2ed", "name": "Trek Bicycle Castelldefels", "taxonomy": "bike_store", "confidence": 1.0, "operating_status": null }, "geometry": { "type": "Point", "coordinates": [ 1.98608148, 41.28570727 ] } },
{ "type": "Feature", "properties": { "id": "8967ee63-1c99-4252-979f-c728fab3baae", "name": "Hotel Flora Parc", "taxonomy": "hotel", "confidence": 0.998, "operating_status": null }, "geometry": { "type": "Point", "coordinates": [ 1.9864494, 41.28594533 ] } },
{ "type": "Feature", "properties": { "id": "e3c4b530-5a8d-4b93-9b1a-f7ed64a215e1", "name": "Stata Factory", "taxonomy": "bakery", "confidence": 0.948, "operating_status": null }, "geometry": { "type": "Point", "coordinates": [ 1.98538544, 41.28624225 ] } },
{ "type": "Feature", "properties": { "id": "79e56545-4094-4d6d-b23f-d7b4a30adf3b", "name": "Seguros Ocaso", "taxonomy": "b2b_service", "confidence": 0.85, "operating_status": null }, "geometry": { "type": "Point", "coordinates": [ 1.9851319, 41.2861889 ] } },
{ "type": "Feature", "properties": { "id": "46281bb8-a1e0-4ed7-a93c-5d50500ed52f", "name": "El Cisne", "taxonomy": "dry_cleaning", "confidence": 0.842, "operating_status": null }, "geometry": { "type": "Point", "coordinates": [ 1.9854181, 41.28605497 ] } },
{ "type": "Feature", "properties": { "id": "762db972-d8c0-4c26-93ef-e12546eb4bb6", "name": "Tio Bigotes", "taxonomy": "argentine_restaurant", "confidence": 0.989, "operating_status": null }, "geometry": { "type": "Point", "coordinates": [ 1.98666668, 41.28626657 ] } },
{ "type": "Feature", "properties": { "id": "fcf9ccae-8d9c-45a5-9f18-1124552b02f2", "name": "Condis Express", "taxonomy": "grocery_store", "confidence": 0.85, "operating_status": null }, "geometry": { "type": "Point", "coordinates": [ 1.9860738, 41.2865097 ] } },
{ "type": "Feature", "properties": { "id": "5a267e5b-979e-47e6-bcbd-7f19d418ee3c", "name": "Sparta & Tizona Fight Club", "taxonomy": "martial_arts_club", "confidence": 0.975, "operating_status": null }, "geometry": { "type": "Point", "coordinates": [ 1.98666656, 41.2865799 ] } },
{ "type": "Feature", "properties": { "id": "a4c2f3a7-4c32-439e-952f-9d88d5ef9e3c", "name": "Centro Kumon Castelldefels - Centre", "taxonomy": "after_school_program", "confidence": 0.85, "operating_status": null }, "geometry": { "type": "Point", "coordinates": [ 1.986078, 41.286715 ] } },
{ "type": "Feature", "properties": { "id": "99ef5df3-526d-4d31-b428-d4eee56f85e1", "name": "Espai Bike", "taxonomy": "bike_store", "confidence": 0.977, "operating_status": null }, "geometry": { "type": "Point", "coordinates": [ 1.98669068, 41.28675518 ] } },
{ "type": "Feature", "properties": { "id": "cd26904d-60be-4753-a59b-28137d7fb349", "name": "L'estoneta Castelldefels", "taxonomy": "day_care_preschool", "confidence": 0.958, "operating_status": null }, "geometry": { "type": "Point", "coordinates": [ 1.982955, 41.286735 ] } },
{ "type": "Feature", "properties": { "id": "9a3e95b8-9596-4541-bdfc-df660e63fb17", "name": "Acontrapel", "taxonomy": "spa", "confidence": 0.787, "operating_status": null }, "geometry": { "type": "Point", "coordinates": [ 1.98371349, 41.28656395 ] } },
{ "type": "Feature", "properties": { "id": "f133e0d3-30ee-4824-9096-059e445142c6", "name": "SUALA Arquitectura", "taxonomy": "architect", "confidence": 0.85, "operating_status": null }, "geometry": { "type": "Point", "coordinates": [ 1.9825904, 41.2862928 ] } },
{ "type": "Feature", "properties": { "id": "4ab753db-2720-42f3-981c-5fd2f3b4a8fc", "name": "Supermercats Sorli", "taxonomy": "grocery_store", "confidence": 0.907, "operating_status": null }, "geometry": { "type": "Point", "coordinates": [ 1.98228714, 41.28618397 ] } },
{ "type": "Feature", "properties": { "id": "475aa654-f2fa-494e-ae81-9f43d689a9f1", "name": "Inmobiliaria Mundopiso Castelldefels", "taxonomy": "real_estate_agent", "confidence": 0.77, "operating_status": null }, "geometry": { "type": "Point", "coordinates": [ 1.982188788826295, 41.286106578079462 ] } },
{ "type": "Feature", "properties": { "id": "f15ba89f-e7d7-4462-82c8-872b95f9e365", "name": "Mundopiso Castelldefels", "taxonomy": "real_estate_service", "confidence": 0.996, "operating_status": null }, "geometry": { "type": "Point", "coordinates": [ 1.98210155, 41.28608543 ] } },
{ "type": "Feature", "properties": { "id": "9d120b5b-0e21-48b8-8937-c85698930f27", "name": "Luckia Café", "taxonomy": "sports_bar", "confidence": 0.908, "operating_status": null }, "geometry": { "type": "Point", "coordinates": [ 1.98171226, 41.28599273 ] } },
{ "type": "Feature", "properties": { "id": "4f5cdf33-6894-45db-b50e-98986dea5ccf", "name": "Centre d'Estètica Eva Garín", "taxonomy": "beauty_salon", "confidence": 0.976, "operating_status": null }, "geometry": { "type": "Point", "coordinates": [ 1.98227833, 41.28650169 ] } },
{ "type": "Feature", "properties": { "id": "6ee1b5a5-4e23-45ec-b0b6-ae81bb19a8f8", "name": "Sector Montserratina", "taxonomy": "sports_and_recreation", "confidence": 0.83, "operating_status": null }, "geometry": { "type": "Point", "coordinates": [ 1.982577566670032, 41.286479450514541 ] } },
{ "type": "Feature", "properties": { "id": "a9ec9cc9-fbeb-40b9-8675-155d0944db4b", "name": "SuperPulsera", "taxonomy": "t_shirt_printing_service", "confidence": 0.909, "operating_status": null }, "geometry": { "type": "Point", "coordinates": [ 1.98243866, 41.28642567 ] } },
{ "type": "Feature", "properties": { "id": "fd41dd6c-7e16-47ad-95c8-91ef4d16c4d1", "name": "Clineva", "taxonomy": "naturopathic_medicine", "confidence": 0.899, "operating_status": null }, "geometry": { "type": "Point", "coordinates": [ 1.98235022, 41.28654537 ] } },
{ "type": "Feature", "properties": { "id": "c57da0cc-fe4e-41c7-94b8-a7071fd74df9", "name": "Danes Gym", "taxonomy": "gym", "confidence": 0.955, "operating_status": null }, "geometry": { "type": "Point", "coordinates": [ 1.982609629, 41.286770618 ] } },
{ "type": "Feature", "properties": { "id": "0ab0628e-833c-4e53-b34b-49ae6f51cedd", "name": "Forn de Pa i Pastissería Martina", "taxonomy": "bakery", "confidence": 0.922, "operating_status": null }, "geometry": { "type": "Point", "coordinates": [ 1.98146, 41.28664 ] } },
{ "type": "Feature", "properties": { "id": "a8bb72ba-fb36-435e-9c9d-493776813225", "name": "Restaurante-Bar Su Casa", "taxonomy": "bar", "confidence": 0.764, "operating_status": null }, "geometry": { "type": "Point", "coordinates": [ 1.9815141318758, 41.286708083712 ] } },
{ "type": "Feature", "properties": { "id": "98a07388-0e28-4a8e-af0a-16955fbb7758", "name": "La Coquette salon", "taxonomy": "hair_salon", "confidence": 0.99, "operating_status": null }, "geometry": { "type": "Point", "coordinates": [ 1.98134112, 41.28648163 ] } },
{ "type": "Feature", "properties": { "id": "72521b56-21a3-4acb-af03-5582d1f860a1", "name": "Mugendo Castelldefels", "taxonomy": "martial_arts_club", "confidence": 0.954, "operating_status": null }, "geometry": { "type": "Point", "coordinates": [ 1.98117, 41.28651 ] } },
{ "type": "Feature", "properties": { "id": "cfc8ab5f-3dfc-4217-a5cc-1b4f94b7f54b", "name": "Geminis Saló peluquería", "taxonomy": "hair_salon", "confidence": 0.975, "operating_status": null }, "geometry": { "type": "Point", "coordinates": [ 1.98071924, 41.28642235 ] } },
{ "type": "Feature", "properties": { "id": "7b1d5762-c0cb-4798-9b70-7f005795ef8a", "name": "Casa Peñafiel", "taxonomy": "food_and_beverage_store", "confidence": 0.886, "operating_status": null }, "geometry": { "type": "Point", "coordinates": [ 1.98071326, 41.28641837 ] } },
{ "type": "Feature", "properties": { "id": "85f3aa32-7043-48d2-bed2-50aea586c500", "name": "Home Pizza", "taxonomy": "pizza_restaurant", "confidence": 0.96, "operating_status": null }, "geometry": { "type": "Point", "coordinates": [ 1.98068993, 41.28667872 ] } },
{ "type": "Feature", "properties": { "id": "52204733-e5c0-47c3-9543-126995bc29d6", "name": "Bar La Parrilla", "taxonomy": "pub", "confidence": 0.782, "operating_status": null }, "geometry": { "type": "Point", "coordinates": [ 1.97949, 41.28632 ] } },
{ "type": "Feature", "properties": { "id": "e5b3b17c-02b1-46ef-85dd-408777679b18", "name": "Tot Styl", "taxonomy": "beauty_salon", "confidence": 0.904, "operating_status": null }, "geometry": { "type": "Point", "coordinates": [ 1.97971338, 41.28619801 ] } },
{ "type": "Feature", "properties": { "id": "23cfb6cb-b75c-4ed0-b732-1f338da64c84", "name": "ViancoEdifica", "taxonomy": "real_estate_agent", "confidence": 0.715, "operating_status": null }, "geometry": { "type": "Point", "coordinates": [ 1.979837498859048, 41.286170135821536 ] } },
{ "type": "Feature", "properties": { "id": "bd85d3e0-fd08-4c36-ad43-fc0971efda65", "name": "Centre Veterinari El Castell", "taxonomy": "veterinarian", "confidence": 0.929, "operating_status": null }, "geometry": { "type": "Point", "coordinates": [ 1.98007023, 41.28605683 ] } },
{ "type": "Feature", "properties": { "id": "3ee35c90-68ca-4e75-8df3-01e95dcbb67a", "name": "El Tap Gastrobar", "taxonomy": "tapas_bar", "confidence": 0.993, "operating_status": null }, "geometry": { "type": "Point", "coordinates": [ 1.98089433, 41.28607333 ] } },
{ "type": "Feature", "properties": { "id": "801b47d4-b9ab-435e-9a0a-01b5a90b402f", "name": "Sandwicheria Classic", "taxonomy": "sandwich_shop", "confidence": 0.945, "operating_status": null }, "geometry": { "type": "Point", "coordinates": [ 1.9809444, 41.28614467 ] } },
{ "type": "Feature", "properties": { "id": "94280e3f-7f1c-446b-a589-939c252fec82", "name": "Taxis Castelldefels", "taxonomy": "taxi_service", "confidence": 0.85, "operating_status": null }, "geometry": { "type": "Point", "coordinates": [ 1.9806723, 41.2863491 ] } },
{ "type": "Feature", "properties": { "id": "43d1e7a7-53b3-4d5d-81e2-03dd570091a2", "name": "Luckia Slots Apuestas", "taxonomy": "casino", "confidence": 0.966, "operating_status": null }, "geometry": { "type": "Point", "coordinates": [ 1.9815815, 41.2860988 ] } },
{ "type": "Feature", "properties": { "id": "d586e73d-b148-489d-9006-31d5067f0663", "name": "PizzatiSù", "taxonomy": "pizza_restaurant", "confidence": 0.747, "operating_status": null }, "geometry": { "type": "Point", "coordinates": [ 1.9810044765472, 41.285997892170002 ] } },
{ "type": "Feature", "properties": { "id": "eff49386-8415-44f7-9507-675f7168e90c", "name": "B travel", "taxonomy": "travel_service", "confidence": 0.908, "operating_status": null }, "geometry": { "type": "Point", "coordinates": [ 1.98140418, 41.28588187 ] } },
{ "type": "Feature", "properties": { "id": "ae5fd1ae-27f9-41fb-88d0-2c9df073c038", "name": "Autoescola Novel", "taxonomy": "driving_school", "confidence": 0.959, "operating_status": null }, "geometry": { "type": "Point", "coordinates": [ 1.9810301, 41.2859212 ] } },
{ "type": "Feature", "properties": { "id": "c01a2d98-dadf-4ffa-a192-de3c8d7a7a13", "name": "BBVA", "taxonomy": "bank_or_credit_union", "confidence": 0.85, "operating_status": null }, "geometry": { "type": "Point", "coordinates": [ 1.9807785, 41.2859775 ] } },
{ "type": "Feature", "properties": { "id": "057e87e6-fd19-49ce-9566-590793f6c75a", "name": "Divas Estilistas", "taxonomy": "beauty_salon", "confidence": 0.729, "operating_status": null }, "geometry": { "type": "Point", "coordinates": [ 1.98116128, 41.28549561 ] } },
{ "type": "Feature", "properties": { "id": "fb1d3873-a145-44a1-94d2-c6a9d0036a87", "name": "Jijonenca MASIÁ Castelldefels-Pueblo", "taxonomy": "ice_cream_shop", "confidence": 0.767, "operating_status": null }, "geometry": { "type": "Point", "coordinates": [ 1.9811868667603, 41.285514175179003 ] } },
{ "type": "Feature", "properties": { "id": "b0c79e23-1663-43b8-b861-df6cb9415525", "name": "Pizza PEM", "taxonomy": "pizza_restaurant", "confidence": 0.845, "operating_status": null }, "geometry": { "type": "Point", "coordinates": [ 1.981204849988091, 41.285431350001289 ] } },
{ "type": "Feature", "properties": { "id": "98dc0814-5062-4a6b-a6be-020ea3c81f71", "name": "El Rincon Andaluz de Castelldefels", "taxonomy": "arts_and_entertainment", "confidence": 0.711, "operating_status": null }, "geometry": { "type": "Point", "coordinates": [ 1.98124, 41.28541 ] } },
{ "type": "Feature", "properties": { "id": "eabf6023-338a-4005-8a40-71d62087fc65", "name": "Aire Casa", "taxonomy": "building_supply_store", "confidence": 0.77, "operating_status": null }, "geometry": { "type": "Point", "coordinates": [ 1.9814619, 41.2853808 ] } },
{ "type": "Feature", "properties": { "id": "ceda5822-5642-4b02-9c33-e41717a0f4fb", "name": "Confixled", "taxonomy": "lighting_store", "confidence": 0.845, "operating_status": null }, "geometry": { "type": "Point", "coordinates": [ 1.98137437, 41.28533029 ] } },
{ "type": "Feature", "properties": { "id": "0f195df2-6f9c-43ae-b5d7-da46c19dd887", "name": "Merceria Nuri", "taxonomy": "arts_crafts_and_hobby_store", "confidence": 0.988, "operating_status": null }, "geometry": { "type": "Point", "coordinates": [ 1.98142933, 41.28526229 ] } },
{ "type": "Feature", "properties": { "id": "ea5260c6-192c-40eb-aa60-5a56185e5537", "name": "Restaurante Bar Almería", "taxonomy": "bar_and_grill_restaurant", "confidence": 0.923, "operating_status": null }, "geometry": { "type": "Point", "coordinates": [ 1.98155239, 41.28518337 ] } },
{ "type": "Feature", "properties": { "id": "4fb0d45a-ec8e-461b-bffe-1682b80150be", "name": "Club Petanca Castillo", "taxonomy": "sport_or_fitness_facility", "confidence": 0.806, "operating_status": null }, "geometry": { "type": "Point", "coordinates": [ 1.980259, 41.285403 ] } },
{ "type": "Feature", "properties": { "id": "e4db28e4-cfde-4cda-a0f7-22899bbe2eb6", "name": "Caseta de petardos CM Castelldefels Marañon", "taxonomy": null, "confidence": 0.85, "operating_status": null }, "geometry": { "type": "Point", "coordinates": [ 1.980311, 41.285377 ] } },
{ "type": "Feature", "properties": { "id": "9f67e4e4-2393-41e8-ac9c-f9a836ef5b6e", "name": "Centre Cívic Frederic Mompou", "taxonomy": "printing_service", "confidence": 0.975, "operating_status": null }, "geometry": { "type": "Point", "coordinates": [ 1.97993473, 41.28518655 ] } },
{ "type": "Feature", "properties": { "id": "55a5b5af-0e85-4baf-b2bc-ea6681ed2961", "name": "Jacint Verdaguer School", "taxonomy": "school", "confidence": 0.978, "operating_status": null }, "geometry": { "type": "Point", "coordinates": [ 1.97924935, 41.28535608 ] } },
{ "type": "Feature", "properties": { "id": "ed3769d5-5a41-4dbb-9a32-8df1b7706e44", "name": "La crem castelldefels", "taxonomy": "cafe", "confidence": 0.712, "operating_status": null }, "geometry": { "type": "Point", "coordinates": [ 1.979153120001595, 41.28562026164569 ] } },
{ "type": "Feature", "properties": { "id": "21812941-825a-4c62-830f-e1974630ba57", "name": "Perruqueria 52", "taxonomy": "hair_salon", "confidence": 0.969, "operating_status": null }, "geometry": { "type": "Point", "coordinates": [ 1.97973165, 41.2857355 ] } },
{ "type": "Feature", "properties": { "id": "d03eef6a-72a9-4c9b-913d-92f4a74092a6", "name": "Reparacion moviles", "taxonomy": "mobile_phone_store", "confidence": 0.981, "operating_status": null }, "geometry": { "type": "Point", "coordinates": [ 1.98018353, 41.28579379 ] } },
{ "type": "Feature", "properties": { "id": "bbd0fe0f-98a9-44a6-8998-8d7180c244ed", "name": "Floristeria el Castell", "taxonomy": "flowers_and_gifts_store", "confidence": 0.952, "operating_status": null }, "geometry": { "type": "Point", "coordinates": [ 1.98018603, 41.28579189 ] } },
{ "type": "Feature", "properties": { "id": "4320a1fa-20a9-4e9d-826d-de5efcb2eeb9", "name": "Western Union", "taxonomy": "money_transfer_service", "confidence": 0.85, "operating_status": null }, "geometry": { "type": "Point", "coordinates": [ 1.9802509, 41.2857993 ] } },
{ "type": "Feature", "properties": { "id": "2245441a-e7fd-4281-a0d5-489d52c14207", "name": "Durece - Duplicado de Llaves y Mandos de vehículos", "taxonomy": "key_and_locksmith", "confidence": 0.77, "operating_status": null }, "geometry": { "type": "Point", "coordinates": [ 1.980108618736267, 41.28592936581461 ] } },
{ "type": "Feature", "properties": { "id": "c6187c58-d6ae-4007-a87b-81af4a7363a6", "name": "Look star", "taxonomy": "barber", "confidence": 0.731, "operating_status": null }, "geometry": { "type": "Point", "coordinates": [ 1.9791803444402, 41.285906366673998 ] } },
{ "type": "Feature", "properties": { "id": "4e331f6a-277c-4a70-a916-a060acb4748d", "name": "Consuprint", "taxonomy": "it_service_and_computer_repair", "confidence": 0.77, "operating_status": null }, "geometry": { "type": "Point", "coordinates": [ 1.97822767677194, 41.285692349982234 ] } },
{ "type": "Feature", "properties": { "id": "73c45a33-33fa-4f16-b87a-8b8c2fb97bbf", "name": "Frankfurt 22", "taxonomy": "bar", "confidence": 0.939, "operating_status": null }, "geometry": { "type": "Point", "coordinates": [ 1.97884564, 41.28549709 ] } },
{ "type": "Feature", "properties": { "id": "8b3293b5-2be5-4924-86c1-66c8fc306e49", "name": "Pisogar", "taxonomy": "real_estate_agent", "confidence": 0.801, "operating_status": null }, "geometry": { "type": "Point", "coordinates": [ 1.97816, 41.2853584 ] } },
{ "type": "Feature", "properties": { "id": "01628fee-3ecc-4f03-8a14-1d81b38be70d", "name": "Spa organic salud capilar", "taxonomy": null, "confidence": 0.85, "operating_status": null }, "geometry": { "type": "Point", "coordinates": [ 1.97808, 41.28542 ] } },
{ "type": "Feature", "properties": { "id": "69a209f7-9ac8-4986-b2d8-8919ae217766", "name": "Circuito Lady Golf", "taxonomy": "sports_and_recreation", "confidence": 0.782, "operating_status": null }, "geometry": { "type": "Point", "coordinates": [ 1.97826, 41.28545 ] } },
{ "type": "Feature", "properties": { "id": "d6f110d2-636b-4137-aa22-a9372016e028", "name": "TaxiCastelldefels.net", "taxonomy": "taxi_service", "confidence": 0.85, "operating_status": null }, "geometry": { "type": "Point", "coordinates": [ 1.977371, 41.2856284 ] } },
{ "type": "Feature", "properties": { "id": "e2c7c418-a8f8-46f4-8ef7-283e5c2a6d6c", "name": "Iglesia Evanglica", "taxonomy": "protestant_place_of_worship", "confidence": 0.902, "operating_status": null }, "geometry": { "type": "Point", "coordinates": [ 1.97757815, 41.28618385 ] } },
{ "type": "Feature", "properties": { "id": "b59e6e24-7987-485b-83c4-3710e22ee312", "name": "Bizcochos Uruguayos Castelldefels", "taxonomy": "bakery", "confidence": 0.905, "operating_status": null }, "geometry": { "type": "Point", "coordinates": [ 1.978932, 41.286131 ] } },
{ "type": "Feature", "properties": { "id": "6d0181ad-dbb4-4c9d-8758-7ba7d83f9d59", "name": "Dejavu Castelldefels", "taxonomy": "bar", "confidence": 0.742, "operating_status": null }, "geometry": { "type": "Point", "coordinates": [ 1.9789385, 41.2862155 ] } },
{ "type": "Feature", "properties": { "id": "852922b5-6075-4801-a110-3eb93237d128", "name": "Salón de belleza Mechas Barcelona", "taxonomy": "beauty_salon", "confidence": 0.914, "operating_status": null }, "geometry": { "type": "Point", "coordinates": [ 1.9789357850037, 41.286369485004002 ] } },
{ "type": "Feature", "properties": { "id": "d722d8d2-f05d-44f8-9c9e-a17e74ae2b26", "name": "Bar Algarrobo", "taxonomy": "tapas_bar", "confidence": 0.823, "operating_status": null }, "geometry": { "type": "Point", "coordinates": [ 1.97876364, 41.2863403 ] } },
{ "type": "Feature", "properties": { "id": "52bfea02-b988-4e11-9173-3fea1fd6dc78", "name": "JS Clinic", "taxonomy": "general_dentistry", "confidence": 0.752, "operating_status": null }, "geometry": { "type": "Point", "coordinates": [ 1.97831, 41.28652 ] } },
{ "type": "Feature", "properties": { "id": "3176bd7d-8771-4d5d-876e-448e526d4f37", "name": "Clinica Dental Olver", "taxonomy": "dental_clinic", "confidence": 0.831, "operating_status": null }, "geometry": { "type": "Point", "coordinates": [ 1.97831, 41.28652 ] } },
{ "type": "Feature", "properties": { "id": "3ae82a8c-e658-4eb3-8a08-c785065876d1", "name": "Clarel", "taxonomy": "beauty_supply_store", "confidence": 0.728, "operating_status": null }, "geometry": { "type": "Point", "coordinates": [ 1.97846837, 41.28647594 ] } },
{ "type": "Feature", "properties": { "id": "0771e521-a8b2-4b76-bc3d-5b7a4e396042", "name": "Construcciones En Madera y Decoracion Munoz", "taxonomy": "carpenter", "confidence": 0.761, "operating_status": null }, "geometry": { "type": "Point", "coordinates": [ 1.97725476, 41.286646 ] } },
{ "type": "Feature", "properties": { "id": "88d680e2-ee8c-4145-9831-81d1a4e3e38a", "name": "Minerva Esports", "taxonomy": "sporting_goods_store", "confidence": 0.987, "operating_status": null }, "geometry": { "type": "Point", "coordinates": [ 1.97862278, 41.28702913 ] } },
{ "type": "Feature", "properties": { "id": "61a8d3ad-3a63-4e6f-9873-7271bf8e08d6", "name": "Paranoia Studio", "taxonomy": "performing_arts_venue", "confidence": 0.883, "operating_status": null }, "geometry": { "type": "Point", "coordinates": [ 1.9787001, 41.28698129 ] } },
{ "type": "Feature", "properties": { "id": "54775ab6-f303-4a0d-a816-80760d9298aa", "name": "Condis", "taxonomy": "grocery_store", "confidence": 0.954, "operating_status": null }, "geometry": { "type": "Point", "coordinates": [ 1.978343, 41.287136 ] } },
{ "type": "Feature", "properties": { "id": "1ced3386-9939-4de0-96f8-a035b2a81051", "name": "La Casa dels Infants Can Vinader", "taxonomy": "education", "confidence": 0.898, "operating_status": null }, "geometry": { "type": "Point", "coordinates": [ 1.9779788, 41.28741043 ] } },
{ "type": "Feature", "properties": { "id": "b8d95fba-b5ab-4e60-ae48-f7dffc1a0a58", "name": "UD Vista Alegre", "taxonomy": "amateur_sport_team", "confidence": 0.973, "operating_status": null }, "geometry": { "type": "Point", "coordinates": [ 1.97773, 41.28757 ] } },
{ "type": "Feature", "properties": { "id": "db30d7a5-3ef7-4683-a3f2-753983889dcb", "name": "Pavelló Municipal Can Vinader", "taxonomy": "basketball_court", "confidence": 0.77, "operating_status": null }, "geometry": { "type": "Point", "coordinates": [ 1.976861712237706, 41.287602199139691 ] } },
{ "type": "Feature", "properties": { "id": "c8fcfe80-323d-4831-bf1b-3592cae73d41", "name": "Centre Mèdic Can Vinader", "taxonomy": "outpatient_care_facility", "confidence": 0.971, "operating_status": null }, "geometry": { "type": "Point", "coordinates": [ 1.97686852, 41.28774046 ] } },
{ "type": "Feature", "properties": { "id": "96ce1a27-3679-456c-bb35-537a0e7ced52", "name": "Castillejo Schlegl & Jiménez Schlegl", "taxonomy": null, "confidence": 0.85, "operating_status": null }, "geometry": { "type": "Point", "coordinates": [ 1.976938772, 41.287840468 ] } },
{ "type": "Feature", "properties": { "id": "b60843cc-0b38-417e-9643-31fe8e030539", "name": "Mi pelu castelldefels", "taxonomy": "hair_salon", "confidence": 0.727, "operating_status": null }, "geometry": { "type": "Point", "coordinates": [ 1.9790726, 41.28826908 ] } },
{ "type": "Feature", "properties": { "id": "9ce6a8ec-11cb-4865-918b-b59a654f6dca", "name": "Rostisseria Ca la Nany", "taxonomy": "bar", "confidence": 0.888, "operating_status": null }, "geometry": { "type": "Point", "coordinates": [ 1.98002505, 41.28798126 ] } },
{ "type": "Feature", "properties": { "id": "ee67678e-1737-430b-9dbd-47cb754521aa", "name": "Motos Cerpa Castelldefels", "taxonomy": "auto_parts_store", "confidence": 0.85, "operating_status": null }, "geometry": { "type": "Point", "coordinates": [ 1.98008414, 41.28794635 ] } },
{ "type": "Feature", "properties": { "id": "974e02a9-0576-47e2-86cf-476684c050ee", "name": "Vista Alegre Supermercat", "taxonomy": "grocery_store", "confidence": 0.822, "operating_status": null }, "geometry": { "type": "Point", "coordinates": [ 1.98030006, 41.28806664 ] } },
{ "type": "Feature", "properties": { "id": "58ced823-79a0-4af9-afdb-02d1a0d40c83", "name": "Transportes Peña", "taxonomy": null, "confidence": 0.966, "operating_status": null }, "geometry": { "type": "Point", "coordinates": [ 1.9799911, 41.2880228 ] } },
{ "type": "Feature", "properties": { "id": "4dc4efc1-e50b-4457-8190-9a4ebcdf15d8", "name": "10000 Records", "taxonomy": "music_and_dvd_store", "confidence": 0.952, "operating_status": null }, "geometry": { "type": "Point", "coordinates": [ 1.9814806, 41.28800101 ] } },
{ "type": "Feature", "properties": { "id": "d4ccf5e3-29fe-484d-9dd0-8beaabd5619f", "name": "Eximia Studio - Agencia Marketing Digital Excepcional", "taxonomy": "marketing_agency", "confidence": 0.985, "operating_status": null }, "geometry": { "type": "Point", "coordinates": [ 1.98161325, 41.2879043 ] } },
{ "type": "Feature", "properties": { "id": "aac5ea2a-b3b6-448a-b4aa-adf50156b94d", "name": "Instalaciones Cubero", "taxonomy": "metal_fabricator", "confidence": 0.945, "operating_status": null }, "geometry": { "type": "Point", "coordinates": [ 1.98059084, 41.28745569 ] } },
{ "type": "Feature", "properties": { "id": "d6b55cd3-0d53-42bc-8d65-d1475d287ebd", "name": "Església de Nostra Senyora de Montserrat", "taxonomy": "roman_catholic_place_of_worship", "confidence": 0.733, "operating_status": null }, "geometry": { "type": "Point", "coordinates": [ 1.97986463, 41.28722006 ] } },
{ "type": "Feature", "properties": { "id": "1b4f1a53-8e45-497a-a5cc-7f47b61f5241", "name": "Danzarte Asociacion Cultural Sueño Andaluz", "taxonomy": "dance_studio", "confidence": 0.975, "operating_status": null }, "geometry": { "type": "Point", "coordinates": [ 1.98110322, 41.28688682 ] } },
{ "type": "Feature", "properties": { "id": "fac6d2df-b685-4925-b713-4d2a7deac64c", "name": "Paradisfels", "taxonomy": "hardware_store", "confidence": 0.77, "operating_status": null }, "geometry": { "type": "Point", "coordinates": [ 1.982720408741913, 41.286864909384107 ] } },
{ "type": "Feature", "properties": { "id": "47e25f0e-393e-4cf0-8b4c-01d7045ab597", "name": "Centre de Dia Centre Avis", "taxonomy": "senior_citizen_service", "confidence": 0.746, "operating_status": null }, "geometry": { "type": "Point", "coordinates": [ 1.98258364, 41.2869422 ] } },
{ "type": "Feature", "properties": { "id": "b2b06003-27f1-4d24-82dc-c187dc4735b3", "name": "Dolça il.Lusió", "taxonomy": "candy_store", "confidence": 0.924, "operating_status": null }, "geometry": { "type": "Point", "coordinates": [ 1.98303643, 41.28687903 ] } },
{ "type": "Feature", "properties": { "id": "0a356288-b2f4-4313-b89e-ad324d9eb69f", "name": "Ardi Proyectos", "taxonomy": "architectural_designer", "confidence": 0.713, "operating_status": null }, "geometry": { "type": "Point", "coordinates": [ 1.98347325, 41.28685411 ] } },
{ "type": "Feature", "properties": { "id": "28ffa29c-3a12-42c3-a70d-ee8ed0c7a822", "name": "Autolavado Boxes Ginel", "taxonomy": "car_wash", "confidence": 0.915, "operating_status": null }, "geometry": { "type": "Point", "coordinates": [ 1.98542512, 41.28698965 ] } },
{ "type": "Feature", "properties": { "id": "1c495d05-f2a1-435d-b7ee-d1a3dbdf8c3a", "name": "Olimpia Training Lab", "taxonomy": "fitness_trainer", "confidence": 0.914, "operating_status": null }, "geometry": { "type": "Point", "coordinates": [ 1.98622728, 41.28693373 ] } },
{ "type": "Feature", "properties": { "id": "639f2d9f-a621-47a1-b8eb-cfc88234aeb7", "name": "Motopunt Castelldefels", "taxonomy": "motorcycle_repair", "confidence": 0.982, "operating_status": null }, "geometry": { "type": "Point", "coordinates": [ 1.98651692, 41.28692142 ] } },
{ "type": "Feature", "properties": { "id": "c1ef02c7-85ff-43a9-ad2d-ae77b847d5e4", "name": "Sandra Rostisseria", "taxonomy": "restaurant", "confidence": 0.979, "operating_status": null }, "geometry": { "type": "Point", "coordinates": [ 1.98639649, 41.28701395 ] } },
{ "type": "Feature", "properties": { "id": "df43718d-39b0-45df-8251-2288b407167d", "name": "Armari Solucio", "taxonomy": "contractor", "confidence": 0.942, "operating_status": null }, "geometry": { "type": "Point", "coordinates": [ 1.98627336, 41.28695192 ] } },
{ "type": "Feature", "properties": { "id": "c8ab4744-4b94-40d7-ad44-0c61ce82b147", "name": "Clínica Podológica La Huella", "taxonomy": "podiatry", "confidence": 0.904, "operating_status": null }, "geometry": { "type": "Point", "coordinates": [ 1.98634259, 41.28710965 ] } },
{ "type": "Feature", "properties": { "id": "31deeed4-1f77-4e4c-8085-73cd3765c321", "name": "Boccardi Abogados", "taxonomy": "attorney_or_law_firm", "confidence": 0.728, "operating_status": null }, "geometry": { "type": "Point", "coordinates": [ 1.98643189, 41.28718232 ] } },
{ "type": "Feature", "properties": { "id": "da91628a-b4d0-4dbc-81b1-ae803b1f0931", "name": "Supermercats Charter", "taxonomy": "grocery_store", "confidence": 0.999, "operating_status": null }, "geometry": { "type": "Point", "coordinates": [ 1.985959, 41.287059 ] } },
{ "type": "Feature", "properties": { "id": "502d3728-3467-4219-8c9e-a7746459eaab", "name": "Centre de Normalització Lingüística Eramprunyà", "taxonomy": "language_school", "confidence": 0.85, "operating_status": null }, "geometry": { "type": "Point", "coordinates": [ 1.9857733, 41.2872638 ] } },
{ "type": "Feature", "properties": { "id": "e3a4492c-fbcd-454d-987e-f7011811c580", "name": "Team Villeroy BCN", "taxonomy": "gymnastics_center", "confidence": 0.997, "operating_status": null }, "geometry": { "type": "Point", "coordinates": [ 1.98609147, 41.2873029 ] } },
{ "type": "Feature", "properties": { "id": "ce93ad58-5b1e-40ca-b131-a1713010d843", "name": "Estética Teresa Buera", "taxonomy": "beauty_salon", "confidence": 0.941, "operating_status": null }, "geometry": { "type": "Point", "coordinates": [ 1.98613417, 41.28758305 ] } },
{ "type": "Feature", "properties": { "id": "56c86259-43e0-403f-9e4b-e1ef242945aa", "name": "Espai Canyars", "taxonomy": "cafe", "confidence": 0.717, "operating_status": null }, "geometry": { "type": "Point", "coordinates": [ 1.9850616, 41.287816 ] } },
{ "type": "Feature", "properties": { "id": "74a1c95e-8217-4718-b72d-cf6f755e389b", "name": "Nopor Burgers", "taxonomy": "burger_restaurant", "confidence": 0.907, "operating_status": null }, "geometry": { "type": "Point", "coordinates": [ 1.98637769, 41.2877094 ] } },
{ "type": "Feature", "properties": { "id": "ae437c59-9f35-4442-b32a-414dc6a96e9b", "name": "Kilkenny Learning Centre", "taxonomy": "language_school", "confidence": 0.978, "operating_status": null }, "geometry": { "type": "Point", "coordinates": [ 1.98665946, 41.28799659 ] } },
{ "type": "Feature", "properties": { "id": "96f1111c-effe-429d-8bc2-e037646ba87b", "name": "Parc dels Xiprers", "taxonomy": "park", "confidence": 0.703, "operating_status": null }, "geometry": { "type": "Point", "coordinates": [ 1.98594409, 41.28805247 ] } },
{ "type": "Feature", "properties": { "id": "83a3f443-1f70-4cea-9d16-7c525383ea0e", "name": "Rikoos Castelldefels", "taxonomy": "cafe", "confidence": 0.982, "operating_status": null }, "geometry": { "type": "Point", "coordinates": [ 1.9848990440369, 41.288384176846002 ] } },
{ "type": "Feature", "properties": { "id": "dc3b22ee-ab74-476a-8ab7-91b3120d04c2", "name": "Boatwide", "taxonomy": null, "confidence": 0.77, "operating_status": null }, "geometry": { "type": "Point", "coordinates": [ 1.98164957995965, 41.287869473909339 ] } },
{ "type": "Feature", "properties": { "id": "89acba95-1832-482f-be00-414eab3bcf86", "name": "Guardería Pessigolles", "taxonomy": "day_care_preschool", "confidence": 0.952, "operating_status": null }, "geometry": { "type": "Point", "coordinates": [ 1.98215501, 41.28809378 ] } },
{ "type": "Feature", "properties": { "id": "c84e8f4d-6af4-4eca-abdc-aae7fa6b9ade", "name": "Restaurante las delicias castelldefels", "taxonomy": "spanish_restaurant", "confidence": 0.982, "operating_status": null }, "geometry": { "type": "Point", "coordinates": [ 1.98214187, 41.28907246 ] } },
{ "type": "Feature", "properties": { "id": "9f754cd1-a52b-45a9-8517-41b79b3cb620", "name": "Floristeria Paradis", "taxonomy": "flowers_and_gifts_store", "confidence": 0.935, "operating_status": null }, "geometry": { "type": "Point", "coordinates": [ 1.98285356, 41.28901313 ] } },
{ "type": "Feature", "properties": { "id": "f6ec1414-3586-4031-9f89-42d32f0c45b4", "name": "Aladdin Seafood", "taxonomy": "food_and_beverage_store", "confidence": 0.77, "operating_status": null }, "geometry": { "type": "Point", "coordinates": [ 1.984121282132898, 41.28905256047711 ] } },
{ "type": "Feature", "properties": { "id": "1c71cdec-3c8c-4c17-bc93-e8c5e7a1fc0c", "name": "Marisqueria Pedrillo", "taxonomy": "seafood_restaurant", "confidence": 0.988, "operating_status": null }, "geometry": { "type": "Point", "coordinates": [ 1.98410787, 41.28899552 ] } },
{ "type": "Feature", "properties": { "id": "14f76d2f-168f-4d8b-a4ec-e255902734e3", "name": "Col·legi Frangoal", "taxonomy": "school", "confidence": 0.988, "operating_status": null }, "geometry": { "type": "Point", "coordinates": [ 1.98399908, 41.28854068 ] } },
{ "type": "Feature", "properties": { "id": "5e241778-dd6c-453e-8c90-9a916a82084a", "name": "TERRAMAR - Agencia Inmobiliaria en Castelldefels", "taxonomy": "real_estate_service", "confidence": 0.962, "operating_status": null }, "geometry": { "type": "Point", "coordinates": [ 1.98466986, 41.28863594 ] } },
{ "type": "Feature", "properties": { "id": "2eaed6cf-f277-40d1-8f3c-1458cd587aa6", "name": "Bar Churreria Ronda", "taxonomy": "tapas_bar", "confidence": 0.939, "operating_status": null }, "geometry": { "type": "Point", "coordinates": [ 1.98439716, 41.2887277 ] } },
{ "type": "Feature", "properties": { "id": "c2f7068e-9072-497e-9bff-4c970c76b021", "name": "Pexateri a la dorada", "taxonomy": "grocery_store", "confidence": 0.727, "operating_status": null }, "geometry": { "type": "Point", "coordinates": [ 1.9857586, 41.2891884 ] } },
{ "type": "Feature", "properties": { "id": "140b25ab-ddee-4961-b700-fdb113778942", "name": "NEXO Ohanavet Castelldefels", "taxonomy": "veterinarian", "confidence": 0.749, "operating_status": null }, "geometry": { "type": "Point", "coordinates": [ 1.984553, 41.2892975 ] } },
{ "type": "Feature", "properties": { "id": "df792ea4-b596-4402-a203-dbf7285d2d5d", "name": "Hiperfincas Castelldefels", "taxonomy": "real_estate_service", "confidence": 0.894, "operating_status": null }, "geometry": { "type": "Point", "coordinates": [ 1.98375928, 41.289429 ] } },
{ "type": "Feature", "properties": { "id": "0be14f6f-0f1f-4bfc-ab2e-08e06d16d7fb", "name": "Azaan supermercat forn de pa", "taxonomy": "grocery_store", "confidence": 0.727, "operating_status": null }, "geometry": { "type": "Point", "coordinates": [ 1.98361008, 41.28939759 ] } },
{ "type": "Feature", "properties": { "id": "8d94a0c1-d622-4063-a5be-558a7cd064a9", "name": "Farmàcia soledad Albalà", "taxonomy": "pharmacy", "confidence": 0.952, "operating_status": null }, "geometry": { "type": "Point", "coordinates": [ 1.9835212, 41.28951986 ] } },
{ "type": "Feature", "properties": { "id": "cce23b46-d786-4cb1-b8bc-d538661038ca", "name": "I Love Dog Wash", "taxonomy": "pet_groomer", "confidence": 0.982, "operating_status": null }, "geometry": { "type": "Point", "coordinates": [ 1.98289185, 41.28998005 ] } },
{ "type": "Feature", "properties": { "id": "25cd4cfa-755b-4253-90a0-765b296fc55f", "name": "MAPFRE", "taxonomy": "auto_insurance", "confidence": 0.951, "operating_status": null }, "geometry": { "type": "Point", "coordinates": [ 1.9826768, 41.2900314 ] } },
{ "type": "Feature", "properties": { "id": "3b322697-7bf2-454f-9423-e8f9bd8f2aa1", "name": "Plaja De Castelldefels", "taxonomy": "beach", "confidence": 0.941, "operating_status": null }, "geometry": { "type": "Point", "coordinates": [ 1.9814761428571, 41.2887066 ] } },
{ "type": "Feature", "properties": { "id": "d9680249-ffa9-4880-a488-7e9002abd2cc", "name": "Green Living Coliving Barcelona", "taxonomy": null, "confidence": 0.85, "operating_status": null }, "geometry": { "type": "Point", "coordinates": [ 1.9795619, 41.2889366 ] } },
{ "type": "Feature", "properties": { "id": "c5315e9e-dd01-4dea-9dec-09ffdd1e7bc6", "name": "Bar Restaurante La Ponderosa", "taxonomy": "bar", "confidence": 0.778, "operating_status": null }, "geometry": { "type": "Point", "coordinates": [ 1.977353, 41.289027 ] } },
{ "type": "Feature", "properties": { "id": "8d27cec1-ef8f-4bb7-b9d4-ee61e526deb0", "name": "Carnicas Lara", "taxonomy": "butcher_shop", "confidence": 0.913, "operating_status": null }, "geometry": { "type": "Point", "coordinates": [ 1.97890052, 41.28940287 ] } },
{ "type": "Feature", "properties": { "id": "67bf7c8a-8e4d-4edd-a6bf-f40c198ea581", "name": "Reforfels", "taxonomy": "masonry_contractor", "confidence": 0.966, "operating_status": null }, "geometry": { "type": "Point", "coordinates": [ 1.97729056, 41.29009598 ] } },
{ "type": "Feature", "properties": { "id": "4abe5f0a-561c-4624-bfcf-e00dd981587c", "name": "Bar la paradeta", "taxonomy": "tapas_bar", "confidence": 0.983, "operating_status": null }, "geometry": { "type": "Point", "coordinates": [ 1.97618491, 41.28948342 ] } },
{ "type": "Feature", "properties": { "id": "3fb0dc88-a883-4bb3-bc26-78072ce5e502", "name": "Poliesportiu Can Vinader", "taxonomy": "sports_and_recreation", "confidence": 0.748, "operating_status": null }, "geometry": { "type": "Point", "coordinates": [ 1.974677969675238, 41.28938314011026 ] } },
{ "type": "Feature", "properties": { "id": "7ae5fe7c-9f95-45c7-93ef-f0447c3d78aa", "name": "Escola Margalló", "taxonomy": "school", "confidence": 0.915, "operating_status": null }, "geometry": { "type": "Point", "coordinates": [ 1.97324249, 41.28894563 ] } },
{ "type": "Feature", "properties": { "id": "78aa91df-5bd9-42c5-8e99-9b0484f78a5a", "name": "Jarfels", "taxonomy": "gardener", "confidence": 0.902, "operating_status": null }, "geometry": { "type": "Point", "coordinates": [ 1.97172786, 41.28854415 ] } },
{ "type": "Feature", "properties": { "id": "02198a50-118e-4da7-8b0c-55fb3cfb04fc", "name": "Pavelló Can Vinader", "taxonomy": "stadium_arena", "confidence": 0.84, "operating_status": null }, "geometry": { "type": "Point", "coordinates": [ 1.97483881, 41.28920688 ] } },
{ "type": "Feature", "properties": { "id": "2e79cb91-a514-4936-8545-adeccd8faca7", "name": "Handbol Esportiu Castelldefels", "taxonomy": "sport_league", "confidence": 0.851, "operating_status": null }, "geometry": { "type": "Point", "coordinates": [ 1.9750487, 41.28914696 ] } },
{ "type": "Feature", "properties": { "id": "e8ef1ccb-1da8-40e5-ac3b-a4c1ee895c86", "name": "Basquet Castelldefels", "taxonomy": "amateur_sport_team", "confidence": 0.963, "operating_status": null }, "geometry": { "type": "Point", "coordinates": [ 1.97507952, 41.28916453 ] } },
{ "type": "Feature", "properties": { "id": "88608c2b-316c-4af5-bda2-e7e0cd7da238", "name": "Anhelo Capoeira", "taxonomy": "sport_league", "confidence": 0.807, "operating_status": null }, "geometry": { "type": "Point", "coordinates": [ 1.9761156, 41.28773391 ] } },
{ "type": "Feature", "properties": { "id": "cd7cd961-3531-4283-8e2a-f8e4de276ff2", "name": "Club Rugby Unión Castelldefels", "taxonomy": "sport_or_fitness_facility", "confidence": 0.706, "operating_status": null }, "geometry": { "type": "Point", "coordinates": [ 1.975729, 41.287588 ] } },
{ "type": "Feature", "properties": { "id": "29e7cf6a-ed84-44d4-af4f-109638f930a6", "name": "Peluqueria Rafi Lizana", "taxonomy": "hair_salon", "confidence": 0.916, "operating_status": null }, "geometry": { "type": "Point", "coordinates": [ 1.97654505, 41.28742803 ] } },
{ "type": "Feature", "properties": { "id": "b41ccb5f-387e-4aac-8973-53ca59cf2656", "name": "FactorB - Eurocooling ", "taxonomy": "hvac_supplier", "confidence": 0.85, "operating_status": null }, "geometry": { "type": "Point", "coordinates": [ 1.9764142, 41.2872676 ] } },
{ "type": "Feature", "properties": { "id": "67f73ae5-0b0c-4f44-a7d9-fe9ea0b482d9", "name": "Melomaniak's Escola de Música", "taxonomy": "music_school", "confidence": 0.9, "operating_status": null }, "geometry": { "type": "Point", "coordinates": [ 1.97635829, 41.28717974 ] } },
{ "type": "Feature", "properties": { "id": "c1e02249-3636-4f9a-b8c9-e228992285a8", "name": "Institut Mediterrània", "taxonomy": "high_school", "confidence": 0.966, "operating_status": null }, "geometry": { "type": "Point", "coordinates": [ 1.97335036, 41.28745114 ] } },
{ "type": "Feature", "properties": { "id": "4281b322-2762-4160-813c-df495d5f8071", "name": "Turó del Fanxó", "taxonomy": "sport_or_fitness_facility", "confidence": 0.817, "operating_status": null }, "geometry": { "type": "Point", "coordinates": [ 1.95411013, 41.28408579 ] } },
{ "type": "Feature", "properties": { "id": "b88b0583-33c0-4128-bf9b-ee74a2a51057", "name": "Las Buganvillas", "taxonomy": "lodging", "confidence": 0.735, "operating_status": null }, "geometry": { "type": "Point", "coordinates": [ 1.95325335, 41.27726381 ] } },
{ "type": "Feature", "properties": { "id": "1d108e42-3090-40fc-9595-53f355b70d7d", "name": "Serra de Can Pares", "taxonomy": "mountain", "confidence": 0.775, "operating_status": null }, "geometry": { "type": "Point", "coordinates": [ 1.95, 41.28333 ] } },
{ "type": "Feature", "properties": { "id": "6803998e-e689-4ed7-ab95-4765b76cb620", "name": "Centre d'Estètica i Imatge Pepi Díaz", "taxonomy": "beauty_salon", "confidence": 0.956, "operating_status": null }, "geometry": { "type": "Point", "coordinates": [ 1.96307, 41.28062 ] } },
{ "type": "Feature", "properties": { "id": "c4c77062-984a-44d3-8920-569e7d0ab571", "name": "Guapas", "taxonomy": "beauty_salon", "confidence": 0.711, "operating_status": null }, "geometry": { "type": "Point", "coordinates": [ 1.9572257164771, 41.275813935183997 ] } },
{ "type": "Feature", "properties": { "id": "0eca1b34-f49b-4c7d-91e2-e03d2e00bf5a", "name": "Institut Valèria Haliné", "taxonomy": "high_school", "confidence": 0.956, "operating_status": null }, "geometry": { "type": "Point", "coordinates": [ 1.96456858, 41.27107363 ] } },
{ "type": "Feature", "properties": { "id": "d97d5296-9948-41de-9fc0-4a1ed8d0b516", "name": "Centre d'Educació Infantil i Primària Josep Guinovart", "taxonomy": "elementary_school", "confidence": 0.78, "operating_status": null }, "geometry": { "type": "Point", "coordinates": [ 1.96460545, 41.27076762 ] } },
{ "type": "Feature", "properties": { "id": "f282d58e-10b7-4c57-a9c2-9e139e9158fb", "name": "Castelldefels Beach Barcelona", "taxonomy": "beach", "confidence": 0.728, "operating_status": null }, "geometry": { "type": "Point", "coordinates": [ 1.9618091330068, 41.270338207237003 ] } },
{ "type": "Feature", "properties": { "id": "dc150eea-0725-4911-bc41-d568b77f80bc", "name": "Gran Hotel Rey Don Jaime", "taxonomy": "hotel", "confidence": 1.0, "operating_status": null }, "geometry": { "type": "Point", "coordinates": [ 1.96179756, 41.27045605 ] } },
{ "type": "Feature", "properties": { "id": "c02195be-16fb-401a-aa84-d62a9d0efe86", "name": "Restaurant El Elefante", "taxonomy": "restaurant", "confidence": 0.951, "operating_status": null }, "geometry": { "type": "Point", "coordinates": [ 1.95205069, 41.27041982 ] } },
{ "type": "Feature", "properties": { "id": "17d68eb3-7b22-482d-b225-f2e86deca33c", "name": "The Fitness Passion", "taxonomy": "e_commerce_service", "confidence": 0.85, "operating_status": null }, "geometry": { "type": "Point", "coordinates": [ 1.9483713, 41.2744991 ] } },
{ "type": "Feature", "properties": { "id": "6b0d8018-e157-4d85-82b8-7911f7725436", "name": "Panoramic 4 Apartments", "taxonomy": "holiday_rental_home", "confidence": 0.743, "operating_status": null }, "geometry": { "type": "Point", "coordinates": [ 1.95170391, 41.27486893 ] } },
{ "type": "Feature", "properties": { "id": "ad3c7c7f-6997-410f-aab9-a9d677761bd8", "name": "Poal , Castelldefels", "taxonomy": "mountain", "confidence": 0.731, "operating_status": null }, "geometry": { "type": "Point", "coordinates": [ 1.9495159160509, 41.275253785358998 ] } },
{ "type": "Feature", "properties": { "id": "157caa6a-4308-4d38-b5c5-ffc4a996503f", "name": "Cabissimo - Metasearch engine", "taxonomy": "airport_terminal", "confidence": 0.85, "operating_status": null }, "geometry": { "type": "Point", "coordinates": [ 1.945664110450744, 41.269968961755126 ] } },
{ "type": "Feature", "properties": { "id": "3d51db2e-a5ea-4e17-83a0-7f0b62f4ae23", "name": "El Asador de Lem", "taxonomy": "barbecue_restaurant", "confidence": 0.997, "operating_status": null }, "geometry": { "type": "Point", "coordinates": [ 1.94448016, 41.2681866 ] } },
{ "type": "Feature", "properties": { "id": "96f40ad5-639b-4fd4-955d-9c17d64953ba", "name": "Ca la Pepa Gastrobar", "taxonomy": "restaurant", "confidence": 0.865, "operating_status": null }, "geometry": { "type": "Point", "coordinates": [ 1.93607, 41.26781 ] } },
{ "type": "Feature", "properties": { "id": "daaa0e24-6277-425f-836d-52387246c063", "name": "Club esportiu Rat-Penat", "taxonomy": "sport_league", "confidence": 0.872, "operating_status": null }, "geometry": { "type": "Point", "coordinates": [ 1.92833068, 41.26389738 ] } },
{ "type": "Feature", "properties": { "id": "4b6167ad-bd1b-4ef7-91fe-0a065c956a07", "name": "Les botigues de sitges", "taxonomy": "historic_site", "confidence": 0.72, "operating_status": null }, "geometry": { "type": "Point", "coordinates": [ 1.93318085, 41.26424509 ] } },
{ "type": "Feature", "properties": { "id": "62154acb-f540-4821-8184-b76f68e707a4", "name": "Marina Port Ginesta", "taxonomy": "corporate_or_business_office", "confidence": 0.942, "operating_status": null }, "geometry": { "type": "Point", "coordinates": [ 1.934594052939877, 41.263374927750306 ] } },
{ "type": "Feature", "properties": { "id": "c75793b2-76d6-4eed-81e5-bce708086f2a", "name": "Move Servicios de Vending", "taxonomy": "professional_service", "confidence": 0.77, "operating_status": null }, "geometry": { "type": "Point", "coordinates": [ 1.943117463184964, 41.266293535799612 ] } },
{ "type": "Feature", "properties": { "id": "0f16d544-5c2e-4da9-8890-1cc0cdefbbfe", "name": "Farmàcia del Garraf", "taxonomy": "pharmacy", "confidence": 0.853, "operating_status": null }, "geometry": { "type": "Point", "coordinates": [ 1.94271538, 41.26620554 ] } },
{ "type": "Feature", "properties": { "id": "f7b4a0f7-75e8-4589-811c-c782cfcaa9aa", "name": "Cajero Banco Sabadell", "taxonomy": "bank_or_credit_union", "confidence": 0.85, "operating_status": null }, "geometry": { "type": "Point", "coordinates": [ 1.942719, 41.266212 ] } },
{ "type": "Feature", "properties": { "id": "b7c6d146-d47a-4652-9ac5-5e676113ec33", "name": "Restaurante Lloret", "taxonomy": "mediterranean_restaurant", "confidence": 0.998, "operating_status": null }, "geometry": { "type": "Point", "coordinates": [ 1.94435886, 41.26650274 ] } },
{ "type": "Feature", "properties": { "id": "a99bfc38-aa6d-442b-b6ad-a3409122bdb0", "name": "Sorli", "taxonomy": "grocery_store", "confidence": 0.815, "operating_status": null }, "geometry": { "type": "Point", "coordinates": [ 1.94484851, 41.26654491 ] } },
{ "type": "Feature", "properties": { "id": "fe6124b9-b428-434f-bc84-116db1e74a62", "name": "Castelldefels Beach", "taxonomy": "beach", "confidence": 0.896, "operating_status": null }, "geometry": { "type": "Point", "coordinates": [ 1.9442995221772, 41.264332744062003 ] } },
{ "type": "Feature", "properties": { "id": "8d6ad80a-2649-4ea0-8c20-69c5c844d4db", "name": "SHAKA Surf Castelldefels", "taxonomy": "surf_store", "confidence": 0.924, "operating_status": null }, "geometry": { "type": "Point", "coordinates": [ 1.94356155, 41.26438952 ] } },
{ "type": "Feature", "properties": { "id": "f97ebb1a-88d4-40ff-87f0-cf3f1b261998", "name": "Solifemar ApartHotel", "taxonomy": "restaurant", "confidence": 0.995, "operating_status": null }, "geometry": { "type": "Point", "coordinates": [ 1.94381, 41.26453 ] } },
{ "type": "Feature", "properties": { "id": "11c56cde-6f66-4fa7-b34a-22bb61cb89e2", "name": "ancla by fetén", "taxonomy": "burger_restaurant", "confidence": 0.77, "operating_status": null }, "geometry": { "type": "Point", "coordinates": [ 1.946860614727712, 41.264487538661236 ] } },
{ "type": "Feature", "properties": { "id": "cf8d5ce0-fb74-4418-b3e4-d0cc83d775ea", "name": "Nautic", "taxonomy": "seafood_restaurant", "confidence": 0.897, "operating_status": null }, "geometry": { "type": "Point", "coordinates": [ 1.948483, 41.26503 ] } },
{ "type": "Feature", "properties": { "id": "a15167bc-5763-4327-8c01-236da1b24fbf", "name": "Chiringuito Iguana", "taxonomy": "spanish_restaurant", "confidence": 0.962, "operating_status": null }, "geometry": { "type": "Point", "coordinates": [ 1.95072455, 41.26421911 ] } },
{ "type": "Feature", "properties": { "id": "e21ac1a3-7af9-4959-bb9b-9e0733ec5e58", "name": "Cala Vallcarca", "taxonomy": "beach", "confidence": 0.712, "operating_status": null }, "geometry": { "type": "Point", "coordinates": [ 1.9533647225951, 41.263469926832002 ] } },
{ "type": "Feature", "properties": { "id": "e11a2a5e-6d86-4384-99a1-5e898a507800", "name": "Castelldefels Beach", "taxonomy": "beach", "confidence": 0.778, "operating_status": null }, "geometry": { "type": "Point", "coordinates": [ 1.9560539246058, 41.264854900286998 ] } },
{ "type": "Feature", "properties": { "id": "3f62f64f-e955-4c01-a962-c3237105070c", "name": "Air Cinema", "taxonomy": "movie_theater", "confidence": 0.809, "operating_status": null }, "geometry": { "type": "Point", "coordinates": [ 1.95284, 41.26523 ] } },
{ "type": "Feature", "properties": { "id": "a94e35ee-3135-48d9-ab19-f344edcfb886", "name": "Bocatas", "taxonomy": "bar", "confidence": 0.981, "operating_status": null }, "geometry": { "type": "Point", "coordinates": [ 1.9543445, 41.2653586 ] } },
{ "type": "Feature", "properties": { "id": "b3ad2381-3ad1-4d00-a8bf-1807501aa36e", "name": "Wadi Rum Happy", "taxonomy": "travel_agent", "confidence": 0.85, "operating_status": null }, "geometry": { "type": "Point", "coordinates": [ 1.9546653, 41.2653428 ] } },
{ "type": "Feature", "properties": { "id": "f3bc8697-568e-4e04-b7ac-0e5240939ecf", "name": "Restaurante Latitud Norte", "taxonomy": "mediterranean_restaurant", "confidence": 0.934, "operating_status": null }, "geometry": { "type": "Point", "coordinates": [ 1.955461713418299, 41.265431978635931 ] } },
{ "type": "Feature", "properties": { "id": "27ceeed2-010e-47bb-a25b-c8a846b649a7", "name": "Allianz Seguros - Agencia De Seg.Francisco Giralt Valls ", "taxonomy": null, "confidence": 0.85, "operating_status": null }, "geometry": { "type": "Point", "coordinates": [ 1.9560881, 41.266378499999988 ] } },
{ "type": "Feature", "properties": { "id": "728d969e-114b-4d8c-a40b-e5d66e0353f4", "name": "Veterinario Poal Castelldefels", "taxonomy": "veterinarian", "confidence": 0.97, "operating_status": null }, "geometry": { "type": "Point", "coordinates": [ 1.95044384, 41.26695167 ] } },
{ "type": "Feature", "properties": { "id": "bafeba8d-b33c-40b7-b5a0-23884460a4cb", "name": "El Poal", "taxonomy": "lodging", "confidence": 0.716, "operating_status": null }, "geometry": { "type": "Point", "coordinates": [ 1.946704601355476, 41.269776614171683 ] } },
{ "type": "Feature", "properties": { "id": "1b836c8e-fb1a-40a7-aabb-fa6466a575ff", "name": "Escola Antoni Gaudí", "taxonomy": "public_school", "confidence": 0.958, "operating_status": null }, "geometry": { "type": "Point", "coordinates": [ 1.95081613, 41.26854443 ] } },
{ "type": "Feature", "properties": { "id": "2c8af4d4-90ec-4724-a3ce-a29bbad53165", "name": "Leaning ISO", "taxonomy": "b2b_service", "confidence": 0.85, "operating_status": null }, "geometry": { "type": "Point", "coordinates": [ 1.953321, 41.2685012 ] } },
{ "type": "Feature", "properties": { "id": "254efea3-ac66-4c9a-a917-a6eeae6f709f", "name": "Residencia El Manantial", "taxonomy": "social_and_human_service", "confidence": 0.85, "operating_status": null }, "geometry": { "type": "Point", "coordinates": [ 1.954718252063799, 41.267994446430833 ] } },
{ "type": "Feature", "properties": { "id": "88370fb5-9381-49fc-8250-3d5d3adc9eb2", "name": "Biserica Ortodoxă Castelldefels / Iglesia Ortodoxa Castelldefels", "taxonomy": "christian_place_of_worship", "confidence": 0.976, "operating_status": null }, "geometry": { "type": "Point", "coordinates": [ 1.95227, 41.26813 ] } },
{ "type": "Feature", "properties": { "id": "cb11ca8c-fe69-4a20-a284-f335807ebe37", "name": "Santa Eulàlia", "taxonomy": "roman_catholic_place_of_worship", "confidence": 0.759, "operating_status": null }, "geometry": { "type": "Point", "coordinates": [ 1.95223339, 41.26804494 ] } },
{ "type": "Feature", "properties": { "id": "dd0fb80f-74a1-4831-b4b2-500bad2cc350", "name": "Penya Blaugrana La Pulga de Castelldefels", "taxonomy": "stadium_arena", "confidence": 0.778, "operating_status": null }, "geometry": { "type": "Point", "coordinates": [ 1.95312, 41.26718 ] } },
{ "type": "Feature", "properties": { "id": "08a811a7-a794-4562-b460-28dc70664046", "name": "Casa Diego", "taxonomy": "spanish_restaurant", "confidence": 0.969, "operating_status": null }, "geometry": { "type": "Point", "coordinates": [ 1.95302747, 41.26715295 ] } },
{ "type": "Feature", "properties": { "id": "927ac264-10db-47b1-869b-fa3b174b60f4", "name": "El MATI Castelldefels", "taxonomy": "breakfast_and_brunch_restaurant", "confidence": 0.781, "operating_status": null }, "geometry": { "type": "Point", "coordinates": [ 1.95122, 41.26701 ] } },
{ "type": "Feature", "properties": { "id": "0518c303-b192-4ee9-b182-17922976da17", "name": "BP", "taxonomy": "gas_station", "confidence": 1.0, "operating_status": null }, "geometry": { "type": "Point", "coordinates": [ 1.9537735, 41.26713713 ] } },
{ "type": "Feature", "properties": { "id": "55b1f1b3-410b-47b5-bf4b-2b7acc9f4d65", "name": "Condis", "taxonomy": "grocery_store", "confidence": 0.8, "operating_status": null }, "geometry": { "type": "Point", "coordinates": [ 1.954574, 41.267362 ] } },
{ "type": "Feature", "properties": { "id": "21981ada-9f00-47ad-b3b7-55e6911da522", "name": "Caprabo", "taxonomy": "maternity_wear", "confidence": 0.85, "operating_status": null }, "geometry": { "type": "Point", "coordinates": [ 1.954763, 41.267498 ] } },
{ "type": "Feature", "properties": { "id": "da0e1a06-bd02-4d35-9972-4b25a2a8103d", "name": "Bar Stop", "taxonomy": "tapas_bar", "confidence": 0.896, "operating_status": null }, "geometry": { "type": "Point", "coordinates": [ 1.95586666, 41.26740111 ] } },
{ "type": "Feature", "properties": { "id": "abf5f113-cf4e-453a-ba92-7bc8db023787", "name": "My office coworking", "taxonomy": "cafe", "confidence": 0.863, "operating_status": null }, "geometry": { "type": "Point", "coordinates": [ 1.95624, 41.26744 ] } },
{ "type": "Feature", "properties": { "id": "45a4d1e1-c16a-4848-a68c-93a9e125273f", "name": "Peluquería Sixto", "taxonomy": "barber", "confidence": 0.927, "operating_status": null }, "geometry": { "type": "Point", "coordinates": [ 1.95623019, 41.26743465 ] } },
{ "type": "Feature", "properties": { "id": "a40553af-53a4-4bb5-9c11-16939d89ae16", "name": "DAYANTEC SOLUCIONES INFORMATICAS", "taxonomy": null, "confidence": 0.915, "operating_status": null }, "geometry": { "type": "Point", "coordinates": [ 1.9562446, 41.2674296 ] } },
{ "type": "Feature", "properties": { "id": "6fb713e7-aa40-4d66-95d9-b52b3888ef46", "name": "Pizzeria Forn D Herber", "taxonomy": "italian_restaurant", "confidence": 0.872, "operating_status": null }, "geometry": { "type": "Point", "coordinates": [ 1.956722, 41.266748 ] } },
{ "type": "Feature", "properties": { "id": "a8f2f524-b510-4f89-a68f-a88154461237", "name": "Estación de tren Platja De Castelldefels", "taxonomy": "train_station", "confidence": 0.767, "operating_status": null }, "geometry": { "type": "Point", "coordinates": [ 1.95723001, 41.26696297 ] } },
{ "type": "Feature", "properties": { "id": "9609a286-0e82-40b9-b5a8-7b61f8080f32", "name": "RENFE Castelldefels Platja", "taxonomy": "train_station", "confidence": 0.762, "operating_status": null }, "geometry": { "type": "Point", "coordinates": [ 1.9574038101583, 41.266987787474001 ] } },
{ "type": "Feature", "properties": { "id": "017a7aba-2e99-4cd6-82e5-5dec4c308c19", "name": "Ferreteria Bellamar", "taxonomy": "hardware_store", "confidence": 0.896, "operating_status": null }, "geometry": { "type": "Point", "coordinates": [ 1.95627536, 41.26743215 ] } },
{ "type": "Feature", "properties": { "id": "f9cb3cec-b71e-4c6e-991e-71b266b43a23", "name": "Cadakes Siglo Xxi S L", "taxonomy": "retirement_home", "confidence": 0.96, "operating_status": null }, "geometry": { "type": "Point", "coordinates": [ 1.95687797, 41.26751148 ] } },
{ "type": "Feature", "properties": { "id": "333ee5d6-d34f-4270-8324-37127a72f7ce", "name": "Route Bar", "taxonomy": "bar", "confidence": 0.998, "operating_status": null }, "geometry": { "type": "Point", "coordinates": [ 1.95734687, 41.26753564 ] } },
{ "type": "Feature", "properties": { "id": "90da5afc-ea5d-488b-b8fb-65f9f8376f88", "name": "Kite Frenzy", "taxonomy": "kiteboarding", "confidence": 0.888, "operating_status": null }, "geometry": { "type": "Point", "coordinates": [ 1.95760703, 41.26684203 ] } },
{ "type": "Feature", "properties": { "id": "e66e7223-b99a-46cb-83b0-010f580c4660", "name": "Las Botas", "taxonomy": "mediterranean_restaurant", "confidence": 0.988, "operating_status": null }, "geometry": { "type": "Point", "coordinates": [ 1.95897695, 41.26784409 ] } },
{ "type": "Feature", "properties": { "id": "d97524c2-95f4-4d92-acaa-3ba9ab9d0008", "name": "IBSTE Facultad Internacional de Teología", "taxonomy": "education", "confidence": 0.851, "operating_status": null }, "geometry": { "type": "Point", "coordinates": [ 1.96233, 41.26869 ] } },
{ "type": "Feature", "properties": { "id": "1df2ad81-0cdb-4a51-93e7-460028e4dd2e", "name": "國際歐華神學院 (Icbsie)", "taxonomy": "religious_school", "confidence": 0.946, "operating_status": null }, "geometry": { "type": "Point", "coordinates": [ 1.96231082, 41.26858243 ] } },
{ "type": "Feature", "properties": { "id": "f6279457-950d-4023-b29a-7d305672dead", "name": "Free Sleep Camper Car S.L.", "taxonomy": "outdoor_store", "confidence": 0.77, "operating_status": null }, "geometry": { "type": "Point", "coordinates": [ 1.965983207052261, 41.266564471255052 ] } },
{ "type": "Feature", "properties": { "id": "8ed345d0-27cc-412b-9589-68261ae053f8", "name": "CheChe Restaurant", "taxonomy": "tapas_bar", "confidence": 0.997, "operating_status": null }, "geometry": { "type": "Point", "coordinates": [ 1.96443907, 41.26589674 ] } },
{ "type": "Feature", "properties": { "id": "31f79665-9703-4eb7-a6d3-5db52b8729ef", "name": "Peixos Nolla", "taxonomy": "fishmonger", "confidence": 0.856, "operating_status": null }, "geometry": { "type": "Point", "coordinates": [ 1.96468365, 41.26592192 ] } },
{ "type": "Feature", "properties": { "id": "85ed3c1e-bf8b-4508-994d-08ea11fdca54", "name": "Tactic beach", "taxonomy": "bar", "confidence": 0.987, "operating_status": null }, "geometry": { "type": "Point", "coordinates": [ 1.96539038, 41.26592887 ] } },
{ "type": "Feature", "properties": { "id": "ed06907b-0666-4676-b96b-534e0517184b", "name": "Olave", "taxonomy": "seafood_restaurant", "confidence": 0.999, "operating_status": null }, "geometry": { "type": "Point", "coordinates": [ 1.96565018, 41.26571261 ] } },
{ "type": "Feature", "properties": { "id": "c9c0fc07-e8da-4d30-85ee-f656b64c3226", "name": "Apartaments Maritim", "taxonomy": "holiday_rental_home", "confidence": 0.927, "operating_status": null }, "geometry": { "type": "Point", "coordinates": [ 1.96623679, 41.2656077 ] } },
{ "type": "Feature", "properties": { "id": "4ae46582-4e20-4492-b7d4-708ec3442124", "name": "Apartamentos Voramar", "taxonomy": "historic_site", "confidence": 0.967, "operating_status": null }, "geometry": { "type": "Point", "coordinates": [ 1.96566294, 41.26521876 ] } },
{ "type": "Feature", "properties": { "id": "a52d5593-1843-4d82-b504-16b0318e6a61", "name": "GARBI - KITECENTER BCN Escola de vela i kitesurf", "taxonomy": "sport_or_fitness_facility", "confidence": 0.875, "operating_status": null }, "geometry": { "type": "Point", "coordinates": [ 1.964165576, 41.265076479 ] } },
{ "type": "Feature", "properties": { "id": "e99451d9-5e17-4b35-ab48-dcc64b03f0ee", "name": "Club Nàutic Castelldefels", "taxonomy": "social_or_community_service", "confidence": 0.941, "operating_status": null }, "geometry": { "type": "Point", "coordinates": [ 1.96412389, 41.26525909 ] } },
{ "type": "Feature", "properties": { "id": "0e20e4ed-1a7e-4e31-85ce-db010ef06133", "name": "Escola Garbí", "taxonomy": "fitness_trainer", "confidence": 0.997, "operating_status": null }, "geometry": { "type": "Point", "coordinates": [ 1.96435411, 41.26527331 ] } },
{ "type": "Feature", "properties": { "id": "f0a396a3-f7a4-4770-a2db-fc08a3f39982", "name": "Pure Corpore – Entrenador personal en Castelldefels | Pilates | Terapias", "taxonomy": "pilates_studio", "confidence": 0.75, "operating_status": null }, "geometry": { "type": "Point", "coordinates": [ 1.9643461, 41.26533017 ] } },
{ "type": "Feature", "properties": { "id": "7b2d908d-f3d2-4fb5-b455-635ae34e908c", "name": "El Taulell", "taxonomy": "delicatessen", "confidence": 0.997, "operating_status": null }, "geometry": { "type": "Point", "coordinates": [ 1.96459227, 41.26586147 ] } },
{ "type": "Feature", "properties": { "id": "30491768-eb6e-4aa0-a179-9a44696ecae0", "name": "Sorli", "taxonomy": "grocery_store", "confidence": 0.986, "operating_status": null }, "geometry": { "type": "Point", "coordinates": [ 1.96373411, 41.26562039 ] } },
{ "type": "Feature", "properties": { "id": "f78056cd-ad29-4794-935b-e0a24abf5402", "name": "Playa Del Baixador Castelldefels", "taxonomy": "beach", "confidence": 0.725, "operating_status": null }, "geometry": { "type": "Point", "coordinates": [ 1.9628009, 41.2651999 ] } },
{ "type": "Feature", "properties": { "id": "efefec79-f470-4c62-98ca-2026bff9b34f", "name": "Best Western Hotel Mediterraneo", "taxonomy": "hotel", "confidence": 0.999, "operating_status": null }, "geometry": { "type": "Point", "coordinates": [ 1.96217796, 41.26606553 ] } },
{ "type": "Feature", "properties": { "id": "96c03084-5dd9-46d8-9797-b2e8ceed1f68", "name": "SEPM Castelldefels", "taxonomy": "sport_league", "confidence": 0.774, "operating_status": null }, "geometry": { "type": "Point", "coordinates": [ 1.96034758, 41.26651066 ] } },
{ "type": "Feature", "properties": { "id": "a6000e8c-db00-4534-baea-28800a14b986", "name": "Mojokite", "taxonomy": "kiteboarding", "confidence": 0.99, "operating_status": null }, "geometry": { "type": "Point", "coordinates": [ 1.95675924, 41.26666975 ] } },
{ "type": "Feature", "properties": { "id": "a03b73c6-f4f2-433b-ade9-951f9a37991d", "name": "El Avión", "taxonomy": "seafood_restaurant", "confidence": 0.77, "operating_status": null }, "geometry": { "type": "Point", "coordinates": [ 1.956891045257447, 41.265938507870786 ] } },
{ "type": "Feature", "properties": { "id": "bd2b6398-3e98-4f88-b1e2-391cc0e5c232", "name": "Finques Baixador", "taxonomy": "real_estate_service", "confidence": 0.939, "operating_status": null }, "geometry": { "type": "Point", "coordinates": [ 1.95878601, 41.26602466 ] } },
{ "type": "Feature", "properties": { "id": "c0f5401a-a14b-4c52-a345-801441a65654", "name": "MarinaGrup", "taxonomy": "furniture_manufacturer", "confidence": 0.85, "operating_status": null }, "geometry": { "type": "Point", "coordinates": [ 1.957942, 41.265621 ] } },
{ "type": "Feature", "properties": { "id": "8cac397f-880f-4da2-abf2-5d3de51197e4", "name": "Fosbury", "taxonomy": "mediterranean_restaurant", "confidence": 0.957, "operating_status": null }, "geometry": { "type": "Point", "coordinates": [ 1.95785722, 41.26546426 ] } },
{ "type": "Feature", "properties": { "id": "28be07fc-3114-4d5b-81ad-724670f83da9", "name": "Fosbury Café (Castelldefels)", "taxonomy": "mediterranean_restaurant", "confidence": 0.984, "operating_status": null }, "geometry": { "type": "Point", "coordinates": [ 1.95785722, 41.26546426 ] } },
{ "type": "Feature", "properties": { "id": "c60264b7-afba-44da-940d-426f54b88eb7", "name": "Restaurant L'Avió", "taxonomy": "spanish_restaurant", "confidence": 0.995, "operating_status": null }, "geometry": { "type": "Point", "coordinates": [ 1.95682221, 41.26586875 ] } },
{ "type": "Feature", "properties": { "id": "3c9fed43-01a6-41f2-a67c-2367c2322cc9", "name": "Paseo maritimo 344", "taxonomy": "restaurant", "confidence": 0.712, "operating_status": null }, "geometry": { "type": "Point", "coordinates": [ 1.956709, 41.2654759 ] } },
{ "type": "Feature", "properties": { "id": "ab4d84b2-ed38-43c1-b444-5822d2e9ea62", "name": "Pizza Sur", "taxonomy": "argentine_restaurant", "confidence": 0.987, "operating_status": null }, "geometry": { "type": "Point", "coordinates": [ 1.95730555, 41.2655253 ] } },
{ "type": "Feature", "properties": { "id": "644517e7-3bc4-44cf-92d6-a7c5794e9f8f", "name": "Ibiza Chiringuito", "taxonomy": "bar", "confidence": 0.977, "operating_status": null }, "geometry": { "type": "Point", "coordinates": [ 1.956574165268, 41.265125150879001 ] } },
{ "type": "Feature", "properties": { "id": "abb0ae7f-8efb-4ad6-8ab7-da59131d62f6", "name": "Jijonenca Sirvent Verdu Castelldefels Playa", "taxonomy": "ice_cream_shop", "confidence": 0.997, "operating_status": null }, "geometry": { "type": "Point", "coordinates": [ 1.96002196, 41.26586115 ] } },
{ "type": "Feature", "properties": { "id": "581a7ba5-6e56-4ec9-bf5d-652094c60796", "name": "Casanova Beach Club", "taxonomy": "mediterranean_restaurant", "confidence": 0.998, "operating_status": null }, "geometry": { "type": "Point", "coordinates": [ 1.95951107, 41.26549092 ] } },
{ "type": "Feature", "properties": { "id": "4c0a9f00-00ae-4724-a045-dac78b53090e", "name": "Apartamentos Mar Plana", "taxonomy": "shopping", "confidence": 0.888, "operating_status": null }, "geometry": { "type": "Point", "coordinates": [ 1.960242, 41.2655227 ] } },
{ "type": "Feature", "properties": { "id": "4e800fdd-efdb-4d50-aae7-2792de3748a3", "name": "Ristorante Pizzeria Casanova", "taxonomy": "italian_restaurant", "confidence": 1.0, "operating_status": null }, "geometry": { "type": "Point", "coordinates": [ 1.96119533, 41.26579853 ] } },
{ "type": "Feature", "properties": { "id": "07c749d5-1da5-4246-a7e3-ed3859154df4", "name": "Amatxu Restaurant", "taxonomy": "basque_restaurant", "confidence": 0.907, "operating_status": null }, "geometry": { "type": "Point", "coordinates": [ 1.96083359, 41.26555425 ] } },
{ "type": "Feature", "properties": { "id": "522cfee9-b13e-4424-9aae-26ed3cb36db8", "name": "Restaurante Can Pere Martí", "taxonomy": "mediterranean_restaurant", "confidence": 0.731, "operating_status": null }, "geometry": { "type": "Point", "coordinates": [ 1.960799, 41.265504 ] } },
{ "type": "Feature", "properties": { "id": "0aeb7ad1-6166-4db0-9f13-2e9181537553", "name": "Cocody Chiringuito", "taxonomy": "bar", "confidence": 0.993, "operating_status": null }, "geometry": { "type": "Point", "coordinates": [ 1.95726443, 41.2643586 ] } },
{ "type": "Feature", "properties": { "id": "e3b1d290-c3a7-43e4-9d3c-3408e4306e2e", "name": "Chiringuito Ancla", "taxonomy": "tapas_bar", "confidence": 0.977, "operating_status": null }, "geometry": { "type": "Point", "coordinates": [ 1.9586075, 41.26430361 ] } },
{ "type": "Feature", "properties": { "id": "90dc5ff3-e8b5-4e97-8565-5f154df95939", "name": "Dolce Vita", "taxonomy": "bar", "confidence": 0.997, "operating_status": null }, "geometry": { "type": "Point", "coordinates": [ 1.96247618, 41.26451822 ] } },
{ "type": "Feature", "properties": { "id": "1b0b4185-9481-480b-8802-667248ff3252", "name": "Orilla Castelldefels", "taxonomy": "restaurant", "confidence": 0.761, "operating_status": null }, "geometry": { "type": "Point", "coordinates": [ 1.963885578, 41.264991755 ] } },
{ "type": "Feature", "properties": { "id": "136e2307-b1fc-4405-89ed-6239d518006e", "name": "Beach Castelldelfels Barcelona", "taxonomy": "historic_site", "confidence": 0.714, "operating_status": null }, "geometry": { "type": "Point", "coordinates": [ 1.96625, 41.26469 ] } },
{ "type": "Feature", "properties": { "id": "7f18bfc4-1986-4b32-99ed-1dd68f432cb8", "name": "Platja de Casteldefels", "taxonomy": "beach", "confidence": 0.958, "operating_status": null }, "geometry": { "type": "Point", "coordinates": [ 1.96479338790577, 41.26405685220351 ] } },
{ "type": "Feature", "properties": { "id": "4aafb5ee-9727-4bd9-8320-13165f543fc4", "name": "Polito", "taxonomy": "restaurant", "confidence": 0.998, "operating_status": null }, "geometry": { "type": "Point", "coordinates": [ 1.96755065, 41.26534958 ] } },
{ "type": "Feature", "properties": { "id": "a32ebb7b-c420-4f39-82d4-116661758519", "name": "Tibu-Ron Beach Club", "taxonomy": "beach", "confidence": 1.0, "operating_status": null }, "geometry": { "type": "Point", "coordinates": [ 1.9677517, 41.26532323 ] } },
{ "type": "Feature", "properties": { "id": "86b73ea4-29ad-4bff-96a2-a84bd59fdcf4", "name": "Usuaia restaurante en Castelldefels", "taxonomy": "restaurant", "confidence": 0.736, "operating_status": null }, "geometry": { "type": "Point", "coordinates": [ 1.968359873202016, 41.265790814298221 ] } },
{ "type": "Feature", "properties": { "id": "cf6a93ea-4e2d-42e1-8b57-0a2cf31f752a", "name": "Parrilla Argentina Ushuaia", "taxonomy": "steakhouse", "confidence": 0.997, "operating_status": null }, "geometry": { "type": "Point", "coordinates": [ 1.9682794, 41.26569131 ] } },
{ "type": "Feature", "properties": { "id": "bb5ec3f2-aae4-4591-865a-51642bbde12e", "name": "Fincas Llopart", "taxonomy": "real_estate_service", "confidence": 0.898, "operating_status": null }, "geometry": { "type": "Point", "coordinates": [ 1.96780262, 41.26566437 ] } },
{ "type": "Feature", "properties": { "id": "bb00417b-ab31-4e53-ac31-2e168957c938", "name": "La Burla", "taxonomy": "diner", "confidence": 0.981, "operating_status": null }, "geometry": { "type": "Point", "coordinates": [ 1.96741945, 41.2656375 ] } },
{ "type": "Feature", "properties": { "id": "c0e520dc-4988-48f9-8270-254563edf94b", "name": "La Toja", "taxonomy": "spanish_restaurant", "confidence": 1.0, "operating_status": null }, "geometry": { "type": "Point", "coordinates": [ 1.9669319, 41.26565106 ] } },
{ "type": "Feature", "properties": { "id": "41df36c5-c309-4cfd-b776-efeac0a82d18", "name": "Farmàcia Galceran", "taxonomy": "pharmacy", "confidence": 0.96, "operating_status": null }, "geometry": { "type": "Point", "coordinates": [ 1.96691433, 41.26570107 ] } },
{ "type": "Feature", "properties": { "id": "97fa48f1-ad50-413c-a207-df84a1b00436", "name": "Noa", "taxonomy": "tapas_bar", "confidence": 0.837, "operating_status": null }, "geometry": { "type": "Point", "coordinates": [ 1.967075, 41.2659 ] } },
{ "type": "Feature", "properties": { "id": "59c80ef5-535d-4012-90d8-5cc1c7ab04b7", "name": "Can Moyas", "taxonomy": "mediterranean_restaurant", "confidence": 0.999, "operating_status": null }, "geometry": { "type": "Point", "coordinates": [ 1.96660692, 41.2664339 ] } },
{ "type": "Feature", "properties": { "id": "490e3b8e-2125-4fbe-84a6-2a2798c86426", "name": "Txalaka", "taxonomy": "tapas_bar", "confidence": 0.77, "operating_status": null }, "geometry": { "type": "Point", "coordinates": [ 1.968544149758273, 41.266136582345091 ] } },
{ "type": "Feature", "properties": { "id": "c269857c-d734-4006-9775-f866a21d2a78", "name": "Kama del Mar", "taxonomy": "indian_restaurant", "confidence": 0.77, "operating_status": null }, "geometry": { "type": "Point", "coordinates": [ 1.967778656972392, 41.265957072988769 ] } },
{ "type": "Feature", "properties": { "id": "fb0ef1a0-5b7c-4a7c-bb49-19baea9e23c1", "name": "CochinaMiseria Castelldefels", "taxonomy": "pizza_restaurant", "confidence": 0.737, "operating_status": null }, "geometry": { "type": "Point", "coordinates": [ 1.96783, 41.2659149 ] } },
{ "type": "Feature", "properties": { "id": "4b57cb02-a5b2-4cc5-8a8c-59b279bf1833", "name": "La Tagliatella", "taxonomy": "italian_restaurant", "confidence": 0.991, "operating_status": null }, "geometry": { "type": "Point", "coordinates": [ 1.96774286, 41.26591552 ] } },
{ "type": "Feature", "properties": { "id": "feef6b12-f11f-4e07-8e53-7b3648dd16f4", "name": "La Lianta", "taxonomy": "tapas_bar", "confidence": 0.983, "operating_status": null }, "geometry": { "type": "Point", "coordinates": [ 1.96812424, 41.26587919 ] } },
{ "type": "Feature", "properties": { "id": "cf50cf51-6f16-4f01-9a18-1dc9c1b22993", "name": "Taberna Tibu-Ron", "taxonomy": "bar_and_grill_restaurant", "confidence": 0.998, "operating_status": null }, "geometry": { "type": "Point", "coordinates": [ 1.96857305, 41.26602102 ] } },
{ "type": "Feature", "properties": { "id": "d4c78ebd-7583-44f7-a69b-b0d97630bfe7", "name": "Rober's Original", "taxonomy": "bar", "confidence": 0.993, "operating_status": null }, "geometry": { "type": "Point", "coordinates": [ 1.96905391, 41.26593947 ] } },
{ "type": "Feature", "properties": { "id": "5b015bff-5875-4a15-a07c-773d6b105b7e", "name": "Mojokite Kitesurf & Surf Shop", "taxonomy": "sport_or_recreation_club", "confidence": 0.77, "operating_status": null }, "geometry": { "type": "Point", "coordinates": [ 1.9694522368855, 41.266002715084795 ] } },
{ "type": "Feature", "properties": { "id": "03ed6125-2702-4e0b-bbc4-0021359ec42d", "name": "Takua Bar", "taxonomy": "bar", "confidence": 0.998, "operating_status": null }, "geometry": { "type": "Point", "coordinates": [ 1.96960464, 41.26602532 ] } },
{ "type": "Feature", "properties": { "id": "5078ba24-2907-4aff-bfac-752a980fee6b", "name": "Cerveseria Alex", "taxonomy": "bar", "confidence": 0.962, "operating_status": null }, "geometry": { "type": "Point", "coordinates": [ 1.97110891, 41.26665956 ] } },
{ "type": "Feature", "properties": { "id": "f0e8ac04-45cc-4222-a117-f45a8e21e762", "name": "Oakberry Acai Bowls", "taxonomy": "smoothie_juice_bar", "confidence": 0.925, "operating_status": null }, "geometry": { "type": "Point", "coordinates": [ 1.97136759, 41.26669134 ] } },
{ "type": "Feature", "properties": { "id": "c3354eca-f809-4956-bc1d-021c3c79e6bc", "name": "Nuovo", "taxonomy": "fast_food_restaurant", "confidence": 0.998, "operating_status": null }, "geometry": { "type": "Point", "coordinates": [ 1.97137915, 41.26637776 ] } },
{ "type": "Feature", "properties": { "id": "411d3311-7f7d-44c7-9425-0a4acc17d252", "name": "Coaliment Cheema", "taxonomy": "restaurant", "confidence": 0.986, "operating_status": null }, "geometry": { "type": "Point", "coordinates": [ 1.9711087, 41.2662265 ] } },
{ "type": "Feature", "properties": { "id": "751e661f-09df-4655-8ca9-ac3c5d85ed4e", "name": "La Canija", "taxonomy": "spanish_restaurant", "confidence": 0.998, "operating_status": null }, "geometry": { "type": "Point", "coordinates": [ 1.97082036, 41.26619778 ] } },
{ "type": "Feature", "properties": { "id": "b3d0d345-ff85-4f47-bb09-4b554c6d1e41", "name": "Rober's Frankfurt", "taxonomy": "bar_and_grill_restaurant", "confidence": 0.997, "operating_status": null }, "geometry": { "type": "Point", "coordinates": [ 1.97055229, 41.26615296 ] } },
{ "type": "Feature", "properties": { "id": "aa601111-ffee-421f-a675-f47006158e59", "name": "Yamasato", "taxonomy": "japanese_restaurant", "confidence": 0.93, "operating_status": null }, "geometry": { "type": "Point", "coordinates": [ 1.9708112, 41.26618155 ] } },
{ "type": "Feature", "properties": { "id": "f39202e5-51c5-4eee-8c97-213f2a1d3852", "name": "Restaurante Marisquería Casa Camilo", "taxonomy": "bar", "confidence": 0.735, "operating_status": null }, "geometry": { "type": "Point", "coordinates": [ 1.97133, 41.265857 ] } },
{ "type": "Feature", "properties": { "id": "63c277de-71ac-4d72-ac29-a7aac9a9fa90", "name": "El Paso", "taxonomy": "tapas_bar", "confidence": 0.977, "operating_status": null }, "geometry": { "type": "Point", "coordinates": [ 1.97139363, 41.26586091 ] } },
{ "type": "Feature", "properties": { "id": "a349f554-a21c-446b-b5a1-ad34059749a7", "name": "Acquit Beach Castelldefels", "taxonomy": "beach", "confidence": 0.854, "operating_status": null }, "geometry": { "type": "Point", "coordinates": [ 1.971391513070065, 41.265751323005375 ] } },
{ "type": "Feature", "properties": { "id": "616b3a5a-0bf7-4004-810b-842d9814d40e", "name": "Cantina La Sonora", "taxonomy": "mexican_restaurant", "confidence": 0.994, "operating_status": null }, "geometry": { "type": "Point", "coordinates": [ 1.97136442, 41.26568183 ] } },
{ "type": "Feature", "properties": { "id": "9c15de74-de24-4540-887d-bc585fe60760", "name": "Rincón de Galicia", "taxonomy": "spanish_restaurant", "confidence": 0.997, "operating_status": null }, "geometry": { "type": "Point", "coordinates": [ 1.97123861, 41.26549957 ] } },
{ "type": "Feature", "properties": { "id": "9a463316-e68a-4f4f-b6a1-eaaf7b263cc5", "name": "Barba Rossa Beach Bar", "taxonomy": "bar", "confidence": 0.998, "operating_status": null }, "geometry": { "type": "Point", "coordinates": [ 1.9703803, 41.26586539 ] } },
{ "type": "Feature", "properties": { "id": "060361ed-7aec-4ea2-93d5-9948c21bf1a3", "name": "Itaguay", "taxonomy": "italian_restaurant", "confidence": 0.912, "operating_status": null }, "geometry": { "type": "Point", "coordinates": [ 1.970217, 41.265781 ] } },
{ "type": "Feature", "properties": { "id": "56d0bed8-0544-42f5-9a3d-2fcbca3226d8", "name": "Pecado Burgers", "taxonomy": "burger_restaurant", "confidence": 0.939, "operating_status": null }, "geometry": { "type": "Point", "coordinates": [ 1.97031535, 41.26585831 ] } },
{ "type": "Feature", "properties": { "id": "7f9eb844-f449-4fa0-b0f6-d8fbcdd4d179", "name": "Mi Piace Pasta & Pizza", "taxonomy": "italian_restaurant", "confidence": 0.77, "operating_status": null }, "geometry": { "type": "Point", "coordinates": [ 1.969492861449727, 41.26578502197659 ] } },
{ "type": "Feature", "properties": { "id": "fc84082b-7916-434e-9882-3f65bbdfe940", "name": "Mi Piace Cockteleria", "taxonomy": "cafe", "confidence": 0.98, "operating_status": null }, "geometry": { "type": "Point", "coordinates": [ 1.969462728077349, 41.265811386488544 ] } },
{ "type": "Feature", "properties": { "id": "b27a917a-ac17-4510-9e3e-fe20aa81cdb6", "name": "Restaurant Embarcadero", "taxonomy": "mediterranean_restaurant", "confidence": 0.991, "operating_status": null }, "geometry": { "type": "Point", "coordinates": [ 1.96976547, 41.26528276 ] } },
{ "type": "Feature", "properties": { "id": "745c69b2-89f7-43c0-98e4-6b7fc4a33e3b", "name": "Hotel Playafels", "taxonomy": "hotel", "confidence": 1.0, "operating_status": null }, "geometry": { "type": "Point", "coordinates": [ 1.9695879, 41.2653453 ] } },
{ "type": "Feature", "properties": { "id": "82377b88-d162-417d-9650-5685558cb6a4", "name": "Pinamar Beach", "taxonomy": "beach", "confidence": 0.877, "operating_status": null }, "geometry": { "type": "Point", "coordinates": [ 1.97098917, 41.26545219 ] } },
{ "type": "Feature", "properties": { "id": "c1a84efe-506a-4a80-9bc3-be4467e457d3", "name": "Restaurante Rincón de Lola", "taxonomy": "spanish_restaurant", "confidence": 0.999, "operating_status": null }, "geometry": { "type": "Point", "coordinates": [ 1.97131703, 41.26541417 ] } },
{ "type": "Feature", "properties": { "id": "df8c3d48-247a-4650-920d-d33ed5e305c5", "name": "El Péndulo Restaurante Beach Club", "taxonomy": "bar", "confidence": 0.77, "operating_status": null }, "geometry": { "type": "Point", "coordinates": [ 1.970910749983575, 41.26517273227963 ] } },
{ "type": "Feature", "properties": { "id": "9460d442-a06c-4945-b81a-360ce67b843d", "name": "Rocxi Beach", "taxonomy": "mediterranean_restaurant", "confidence": 1.0, "operating_status": null }, "geometry": { "type": "Point", "coordinates": [ 1.97364297, 41.26579967 ] } },
{ "type": "Feature", "properties": { "id": "40f74513-8621-4088-a668-703c804baebe", "name": "We Are PLEH", "taxonomy": null, "confidence": 0.85, "operating_status": null }, "geometry": { "type": "Point", "coordinates": [ 1.9729774, 41.2657776 ] } },
{ "type": "Feature", "properties": { "id": "fce2ee89-259e-4570-849b-90589dd9d6ec", "name": "Restaurante Cel Blau Castelldefels", "taxonomy": "spanish_restaurant", "confidence": 0.993, "operating_status": null }, "geometry": { "type": "Point", "coordinates": [ 1.97152601, 41.265761 ] } },
{ "type": "Feature", "properties": { "id": "f466a87a-84cf-4a23-a596-88576822f001", "name": "Barcelona Castelldefels", "taxonomy": "lodging", "confidence": 0.789, "operating_status": null }, "geometry": { "type": "Point", "coordinates": [ 1.971787, 41.265738 ] } },
{ "type": "Feature", "properties": { "id": "a6cfeaae-8b5b-4c0b-89b9-f765859eec29", "name": "Kurz&Gut Castelldefels", "taxonomy": "german_restaurant", "confidence": 0.77, "operating_status": null }, "geometry": { "type": "Point", "coordinates": [ 1.971738015118894, 41.265922792182479 ] } },
{ "type": "Feature", "properties": { "id": "6ecc23c4-c0b5-450d-afb3-479f030c258d", "name": "Cel Blau Lounge Club", "taxonomy": "lounge", "confidence": 0.736, "operating_status": null }, "geometry": { "type": "Point", "coordinates": [ 1.97153, 41.2660484 ] } },
{ "type": "Feature", "properties": { "id": "1e86202f-b7ab-400e-99f0-592439f2d6e8", "name": "Restaurante lucavi", "taxonomy": "mediterranean_restaurant", "confidence": 0.998, "operating_status": null }, "geometry": { "type": "Point", "coordinates": [ 1.97174037, 41.26606329 ] } },
{ "type": "Feature", "properties": { "id": "e5be7258-cea8-4787-8adb-818a81d8d1da", "name": "Barullo Castelldefels", "taxonomy": "restaurant", "confidence": 0.813, "operating_status": null }, "geometry": { "type": "Point", "coordinates": [ 1.97189, 41.26604 ] } },
{ "type": "Feature", "properties": { "id": "a4b8310c-9a59-4d64-81a0-a18f61741d65", "name": "Punt Maritim", "taxonomy": "seafood_restaurant", "confidence": 0.945, "operating_status": null }, "geometry": { "type": "Point", "coordinates": [ 1.9724365, 41.2662014 ] } },
{ "type": "Feature", "properties": { "id": "36563267-4232-4c3e-aa03-b66ef2f21a13", "name": "Botanic del Mar", "taxonomy": "restaurant", "confidence": 0.993, "operating_status": null }, "geometry": { "type": "Point", "coordinates": [ 1.97260188, 41.26619482 ] } },
{ "type": "Feature", "properties": { "id": "b4904419-ebe3-4ab9-8443-6ae24f1e159b", "name": "Casa Gallega Restaurante Tapas Castelldefels", "taxonomy": "tapas_bar", "confidence": 0.993, "operating_status": null }, "geometry": { "type": "Point", "coordinates": [ 1.97155761, 41.26624357 ] } },
{ "type": "Feature", "properties": { "id": "d04f4c5a-6915-4b58-b398-0dd4680ba2d4", "name": "La Posada del Cano", "taxonomy": "tapas_bar", "confidence": 0.984, "operating_status": null }, "geometry": { "type": "Point", "coordinates": [ 1.97155689, 41.26631286 ] } },
{ "type": "Feature", "properties": { "id": "d3b26270-4498-48f8-ae7c-4491cd5287c5", "name": "Celeste", "taxonomy": "mediterranean_restaurant", "confidence": 0.999, "operating_status": null }, "geometry": { "type": "Point", "coordinates": [ 1.97168324, 41.26630543 ] } },
{ "type": "Feature", "properties": { "id": "fb46ec19-b3b1-43d1-93a7-1ecfd5b9798b", "name": "Flow Pilates y Yoga Studio", "taxonomy": "pilates_studio", "confidence": 0.977, "operating_status": null }, "geometry": { "type": "Point", "coordinates": [ 1.97186318, 41.26664623 ] } },
{ "type": "Feature", "properties": { "id": "1c67720f-57ce-4880-a1a3-2fe13e93c4a5", "name": "Bar Isa", "taxonomy": "tapas_bar", "confidence": 0.99, "operating_status": null }, "geometry": { "type": "Point", "coordinates": [ 1.97277, 41.26633 ] } },
{ "type": "Feature", "properties": { "id": "a829e880-f83c-4a95-9a3b-47962910cf12", "name": "Masclans Disseny Unipersonal", "taxonomy": null, "confidence": 0.85, "operating_status": null }, "geometry": { "type": "Point", "coordinates": [ 1.97392, 41.26639 ] } },
{ "type": "Feature", "properties": { "id": "87a8f688-1efe-4f35-8a29-d236f80f96b9", "name": "Restaurante Amar", "taxonomy": "mediterranean_restaurant", "confidence": 0.996, "operating_status": null }, "geometry": { "type": "Point", "coordinates": [ 1.97490954, 41.26594322 ] } },
{ "type": "Feature", "properties": { "id": "d3f15288-46d4-46d7-b331-ff5c4c56c90b", "name": "Punto UY", "taxonomy": "pizza_restaurant", "confidence": 0.997, "operating_status": null }, "geometry": { "type": "Point", "coordinates": [ 1.97639302, 41.26580229 ] } },
{ "type": "Feature", "properties": { "id": "5c9223a5-c275-44b0-8603-7f91fb49994c", "name": "Itxaso Restaurant Lounge Club", "taxonomy": "spanish_restaurant", "confidence": 0.984, "operating_status": null }, "geometry": { "type": "Point", "coordinates": [ 1.97632155, 41.26577975 ] } },
{ "type": "Feature", "properties": { "id": "67a528b2-44d8-458e-8237-6ed982c5f2ff", "name": "Hotel boutique dONNA", "taxonomy": "hotel", "confidence": 0.992, "operating_status": null }, "geometry": { "type": "Point", "coordinates": [ 1.97592233, 41.26547654 ] } },
{ "type": "Feature", "properties": { "id": "0a937b04-9e6b-405d-a451-7ff4587c03d8", "name": "Paseo maritimo de Castelldefels", "taxonomy": "beach", "confidence": 0.722, "operating_status": null }, "geometry": { "type": "Point", "coordinates": [ 1.97562, 41.26574 ] } },
{ "type": "Feature", "properties": { "id": "ce2a1826-af3a-4558-9b10-7dcaa5a5b77f", "name": "Camarote Beach", "taxonomy": "bar", "confidence": 0.995, "operating_status": null }, "geometry": { "type": "Point", "coordinates": [ 1.97558603, 41.26578089 ] } },
{ "type": "Feature", "properties": { "id": "6eae1541-27a0-469e-8019-6262e0d0d133", "name": "Playa Paris Brunch", "taxonomy": "restaurant", "confidence": 0.907, "operating_status": null }, "geometry": { "type": "Point", "coordinates": [ 1.97537566, 41.26581105 ] } },
{ "type": "Feature", "properties": { "id": "147b8810-ec0d-4a7c-b8a8-2c9940417a07", "name": "Salta Violeta", "taxonomy": "argentine_restaurant", "confidence": 0.77, "operating_status": null }, "geometry": { "type": "Point", "coordinates": [ 1.975370895478887, 41.265835725772213 ] } },
{ "type": "Feature", "properties": { "id": "8d2f9e8a-6ff9-418b-b50d-1a0e8a90735e", "name": "Taberna MARIA Bonita", "taxonomy": "tapas_bar", "confidence": 0.893, "operating_status": null }, "geometry": { "type": "Point", "coordinates": [ 1.975044, 41.265783 ] } },
{ "type": "Feature", "properties": { "id": "72c86b7b-753d-439a-99fd-6c33f50e6548", "name": "Fincas Bellamar", "taxonomy": "real_estate_service", "confidence": 0.912, "operating_status": null }, "geometry": { "type": "Point", "coordinates": [ 1.97513616, 41.26574653 ] } },
{ "type": "Feature", "properties": { "id": "d633c33b-d7ca-4b5f-b7d3-282bcae391eb", "name": "Momocho", "taxonomy": "ice_cream_shop", "confidence": 0.987, "operating_status": null }, "geometry": { "type": "Point", "coordinates": [ 1.97514875, 41.26573178 ] } },
{ "type": "Feature", "properties": { "id": "d5049163-36c7-46d7-824a-dde20fbf3c6f", "name": "Chalo Resto&Bar", "taxonomy": "tapas_bar", "confidence": 0.998, "operating_status": null }, "geometry": { "type": "Point", "coordinates": [ 1.97495245, 41.26573128 ] } },
{ "type": "Feature", "properties": { "id": "2afba389-b127-4fda-983b-c610bed407b7", "name": "Mareny Restaurant", "taxonomy": "restaurant", "confidence": 0.906, "operating_status": null }, "geometry": { "type": "Point", "coordinates": [ 1.975804, 41.26541698 ] } },
{ "type": "Feature", "properties": { "id": "4fcf4904-17be-4a9c-adbf-0e5e34fdc006", "name": "Solraig", "taxonomy": "mediterranean_restaurant", "confidence": 0.99, "operating_status": null }, "geometry": { "type": "Point", "coordinates": [ 1.97645867, 41.26541504 ] } },
{ "type": "Feature", "properties": { "id": "96edcd49-f720-47b7-9fd7-18acd3b7f268", "name": "Hotel Bel Air", "taxonomy": "hotel", "confidence": 1.0, "operating_status": null }, "geometry": { "type": "Point", "coordinates": [ 1.97651433, 41.26538105 ] } },
{ "type": "Feature", "properties": { "id": "63d0fbb2-2b1d-47db-87a2-b745f3c965e2", "name": "Ristorante Tibu-Ron", "taxonomy": "italian_restaurant", "confidence": 0.77, "operating_status": null }, "geometry": { "type": "Point", "coordinates": [ 1.976380547098826, 41.265157541812961 ] } },
{ "type": "Feature", "properties": { "id": "d7e0d61d-8e04-4745-85e1-5f69d78a1757", "name": "Guingueta 665", "taxonomy": "tapas_bar", "confidence": 0.928, "operating_status": null }, "geometry": { "type": "Point", "coordinates": [ 1.97163329, 41.26447577 ] } },
{ "type": "Feature", "properties": { "id": "672c7078-be8b-432e-bedf-df0a093c7a1e", "name": "Castelldefels Playa El Capo", "taxonomy": "beach", "confidence": 0.841, "operating_status": null }, "geometry": { "type": "Point", "coordinates": [ 1.97167076866, 41.264351986766997 ] } },
{ "type": "Feature", "properties": { "id": "9f50b2cb-c710-4757-83bc-19b6cdaea5ea", "name": "Chiringuito Carita Morena", "taxonomy": "mediterranean_restaurant", "confidence": 0.993, "operating_status": null }, "geometry": { "type": "Point", "coordinates": [ 1.973982, 41.264266 ] } },
{ "type": "Feature", "properties": { "id": "b5e2b2a3-281a-4789-8d6d-da81213066c9", "name": "Chiringuito Garota Castelldefels", "taxonomy": "tapas_bar", "confidence": 0.98, "operating_status": null }, "geometry": { "type": "Point", "coordinates": [ 1.97738915, 41.26420755 ] } },
{ "type": "Feature", "properties": { "id": "eb737fe2-b5e5-4b4e-8782-100a52c80740", "name": "Castell de Fels playa", "taxonomy": "beach", "confidence": 0.801, "operating_status": null }, "geometry": { "type": "Point", "coordinates": [ 1.977539, 41.264388 ] } },
{ "type": "Feature", "properties": { "id": "489f121e-b199-401e-9cc7-1424824dbe55", "name": "Pura Vida", "taxonomy": "beach_bar", "confidence": 0.77, "operating_status": null }, "geometry": { "type": "Point", "coordinates": [ 1.977522824305284, 41.264444653973008 ] } },
{ "type": "Feature", "properties": { "id": "2ea933b6-ffe8-481c-b952-bdb3df56f314", "name": "Castelldefels banco Gigante playa", "taxonomy": "beach", "confidence": 0.776, "operating_status": null }, "geometry": { "type": "Point", "coordinates": [ 1.9802252283511, 41.264634813666 ] } },
{ "type": "Feature", "properties": { "id": "dc63e024-75a3-4456-a12f-5d24fccbdefe", "name": "Chiringuito Ananda", "taxonomy": "tapas_bar", "confidence": 0.992, "operating_status": null }, "geometry": { "type": "Point", "coordinates": [ 1.98130749, 41.26420604 ] } },
{ "type": "Feature", "properties": { "id": "cd9fc4cc-09e1-4f70-9951-f95ac4149d83", "name": "Playeros Castelldefels", "taxonomy": "restaurant", "confidence": 0.952, "operating_status": null }, "geometry": { "type": "Point", "coordinates": [ 1.984866202233448, 41.264374407810422 ] } },
{ "type": "Feature", "properties": { "id": "03e5a547-ef40-40f6-9075-1132bbcdb162", "name": "Parc del Mar", "taxonomy": "park", "confidence": 0.771, "operating_status": null }, "geometry": { "type": "Point", "coordinates": [ 1.9832764, 41.26548319 ] } },
{ "type": "Feature", "properties": { "id": "6e175f22-1563-4dd8-a317-fd35611f0265", "name": "Biblioplatja Carme Romaní", "taxonomy": "library", "confidence": 0.779, "operating_status": null }, "geometry": { "type": "Point", "coordinates": [ 1.98395063, 41.26540331 ] } },
{ "type": "Feature", "properties": { "id": "4e4dce0f-7500-4bb1-bad3-b9a98d830471", "name": "Castelldefels Platja", "taxonomy": "beach", "confidence": 0.785, "operating_status": null }, "geometry": { "type": "Point", "coordinates": [ 1.986693345039, 41.265040488183999 ] } },
{ "type": "Feature", "properties": { "id": "93e86b78-4588-4cb0-8d22-db842688bdef", "name": "Pez Bomba", "taxonomy": "restaurant", "confidence": 0.998, "operating_status": null }, "geometry": { "type": "Point", "coordinates": [ 1.98525432, 41.2657129 ] } },
{ "type": "Feature", "properties": { "id": "b46cae22-e10d-4687-9fd1-2b72ce3d921d", "name": "Bar Restaurant Nou Mástil", "taxonomy": "tapas_bar", "confidence": 0.973, "operating_status": null }, "geometry": { "type": "Point", "coordinates": [ 1.98307275, 41.26637275 ] } },
{ "type": "Feature", "properties": { "id": "2578678e-f48d-4532-b906-911eaec2832d", "name": "Hotel Rodsan Suizo", "taxonomy": "hotel", "confidence": 0.968, "operating_status": null }, "geometry": { "type": "Point", "coordinates": [ 1.98305804, 41.26626965 ] } },
{ "type": "Feature", "properties": { "id": "e89c8376-60f5-4d6d-a8d3-4ff302189aa0", "name": "Kiosco Isabelle", "taxonomy": "convenience_store", "confidence": 0.788, "operating_status": null }, "geometry": { "type": "Point", "coordinates": [ 1.98239275, 41.26598009 ] } },
{ "type": "Feature", "properties": { "id": "d3dca31d-d9e1-4f73-b1dc-283f81fe7070", "name": "Kiosko Isabelle", "taxonomy": "toy_store", "confidence": 0.784, "operating_status": null }, "geometry": { "type": "Point", "coordinates": [ 1.98239275, 41.26598009 ] } },
{ "type": "Feature", "properties": { "id": "7e75c533-1aae-4b69-88e7-851a220fa12f", "name": "Tiburon", "taxonomy": "hotel", "confidence": 0.999, "operating_status": null }, "geometry": { "type": "Point", "coordinates": [ 1.98205307, 41.26638872 ] } },
{ "type": "Feature", "properties": { "id": "b2a325f0-4f9c-446a-afa0-9035b7b67d27", "name": "TasKa Castelldefels", "taxonomy": "tapas_bar", "confidence": 0.999, "operating_status": null }, "geometry": { "type": "Point", "coordinates": [ 1.9823292, 41.26632439 ] } },
{ "type": "Feature", "properties": { "id": "fd10f9f6-2fdf-43ab-8f48-63755508a6f1", "name": "Bunker Castelldefels", "taxonomy": "surfing", "confidence": 0.964, "operating_status": null }, "geometry": { "type": "Point", "coordinates": [ 1.98149605, 41.26570192 ] } },
{ "type": "Feature", "properties": { "id": "bcbfae82-8f58-495d-8e2d-88bef43b4342", "name": "Zona kitesurf Castelldefels", "taxonomy": "kiteboarding", "confidence": 0.931, "operating_status": null }, "geometry": { "type": "Point", "coordinates": [ 1.9792415, 41.26539185 ] } },
{ "type": "Feature", "properties": { "id": "6e99b718-169e-49eb-a452-d8fba0bc1b64", "name": "El Txoko", "taxonomy": "tapas_bar", "confidence": 0.991, "operating_status": null }, "geometry": { "type": "Point", "coordinates": [ 1.97841834, 41.26563977 ] } },
{ "type": "Feature", "properties": { "id": "c192c9f2-77af-4da0-a4db-2c4536f3741d", "name": "Apartamentos Marfina", "taxonomy": "hotel", "confidence": 0.988, "operating_status": null }, "geometry": { "type": "Point", "coordinates": [ 1.97729053, 41.26572921 ] } },
{ "type": "Feature", "properties": { "id": "37d09b34-8b47-4192-bbc2-5c585e2d8a95", "name": "Rosa Mar", "taxonomy": "mediterranean_restaurant", "confidence": 0.875, "operating_status": null }, "geometry": { "type": "Point", "coordinates": [ 1.976563, 41.265744 ] } },
{ "type": "Feature", "properties": { "id": "c7e2948c-9e67-4e1f-ab7c-091c6419fae3", "name": "Parc de Lluminetes", "taxonomy": "park", "confidence": 0.717, "operating_status": null }, "geometry": { "type": "Point", "coordinates": [ 1.97774, 41.26649 ] } },
{ "type": "Feature", "properties": { "id": "fb72ecf8-6de3-4563-a3d9-93a7b7d4ae98", "name": "Estanco 4 Castelldefels", "taxonomy": "bar", "confidence": 0.88, "operating_status": null }, "geometry": { "type": "Point", "coordinates": [ 1.97883, 41.26708 ] } },
{ "type": "Feature", "properties": { "id": "c16e3b7d-c3e8-4fad-8bf6-77181f35ce3b", "name": "6 Bis Hotel", "taxonomy": "hotel", "confidence": 0.953, "operating_status": null }, "geometry": { "type": "Point", "coordinates": [ 1.97682434, 41.26824347 ] } },
{ "type": "Feature", "properties": { "id": "cb8b1f2a-21c8-462e-a626-e7af21008f6c", "name": "SG Business Apartments", "taxonomy": "historic_site", "confidence": 0.715, "operating_status": null }, "geometry": { "type": "Point", "coordinates": [ 1.979431813485223, 41.267991980413491 ] } },
{ "type": "Feature", "properties": { "id": "eaba4a40-c27a-4b3d-8d13-5331aa6a1475", "name": "Rayuela Resto&Grill", "taxonomy": "bar_and_grill_restaurant", "confidence": 0.992, "operating_status": null }, "geometry": { "type": "Point", "coordinates": [ 1.9810883, 41.26815459 ] } },
{ "type": "Feature", "properties": { "id": "5297b368-458d-4096-ae90-217330345135", "name": "Banks General", "taxonomy": "cafe", "confidence": 0.978, "operating_status": null }, "geometry": { "type": "Point", "coordinates": [ 1.981043942707083, 41.266847022707736 ] } },
{ "type": "Feature", "properties": { "id": "4ca3b201-457e-4948-87bc-11ca399f9ba6", "name": "Sunset Castelldefels", "taxonomy": "spanish_restaurant", "confidence": 0.975, "operating_status": null }, "geometry": { "type": "Point", "coordinates": [ 1.98210127, 41.267082 ] } },
{ "type": "Feature", "properties": { "id": "02f1a0c1-236d-4a73-a9f4-0c3364132019", "name": "Porta Coeli", "taxonomy": "resort", "confidence": 0.77, "operating_status": null }, "geometry": { "type": "Point", "coordinates": [ 1.985220907881664, 41.267366994857845 ] } },
{ "type": "Feature", "properties": { "id": "4f55969a-99cd-4ce3-b699-246a9b19fe1b", "name": "Ziba Club", "taxonomy": "dance_club", "confidence": 0.905, "operating_status": null }, "geometry": { "type": "Point", "coordinates": [ 1.98199849, 41.26903977 ] } },
{ "type": "Feature", "properties": { "id": "ec77f9ea-20fc-4492-a2a5-9366408b0d5c", "name": "Cactus Press", "taxonomy": "professional_service", "confidence": 0.77, "operating_status": null }, "geometry": { "type": "Point", "coordinates": [ 1.986101355617752, 41.269863450497795 ] } },
{ "type": "Feature", "properties": { "id": "acb33ee5-70f8-4e53-84a7-22d132efbfa3", "name": "Cactus Residencial", "taxonomy": "hotel", "confidence": 0.962, "operating_status": null }, "geometry": { "type": "Point", "coordinates": [ 1.986132, 41.269924 ] } },
{ "type": "Feature", "properties": { "id": "e5fe88f2-c924-4c5d-86ec-ef1686e16376", "name": "La Pampa", "taxonomy": "argentine_restaurant", "confidence": 0.998, "operating_status": null }, "geometry": { "type": "Point", "coordinates": [ 1.98378109, 41.26988722 ] } },
{ "type": "Feature", "properties": { "id": "f67c8fdc-01f0-4fbe-82cb-692b9a8dc3b5", "name": "Oakberry Castelldefels", "taxonomy": "restaurant", "confidence": 0.712, "operating_status": null }, "geometry": { "type": "Point", "coordinates": [ 1.9831072, 41.2694661 ] } },
{ "type": "Feature", "properties": { "id": "fe7f33b5-9fe9-48bb-9034-8e59543f4e23", "name": "Kinza Villa", "taxonomy": "georgian_restaurant", "confidence": 0.971, "operating_status": null }, "geometry": { "type": "Point", "coordinates": [ 1.98324539, 41.26944332 ] } },
{ "type": "Feature", "properties": { "id": "ed8f38c6-a482-4490-9385-c59d49e3c5b7", "name": "Renting Flexible Castelldefels - OFR", "taxonomy": "rental_service", "confidence": 0.956, "operating_status": null }, "geometry": { "type": "Point", "coordinates": [ 1.9798272, 41.2698735 ] } },
{ "type": "Feature", "properties": { "id": "599cc5df-5716-4de0-a923-0fc72fea7ad7", "name": "Rent a Car Castelldefels", "taxonomy": "car_rental_service", "confidence": 0.993, "operating_status": null }, "geometry": { "type": "Point", "coordinates": [ 1.97949829, 41.26978621 ] } },
{ "type": "Feature", "properties": { "id": "bf73b1cf-8dae-4033-9c30-0baf392d54d3", "name": "Centro de estética  Juliana Vieira", "taxonomy": "professional_service", "confidence": 0.908, "operating_status": null }, "geometry": { "type": "Point", "coordinates": [ 1.97872, 41.2692 ] } },
{ "type": "Feature", "properties": { "id": "2b7be1cf-1425-42ae-91ef-63fb66f42080", "name": "Pisogar Asesores Inmobiliarios", "taxonomy": "real_estate_agent", "confidence": 0.76, "operating_status": null }, "geometry": { "type": "Point", "coordinates": [ 1.977949, 41.269854 ] } },
{ "type": "Feature", "properties": { "id": "233bea43-ca4b-4eb7-b9c9-b3554f3defda", "name": "Rat Penat Beach Bar", "taxonomy": "bar", "confidence": 0.937, "operating_status": null }, "geometry": { "type": "Point", "coordinates": [ 1.97163, 41.26988 ] } },
{ "type": "Feature", "properties": { "id": "cbe13872-6b38-4216-bbaf-f80953913c72", "name": "Popkite.Com", "taxonomy": "surf_store", "confidence": 0.964, "operating_status": null }, "geometry": { "type": "Point", "coordinates": [ 1.97197215, 41.26858843 ] } },
{ "type": "Feature", "properties": { "id": "d11fbcd4-a85e-428d-9427-8bc630b0cc10", "name": "Ginosi Apartels & Hotels", "taxonomy": "hotel", "confidence": 0.869, "operating_status": null }, "geometry": { "type": "Point", "coordinates": [ 1.97174, 41.26854 ] } },
{ "type": "Feature", "properties": { "id": "b935791c-fb31-4c14-a490-02c7a13f7ba8", "name": "Castell Beach Aparthotel", "taxonomy": "service_apartment", "confidence": 0.997, "operating_status": null }, "geometry": { "type": "Point", "coordinates": [ 1.97165999, 41.26848869 ] } },
{ "type": "Feature", "properties": { "id": "9ab11bb9-fb98-4fd2-8798-f859556d8448", "name": "Hotel HP Castelldefels", "taxonomy": "hotel", "confidence": 0.898, "operating_status": null }, "geometry": { "type": "Point", "coordinates": [ 1.9747449, 41.26868429 ] } },
{ "type": "Feature", "properties": { "id": "637dd658-567e-4493-8e64-0b81c32e0ac7", "name": "Jatachi", "taxonomy": "japanese_restaurant", "confidence": 0.842, "operating_status": null }, "geometry": { "type": "Point", "coordinates": [ 1.97513, 41.26761 ] } },
{ "type": "Feature", "properties": { "id": "f0a2fd5b-0654-4ba2-9aaa-5da378bcacb8", "name": "Hotel 139", "taxonomy": "hotel", "confidence": 0.997, "operating_status": null }, "geometry": { "type": "Point", "coordinates": [ 1.97568922, 41.26758771 ] } },
{ "type": "Feature", "properties": { "id": "b0b7282f-1f30-4463-ad7c-47aa15cb6f2b", "name": "Residencia para Mayores Catite", "taxonomy": "retirement_home", "confidence": 0.961, "operating_status": null }, "geometry": { "type": "Point", "coordinates": [ 1.97553278, 41.26705221 ] } },
{ "type": "Feature", "properties": { "id": "5842c745-e294-4d4e-a4c8-27739d6785ac", "name": "Cdf discoteca toprical oficial", "taxonomy": "dance_club", "confidence": 0.808, "operating_status": null }, "geometry": { "type": "Point", "coordinates": [ 1.97505541, 41.26728712 ] } },
{ "type": "Feature", "properties": { "id": "a71de6f2-5a36-403a-acf4-bebcf4755c7e", "name": "Pan Beach Castelldefels", "taxonomy": "beach", "confidence": 0.814, "operating_status": null }, "geometry": { "type": "Point", "coordinates": [ 1.97495, 41.26725 ] } },
{ "type": "Feature", "properties": { "id": "cb63c785-b7eb-4104-bc77-e55b73616e49", "name": "Anormal Food Castelldefels | Cocina Latinoamericana", "taxonomy": "venezuelan_restaurant", "confidence": 0.85, "operating_status": null }, "geometry": { "type": "Point", "coordinates": [ 1.9749551, 41.2674012 ] } },
{ "type": "Feature", "properties": { "id": "91078e86-4a47-4fbb-a6cf-7cd6426b66db", "name": "Restaurante La Canasta", "taxonomy": "seafood_restaurant", "confidence": 0.998, "operating_status": null }, "geometry": { "type": "Point", "coordinates": [ 1.97500983, 41.26737275 ] } },
{ "type": "Feature", "properties": { "id": "2dfd7626-38e7-4616-aa34-d9f6e21a4db3", "name": "Hclub.Castelldefels", "taxonomy": "music_venue", "confidence": 0.827, "operating_status": null }, "geometry": { "type": "Point", "coordinates": [ 1.975002008888394, 41.267404683335108 ] } },
{ "type": "Feature", "properties": { "id": "f9b8d0c8-d3ac-41ef-8100-f64748a15c66", "name": "Restaurant La Vila del Rocxi", "taxonomy": "pizza_restaurant", "confidence": 0.941, "operating_status": null }, "geometry": { "type": "Point", "coordinates": [ 1.975179, 41.267543 ] } },
{ "type": "Feature", "properties": { "id": "35764cc1-494d-4621-828d-7928489ee73e", "name": "Islapacifico15", "taxonomy": "music_venue", "confidence": 0.889, "operating_status": null }, "geometry": { "type": "Point", "coordinates": [ 1.97308, 41.26753 ] } },
{ "type": "Feature", "properties": { "id": "60bf20c6-24ea-431a-9798-e1b64a17b6f0", "name": "Hotel 153", "taxonomy": "hotel", "confidence": 0.996, "operating_status": null }, "geometry": { "type": "Point", "coordinates": [ 1.97320626, 41.26744002 ] } },
{ "type": "Feature", "properties": { "id": "fe98f795-721c-47d6-b8dd-c3460ccef5da", "name": "Residencia Torre Marina", "taxonomy": "retirement_home", "confidence": 0.895, "operating_status": null }, "geometry": { "type": "Point", "coordinates": [ 1.97268323, 41.26712651 ] } },
{ "type": "Feature", "properties": { "id": "519693d2-2e0f-4e9f-ae29-92f24a92483b", "name": "La Isla", "taxonomy": "cocktail_bar", "confidence": 0.954, "operating_status": null }, "geometry": { "type": "Point", "coordinates": [ 1.972505, 41.267448 ] } },
{ "type": "Feature", "properties": { "id": "05d471a9-4d3f-47b4-a579-1376d1ad9303", "name": "Doctor Desatascos Camion CUBA - Barcelona - 24/7", "taxonomy": "septic_service", "confidence": 0.85, "operating_status": null }, "geometry": { "type": "Point", "coordinates": [ 1.9724431, 41.2676332 ] } },
{ "type": "Feature", "properties": { "id": "681f425e-0c5a-43d1-80ed-9a85dc607183", "name": "Escola Bressol l'Olivera", "taxonomy": "school", "confidence": 0.93, "operating_status": null }, "geometry": { "type": "Point", "coordinates": [ 1.9729846, 41.26808815 ] } },
{ "type": "Feature", "properties": { "id": "9f3d9864-2f1e-41af-8578-163fa8aa708c", "name": "Oasis Castelldefels", "taxonomy": "bar", "confidence": 0.972, "operating_status": null }, "geometry": { "type": "Point", "coordinates": [ 1.97050951, 41.2675628 ] } },
{ "type": "Feature", "properties": { "id": "02aaed35-6722-4022-8cb3-393069d2f558", "name": "Amazonka", "taxonomy": "bar", "confidence": 0.789, "operating_status": null }, "geometry": { "type": "Point", "coordinates": [ 1.97057, 41.26756 ] } },
{ "type": "Feature", "properties": { "id": "b67970b7-864d-4a13-953b-5e253d91cc7f", "name": "Rapsodia Castelldefels", "taxonomy": "bar", "confidence": 0.811, "operating_status": null }, "geometry": { "type": "Point", "coordinates": [ 1.97075, 41.26757 ] } },
{ "type": "Feature", "properties": { "id": "12fc6fd5-d089-4cf7-aa65-85658012472b", "name": "La Vida Sigue", "taxonomy": "barbecue_restaurant", "confidence": 0.77, "operating_status": null }, "geometry": { "type": "Point", "coordinates": [ 1.970821180730179, 41.26768103434496 ] } },
{ "type": "Feature", "properties": { "id": "5f27a470-cf8e-49dc-b15a-71814eeace2b", "name": "Shiso Restaurant & Lounge", "taxonomy": "spanish_restaurant", "confidence": 0.869, "operating_status": null }, "geometry": { "type": "Point", "coordinates": [ 1.97082273, 41.2676892 ] } },
{ "type": "Feature", "properties": { "id": "0fce6a1a-90b3-4b26-bbb9-6b9a3d0f85d5", "name": "Skyline Chillout", "taxonomy": "cocktail_bar", "confidence": 0.991, "operating_status": null }, "geometry": { "type": "Point", "coordinates": [ 1.97107336, 41.26782237 ] } },
{ "type": "Feature", "properties": { "id": "3a7973f4-9add-4db1-a537-210c1aef0a9d", "name": "Stadium Castelldefels", "taxonomy": "sports_bar", "confidence": 0.973, "operating_status": null }, "geometry": { "type": "Point", "coordinates": [ 1.9710366, 41.26767281 ] } },
{ "type": "Feature", "properties": { "id": "be479cff-c0e2-4164-9fa2-8a1c58ef6d55", "name": "BMOL Music Club", "taxonomy": "music_venue", "confidence": 0.963, "operating_status": null }, "geometry": { "type": "Point", "coordinates": [ 1.97122067, 41.26761329 ] } },
{ "type": "Feature", "properties": { "id": "f2b10602-acbe-4ea7-991f-1023a8b3c6b6", "name": "Localito", "taxonomy": "cocktail_bar", "confidence": 0.989, "operating_status": null }, "geometry": { "type": "Point", "coordinates": [ 1.97146767, 41.26760987 ] } },
{ "type": "Feature", "properties": { "id": "d7df0e36-7c73-47df-a8d1-e6cb97614321", "name": "INvitro", "taxonomy": "bar", "confidence": 0.983, "operating_status": null }, "geometry": { "type": "Point", "coordinates": [ 1.97131429, 41.26746592 ] } },
{ "type": "Feature", "properties": { "id": "05cd8aba-e96e-4471-aecd-221ced12e3e3", "name": "Bambuddha Bar", "taxonomy": "bar", "confidence": 0.742, "operating_status": null }, "geometry": { "type": "Point", "coordinates": [ 1.97118416, 41.26737104 ] } },
{ "type": "Feature", "properties": { "id": "55417128-4ceb-465f-b014-cbed2abfc5a6", "name": "Peluqueria Maria Belver", "taxonomy": "beauty_salon", "confidence": 0.89, "operating_status": null }, "geometry": { "type": "Point", "coordinates": [ 1.971045, 41.267381 ] } },
{ "type": "Feature", "properties": { "id": "9df1dfba-e6ab-4137-bc76-57face541576", "name": "Uno Castelldefels", "taxonomy": "dance_club", "confidence": 0.997, "operating_status": null }, "geometry": { "type": "Point", "coordinates": [ 1.97114845, 41.26744827 ] } },
{ "type": "Feature", "properties": { "id": "6778d44c-ca52-48e5-b554-dd2df692dc70", "name": "Axioma", "taxonomy": "bar", "confidence": 0.965, "operating_status": null }, "geometry": { "type": "Point", "coordinates": [ 1.97112053, 41.26714597 ] } },
{ "type": "Feature", "properties": { "id": "f33ece98-31c3-4117-ac24-03980ee60dd8", "name": "Descaro Castelldefels", "taxonomy": "music_venue", "confidence": 0.999, "operating_status": null }, "geometry": { "type": "Point", "coordinates": [ 1.97084818, 41.26731684 ] } },
{ "type": "Feature", "properties": { "id": "de4b1180-6d79-447e-9c07-8cb2359d0524", "name": "Flamingo Cafe", "taxonomy": "cafe", "confidence": 0.984, "operating_status": null }, "geometry": { "type": "Point", "coordinates": [ 1.97105693, 41.26731823 ] } },
{ "type": "Feature", "properties": { "id": "a80a9bc6-010b-4e3f-94f9-2baa37fa7ba0", "name": "La Palmera Beach Castelldefels", "taxonomy": "beach", "confidence": 0.737, "operating_status": null }, "geometry": { "type": "Point", "coordinates": [ 1.9711949838824, 41.267255323055998 ] } },
{ "type": "Feature", "properties": { "id": "95dfdff3-29a8-4880-ab89-e2cae524bbfb", "name": "DIRTY Castelldefels", "taxonomy": "pub", "confidence": 0.865, "operating_status": null }, "geometry": { "type": "Point", "coordinates": [ 1.97132542, 41.26704181 ] } },
{ "type": "Feature", "properties": { "id": "90fdee23-cc74-429d-ae07-4f61302b458a", "name": "The Palm Roastery", "taxonomy": null, "confidence": 0.806, "operating_status": null }, "geometry": { "type": "Point", "coordinates": [ 1.97113, 41.26702 ] } },
{ "type": "Feature", "properties": { "id": "170574a2-246f-401c-9542-d695a40d3236", "name": "Artesania Bonet", "taxonomy": "gift_shop", "confidence": 0.77, "operating_status": null }, "geometry": { "type": "Point", "coordinates": [ 1.971075678804625, 41.266993281769189 ] } },
{ "type": "Feature", "properties": { "id": "646a3a33-1c10-473c-964c-3ee275b3e3a5", "name": "Kamala", "taxonomy": "tapas_bar", "confidence": 0.981, "operating_status": null }, "geometry": { "type": "Point", "coordinates": [ 1.97136768, 41.26696529 ] } },
{ "type": "Feature", "properties": { "id": "c8cef482-7f0a-49c1-ba1b-fffe2970a8c6", "name": "Sportium Apuestas Deportivas", "taxonomy": "betting_center", "confidence": 0.982, "operating_status": null }, "geometry": { "type": "Point", "coordinates": [ 1.97127762, 41.26684211 ] } },
{ "type": "Feature", "properties": { "id": "86c61515-9d2f-420d-a525-185ad7feb8f2", "name": "Sportium en Costa Win Castelldefels", "taxonomy": "betting_center", "confidence": 0.77, "operating_status": null }, "geometry": { "type": "Point", "coordinates": [ 1.971412233246979, 41.266767242902262 ] } },
{ "type": "Feature", "properties": { "id": "959bd784-3661-437a-8cda-a1d0c81cbed5", "name": "Desatascos Garbí Castelldefels", "taxonomy": "septic_service", "confidence": 0.966, "operating_status": null }, "geometry": { "type": "Point", "coordinates": [ 1.97105, 41.26681 ] } },
{ "type": "Feature", "properties": { "id": "d1407beb-beee-43cd-94ca-4e727fe90c1b", "name": "Sabors Del Mar", "taxonomy": "spanish_restaurant", "confidence": 0.988, "operating_status": null }, "geometry": { "type": "Point", "coordinates": [ 1.97113659, 41.26678614 ] } },
{ "type": "Feature", "properties": { "id": "9b3de1a9-3201-4d63-a77b-b5b0f28a8ab6", "name": "Rocky Point Bar", "taxonomy": "sports_bar", "confidence": 0.73, "operating_status": null }, "geometry": { "type": "Point", "coordinates": [ 1.9710283, 41.26682811 ] } },
{ "type": "Feature", "properties": { "id": "6eaf4802-f5d2-4bf3-bdf5-36daf2dfd759", "name": "Silver Castelldefels", "taxonomy": "bar", "confidence": 0.886, "operating_status": null }, "geometry": { "type": "Point", "coordinates": [ 1.97110339, 41.26690384 ] } },
{ "type": "Feature", "properties": { "id": "aebe8fd0-089c-4ad5-a04e-eecb6b9fbe1a", "name": "Hisako Umi", "taxonomy": "japanese_restaurant", "confidence": 0.985, "operating_status": null }, "geometry": { "type": "Point", "coordinates": [ 1.96775883, 41.26723831 ] } },
{ "type": "Feature", "properties": { "id": "6d2560e9-5606-4f3c-bcff-fe3576b32803", "name": "Mónica Bonato Yoga", "taxonomy": "yoga_studio", "confidence": 0.85, "operating_status": null }, "geometry": { "type": "Point", "coordinates": [ 1.9684106, 41.2668161 ] } },
{ "type": "Feature", "properties": { "id": "09dd1a36-6930-43ae-8ed3-26317e85b07e", "name": "Farándula Castelldefels", "taxonomy": "dance_club", "confidence": 0.707, "operating_status": null }, "geometry": { "type": "Point", "coordinates": [ 1.96698, 41.26717 ] } },
{ "type": "Feature", "properties": { "id": "bb103a10-def5-40fa-bd4b-27ad53254b4c", "name": "Ciudad de Castelldefels", "taxonomy": "hotel", "confidence": 1.0, "operating_status": null }, "geometry": { "type": "Point", "coordinates": [ 1.96687589, 41.26736554 ] } },
{ "type": "Feature", "properties": { "id": "8eba0ce4-67ad-4da5-b8b3-6e1829dc4458", "name": "Claire Homes", "taxonomy": "costume_store", "confidence": 0.966, "operating_status": null }, "geometry": { "type": "Point", "coordinates": [ 1.96681, 41.26867 ] } },
{ "type": "Feature", "properties": { "id": "0cf3fe54-9cb7-47d9-8587-8eefd63fbb20", "name": "Restaurante La Caleta Castelldefels", "taxonomy": "restaurant", "confidence": 0.809, "operating_status": null }, "geometry": { "type": "Point", "coordinates": [ 1.971292, 41.268766 ] } },
{ "type": "Feature", "properties": { "id": "ace2d24d-d216-4bbb-806d-7d52bd90fcf0", "name": "Farmacia Gordo", "taxonomy": "pharmacy", "confidence": 0.991, "operating_status": null }, "geometry": { "type": "Point", "coordinates": [ 1.97040739, 41.268875116 ] } },
{ "type": "Feature", "properties": { "id": "d3ced95e-55c7-47e0-a55f-ee26778df8a3", "name": "Puro Gusto", "taxonomy": "cafe", "confidence": 0.86, "operating_status": null }, "geometry": { "type": "Point", "coordinates": [ 1.9712529, 41.2689655 ] } },
{ "type": "Feature", "properties": { "id": "d35d1099-09cf-4e1c-8fd7-59799e3b0e99", "name": "Chiringuito La Xancla", "taxonomy": "spanish_restaurant", "confidence": 0.954, "operating_status": null }, "geometry": { "type": "Point", "coordinates": [ 1.97148, 41.26985 ] } },
{ "type": "Feature", "properties": { "id": "bfccbbc1-084b-4b53-9ead-799fa49e83c4", "name": "Vap Store Castelldefels", "taxonomy": "smoke_and_vape_store", "confidence": 0.927, "operating_status": null }, "geometry": { "type": "Point", "coordinates": [ 1.96846, 41.2710999 ] } },
{ "type": "Feature", "properties": { "id": "25038094-06ea-4322-9d2e-a0bf52c43185", "name": "Aerotaxifels", "taxonomy": "taxi_service", "confidence": 0.85, "operating_status": null }, "geometry": { "type": "Point", "coordinates": [ 1.9745987, 41.2707873 ] } },
{ "type": "Feature", "properties": { "id": "e549f3c4-fc13-4b08-8d3d-f07c028c6ef0", "name": "AAVV Can Bou/Les Botigues", "taxonomy": "civic_center", "confidence": 0.976, "operating_status": null }, "geometry": { "type": "Point", "coordinates": [ 1.9758759, 41.271209 ] } },
{ "type": "Feature", "properties": { "id": "692612b7-3932-485e-9977-d9bce24a5753", "name": "Caseta de petardos CM CASTELLDEFELS Pitort", "taxonomy": null, "confidence": 0.85, "operating_status": null }, "geometry": { "type": "Point", "coordinates": [ 1.9753593, 41.2712311 ] } },
{ "type": "Feature", "properties": { "id": "5294e719-c7c0-4e28-8622-fc4afdfef726", "name": "La Ballena Alegre", "taxonomy": "campground", "confidence": 0.951, "operating_status": null }, "geometry": { "type": "Point", "coordinates": [ 1.97395, 41.27223 ] } },
{ "type": "Feature", "properties": { "id": "11d09576-96ac-4b46-b0c8-2a6bb1533518", "name": "CAP Can Bou", "taxonomy": "family_practice", "confidence": 0.974, "operating_status": null }, "geometry": { "type": "Point", "coordinates": [ 1.97570694, 41.27208348 ] } },
{ "type": "Feature", "properties": { "id": "9e0d9477-8307-4a63-b845-52caec355d94", "name": "Parque infantil", "taxonomy": "playground", "confidence": 0.729, "operating_status": null }, "geometry": { "type": "Point", "coordinates": [ 1.97493434, 41.27296584 ] } },
{ "type": "Feature", "properties": { "id": "18fa4511-0333-4353-a1f9-94744d44f322", "name": "Merco 4 ", "taxonomy": "home_developer", "confidence": 0.85, "operating_status": null }, "geometry": { "type": "Point", "coordinates": [ 1.97081, 41.27282 ] } },
{ "type": "Feature", "properties": { "id": "beb8a427-b368-427e-85fd-9d186db5c953", "name": "El Sitio Restaurante", "taxonomy": "spanish_restaurant", "confidence": 0.997, "operating_status": null }, "geometry": { "type": "Point", "coordinates": [ 1.97128308, 41.27286481 ] } },
{ "type": "Feature", "properties": { "id": "7533dad5-a657-465a-a94d-4413abfd95bb", "name": "Escola Infantil Il·lusions", "taxonomy": "preschool", "confidence": 0.986, "operating_status": null }, "geometry": { "type": "Point", "coordinates": [ 1.96838636, 41.27494879 ] } },
{ "type": "Feature", "properties": { "id": "4d0793fa-b536-4f4f-80a7-a378fbe91694", "name": "Frankfurt Castelldefels", "taxonomy": "bar", "confidence": 0.967, "operating_status": null }, "geometry": { "type": "Point", "coordinates": [ 1.97397, 41.27525 ] } },
{ "type": "Feature", "properties": { "id": "07e688dd-2a79-485a-a1da-8fc823af6a2c", "name": "Maria José Barranquero Psicóloga", "taxonomy": "psychology", "confidence": 0.966, "operating_status": null }, "geometry": { "type": "Point", "coordinates": [ 1.9723371, 41.2762433 ] } },
{ "type": "Feature", "properties": { "id": "469c25ba-ab28-4886-b190-968a338e0b0d", "name": "2030igualdad", "taxonomy": "b2b_business_management_service", "confidence": 0.85, "operating_status": null }, "geometry": { "type": "Point", "coordinates": [ 1.9721769, 41.2763539 ] } },
{ "type": "Feature", "properties": { "id": "132737a9-5fa9-4d11-ad66-bacbc8c052b8", "name": "cor de music", "taxonomy": "vocational_and_technical_school", "confidence": 0.77, "operating_status": null }, "geometry": { "type": "Point", "coordinates": [ 1.971982505701052, 41.27655740718712 ] } },
{ "type": "Feature", "properties": { "id": "22aa043e-fc56-4965-83fb-e008baf49ea4", "name": "Elite Sports", "taxonomy": "sports_and_recreation", "confidence": 0.85, "operating_status": null }, "geometry": { "type": "Point", "coordinates": [ 1.9738125, 41.2760972 ] } },
{ "type": "Feature", "properties": { "id": "1f0079a4-2962-4d7b-a4eb-a4354756990f", "name": "Alegret Auto", "taxonomy": "auto_dealer", "confidence": 0.962, "operating_status": null }, "geometry": { "type": "Point", "coordinates": [ 1.974615, 41.275973 ] } },
{ "type": "Feature", "properties": { "id": "d760406e-f56b-4aac-8829-c5859658c4dd", "name": "Temel", "taxonomy": "building_supply_store", "confidence": 0.77, "operating_status": null }, "geometry": { "type": "Point", "coordinates": [ 1.975268455819014, 41.276078162005398 ] } },
{ "type": "Feature", "properties": { "id": "b2ee79bd-eb40-48e7-b3aa-2a80e1c6095e", "name": "Moto 86", "taxonomy": "motorcycle_dealer", "confidence": 0.997, "operating_status": null }, "geometry": { "type": "Point", "coordinates": [ 1.97520907, 41.2761122 ] } },
{ "type": "Feature", "properties": { "id": "77ebb7d1-126f-4fa9-8520-20252ecd7d3d", "name": "Rostisseria Monijos", "taxonomy": "brazilian_restaurant", "confidence": 0.944, "operating_status": null }, "geometry": { "type": "Point", "coordinates": [ 1.97526643, 41.27619437 ] } },
{ "type": "Feature", "properties": { "id": "238720aa-0e24-44c0-b513-e2563634bb8f", "name": "Bar Kais", "taxonomy": "bar_and_grill_restaurant", "confidence": 0.989, "operating_status": null }, "geometry": { "type": "Point", "coordinates": [ 1.97522189, 41.27628344 ] } },
{ "type": "Feature", "properties": { "id": "5e5363d7-676d-4a03-907c-d9cc6eae7cb8", "name": "Centre Dental Montmar", "taxonomy": "general_dentistry", "confidence": 0.968, "operating_status": null }, "geometry": { "type": "Point", "coordinates": [ 1.97490336, 41.27634874 ] } },
{ "type": "Feature", "properties": { "id": "5a26ae13-8b81-4310-b7b8-5974d16f05fd", "name": "Fincas Voramar", "taxonomy": "real_estate_agent", "confidence": 0.891, "operating_status": null }, "geometry": { "type": "Point", "coordinates": [ 1.97452222, 41.27671538 ] } },
{ "type": "Feature", "properties": { "id": "bcab36f5-ff7d-4d02-b7b4-f1422309da1b", "name": "Joseph Benedict", "taxonomy": "real_estate_service", "confidence": 0.745, "operating_status": null }, "geometry": { "type": "Point", "coordinates": [ 1.97467256, 41.27653657 ] } },
{ "type": "Feature", "properties": { "id": "73a87fa6-a20d-4418-a80b-04c21007a5a7", "name": "Carnisseria Paquita", "taxonomy": "butcher_shop", "confidence": 0.875, "operating_status": null }, "geometry": { "type": "Point", "coordinates": [ 1.97552888, 41.27645911 ] } },
{ "type": "Feature", "properties": { "id": "bda0b9bb-742e-41f4-bb71-a5c75772c1d3", "name": "Carrefour Express Avenida Constitució 220 - Castelldefels", "taxonomy": "convenience_store", "confidence": 0.8, "operating_status": null }, "geometry": { "type": "Point", "coordinates": [ 1.975302068122787, 41.276533591560529 ] } },
{ "type": "Feature", "properties": { "id": "4e94be43-9ca8-4320-8a4f-07cdf4487ceb", "name": "OpenCor", "taxonomy": "grocery_store", "confidence": 0.77, "operating_status": null }, "geometry": { "type": "Point", "coordinates": [ 1.975350549526631, 41.276539858275285 ] } },
{ "type": "Feature", "properties": { "id": "369813c8-c373-40ed-8df3-9c7047ad2869", "name": "Western Union", "taxonomy": "money_transfer_service", "confidence": 0.85, "operating_status": null }, "geometry": { "type": "Point", "coordinates": [ 1.975426, 41.276569 ] } },
{ "type": "Feature", "properties": { "id": "d3a3bc27-f74d-4e13-891d-fa7993734df9", "name": "Vitaldent", "taxonomy": "dental_clinic", "confidence": 0.77, "operating_status": null }, "geometry": { "type": "Point", "coordinates": [ 1.975758869594592, 41.276605683695983 ] } },
{ "type": "Feature", "properties": { "id": "400e14ef-2fd0-4617-90a7-225b5b14f96f", "name": "Lluís Vives School", "taxonomy": "public_school", "confidence": 0.995, "operating_status": null }, "geometry": { "type": "Point", "coordinates": [ 1.97631334, 41.27606555 ] } },
{ "type": "Feature", "properties": { "id": "4f95b788-0f94-403a-8c01-6d32d465f321", "name": "Oficina Sanitas Castelldefels", "taxonomy": "health_insurance_office", "confidence": 0.85, "operating_status": null }, "geometry": { "type": "Point", "coordinates": [ 1.97448409592367, 41.275809456792203 ] } },
{ "type": "Feature", "properties": { "id": "42052fd4-98f2-4b46-822f-38094b3b3c8c", "name": "Caseta de petardos CM Castelldefels Constitució", "taxonomy": null, "confidence": 0.85, "operating_status": null }, "geometry": { "type": "Point", "coordinates": [ 1.9746144, 41.2753354 ] } },
{ "type": "Feature", "properties": { "id": "6e36d975-bfac-42d6-a258-c261766a28f2", "name": "Tàlam Centre d'Especialitats", "taxonomy": "psychology", "confidence": 0.895, "operating_status": null }, "geometry": { "type": "Point", "coordinates": [ 1.97380713, 41.27507057 ] } },
{ "type": "Feature", "properties": { "id": "d460765b-89bc-420b-8a30-027211340da7", "name": "Station REPSOL", "taxonomy": "gas_station", "confidence": 0.8, "operating_status": null }, "geometry": { "type": "Point", "coordinates": [ 1.973827, 41.274906 ] } },
{ "type": "Feature", "properties": { "id": "cf11a28b-64b8-4179-a6a7-6c9e0368ad01", "name": "CRED CASTELLDEFELS", "taxonomy": "gas_station", "confidence": 0.8, "operating_status": null }, "geometry": { "type": "Point", "coordinates": [ 1.97341887, 41.27488276 ] } },
{ "type": "Feature", "properties": { "id": "29081cfc-1178-4ca4-8fa5-003bc50b979b", "name": "Estación de Servicio Repsol", "taxonomy": "gas_station", "confidence": 0.85, "operating_status": null }, "geometry": { "type": "Point", "coordinates": [ 1.97341887, 41.27488276 ] } },
{ "type": "Feature", "properties": { "id": "d8f9cb79-2375-4be8-a35f-1c8dc101eb76", "name": "Amazon Locker - guim", "taxonomy": "package_locker", "confidence": 0.8, "operating_status": null }, "geometry": { "type": "Point", "coordinates": [ 1.9732421, 41.2750023 ] } },
{ "type": "Feature", "properties": { "id": "560e4cc8-d07b-4d10-8d1d-c15382306439", "name": "Amsa Arquitectura", "taxonomy": "architectural_designer", "confidence": 0.995, "operating_status": null }, "geometry": { "type": "Point", "coordinates": [ 1.97281421, 41.27435511 ] } },
{ "type": "Feature", "properties": { "id": "e342c683-0c54-422d-baa9-b7a885559dd7", "name": "Rambla de Marisol Apartments", "taxonomy": "hotel", "confidence": 0.727, "operating_status": null }, "geometry": { "type": "Point", "coordinates": [ 1.978466001560734, 41.274188093308894 ] } },
{ "type": "Feature", "properties": { "id": "95bd5815-294d-4ede-9ec0-ae913de5e340", "name": "Residència Julia", "taxonomy": "retirement_home", "confidence": 0.879, "operating_status": null }, "geometry": { "type": "Point", "coordinates": [ 1.9778674, 41.27355766 ] } },
{ "type": "Feature", "properties": { "id": "6575b2b6-8db6-4fb9-8484-6235b73feeb1", "name": "Inmogat", "taxonomy": "real_estate_service", "confidence": 0.962, "operating_status": null }, "geometry": { "type": "Point", "coordinates": [ 1.98007785, 41.27365444 ] } },
{ "type": "Feature", "properties": { "id": "8febe651-e4d1-4fda-9c3d-9e4451c89dcd", "name": "Clínica Veterinaria Pineda", "taxonomy": "veterinarian", "confidence": 0.966, "operating_status": null }, "geometry": { "type": "Point", "coordinates": [ 1.97960811, 41.27412331 ] } },
{ "type": "Feature", "properties": { "id": "3a3aa35c-9556-43a9-9891-d72198f674ce", "name": "Buffet Libre Orenes", "taxonomy": "buffet_restaurant", "confidence": 0.976, "operating_status": null }, "geometry": { "type": "Point", "coordinates": [ 1.97891142, 41.27441103 ] } },
{ "type": "Feature", "properties": { "id": "ae6cc654-f37f-4487-8c5d-dca53df05ae4", "name": "El Patio Resto Bar", "taxonomy": "tapas_bar", "confidence": 0.905, "operating_status": null }, "geometry": { "type": "Point", "coordinates": [ 1.9786726, 41.27550555 ] } },
{ "type": "Feature", "properties": { "id": "0bba3140-fecc-4934-bdc2-8216914b1639", "name": "AAVV Can Bou/Les Botigues", "taxonomy": "government_office", "confidence": 0.85, "operating_status": null }, "geometry": { "type": "Point", "coordinates": [ 1.9772335, 41.2763129 ] } },
{ "type": "Feature", "properties": { "id": "ae2d7f78-75cf-4b5e-8147-501b5bd7043d", "name": "Koryū Dojo", "taxonomy": "martial_arts_club", "confidence": 0.815, "operating_status": null }, "geometry": { "type": "Point", "coordinates": [ 1.97869, 41.27605 ] } },
{ "type": "Feature", "properties": { "id": "af99e409-b65c-4007-98e0-006d17dcf07b", "name": "AUrun Store", "taxonomy": "sporting_goods_store", "confidence": 0.935, "operating_status": null }, "geometry": { "type": "Point", "coordinates": [ 1.978984, 41.276004 ] } },
{ "type": "Feature", "properties": { "id": "81ef58c4-b91e-4c40-8361-8a42fb24ec36", "name": "Dpuntos - Regalo Promocional, Regalos de empresa y Merchandising", "taxonomy": "b2b_marketing_consultant", "confidence": 0.974, "operating_status": null }, "geometry": { "type": "Point", "coordinates": [ 1.979011865081772, 41.276027826336623 ] } },
{ "type": "Feature", "properties": { "id": "d34cfb30-8ea8-4f99-b49c-f03585eb05f0", "name": "Ekongkaar Yoga Shala", "taxonomy": "yoga_studio", "confidence": 0.941, "operating_status": null }, "geometry": { "type": "Point", "coordinates": [ 1.9788111, 41.27599886 ] } },
{ "type": "Feature", "properties": { "id": "8ddb5d06-916c-4625-bbcd-25e9f22dfa16", "name": "Goutness Gastronomía", "taxonomy": "food_beverage_distributor", "confidence": 0.931, "operating_status": null }, "geometry": { "type": "Point", "coordinates": [ 1.97886782, 41.27596516 ] } },
{ "type": "Feature", "properties": { "id": "ff20001e-bb62-4991-8640-7715afbce085", "name": "UPC", "taxonomy": "college_university", "confidence": 0.935, "operating_status": null }, "geometry": { "type": "Point", "coordinates": [ 1.98658283, 41.27592501 ] } },
{ "type": "Feature", "properties": { "id": "cb247f0d-0fc0-4839-acfc-58b862a561b5", "name": "Barcelona School of Agricultural Engineering", "taxonomy": "specialty_school", "confidence": 0.955, "operating_status": null }, "geometry": { "type": "Point", "coordinates": [ 1.98650314, 41.27575112 ] } },
{ "type": "Feature", "properties": { "id": "91a9891e-fb31-4c9d-92e8-703296282991", "name": "Escola d'Enginyeria de Telecomunicació i Aeroespacial de Castelldefels", "taxonomy": "college_university", "confidence": 0.935, "operating_status": null }, "geometry": { "type": "Point", "coordinates": [ 1.986624933479725, 41.275550798754196 ] } },
{ "type": "Feature", "properties": { "id": "728b9c86-1669-4364-a9cb-431aeae9cf09", "name": "Biblioteca del Campus del Baix Llobregat", "taxonomy": "library", "confidence": 0.993, "operating_status": null }, "geometry": { "type": "Point", "coordinates": [ 1.98513278, 41.27557019 ] } },
{ "type": "Feature", "properties": { "id": "45cae7b2-dc0b-4bd1-aa0c-f7d96a461b4a", "name": "Parc Mediterrani de la Tecnologia", "taxonomy": "college_university", "confidence": 0.739, "operating_status": null }, "geometry": { "type": "Point", "coordinates": [ 1.986162691162976, 41.274667003217004 ] } },
{ "type": "Feature", "properties": { "id": "784dabd5-4143-439c-b606-5d138090d30a", "name": "Allotjaments Universitaris Pius Font i Quer", "taxonomy": "lodging", "confidence": 0.895, "operating_status": null }, "geometry": { "type": "Point", "coordinates": [ 1.98487302, 41.27442927 ] } },
{ "type": "Feature", "properties": { "id": "19f2aca6-ddd3-46b7-a735-c1df2a8aa4a2", "name": "Hotel Pitort", "taxonomy": "hotel", "confidence": 0.985, "operating_status": null }, "geometry": { "type": "Point", "coordinates": [ 1.985839231648952, 41.272712785177767 ] } },
{ "type": "Feature", "properties": { "id": "f177be87-5b34-471d-884e-491ff2b6989f", "name": "Pepi's Centro de Estetica y Terapias Naturales", "taxonomy": "spa", "confidence": 0.928, "operating_status": null }, "geometry": { "type": "Point", "coordinates": [ 1.98039781, 41.27320447 ] } },
{ "type": "Feature", "properties": { "id": "d40d60f2-81bc-409d-82b0-3e82d09a5ec5", "name": "Dolmen Adventures- Excursiones en Canoa y Kayak", "taxonomy": "travel_service", "confidence": 0.85, "operating_status": null }, "geometry": { "type": "Point", "coordinates": [ 1.9807375, 41.2726005 ] } },
{ "type": "Feature", "properties": { "id": "c88d204e-fa5d-4266-b9a3-da850e7a28a7", "name": "Café de Finca", "taxonomy": "coffee_shop", "confidence": 0.947, "operating_status": null }, "geometry": { "type": "Point", "coordinates": [ 1.98020794, 41.27290097 ] } },
{ "type": "Feature", "properties": { "id": "68e1cc26-fc19-402d-b840-9869bed417c6", "name": "Dali Museum Barcelona", "taxonomy": "art_museum", "confidence": 0.845, "operating_status": null }, "geometry": { "type": "Point", "coordinates": [ 1.9798970792906, 41.273282864438997 ] } },
{ "type": "Feature", "properties": { "id": "5c9ed9ee-7add-4776-9cde-752680724833", "name": "Blaupur", "taxonomy": "industrial_equipment_manufacturer", "confidence": 0.937, "operating_status": null }, "geometry": { "type": "Point", "coordinates": [ 1.980257245, 41.273278582 ] } },
{ "type": "Feature", "properties": { "id": "842f9fa9-fd9a-4289-85c3-5278c600b814", "name": "Finques Mercadé&Costa", "taxonomy": "vacation_rental_agent", "confidence": 0.85, "operating_status": null }, "geometry": { "type": "Point", "coordinates": [ 1.98016095161438, 41.273300170898402 ] } },
{ "type": "Feature", "properties": { "id": "fea04eac-5419-4dc6-9e1c-f173baa0f310", "name": "Apartamentos Caru", "taxonomy": "service_apartment", "confidence": 0.758, "operating_status": null }, "geometry": { "type": "Point", "coordinates": [ 1.97913054, 41.27323143 ] } },
{ "type": "Feature", "properties": { "id": "40581fc5-0ca2-40d9-8880-ae7fa2f80b96", "name": "Mincho Bar Pineda", "taxonomy": "bar_and_grill_restaurant", "confidence": 0.708, "operating_status": null }, "geometry": { "type": "Point", "coordinates": [ 1.98110028, 41.27210003 ] } },
{ "type": "Feature", "properties": { "id": "cadd5a55-4258-4749-98d9-1dac96af64da", "name": "Farmàcia de la Pineda. Llic. Carolina Belencoso", "taxonomy": "pharmacy", "confidence": 0.906, "operating_status": null }, "geometry": { "type": "Point", "coordinates": [ 1.9811259, 41.27183579 ] } },
{ "type": "Feature", "properties": { "id": "40312618-9e5d-4cfc-ac30-7a6c718827c5", "name": "La Mesa Restaurant", "taxonomy": "middle_eastern_restaurant", "confidence": 0.986, "operating_status": null }, "geometry": { "type": "Point", "coordinates": [ 1.981551, 41.271261 ] } },
{ "type": "Feature", "properties": { "id": "8f5efa8e-a21e-4032-a5f7-b611afb32dbb", "name": "PetroCat Av. Pineda/C-31 Castelldefels", "taxonomy": "gas_station", "confidence": 0.802, "operating_status": null }, "geometry": { "type": "Point", "coordinates": [ 1.9811675563615, 41.271059855731004 ] } },
{ "type": "Feature", "properties": { "id": "bbee8bee-d331-4da7-aafa-e1c1d6801b2b", "name": "Escola Edumar", "taxonomy": "school", "confidence": 0.859, "operating_status": null }, "geometry": { "type": "Point", "coordinates": [ 1.97834457, 41.27071319 ] } },
{ "type": "Feature", "properties": { "id": "dfb23ba0-1e47-409f-8a25-164d7f769752", "name": "Ger&Clau Real Estate Investments", "taxonomy": "real_estate_investment", "confidence": 0.832, "operating_status": null }, "geometry": { "type": "Point", "coordinates": [ 1.97981982, 41.27009326 ] } },
{ "type": "Feature", "properties": { "id": "bba6e01f-f6b5-4c7e-9568-3b8fcfd999bf", "name": "ATIPIKA Lifestyle Properties Inmobiliaria en Castelldefels", "taxonomy": "real_estate_agent", "confidence": 0.85, "operating_status": null }, "geometry": { "type": "Point", "coordinates": [ 1.979998, 41.270113 ] } },
{ "type": "Feature", "properties": { "id": "e09dd7ea-cede-4725-ae78-39def0ba6e0b", "name": "Wenlock English School", "taxonomy": "language_school", "confidence": 0.909, "operating_status": null }, "geometry": { "type": "Point", "coordinates": [ 1.98006454, 41.27009917 ] } },
{ "type": "Feature", "properties": { "id": "9ddd98a5-0eb0-4e4b-8995-9e1cb76b58e3", "name": "QUINO HOUSE Real Estate", "taxonomy": "real_estate_agent", "confidence": 0.851, "operating_status": null }, "geometry": { "type": "Point", "coordinates": [ 1.98008339, 41.27033348 ] } },
{ "type": "Feature", "properties": { "id": "aede3f8e-ebb4-4b98-a587-0d3d95bcaf47", "name": "Dani's Center", "taxonomy": "coffee_shop", "confidence": 0.784, "operating_status": null }, "geometry": { "type": "Point", "coordinates": [ 1.98024441, 41.27040128 ] } },
{ "type": "Feature", "properties": { "id": "c77af68d-b1e1-47b1-8ba7-62ae7959125b", "name": "Sorli", "taxonomy": "grocery_store", "confidence": 0.821, "operating_status": null }, "geometry": { "type": "Point", "coordinates": [ 1.97939666, 41.27058233 ] } },
{ "type": "Feature", "properties": { "id": "ec1deeb4-f5f6-4b13-ad73-07e0c50c644f", "name": "Cepsa", "taxonomy": "gas_station", "confidence": 0.992, "operating_status": null }, "geometry": { "type": "Point", "coordinates": [ 1.979407, 41.270579 ] } },
{ "type": "Feature", "properties": { "id": "3925730f-fd91-4264-b844-19107a88985f", "name": "Amazon Locker - grau", "taxonomy": "package_locker", "confidence": 0.8, "operating_status": null }, "geometry": { "type": "Point", "coordinates": [ 1.9809761, 41.2706169 ] } },
{ "type": "Feature", "properties": { "id": "d13e2a1a-3bd4-4ac2-8ff5-35eb9f2c2467", "name": "Moeve", "taxonomy": "gas_station", "confidence": 0.8, "operating_status": null }, "geometry": { "type": "Point", "coordinates": [ 1.98106, 41.2708 ] } },
{ "type": "Feature", "properties": { "id": "6f93c59a-72c5-4352-91c1-472592c9f4e4", "name": "Carrefour Express EESS Castelldefels - Petrocat", "taxonomy": "convenience_store", "confidence": 0.954, "operating_status": null }, "geometry": { "type": "Point", "coordinates": [ 1.981056, 41.270806 ] } },
{ "type": "Feature", "properties": { "id": "e12ae146-42ab-4cd4-8bc5-663a95401406", "name": "La Factory Coworking Castelldefels", "taxonomy": "party_and_event_planning", "confidence": 0.911, "operating_status": null }, "geometry": { "type": "Point", "coordinates": [ 1.98203306, 41.27030217 ] } },
{ "type": "Feature", "properties": { "id": "0a9828c8-7bfa-424a-a662-8592a7d81da6", "name": "Castelldefels 2000", "taxonomy": "building_or_construction_service", "confidence": 0.77, "operating_status": null }, "geometry": { "type": "Point", "coordinates": [ 1.983070296764224, 41.270103906176686 ] } },
{ "type": "Feature", "properties": { "id": "ea5e641c-40ae-496c-9b10-456873244482", "name": "Apartamentos Velor Castelldefels", "taxonomy": "historic_site", "confidence": 0.995, "operating_status": null }, "geometry": { "type": "Point", "coordinates": [ 1.98413047, 41.27033786 ] } },
{ "type": "Feature", "properties": { "id": "8f036b01-cec6-4828-8fad-0a9c3f7d7a69", "name": "La Vermut Castelldefels", "taxonomy": "spanish_restaurant", "confidence": 0.95, "operating_status": null }, "geometry": { "type": "Point", "coordinates": [ 1.9816446, 41.27108219 ] } },
{ "type": "Feature", "properties": { "id": "2d47badd-e53d-4f93-b331-9cc698563e60", "name": "Basilica de la Sagrada Família, Barcelona", "taxonomy": "roman_catholic_place_of_worship", "confidence": 0.723, "operating_status": null }, "geometry": { "type": "Point", "coordinates": [ 1.984746154, 41.271625678 ] } },
{ "type": "Feature", "properties": { "id": "bd982f6c-f40e-4d42-9bf7-ceb53eb36230", "name": "Aparthotel Marsol", "taxonomy": "resort", "confidence": 0.85, "operating_status": null }, "geometry": { "type": "Point", "coordinates": [ 1.986352264857945, 41.270158104189036 ] } },
{ "type": "Feature", "properties": { "id": "a27ef9d6-04cb-4b98-befd-a691f114888a", "name": "Hotel Canal Olimpic", "taxonomy": "hotel", "confidence": 1.0, "operating_status": null }, "geometry": { "type": "Point", "coordinates": [ 1.98869079, 41.27076881 ] } },
{ "type": "Feature", "properties": { "id": "b66be7c9-3535-47cf-8ed1-4b4559db18ff", "name": "Sangha Yoga Castelldefels", "taxonomy": "yoga_studio", "confidence": 0.86, "operating_status": null }, "geometry": { "type": "Point", "coordinates": [ 1.989022, 41.270894 ] } },
{ "type": "Feature", "properties": { "id": "efaeccb6-cc0f-4833-966a-1c7b1c375576", "name": "The British School of Barcelona", "taxonomy": "private_school", "confidence": 1.0, "operating_status": null }, "geometry": { "type": "Point", "coordinates": [ 1.98878552, 41.27088494 ] } },
{ "type": "Feature", "properties": { "id": "a736b539-c295-410b-b3d2-fac24acdddd5", "name": "Gestoria Nautica Nautidoc", "taxonomy": "sports_and_recreation", "confidence": 0.731, "operating_status": null }, "geometry": { "type": "Point", "coordinates": [ 1.98891, 41.27155 ] } },
{ "type": "Feature", "properties": { "id": "b7111dcb-d3c4-41db-9ee9-c908e861748e", "name": "Elite Tennis Academy Spain", "taxonomy": "tennis_court", "confidence": 0.994, "operating_status": null }, "geometry": { "type": "Point", "coordinates": [ 1.98953097, 41.27059195 ] } },
{ "type": "Feature", "properties": { "id": "52cd57b0-40d6-464f-8a73-06f59a0a5333", "name": "ACE Performance", "taxonomy": "gym", "confidence": 0.829, "operating_status": null }, "geometry": { "type": "Point", "coordinates": [ 1.98940197, 41.27057089 ] } },
{ "type": "Feature", "properties": { "id": "8112f821-fe4b-4504-ab78-8490cfcfba75", "name": "Club de Tenis Andrés Gimeno", "taxonomy": "tennis_court", "confidence": 0.998, "operating_status": null }, "geometry": { "type": "Point", "coordinates": [ 1.98940727, 41.27055511 ] } },
{ "type": "Feature", "properties": { "id": "b2c08211-5e85-4de9-8761-0d6953cbb189", "name": "Toys Centre", "taxonomy": "toy_store", "confidence": 0.77, "operating_status": null }, "geometry": { "type": "Point", "coordinates": [ 1.991950899250729, 41.270749580256982 ] } },
{ "type": "Feature", "properties": { "id": "7f96c944-5476-43b1-adf4-b213a5180df2", "name": "BEWAKE Park", "taxonomy": "sport_or_fitness_facility", "confidence": 0.765, "operating_status": null }, "geometry": { "type": "Point", "coordinates": [ 1.99204439, 41.27115452 ] } },
{ "type": "Feature", "properties": { "id": "9a11ea9c-1c2d-4f7e-8d6f-0a655188928f", "name": "Canal Olímpic de Catalunya", "taxonomy": "stadium_arena", "confidence": 0.815, "operating_status": null }, "geometry": { "type": "Point", "coordinates": [ 1.9919746, 41.27222238 ] } },
{ "type": "Feature", "properties": { "id": "a362bc3d-56df-44c6-a52e-fd9cce67ac16", "name": "Club Esportiu Granvia Mar", "taxonomy": "sport_league", "confidence": 0.998, "operating_status": null }, "geometry": { "type": "Point", "coordinates": [ 1.98925987, 41.27311434 ] } },
{ "type": "Feature", "properties": { "id": "4c6e54fd-382d-489d-b5a3-99e875e2f70d", "name": "Ceip Garigot", "taxonomy": "education", "confidence": 0.834, "operating_status": null }, "geometry": { "type": "Point", "coordinates": [ 1.990375860034507, 41.272001940440468 ] } },
{ "type": "Feature", "properties": { "id": "befb3c0a-ae4a-4eca-80e7-7beb64d05434", "name": "Moments", "taxonomy": "spanish_restaurant", "confidence": 0.914, "operating_status": null }, "geometry": { "type": "Point", "coordinates": [ 1.9888413, 41.27305673 ] } },
{ "type": "Feature", "properties": { "id": "4718bd24-3c5c-4cec-83af-9ae855211ccb", "name": "Castelldefels Outdoor", "taxonomy": "sport_league", "confidence": 0.86, "operating_status": null }, "geometry": { "type": "Point", "coordinates": [ 1.98917, 41.27337 ] } },
{ "type": "Feature", "properties": { "id": "d11591c0-56f0-4245-8fb8-c230e58daf1f", "name": "Estany de l'Olla del Rei", "taxonomy": "lake", "confidence": 0.909, "operating_status": null }, "geometry": { "type": "Point", "coordinates": [ 1.9874, 41.274002 ] } },
{ "type": "Feature", "properties": { "id": "ad523b13-51ae-4437-af47-f21c0393494d", "name": "Castelldefels Rugby Union Club", "taxonomy": "sport_league", "confidence": 0.966, "operating_status": null }, "geometry": { "type": "Point", "coordinates": [ 1.99075978, 41.27348389 ] } },
{ "type": "Feature", "properties": { "id": "e77a5015-f704-47da-a922-3f1d645a9f63", "name": "Centre Tecnologic de Telecomunicacions de Catalunya", "taxonomy": "information_technology_company", "confidence": 0.968, "operating_status": null }, "geometry": { "type": "Point", "coordinates": [ 1.98770877, 41.27505873 ] } },
{ "type": "Feature", "properties": { "id": "45225233-1775-42ef-9823-ca06132e4809", "name": "Castelldefels School of Telecommunications and Aerospace Engineering", "taxonomy": "college_university", "confidence": 0.835, "operating_status": null }, "geometry": { "type": "Point", "coordinates": [ 1.98721772, 41.27551591 ] } },
{ "type": "Feature", "properties": { "id": "216b5799-f0c3-4db6-9797-63c2bb9d7603", "name": "Mare Terra Coffee", "taxonomy": "coffee_shop", "confidence": 0.967, "operating_status": null }, "geometry": { "type": "Point", "coordinates": [ 1.98888403, 41.27601552 ] } },
{ "type": "Feature", "properties": { "id": "8aa91efc-4469-4a5d-83f0-cb050a59f364", "name": "Unimedia Technology", "taxonomy": "it_service_and_computer_repair", "confidence": 0.906, "operating_status": null }, "geometry": { "type": "Point", "coordinates": [ 1.9887619, 41.2760501 ] } },
{ "type": "Feature", "properties": { "id": "7aa7a14f-de2d-4d68-8013-649e24a87a6a", "name": "LuxQuanta | Quantum Key Distribution (QKD)", "taxonomy": "telecommunications_service", "confidence": 0.85, "operating_status": null }, "geometry": { "type": "Point", "coordinates": [ 1.9887644, 41.2761297 ] } },
{ "type": "Feature", "properties": { "id": "a1e59b86-cb2b-4e8b-a2ad-151e01558632", "name": "ICFO", "taxonomy": "educational_research_institute", "confidence": 0.989, "operating_status": null }, "geometry": { "type": "Point", "coordinates": [ 1.98964012, 41.27548287 ] } },
{ "type": "Feature", "properties": { "id": "1e9e075f-5b72-41a2-ad51-faff00938830", "name": "4Slam Tennis Academy", "taxonomy": "tennis_court", "confidence": 0.904, "operating_status": null }, "geometry": { "type": "Point", "coordinates": [ 1.99813114, 41.27346492 ] } },
{ "type": "Feature", "properties": { "id": "af404cb4-2b7a-45d4-9f9f-22b7ad210a0e", "name": "HÍPICA LINDE", "taxonomy": "horseback_riding_service", "confidence": 0.96, "operating_status": null }, "geometry": { "type": "Point", "coordinates": [ 1.998009607439704, 41.275163656749257 ] } },
{ "type": "Feature", "properties": { "id": "6281f7d7-5329-49a7-97a0-eb430ddd7fa1", "name": "Lycée International Barcelona - Bon Soleil", "taxonomy": "elementary_school", "confidence": 0.961, "operating_status": null }, "geometry": { "type": "Point", "coordinates": [ 1.9999696, 41.2726561 ] } },
{ "type": "Feature", "properties": { "id": "e9c1c3c8-f76c-42d8-aacd-b476a8ea21c7", "name": "Sport La Pava", "taxonomy": "sport_league", "confidence": 0.993, "operating_status": null }, "geometry": { "type": "Point", "coordinates": [ 2.0005372, 41.27320919 ] } },
{ "type": "Feature", "properties": { "id": "b59752ee-e64e-49fb-adab-bb3b65861e58", "name": "El Jardinet de la Pava", "taxonomy": "cafe", "confidence": 0.955, "operating_status": null }, "geometry": { "type": "Point", "coordinates": [ 2.000547, 41.27067538 ] } },
{ "type": "Feature", "properties": { "id": "19795629-127d-4768-a34c-09023653f99a", "name": "REAL ESTATE GAVÀ", "taxonomy": null, "confidence": 0.85, "operating_status": null }, "geometry": { "type": "Point", "coordinates": [ 2.0037213, 41.2702102 ] } },
{ "type": "Feature", "properties": { "id": "9ea80ee9-e13c-442c-9a12-08d96828f051", "name": "Tres estrellas campings", "taxonomy": "campground", "confidence": 0.962, "operating_status": null }, "geometry": { "type": "Point", "coordinates": [ 2.00303, 41.26959 ] } },
{ "type": "Feature", "properties": { "id": "a4b806a2-f651-4575-b20a-b4c909193528", "name": "Europa Barbacoa Restaurant", "taxonomy": "spanish_restaurant", "confidence": 0.998, "operating_status": null }, "geometry": { "type": "Point", "coordinates": [ 2.00686628, 41.26852211 ] } },
{ "type": "Feature", "properties": { "id": "c7fae479-aba4-4b7d-9698-502efab820fe", "name": "Fundación Xana", "taxonomy": "printing_service", "confidence": 0.779, "operating_status": null }, "geometry": { "type": "Point", "coordinates": [ 2.005109, 41.268265 ] } },
{ "type": "Feature", "properties": { "id": "b3390160-b1d1-44ea-ba02-d8512e06497d", "name": "Residencia Colonias Extranjeras", "taxonomy": "retirement_home", "confidence": 0.949, "operating_status": null }, "geometry": { "type": "Point", "coordinates": [ 1.99924637, 41.26724125 ] } },
{ "type": "Feature", "properties": { "id": "84d649da-8f83-456f-bcfa-82322f35e4e8", "name": "Sport NeuroTraining", "taxonomy": "gym", "confidence": 0.8, "operating_status": null }, "geometry": { "type": "Point", "coordinates": [ 1.997763, 41.269228 ] } },
{ "type": "Feature", "properties": { "id": "a14101de-4814-4fbd-a772-dc686120718a", "name": "Estación de Servicio Repsol E.S. LA PAVA,", "taxonomy": "gas_station", "confidence": 0.993, "operating_status": null }, "geometry": { "type": "Point", "coordinates": [ 2.00116685, 41.2691051 ] } },
{ "type": "Feature", "properties": { "id": "71817082-638d-4468-8417-9a46cac744ad", "name": "CRED GAVA PLAYA", "taxonomy": "gas_station", "confidence": 0.8, "operating_status": null }, "geometry": { "type": "Point", "coordinates": [ 2.00116685, 41.2691051 ] } },
{ "type": "Feature", "properties": { "id": "73bbfc1e-2ec3-4a43-9f99-2fc0f87c8c82", "name": "Pizzeria La Pava", "taxonomy": "pizza_restaurant", "confidence": 0.77, "operating_status": null }, "geometry": { "type": "Point", "coordinates": [ 2.00076699256897, 41.269210815984621 ] } },
{ "type": "Feature", "properties": { "id": "e01b8042-dbb2-46b7-b4f5-47a88bbbc3b8", "name": "OM YOGA", "taxonomy": "yoga_studio", "confidence": 0.896, "operating_status": null }, "geometry": { "type": "Point", "coordinates": [ 1.99964, 41.26926 ] } },
{ "type": "Feature", "properties": { "id": "f1ab4c90-3543-47df-be1e-c73e74da14cd", "name": "HolaCamp", "taxonomy": "hotel", "confidence": 0.806, "operating_status": null }, "geometry": { "type": "Point", "coordinates": [ 2.00001, 41.26925 ] } },
{ "type": "Feature", "properties": { "id": "68b7c05e-8495-4a3b-a548-3ce803ba809f", "name": "Flow", "taxonomy": "sport_or_fitness_facility", "confidence": 0.913, "operating_status": null }, "geometry": { "type": "Point", "coordinates": [ 2.00001, 41.26925 ] } },
{ "type": "Feature", "properties": { "id": "4f8ec008-8527-44e5-b0b5-b1b1f3db6052", "name": "ESTÉTICHINA.Uñas y Peluquería", "taxonomy": "beauty_salon", "confidence": 0.71, "operating_status": null }, "geometry": { "type": "Point", "coordinates": [ 2.00001, 41.269249 ] } },
{ "type": "Feature", "properties": { "id": "f1fd1554-50cd-4679-bdb1-acd6b96522ed", "name": "Tres estrellas Barcelona", "taxonomy": "campground", "confidence": 0.951, "operating_status": null }, "geometry": { "type": "Point", "coordinates": [ 2.00001, 41.26925 ] } },
{ "type": "Feature", "properties": { "id": "acc3a896-c9e5-460e-a865-ca04a3ff4fc6", "name": "Grupo La Pava", "taxonomy": "pizza_restaurant", "confidence": 0.986, "operating_status": null }, "geometry": { "type": "Point", "coordinates": [ 2.000599601493304, 41.26928587987539 ] } },
{ "type": "Feature", "properties": { "id": "8db76efc-cb15-458e-97b5-0d1aba7b3783", "name": "Farmacia LA PAVA", "taxonomy": "pharmacy", "confidence": 0.996, "operating_status": null }, "geometry": { "type": "Point", "coordinates": [ 2.00151845, 41.26925172 ] } },
{ "type": "Feature", "properties": { "id": "72f7cb8a-81b5-413c-bec8-15749caf876a", "name": "Centre de Bellesa i Salut Nura", "taxonomy": "beauty_salon", "confidence": 0.827, "operating_status": null }, "geometry": { "type": "Point", "coordinates": [ 2.00181, 41.26923 ] } },
{ "type": "Feature", "properties": { "id": "f26744d4-13b5-4e64-b913-7361539deebf", "name": "Punto de recarga eléctrica Repsol", "taxonomy": "b2b_energy_and_utility_service", "confidence": 0.85, "operating_status": null }, "geometry": { "type": "Point", "coordinates": [ 2.000577, 41.269693 ] } },
{ "type": "Feature", "properties": { "id": "f1f612f2-9d5c-4737-9fdc-0cae17f3ae7e", "name": "CRED GAVA MAR", "taxonomy": "gas_station", "confidence": 0.8, "operating_status": null }, "geometry": { "type": "Point", "coordinates": [ 2.00057676, 41.26969276 ] } },
{ "type": "Feature", "properties": { "id": "2649be3c-9e55-40a5-b4b6-59236c7366c1", "name": "Restaurante Margu", "taxonomy": "spanish_restaurant", "confidence": 0.997, "operating_status": null }, "geometry": { "type": "Point", "coordinates": [ 2.00029592, 41.26969848 ] } },
{ "type": "Feature", "properties": { "id": "768ddb6b-4f83-4042-b8de-3814c80cc9ac", "name": "La Pineda", "taxonomy": "mediterranean_restaurant", "confidence": 0.77, "operating_status": null }, "geometry": { "type": "Point", "coordinates": [ 2.000136087030163, 41.269712769454081 ] } },
{ "type": "Feature", "properties": { "id": "e737644d-ec67-452c-b219-2e47213a90ef", "name": "Camping Estrella de Mar", "taxonomy": "campground", "confidence": 0.979, "operating_status": null }, "geometry": { "type": "Point", "coordinates": [ 1.9992068, 41.26984401 ] } },
{ "type": "Feature", "properties": { "id": "17bf2c6d-e97d-4c0c-bc15-93c29fb68496", "name": "Bamberry Real Estate", "taxonomy": "real_estate_agent", "confidence": 0.741, "operating_status": null }, "geometry": { "type": "Point", "coordinates": [ 1.99815, 41.26954 ] } },
{ "type": "Feature", "properties": { "id": "e2d1e311-5323-40b7-8220-6a3658273076", "name": "Centro Canino Acc", "taxonomy": "dog_trainer", "confidence": 0.948, "operating_status": null }, "geometry": { "type": "Point", "coordinates": [ 1.99598063, 41.26961878 ] } },
{ "type": "Feature", "properties": { "id": "585e7b53-8bf4-45e7-8e61-f9854244de33", "name": "Zoom Logistic", "taxonomy": null, "confidence": 0.966, "operating_status": null }, "geometry": { "type": "Point", "coordinates": [ 1.9966663, 41.2689903 ] } },
{ "type": "Feature", "properties": { "id": "d21514f2-ded8-4be9-bdf6-4ca16c341bbb", "name": "Oss Tennis Padel Barcelona", "taxonomy": "tennis_court", "confidence": 0.907, "operating_status": null }, "geometry": { "type": "Point", "coordinates": [ 1.9906056, 41.2698209 ] } },
{ "type": "Feature", "properties": { "id": "6fff9535-e4c0-4687-bffa-be41c33752a6", "name": "Asesoría Pedro Armando Carvajal Arzuaga", "taxonomy": null, "confidence": 0.85, "operating_status": null }, "geometry": { "type": "Point", "coordinates": [ 1.98993464, 41.26924042 ] } },
{ "type": "Feature", "properties": { "id": "fa163178-de31-427a-afad-730955830f16", "name": "Pro Tennis Coaching BCN", "taxonomy": "fitness_trainer", "confidence": 0.819, "operating_status": null }, "geometry": { "type": "Point", "coordinates": [ 1.99038028, 41.26975723 ] } },
{ "type": "Feature", "properties": { "id": "106b6458-650f-49d5-8273-8a71c01d9043", "name": "Barcelona Tennis Academy", "taxonomy": "tennis_court", "confidence": 0.981, "operating_status": null }, "geometry": { "type": "Point", "coordinates": [ 1.99046483, 41.26976119 ] } },
{ "type": "Feature", "properties": { "id": "6814d817-bc84-49ef-8210-fdc6b2d7081a", "name": "Minou Sports", "taxonomy": "sporting_goods_store", "confidence": 0.915, "operating_status": null }, "geometry": { "type": "Point", "coordinates": [ 1.99047386, 41.26982369 ] } },
{ "type": "Feature", "properties": { "id": "8ab8ecf0-f20d-4574-bdbb-3e8471d50e11", "name": "Universitat De Castelldefels", "taxonomy": "school", "confidence": 0.706, "operating_status": null }, "geometry": { "type": "Point", "coordinates": [ 1.988729814992321, 41.269675430010928 ] } },
{ "type": "Feature", "properties": { "id": "1e865efe-707e-4dd7-b659-4f14705d07db", "name": "Oliva Mediterranea", "taxonomy": "european_restaurant", "confidence": 0.963, "operating_status": null }, "geometry": { "type": "Point", "coordinates": [ 1.990572, 41.267972 ] } },
{ "type": "Feature", "properties": { "id": "b4b1225e-83f1-4585-b4d8-8e4e71d4b8b3", "name": "SG Marina 54 Apartments", "taxonomy": "historic_site", "confidence": 0.994, "operating_status": null }, "geometry": { "type": "Point", "coordinates": [ 1.99044281, 41.26781412 ] } },
{ "type": "Feature", "properties": { "id": "865288f4-8fa6-449b-aea6-7aa8a957eb93", "name": "El Recer", "taxonomy": "retirement_home", "confidence": 0.787, "operating_status": null }, "geometry": { "type": "Point", "coordinates": [ 1.98847939, 41.26790081 ] } },
{ "type": "Feature", "properties": { "id": "643fabab-6b80-4fed-ada2-527dc0367e47", "name": "Catedral De Barcelona", "taxonomy": "historic_site", "confidence": 0.782, "operating_status": null }, "geometry": { "type": "Point", "coordinates": [ 1.986913777392, 41.267389184930998 ] } },
{ "type": "Feature", "properties": { "id": "81aca14c-5ae1-4681-99dd-f5ec5be36fba", "name": "Royal Marina Gardens Apartments Castelldefels", "taxonomy": "hotel", "confidence": 0.77, "operating_status": null }, "geometry": { "type": "Point", "coordinates": [ 1.993008987451474, 41.267780444068492 ] } },
{ "type": "Feature", "properties": { "id": "b4cf2c02-21b3-4169-83c6-fd3da2b766a1", "name": "Castelldefels beach", "taxonomy": "beach", "confidence": 0.73, "operating_status": null }, "geometry": { "type": "Point", "coordinates": [ 1.99488, 41.266191 ] } },
{ "type": "Feature", "properties": { "id": "6a2ef3fb-b158-41d8-8c55-900389b6b38a", "name": "Soli Cocteleria", "taxonomy": "pub", "confidence": 0.703, "operating_status": null }, "geometry": { "type": "Point", "coordinates": [ 1.994606576928, 41.265439606667002 ] } },
{ "type": "Feature", "properties": { "id": "f7e2346b-080b-4929-a1be-25c35fb9d2d6", "name": "Restaurant Soli", "taxonomy": "restaurant", "confidence": 0.988, "operating_status": null }, "geometry": { "type": "Point", "coordinates": [ 1.99457792, 41.26545205 ] } },
{ "type": "Feature", "properties": { "id": "5b4b94ac-aa1b-45b0-95b0-0e1817b4d7bb", "name": "Aparthotel Solifemar", "taxonomy": "lodging", "confidence": 0.985, "operating_status": null }, "geometry": { "type": "Point", "coordinates": [ 1.99432145, 41.26547993 ] } },
{ "type": "Feature", "properties": { "id": "3143a347-b7bd-4630-a39f-54061f4aa986", "name": "Cataleya Beach", "taxonomy": "beach", "confidence": 0.723, "operating_status": null }, "geometry": { "type": "Point", "coordinates": [ 1.99375, 41.26543 ] } },
{ "type": "Feature", "properties": { "id": "98d4f9f5-948b-49d5-b944-5af31ae2dd6e", "name": "Ananda Beach House", "taxonomy": "restaurant", "confidence": 0.993, "operating_status": null }, "geometry": { "type": "Point", "coordinates": [ 1.99351295, 41.26517763 ] } },
{ "type": "Feature", "properties": { "id": "21ce3035-5e88-43e0-b43c-8274e9cb1028", "name": "Spriz Restaurant", "taxonomy": "italian_restaurant", "confidence": 0.991, "operating_status": null }, "geometry": { "type": "Point", "coordinates": [ 1.99289613, 41.26572211 ] } },
{ "type": "Feature", "properties": { "id": "56538364-f595-45bb-8904-479e8b716e97", "name": "MASD Mediterraneo Hotel - Apartments - Spa", "taxonomy": "service_apartment", "confidence": 0.997, "operating_status": null }, "geometry": { "type": "Point", "coordinates": [ 1.99215168, 41.26589797 ] } },
{ "type": "Feature", "properties": { "id": "9ee49259-e0d1-4692-9090-e3413b690e1a", "name": "Villa Bella Estança - Castelldefels", "taxonomy": "hotel", "confidence": 0.758, "operating_status": null }, "geometry": { "type": "Point", "coordinates": [ 1.98804, 41.26588 ] } },
{ "type": "Feature", "properties": { "id": "d992c44e-9c8a-4dc0-b190-3d139006810a", "name": "elquinzecastelldefels", "taxonomy": "tapas_bar", "confidence": 0.989, "operating_status": null }, "geometry": { "type": "Point", "coordinates": [ 1.988795126821689, 41.265806043286254 ] } },
{ "type": "Feature", "properties": { "id": "c17a4a35-22ee-4d88-906b-9b438f29fbc0", "name": "Mambo beach", "taxonomy": "bar", "confidence": 0.998, "operating_status": null }, "geometry": { "type": "Point", "coordinates": [ 1.98728615, 41.26542321 ] } },
{ "type": "Feature", "properties": { "id": "5e44571c-2f90-4236-94f4-3e4eea8d320a", "name": "Marae", "taxonomy": "restaurant", "confidence": 0.992, "operating_status": null }, "geometry": { "type": "Point", "coordinates": [ 1.98673293, 41.26516675 ] } },
{ "type": "Feature", "properties": { "id": "51292655-645f-43f3-ba5d-6bb5b0208106", "name": "Marevento Restaurante Castelldefels", "taxonomy": "seafood_restaurant", "confidence": 0.995, "operating_status": null }, "geometry": { "type": "Point", "coordinates": [ 1.98899387, 41.26540144 ] } },
{ "type": "Feature", "properties": { "id": "f43fa212-b6db-4450-8989-f45ad3db3360", "name": "Restaurante Unlugar", "taxonomy": "barbecue_restaurant", "confidence": 0.99, "operating_status": null }, "geometry": { "type": "Point", "coordinates": [ 1.989097329529, 41.265401778228998 ] } },
{ "type": "Feature", "properties": { "id": "ccaea017-0ed2-4273-bcff-3d6363bd5c45", "name": "Baterías Castelldefels", "taxonomy": null, "confidence": 0.91, "operating_status": null }, "geometry": { "type": "Point", "coordinates": [ 1.98973, 41.26541 ] } },
{ "type": "Feature", "properties": { "id": "545a4660-f047-4816-a31b-e9b44c34a4a3", "name": "Marchalo", "taxonomy": "barbecue_restaurant", "confidence": 0.998, "operating_status": null }, "geometry": { "type": "Point", "coordinates": [ 1.99066792, 41.26514764 ] } },
{ "type": "Feature", "properties": { "id": "4630d96d-98c5-445a-b455-cf63a99c7741", "name": "Plaza De Las Palmeras Castelldefels", "taxonomy": "public_plaza", "confidence": 0.774, "operating_status": null }, "geometry": { "type": "Point", "coordinates": [ 1.99073283598, 41.265048763888004 ] } },
{ "type": "Feature", "properties": { "id": "ad4a138c-a419-4809-99fa-5b4150189320", "name": "Chiringuito Chalito", "taxonomy": "bar", "confidence": 0.989, "operating_status": null }, "geometry": { "type": "Point", "coordinates": [ 1.98895852, 41.26467319 ] } },
{ "type": "Feature", "properties": { "id": "1da13bee-9a97-4ce7-ae63-0896f87959aa", "name": "Playa Castelldefs", "taxonomy": "beach", "confidence": 0.723, "operating_status": null }, "geometry": { "type": "Point", "coordinates": [ 1.9939185, 41.263948033333001 ] } },
{ "type": "Feature", "properties": { "id": "95cab0bf-4c75-4d19-adb8-54097147d0a5", "name": "Platge de Castelldefels", "taxonomy": "beach", "confidence": 0.93, "operating_status": null }, "geometry": { "type": "Point", "coordinates": [ 1.992130279541, 41.263918876646997 ] } },
{ "type": "Feature", "properties": { "id": "c30cafc5-a270-4ae1-9548-cffc76dbdfb4", "name": "Chiringuito Bolero Beach", "taxonomy": "tapas_bar", "confidence": 0.958, "operating_status": null }, "geometry": { "type": "Point", "coordinates": [ 1.99522017, 41.26438175 ] } },
{ "type": "Feature", "properties": { "id": "724ac7f2-249e-4a03-a6ab-798942fcf364", "name": "Xiringuito Mona Roja", "taxonomy": "restaurant", "confidence": 0.785, "operating_status": null }, "geometry": { "type": "Point", "coordinates": [ 1.99481248, 41.26488779 ] } },
{ "type": "Feature", "properties": { "id": "cf4d142d-e875-40f1-a628-9101dced2e3c", "name": "Platja de Casteldefells", "taxonomy": "beach", "confidence": 0.741, "operating_status": null }, "geometry": { "type": "Point", "coordinates": [ 2.0014820796611, 41.264243424585999 ] } },
{ "type": "Feature", "properties": { "id": "9feab14b-6861-4d76-b6f3-dc06d1631de1", "name": "Mandomando", "taxonomy": "b2b_marketing_consultant", "confidence": 0.85, "operating_status": null }, "geometry": { "type": "Point", "coordinates": [ 1.99737799167633, 41.265010833740199 ] } },
{ "type": "Feature", "properties": { "id": "ec3245e4-205c-47dc-843e-a82e0be6f319", "name": "Club Maritimo Castelldefels", "taxonomy": "marina", "confidence": 0.972, "operating_status": null }, "geometry": { "type": "Point", "coordinates": [ 1.99734373, 41.26507782 ] } },
{ "type": "Feature", "properties": { "id": "0e84215f-52a1-484e-910e-dba35e5a00a2", "name": "El Marítimo Castelldefels Restaurante", "taxonomy": "seafood_restaurant", "confidence": 0.997, "operating_status": null }, "geometry": { "type": "Point", "coordinates": [ 1.99734862, 41.26512516 ] } },
{ "type": "Feature", "properties": { "id": "fb456d21-d432-42fd-82a9-43eb6636577a", "name": "Escola de Taitxi Joanyinyang", "taxonomy": "martial_arts_club", "confidence": 0.831, "operating_status": null }, "geometry": { "type": "Point", "coordinates": [ 1.99756, 41.26511 ] } },
{ "type": "Feature", "properties": { "id": "9d14987a-6d1d-4b0d-9b48-e11b93e9cb39", "name": "A Veiriña Dó Mar", "taxonomy": "spanish_restaurant", "confidence": 0.77, "operating_status": null }, "geometry": { "type": "Point", "coordinates": [ 1.998232795731911, 41.265930398711816 ] } },
{ "type": "Feature", "properties": { "id": "897e3e2b-3d85-41ac-9ed0-7af25ed53369", "name": "PARA VOS by MIRA VOS", "taxonomy": "restaurant", "confidence": 0.998, "operating_status": null }, "geometry": { "type": "Point", "coordinates": [ 1.99959131, 41.26534475 ] } },
{ "type": "Feature", "properties": { "id": "083dd7e9-8cd6-4174-96c2-eddc6a2b5aea", "name": "Kauai Gavà Mar", "taxonomy": "restaurant", "confidence": 0.999, "operating_status": null }, "geometry": { "type": "Point", "coordinates": [ 2.00672776, 41.26609671 ] } },
{ "type": "Feature", "properties": { "id": "98048a7a-2516-4b6c-a057-438579b00a3d", "name": "Land Beach Gavà", "taxonomy": "beach", "confidence": 0.804, "operating_status": null }, "geometry": { "type": "Point", "coordinates": [ 2.00525674977444, 41.265044933207925 ] } },
{ "type": "Feature", "properties": { "id": "e2d2bc87-2d73-4faa-b830-58006d7188a6", "name": "Paripé Chiringuito Gava Mar", "taxonomy": "party_and_event_planning", "confidence": 0.916, "operating_status": null }, "geometry": { "type": "Point", "coordinates": [ 2.005331370179178, 41.264952426500201 ] } },
{ "type": "Feature", "properties": { "id": "406c16a9-77f5-4873-b9b5-6058602d04d8", "name": "Platja Gavà", "taxonomy": "beach", "confidence": 0.785, "operating_status": null }, "geometry": { "type": "Point", "coordinates": [ 2.008267, 41.26502107 ] } },
{ "type": "Feature", "properties": { "id": "a6d56856-836f-4b7f-b922-5dce0cd55e93", "name": "Pine beach", "taxonomy": "beach", "confidence": 0.852, "operating_status": null }, "geometry": { "type": "Point", "coordinates": [ 2.013172701606789, 41.266328000199763 ] } },
{ "type": "Feature", "properties": { "id": "fc245501-10c7-4afd-baf8-6448d05490f3", "name": "Oscar Manresa", "taxonomy": "educational_service", "confidence": 0.85, "operating_status": null }, "geometry": { "type": "Point", "coordinates": [ 2.0071291924, 41.266315460199998 ] } },
{ "type": "Feature", "properties": { "id": "e78a4acf-991e-442d-acfc-79744eab8c85", "name": "Bocatel S.L", "taxonomy": "real_estate_agent", "confidence": 0.822, "operating_status": null }, "geometry": { "type": "Point", "coordinates": [ 2.00936772, 41.26710829 ] } },
{ "type": "Feature", "properties": { "id": "da2f8c84-fafb-420d-a5c7-be78015069ee", "name": "La Taqueria del Kauai", "taxonomy": "mexican_restaurant", "confidence": 0.761, "operating_status": null }, "geometry": { "type": "Point", "coordinates": [ 2.0083977, 41.2671239 ] } },
{ "type": "Feature", "properties": { "id": "1280819f-e311-4bb8-9c09-7504f844c8f9", "name": "Catalina Gavà Mar", "taxonomy": "spanish_restaurant", "confidence": 0.969, "operating_status": null }, "geometry": { "type": "Point", "coordinates": [ 2.00896716, 41.26682824 ] } },
{ "type": "Feature", "properties": { "id": "3d7347b7-e766-4b0d-82e1-e1b5e53d04f2", "name": "La Pineda de Gavá", "taxonomy": "historic_site", "confidence": 0.984, "operating_status": null }, "geometry": { "type": "Point", "coordinates": [ 2.0078177448764, 41.268548124351 ] } },
{ "type": "Feature", "properties": { "id": "7eefd5aa-dfd3-4895-8787-5eec2f093da1", "name": "Caprabo", "taxonomy": "grocery_store", "confidence": 0.996, "operating_status": null }, "geometry": { "type": "Point", "coordinates": [ 2.01117551, 41.26917777 ] } },
{ "type": "Feature", "properties": { "id": "93c65144-bd1e-460d-b7ad-b000a1b7bef9", "name": "SuperTaco", "taxonomy": "mexican_restaurant", "confidence": 0.85, "operating_status": null }, "geometry": { "type": "Point", "coordinates": [ 2.0130752, 41.2702904 ] } },
{ "type": "Feature", "properties": { "id": "a859a132-4898-41d2-a00a-18c0eeb80664", "name": "Hípica Gavamar", "taxonomy": "horse_riding", "confidence": 0.836, "operating_status": null }, "geometry": { "type": "Point", "coordinates": [ 2.01082894, 41.28067881 ] } },
{ "type": "Feature", "properties": { "id": "55d8e667-72d5-46d4-93e1-3a34d8514a78", "name": "Gavamar Ecuestre", "taxonomy": "sports_and_recreation", "confidence": 0.951, "operating_status": null }, "geometry": { "type": "Point", "coordinates": [ 2.010892, 41.280606 ] } },
{ "type": "Feature", "properties": { "id": "e8ddff40-2891-4b57-9cbe-216d3ae2a174", "name": "Centro de Control de Tránsito Aéreo de Barcelona - Gava Aena.", "taxonomy": "airport", "confidence": 0.834, "operating_status": null }, "geometry": { "type": "Point", "coordinates": [ 2.007156342377085, 41.286682741031562 ] } },
{ "type": "Feature", "properties": { "id": "bdf90b3c-31ec-4397-bd62-7d502df00448", "name": "Jardiland", "taxonomy": "nursery_and_gardening_store", "confidence": 0.996, "operating_status": null }, "geometry": { "type": "Point", "coordinates": [ 2.00973083, 41.28852484 ] } },
{ "type": "Feature", "properties": { "id": "cfa58814-461b-465e-b705-1242f84008e5", "name": "Platja de Castedefells", "taxonomy": "beach", "confidence": 0.933, "operating_status": null }, "geometry": { "type": "Point", "coordinates": [ 1.942062400651416, 41.263352631565702 ] } },
{ "type": "Feature", "properties": { "id": "3b614caf-e9aa-4dc7-921c-daba472c062b", "name": "Platja de Castelldefels", "taxonomy": "beach", "confidence": 0.706, "operating_status": null }, "geometry": { "type": "Point", "coordinates": [ 1.93815939, 41.26307927 ] } },
{ "type": "Feature", "properties": { "id": "1675cbb8-07c8-4bdf-8f67-a711f01b48e4", "name": "Chiringuito ODÍN", "taxonomy": "bar", "confidence": 0.837, "operating_status": null }, "geometry": { "type": "Point", "coordinates": [ 1.9371831778022, 41.263342310809001 ] } },
{ "type": "Feature", "properties": { "id": "f499c696-9764-465c-8ced-54380124b33b", "name": "Lemon Juice Chiringuito", "taxonomy": "restaurant", "confidence": 0.804, "operating_status": null }, "geometry": { "type": "Point", "coordinates": [ 1.93491972723248, 41.263150925500796 ] } },
{ "type": "Feature", "properties": { "id": "2133cbb5-42a8-4262-8cd1-1421369a929c", "name": "Latitud Norte", "taxonomy": "mediterranean_restaurant", "confidence": 0.77, "operating_status": null }, "geometry": { "type": "Point", "coordinates": [ 1.934893217913777, 41.263058991326218 ] } },
{ "type": "Feature", "properties": { "id": "932988ca-4c63-4052-8407-b461fcdc632b", "name": "Chiringuito Tarumba", "taxonomy": "tapas_bar", "confidence": 0.916, "operating_status": null }, "geometry": { "type": "Point", "coordinates": [ 1.93513404, 41.26298517 ] } },
{ "type": "Feature", "properties": { "id": "3fc9f713-dee3-4c5b-a2f3-4adbf779c9ba", "name": "Surfers Beach Port Ginesta", "taxonomy": "beach", "confidence": 0.898, "operating_status": null }, "geometry": { "type": "Point", "coordinates": [ 1.934072882811458, 41.263287347536661 ] } },
{ "type": "Feature", "properties": { "id": "eaa35ab4-6f98-4f93-bca9-4e236ff6f7b7", "name": "Platja de Les Botigues de Sitges", "taxonomy": "beach", "confidence": 0.78, "operating_status": null }, "geometry": { "type": "Point", "coordinates": [ 1.93273, 41.262037 ] } },
{ "type": "Feature", "properties": { "id": "be692258-7e31-4828-8fb2-b95166b31ee3", "name": "Cala Port Ginesta", "taxonomy": "beach", "confidence": 0.754, "operating_status": null }, "geometry": { "type": "Point", "coordinates": [ 1.927509462218196, 41.26095647086612 ] } },
{ "type": "Feature", "properties": { "id": "7b0ea4f2-3ff5-4f59-bb24-5e9b45a9a63f", "name": "Escola Catalana de Surf", "taxonomy": "surf_store", "confidence": 0.997, "operating_status": null }, "geometry": { "type": "Point", "coordinates": [ 1.92795574, 41.26106663 ] } },
{ "type": "Feature", "properties": { "id": "fac74ec3-00e4-45ae-9c37-9349c989ccb2", "name": "Vegans N' Roses", "taxonomy": "vegetarian_restaurant", "confidence": 0.976, "operating_status": null }, "geometry": { "type": "Point", "coordinates": [ 1.92788226, 41.26125809 ] } },
{ "type": "Feature", "properties": { "id": "7b592ff9-32fd-49f6-8796-dd32c0501b8e", "name": "Full Gas Motor - Concesionario Oficial Yamaha de motos de agua y JetSki", "taxonomy": "boat_dealer", "confidence": 0.85, "operating_status": null }, "geometry": { "type": "Point", "coordinates": [ 1.9274324, 41.2611034 ] } },
{ "type": "Feature", "properties": { "id": "b2a3ed00-5dc3-4083-adff-9f69c5cfafac", "name": "Palo Seco", "taxonomy": "restaurant", "confidence": 0.715, "operating_status": null }, "geometry": { "type": "Point", "coordinates": [ 1.92741564, 41.26114916 ] } },
{ "type": "Feature", "properties": { "id": "cde8c197-5df7-4604-abe5-a79f51d85ffe", "name": "Port Ginesta", "taxonomy": "marina", "confidence": 0.887, "operating_status": null }, "geometry": { "type": "Point", "coordinates": [ 1.92793058, 41.26134086 ] } }
]
}
